fdc_id,description,data_type,food_category_id,publication_date,calories,protein_g,fat_g,carbs_g
167512,"Pillsbury Golden Layer Buttermilk Biscuits, Artificial Flavor, refrigerated dough",sr_legacy_food,18,2019-04-01,307.4,5.88,13.24,41.18
167513,"Pillsbury, Cinnamon Rolls with Icing, refrigerated dough",sr_legacy_food,18,2019-04-01,332.5,4.34,11.27,53.42
167514,"Kraft Foods, Shake N Bake Original Recipe, Coating for Pork, dry",sr_legacy_food,18,2019-04-01,376.9,6.1,3.7,79.8
167515,"George Weston Bakeries, Thomas English Muffins",sr_legacy_food,18,2019-04-01,232.2,8.0,1.8,46.0
167516,"Waffles, buttermilk, frozen, ready-to-heat",sr_legacy_food,18,2019-04-01,273.5,6.58,9.22,41.05
167517,"Waffle, buttermilk, frozen, ready-to-heat, toasted",sr_legacy_food,18,2019-04-01,308.6,7.42,9.49,48.39
167518,"Waffle, buttermilk, frozen, ready-to-heat, microwaved",sr_legacy_food,18,2019-04-01,288.9,6.92,9.4,44.16
167519,"Waffle, plain, frozen, ready-to-heat, microwave",sr_legacy_food,18,2019-04-01,297.7,6.71,9.91,45.41
167520,"Pie Crust, Cookie-type, Graham Cracker, Ready Crust",sr_legacy_food,18,2019-04-01,501.1,5.1,24.83,64.3
167521,"Pie Crust, Cookie-type, Chocolate, Ready Crust",sr_legacy_food,18,2019-04-01,484.0,6.08,22.42,64.48
167522,"Pie, Dutch Apple, Commercially Prepared",sr_legacy_food,18,2019-04-01,290.3,2.17,11.5,44.54
167523,"Pie crust, deep dish, frozen, unbaked, made with enriched flour",sr_legacy_food,18,2019-04-01,467.9,5.52,28.74,46.79
167524,"Waffles, chocolate chip, frozen, ready-to-heat",sr_legacy_food,18,2019-04-01,296.8,5.8,10.1,45.68
167525,"Tostada shells, corn",sr_legacy_food,18,2019-04-01,492.7,6.15,23.38,64.43
167526,"Bread, salvadoran sweet cheese (quesadilla salvadorena)",sr_legacy_food,18,2019-04-01,373.9,7.12,17.12,47.84
167527,"Bread, pound cake type, pan de torta salvadoran",sr_legacy_food,18,2019-04-01,390.4,7.06,17.45,51.29
167528,"Pastry, Pastelitos de Guava (guava pastries)",sr_legacy_food,18,2019-04-01,379.5,5.48,18.5,47.76
167529,"Crackers, snack, Goya Crackers",sr_legacy_food,18,2019-04-01,434.6,14.25,13.35,64.35
167530,"Crackers, cream, Gamesa Sabrosas",sr_legacy_food,18,2019-04-01,469.6,7.01,20.37,64.55
167531,"Crackers, cream, La Moderna Rikis Cream Crackers",sr_legacy_food,18,2019-04-01,463.8,7.19,19.5,64.88
167532,"Bread, white wheat",sr_legacy_food,18,2019-04-01,237.6,10.66,2.15,43.91
167533,"Bagels, wheat",sr_legacy_food,18,2019-04-01,250.1,10.2,1.53,48.89
167534,"Cream puff, eclair, custard or cream filled, iced",sr_legacy_food,18,2019-04-01,334.0,4.41,18.52,37.43
167535,"Tortillas, ready-to-bake or -fry, flour, shelf stable",sr_legacy_food,18,2019-04-01,297.3,8.01,7.58,49.27
167536,"Snacks, beef jerky, chopped and formed",sr_legacy_food,23,2019-04-01,407.2,33.2,25.6,11.0
167537,"Snacks, corn-based, extruded, chips, plain",sr_legacy_food,23,2019-04-01,554.0,6.17,33.36,57.27
167538,"Snacks, corn-based, extruded, chips, barbecue-flavor",sr_legacy_food,23,2019-04-01,547.1,7.0,32.7,56.2
167539,"Snacks, corn-based, extruded, cones, plain",sr_legacy_food,23,2019-04-01,516.9,5.8,26.9,62.9
167540,"Snacks, fruit leather, pieces",sr_legacy_food,19,2019-04-01,359.4,1.0,2.68,82.82
167541,"Snacks, fruit leather, rolls",sr_legacy_food,19,2019-04-01,370.6,0.1,3.0,85.8
167542,"Snacks, granola bars, hard, plain",sr_legacy_food,23,2019-04-01,476.2,10.1,19.8,64.4
167543,"Snacks, granola bars, hard, almond",sr_legacy_food,23,2019-04-01,508.3,7.7,25.5,62.0
167544,"Snacks, granola bars, soft, uncoated, raisin",sr_legacy_food,23,2019-04-01,456.2,7.6,17.8,66.4
167545,"Snacks, granola bars, soft, coated, milk chocolate coating, chocolate chip",sr_legacy_food,23,2019-04-01,502.5,5.8,24.9,63.8
167546,"Candies, honey-combed, with peanut butter",sr_legacy_food,19,2019-04-01,486.1,8.72,20.18,67.41
167547,"Snacks, granola bars, soft, coated, milk chocolate coating, peanut butter",sr_legacy_food,23,2019-04-01,534.3,10.2,31.1,53.4
167548,"Snacks, granola bars, soft, uncoated, peanut butter and chocolate chip",sr_legacy_food,23,2019-04-01,468.0,9.8,20.0,62.2
167549,"Snacks, popcorn, oil-popped, microwave, regular flavor, no trans fat",sr_legacy_food,23,2019-04-01,601.4,7.29,43.55,45.06
167550,"Snacks, popcorn, cakes",sr_legacy_food,23,2019-04-01,387.1,9.7,3.1,80.1
167551,"Snacks, popcorn, caramel-coated, with peanuts",sr_legacy_food,23,2019-04-01,418.6,6.4,7.8,80.7
167552,"Snacks, popcorn, caramel-coated, without peanuts",sr_legacy_food,23,2019-04-01,446.8,3.8,12.8,79.1
167553,"Snacks, potato chips, made from dried potatoes, reduced fat",sr_legacy_food,23,2019-04-01,512.5,4.56,26.14,64.76
167554,"Snacks, potato chips, made from dried potatoes, sour-cream and onion-flavor",sr_legacy_food,23,2019-04-01,564.6,6.6,37.0,51.3
167555,"Snacks, pretzels, hard, plain, salted",sr_legacy_food,23,2019-04-01,388.1,10.04,2.93,80.39
167556,"Snacks, pretzels, hard, confectioner's coating, chocolate-flavor",sr_legacy_food,23,2019-04-01,463.9,7.5,16.7,70.9
167557,"Snacks, rice cakes, brown rice, sesame seed",sr_legacy_food,23,2019-04-01,390.6,7.6,3.8,81.5
167558,"Snacks, tortilla chips, plain, white corn, salted",sr_legacy_food,23,2019-04-01,485.6,7.1,20.68,67.78
167559,"Snacks, tortilla chips, nacho cheese",sr_legacy_food,23,2019-04-01,519.5,7.36,27.42,60.81
167560,"Snacks, tortilla chips, ranch-flavor",sr_legacy_food,23,2019-04-01,501.4,7.19,24.63,62.74
167561,"Snacks, trail mix, regular",sr_legacy_food,23,2019-04-01,499.4,13.8,29.4,44.9
167562,"Candies, ALMOND JOY Candy Bar",sr_legacy_food,19,2019-04-01,496.9,4.13,26.93,59.51
167563,"Candies, TWIZZLERS CHERRY BITES",sr_legacy_food,19,2019-04-01,344.7,2.97,1.7,79.38
167564,"Candies, NESTLE, BIT-O'-HONEY Candy Chews",sr_legacy_food,19,2019-04-01,399.1,2.0,7.5,80.89
167565,"Candies, NESTLE, BUTTERFINGER Bar",sr_legacy_food,19,2019-04-01,483.3,5.4,18.9,72.9
167566,"Candies, caramels, chocolate-flavor roll",sr_legacy_food,19,2019-04-01,387.1,1.59,3.31,87.73
167567,"Baking chocolate, unsweetened, liquid",sr_legacy_food,19,2019-04-01,622.5,12.1,47.7,36.2
167568,"Baking chocolate, unsweetened, squares",sr_legacy_food,19,2019-04-01,641.8,14.32,52.31,28.42
167569,"Candies, confectioner's coating, yogurt",sr_legacy_food,19,2019-04-01,522.2,5.87,27.0,63.94
167570,"Candies, confectioner's coating, peanut butter",sr_legacy_food,19,2019-04-01,528.9,18.3,29.8,46.88
167571,"Candies, white chocolate",sr_legacy_food,19,2019-04-01,549.3,5.87,32.09,59.24
167572,"Ice creams, vanilla, light",sr_legacy_food,19,2019-04-01,180.4,4.78,4.83,29.46
167573,"Ice creams, vanilla, rich",sr_legacy_food,19,2019-04-01,249.0,3.5,16.2,22.29
167574,"Desserts, flan, caramel custard, prepared-from-recipe",sr_legacy_food,19,2019-04-01,145.5,4.53,4.03,22.78
167575,"Ice creams, vanilla",sr_legacy_food,19,2019-04-01,207.4,3.5,11.0,23.6
167576,"Ice creams, vanilla, light, soft-serve",sr_legacy_food,19,2019-04-01,130.2,4.9,2.6,21.8
167577,"Sherbet, orange",sr_legacy_food,19,2019-04-01,144.0,1.1,2.0,30.4
167578,"Candies, fudge, peanut butter, prepared-from-recipe",sr_legacy_food,19,2019-04-01,385.4,3.78,6.59,77.75
167579,"Candies, fudge, vanilla, prepared-from-recipe",sr_legacy_food,19,2019-04-01,381.8,1.05,5.45,82.15
167580,"Candies, fudge, vanilla with nuts",sr_legacy_food,19,2019-04-01,433.6,3.0,13.69,74.61
167581,"Candies, NESTLE, GOOBERS Chocolate Covered Peanuts",sr_legacy_food,19,2019-04-01,556.8,9.7,34.0,53.0
167582,"Candies, NESTLE, BABY RUTH Bar",sr_legacy_food,19,2019-04-01,475.2,5.4,21.6,64.8
167583,"Candies, TWIZZLERS Strawberry Twists Candy",sr_legacy_food,19,2019-04-01,347.8,2.56,2.32,79.16
167584,"Syrups, table blends, pancake, with butter",sr_legacy_food,19,2019-04-01,290.5,0.0,0.09,72.43
167585,"Ice creams, chocolate, light",sr_legacy_food,19,2019-04-01,187.5,5.0,7.19,25.7
167586,"Candies, NESTLE, CHUNKY Bar",sr_legacy_food,19,2019-04-01,519.1,7.5,27.5,60.4
167587,"Candies, milk chocolate",sr_legacy_food,19,2019-04-01,535.1,7.65,29.66,59.4
167588,"Puddings, banana, dry mix, instant, prepared with 2% milk",sr_legacy_food,19,2019-04-01,105.3,2.76,1.7,19.74
167589,"Puddings, banana, dry mix, regular, prepared with 2% milk",sr_legacy_food,19,2019-04-01,100.9,2.9,1.73,18.43
167590,"Andrea's, Gluten Free Soft Dinner Roll",sr_legacy_food,18,2019-04-01,257.4,5.65,8.2,40.24
167591,"Crunchmaster, Multi-Grain Crisps, Snack Crackers, Gluten-Free",sr_legacy_food,18,2019-04-01,455.6,10.91,15.92,67.18
167592,"Glutino, Gluten Free Cookies, Chocolate Vanilla Creme",sr_legacy_food,18,2019-04-01,473.9,2.19,17.89,76.03
167593,"Glutino, Gluten Free Cookies, Vanilla Creme",sr_legacy_food,18,2019-04-01,487.2,2.19,18.79,77.34
167594,"Pepperidge Farm, Goldfish, Baked Snack Crackers, Original",sr_legacy_food,18,2019-04-01,466.7,9.42,18.42,65.81
167595,"Pepperidge Farm, Goldfish, Baked Snack Crackers, Parmesan",sr_legacy_food,18,2019-04-01,459.0,11.16,17.29,64.7
167596,"Pepperidge Farm, Goldfish, Baked Snack Crackers, Pizza",sr_legacy_food,18,2019-04-01,469.5,9.67,18.93,65.11
167597,"Rudi's, Gluten-Free Bakery, Original Sandwich Bread",sr_legacy_food,18,2019-04-01,320.1,3.13,10.7,52.83
167598,"Udi's, Gluten Free, Soft & Delicious White Sandwich Bread",sr_legacy_food,18,2019-04-01,298.4,5.4,8.02,51.15
167599,"Udi's, Gluten Free, Soft & Hearty Whole Grain Bread",sr_legacy_food,18,2019-04-01,309.4,7.25,9.34,49.09
167600,"Udi's, Gluten Free, Whole Grain Dinner Rolls",sr_legacy_food,18,2019-04-01,328.8,11.8,11.6,44.29
167601,"Van's, Gluten Free, Totally Original Pancakes",sr_legacy_food,18,2019-04-01,215.5,3.31,4.55,40.32
167602,"Seaweed, Canadian Cultivated EMI-TSUNOMATA, dry",sr_legacy_food,11,2019-04-01,258.8,15.34,1.39,46.24
167603,"Seaweed, Canadian Cultivated EMI-TSUNOMATA, rehydrated",sr_legacy_food,11,2019-04-01,31.4,1.86,0.17,5.62
167604,"Potatoes, hash brown, refrigerated, unprepared",sr_legacy_food,11,2019-04-01,84.4,1.75,0.08,19.16
167605,"Potatoes, hash brown, refrigerated, prepared, pan-fried in canola oil",sr_legacy_food,11,2019-04-01,241.6,3.24,10.3,33.99
167606,"Sweet Potatoes, french fried, frozen as packaged, salt added in processing",sr_legacy_food,11,2019-04-01,231.2,2.16,8.92,35.58
167607,"Moose, meat, raw (Alaska Native)",sr_legacy_food,24,2019-04-01,102.7,22.3,1.5,0.0
167608,"Mashu roots, raw (Alaska Native)",sr_legacy_food,24,2019-04-01,135.2,5.8,2.4,22.6
167609,"Moose, liver, braised (Alaska Native)",sr_legacy_food,24,2019-04-01,155.2,24.38,4.89,3.43
167610,"Seal, bearded (Oogruk), meat, raw (Alaska Native)",sr_legacy_food,24,2019-04-01,110.4,26.7,0.4,0.0
167611,"Oil, bearded seal (Oogruk) (Alaska Native)",sr_legacy_food,24,2019-04-01,898.6,0.56,99.6,0.0
167612,"Oopah (tunicate), whole animal (Alaska Native)",sr_legacy_food,24,2019-04-01,66.6,11.7,2.2,0.0
167613,"Owl, horned, flesh, raw (Alaska Native)",sr_legacy_food,24,2019-04-01,135.8,22.7,5.0,0.0
167614,"Fish, salmon, king, chinook, smoked and canned (Alaska Native)",sr_legacy_food,24,2019-04-01,145.9,23.2,5.9,0.0
167615,"Fish, salmon, king, chinook, smoked, brined (Alaska Native)",sr_legacy_food,24,2019-04-01,429.6,39.9,30.0,0.0
167616,"Fish, salmon, king, chinook, liver (Alaska Native)",sr_legacy_food,24,2019-04-01,155.6,16.6,8.0,4.3
167617,"Duck, scoter, white-winged, meat (Alaska Native)",sr_legacy_food,24,2019-04-01,84.4,20.2,0.4,0.0
167618,"Sea cucumber, yane (Alaska Native)",sr_legacy_food,24,2019-04-01,55.6,13.0,0.4,0.0
167619,"Squirrel, ground, meat (Alaska Native)",sr_legacy_food,24,2019-04-01,111.4,19.3,3.8,0.0
167620,"Tea, tundra, herb and laborador combination (Alaska Native)",sr_legacy_food,24,2019-04-01,0.8,0.0,0.0,0.2
167621,"Walrus, meat, dried (Alaska Native)",sr_legacy_food,24,2019-04-01,251.4,57.0,2.6,0.0
167622,"Deer (venison), sitka, raw (Alaska Native)",sr_legacy_food,24,2019-04-01,109.9,21.5,2.66,0.0
167623,"Whale, bowhead, subcutaneous fat (blubber) (Alaska Native)",sr_legacy_food,24,2019-04-01,870.1,0.4,96.5,0.0
167624,"Whale, bowhead, skin and subcutaneous fat (muktuk) (Alaska Native)",sr_legacy_food,24,2019-04-01,465.3,12.6,46.1,0.0
167625,"Oil, whale, bowhead (Alaska Native)",sr_legacy_food,24,2019-04-01,900.0,0.0,100.0,0.0
167626,"Fish, whitefish, broad, liver (Alaska Native)",sr_legacy_food,24,2019-04-01,104.0,11.0,4.4,5.1
167627,"Mush, blue corn with ash (Navajo)",sr_legacy_food,24,2019-04-01,54.0,0.66,0.49,11.74
167628,"Cornmeal, blue (Navajo)",sr_legacy_food,24,2019-04-01,398.3,10.4,5.44,76.93
167629,"Melon, banana (Navajo)",sr_legacy_food,24,2019-04-01,21.4,0.84,0.2,4.06
167630,Chilchen (Red Berry Beverage) (Navajo),sr_legacy_food,24,2019-04-01,43.6,0.81,0.63,8.68
167631,"Corn, dried (Navajo)",sr_legacy_food,24,2019-04-01,386.2,9.88,5.22,74.93
167632,"Squash, Indian, cooked, boiled (Navajo)",sr_legacy_food,24,2019-04-01,15.5,0.31,0.15,3.22
167633,"Bread, kneel down (Navajo)",sr_legacy_food,24,2019-04-01,194.9,4.29,2.21,39.47
167634,"Mutton, cooked, roasted (Navajo)",sr_legacy_food,24,2019-04-01,233.8,33.43,11.09,0.08
167635,"Frybread, made with lard (Navajo)",sr_legacy_food,24,2019-04-01,329.8,6.69,12.22,48.26
167636,Tamales (Navajo),sr_legacy_food,24,2019-04-01,152.7,6.28,6.12,18.12
167637,"Stew, steamed corn (Navajo)",sr_legacy_food,24,2019-04-01,112.2,8.82,3.75,10.8
167638,"Fish, halibut, raw, with skin (Alaska Native)",sr_legacy_food,24,2019-04-01,115.6,20.53,2.92,1.81
167639,"Fish, salmon, coho (silver), raw (Alaska Native)",sr_legacy_food,24,2019-04-01,140.4,22.56,5.57,0.0
167640,"Blueberries, wild, raw (Alaska Native)",sr_legacy_food,24,2019-04-01,61.0,1.22,0.76,12.31
167641,"Oil, spotted seal (Alaska Native)",sr_legacy_food,24,2019-04-01,893.9,0.0,99.32,0.0
167642,"Fish, salmon, red, canned, bones removed (Alaska Native)",sr_legacy_food,24,2019-04-01,161.1,27.31,5.76,0.0
167643,"Fish, whitefish, eggs (Alaska Native)",sr_legacy_food,24,2019-04-01,104.1,14.66,2.88,4.89
167644,"Caribou, rump meat, half dried (Alaska Native)",sr_legacy_food,24,2019-04-01,255.3,52.06,5.23,0.0
167645,"Fish, salmon, red, (sockeye), canned, smoked (Alaska Native)",sr_legacy_food,24,2019-04-01,206.1,35.19,7.26,0.0
167646,"Fish, salmon, red, (sockeye), kippered (Alaska Native)",sr_legacy_food,24,2019-04-01,140.8,24.5,4.75,0.0
167647,"Fish, salmon, king, with skin, kippered, (Alaska Native)",sr_legacy_food,24,2019-04-01,209.3,23.19,12.95,0.0
167648,"Fish, sheefish, raw (Alaska Native)",sr_legacy_food,24,2019-04-01,114.6,22.25,2.84,0.0
167649,"Buffalo, free range, top round steak, raw (Shoshone Bannock)",sr_legacy_food,24,2019-04-01,97.5,21.44,1.3,0.0
167650,"Seal, bearded (Oogruk), meat, partially dried (Alaska Native)",sr_legacy_food,24,2019-04-01,270.3,62.38,2.31,0.0
167651,"Buffalo, free range, top round steak, cooked (Shoshone Bannock)",sr_legacy_food,24,2019-04-01,146.2,32.51,1.8,0.0
167652,"Elk, free range, roast, eye of round, raw (Shoshone Bannock)",sr_legacy_food,24,2019-04-01,97.9,19.74,2.1,0.0
167653,"Corn, dried, yellow (Northern Plains Indians)",sr_legacy_food,24,2019-04-01,418.8,14.48,10.64,66.27
167654,"Smelt, dried (Alaska Native)",sr_legacy_food,24,2019-04-01,385.9,56.19,17.9,0.0
167655,"Frybread, made with lard (Apache)",sr_legacy_food,24,2019-04-01,308.8,8.38,10.14,46.01
167656,Corned beef and potatoes in tortilla (Apache),sr_legacy_food,24,2019-04-01,223.8,7.91,8.31,29.35
167657,"ON THE BORDER, soft taco with ground beef, cheese and lettuce",sr_legacy_food,25,2019-04-01,229.3,13.19,11.05,19.28
167658,"Restaurant, Mexican, soft taco with ground beef, cheese and lettuce",sr_legacy_food,25,2019-04-01,219.2,12.56,10.81,17.92
167659,"Restaurant, Latino, chicken and rice, entree, prepared",sr_legacy_food,25,2019-04-01,173.7,12.02,5.06,20.03
167660,"Restaurant, Latino, empanadas, beef, prepared",sr_legacy_food,25,2019-04-01,335.3,11.31,18.37,31.19
167661,"Restaurant, Latino, pupusas con frijoles (pupusas, bean)",sr_legacy_food,25,2019-04-01,229.4,5.59,9.01,31.49
167662,"Restaurant, Latino, pupusas con queso (pupusas, cheese)",sr_legacy_food,25,2019-04-01,255.7,11.72,13.25,22.39
167663,"Restaurant, Latino, pupusas del cerdo (pupusas, pork)",sr_legacy_food,25,2019-04-01,232.0,11.51,10.43,23.02
167664,"Restaurant, Latino, tamale, corn",sr_legacy_food,25,2019-04-01,185.5,3.48,7.21,26.68
167665,"Restaurant, Mexican, spanish rice",sr_legacy_food,25,2019-04-01,185.4,3.28,5.29,31.16
167666,"Restaurant, Mexican, refried beans",sr_legacy_food,25,2019-04-01,155.7,6.91,6.77,16.79
167667,"Restaurant, Chinese, egg rolls, assorted",sr_legacy_food,25,2019-04-01,249.7,8.28,11.94,27.29
167668,"Restaurant, Chinese, fried rice, without meat",sr_legacy_food,25,2019-04-01,174.0,4.05,2.96,32.79
167669,"CRACKER BARREL, steak fries",sr_legacy_food,25,2019-04-01,255.1,3.26,13.18,30.87
167670,"CRACKER BARREL, grilled sirloin steak",sr_legacy_food,25,2019-04-01,202.8,31.52,8.52,0.0
167671,"CRACKER BARREL, macaroni n' cheese plate, from kid's menu",sr_legacy_food,25,2019-04-01,191.8,6.46,11.51,15.58
167672,"DENNY'S, french fries",sr_legacy_food,25,2019-04-01,281.6,3.41,14.13,35.2
167673,"DENNY'S, top sirloin steak",sr_legacy_food,25,2019-04-01,182.2,28.9,7.34,0.14
167674,"Restaurant, Chinese, lemon chicken",sr_legacy_food,25,2019-04-01,251.9,11.87,13.55,20.61
167675,"Restaurant, Chinese, general tso's chicken",sr_legacy_food,25,2019-04-01,294.8,12.9,16.36,23.99
167676,"Restaurant, Chinese, kung pao chicken",sr_legacy_food,25,2019-04-01,129.3,9.76,6.98,6.87
167677,"Restaurant, Chinese, vegetable lo mein, without meat",sr_legacy_food,25,2019-04-01,120.9,4.77,2.35,20.16
167678,"Restaurant, Chinese, chicken and vegetables",sr_legacy_food,25,2019-04-01,95.3,8.18,4.56,5.38
167679,"Restaurant, Chinese, orange chicken",sr_legacy_food,25,2019-04-01,261.8,14.46,12.68,22.46
167680,"Restaurant, Italian, spaghetti with meat sauce",sr_legacy_food,25,2019-04-01,121.1,5.79,3.59,16.4
167681,"Beverages, fruit-flavored drink, dry powdered mix, low calorie, with aspartame",sr_legacy_food,14,2019-04-01,351.7,0.45,0.04,87.38
167682,"Pectin, liquid",sr_legacy_food,19,2019-04-01,8.4,0.0,0.0,2.1
167683,"Frozen novelties, ice cream type, vanilla ice cream, light, no sugar added, chocolate coated",sr_legacy_food,19,2019-04-01,220.9,6.4,10.1,26.11
167684,"Creamy dressing, made with sour cream and/or buttermilk and oil, reduced calorie",sr_legacy_food,4,2019-04-01,160.0,1.5,14.0,7.0
167685,"Bologna, beef and pork, low fat",sr_legacy_food,7,2019-04-01,230.1,11.5,19.3,2.6
167686,"Milk dessert, frozen, milk-fat free, chocolate",sr_legacy_food,19,2019-04-01,177.0,4.3,1.0,37.7
167687,"Whipped topping, frozen, low fat",sr_legacy_food,1,2019-04-01,224.3,3.0,13.1,23.6
167688,"Cream substitute, powdered, light",sr_legacy_food,1,2019-04-01,442.5,1.9,15.7,73.4
167689,"Candies, MARS SNACKFOOD US, M&M's Peanut Butter Chocolate Candies",sr_legacy_food,19,2019-04-01,532.1,10.16,29.32,56.89
167690,"Babyfood, apple yogurt dessert, strained",sr_legacy_food,3,2019-04-01,95.6,0.8,1.6,19.5
167691,"Vegetable oil-butter spread, reduced calorie",sr_legacy_food,4,2019-04-01,477.0,0.0,53.0,0.0
167692,"Salad dressing, blue or roquefort cheese dressing, light",sr_legacy_food,4,2019-04-01,85.5,2.1,2.7,13.2
167693,"Salad dressing, french dressing, reduced calorie",sr_legacy_food,4,2019-04-01,226.6,0.4,13.0,27.0
167694,"Sausage, turkey and pork, fresh, bulk, patty or link, cooked",sr_legacy_food,7,2019-04-01,300.6,22.7,23.0,0.7
167695,"Mayonnaise, made with tofu",sr_legacy_food,4,2019-04-01,322.2,5.95,31.79,3.06
167696,"Frankfurter, beef, low fat",sr_legacy_food,7,2019-04-01,139.9,12.0,9.5,1.6
167697,"Milk, buttermilk, fluid, cultured, reduced fat",sr_legacy_food,1,2019-04-01,55.6,4.1,2.0,5.3
167698,"Pork sausage rice links, brown and serve, cooked",sr_legacy_food,7,2019-04-01,402.9,13.7,37.63,2.36
167699,"Salad dressing, blue or roquefort cheese dressing, fat-free",sr_legacy_food,4,2019-04-01,117.6,1.52,1.01,25.6
167700,"Salad Dressing, mayonnaise-like, fat-free",sr_legacy_food,4,2019-04-01,87.1,0.2,2.7,15.5
167701,"Candies, MARS SNACKFOOD US, MILKY WAY Midnight Bar",sr_legacy_food,19,2019-04-01,455.2,3.2,17.5,71.22
167702,"Oil, flaxseed, cold pressed",sr_legacy_food,4,2019-04-01,900.3,0.11,99.98,0.0
167703,"Cheese, cottage, lowfat, 1% milkfat, lactose reduced",sr_legacy_food,1,2019-04-01,71.4,12.4,1.0,3.2
167704,"Salad dressing, bacon and tomato",sr_legacy_food,4,2019-04-01,330.2,1.8,35.0,2.0
167705,"Cheese, parmesan, low sodium",sr_legacy_food,1,2019-04-01,451.1,41.6,29.99,3.7
167706,"Jams, preserves, marmalade, reduced sugar",sr_legacy_food,19,2019-04-01,151.3,0.0,0.1,37.6
167707,"Beverages, fruit-flavored drink, powder, with high vitamin C with other added vitamins, low calorie",sr_legacy_food,14,2019-04-01,366.4,0.25,0.16,91.0
167708,"Tomato and vegetable juice, low sodium",sr_legacy_food,11,2019-04-01,21.7,0.6,0.1,4.59
167709,"Turkey, wing, smoked, cooked, with skin, bone removed",sr_legacy_food,5,2019-04-01,221.3,27.4,12.41,0.0
167710,"Turkey, drumstick, smoked, cooked, with skin, bone removed",sr_legacy_food,5,2019-04-01,199.8,27.9,9.8,0.0
167711,"Beverages, Chocolate-flavored drink, whey and milk based",sr_legacy_food,14,2019-04-01,48.9,0.64,0.4,10.68
167712,"Pork, cured, bacon, cooked, broiled, pan-fried or roasted, reduced sodium",sr_legacy_food,10,2019-04-01,529.9,37.04,41.78,1.43
167713,"Turkey, light or dark meat, smoked, cooked, skin and bone removed",sr_legacy_food,5,2019-04-01,162.2,29.3,5.0,0.0
167714,"Hearts of palm, raw",sr_legacy_food,11,2019-04-01,115.0,2.7,0.2,25.61
167715,"Cereals ready-to-eat, POST, Shredded Wheat n' Bran, spoon-size",sr_legacy_food,8,2019-04-01,384.9,10.93,2.06,80.65
167716,"Cheese, cottage, lowfat, 1% milkfat, with vegetables",sr_legacy_food,1,2019-04-01,64.6,10.9,1.0,3.0
167717,Yeast extract spread,sr_legacy_food,11,2019-04-01,185.3,23.88,0.9,20.42
167718,"Babyfood, juice, pear",sr_legacy_food,3,2019-04-01,47.4,0.0,0.0,11.86
167719,"Chicken, meatless, breaded, fried",sr_legacy_food,16,2019-04-01,234.1,21.28,12.77,8.51
167720,"Babyfood, meat, beef with vegetables, toddler",sr_legacy_food,3,2019-04-01,67.8,3.5,2.1,8.72
167721,"Frozen novelties, juice type, juice with cream",sr_legacy_food,19,2019-04-01,114.8,1.41,1.41,24.11
167722,Tofu yogurt,sr_legacy_food,16,2019-04-01,94.0,3.5,1.8,15.96
167723,"Alcoholic beverage, rice (sake)",sr_legacy_food,14,2019-04-01,22.0,0.5,0.0,5.0
167724,"Millet, puffed",sr_legacy_food,8,2019-04-01,402.6,13.0,3.4,80.0
167725,"Cereals ready-to-eat, OAT BRAN FLAKES, HEALTH VALLEY",sr_legacy_food,8,2019-04-01,379.0,10.0,3.0,78.0
167726,"Babyfood, mixed fruit yogurt, strained",sr_legacy_food,3,2019-04-01,75.3,0.8,0.8,16.23
167727,"Beverages, ABBOTT, ENSURE PLUS, ready-to-drink",sr_legacy_food,14,2019-04-01,140.8,5.16,4.52,19.88
167728,"Babyfood, rice and apples, dry",sr_legacy_food,3,2019-04-01,396.0,6.7,2.4,86.89
167729,"Babyfood, juice, apple - cherry",sr_legacy_food,3,2019-04-01,46.5,0.2,0.1,11.2
167730,"Milk, imitation, non-soy",sr_legacy_food,1,2019-04-01,45.6,1.6,2.0,5.3
167731,"Babyfood, cereal, rice with pears and apple, dry, instant fortified",sr_legacy_food,3,2019-04-01,388.5,6.6,0.9,88.5
167732,"Babyfood, banana no tapioca, strained",sr_legacy_food,3,2019-04-01,91.2,1.0,0.2,21.34
167733,"Babyfood, banana apple dessert, strained",sr_legacy_food,3,2019-04-01,68.2,0.3,0.2,16.3
167734,"Breakfast bar, corn flake crust with fruit",sr_legacy_food,23,2019-04-01,376.3,4.4,7.5,72.8
167735,"Cheese, mozzarella, low sodium",sr_legacy_food,1,2019-04-01,276.3,27.5,17.1,3.1
167736,"Mayonnaise dressing, no cholesterol",sr_legacy_food,4,2019-04-01,701.4,0.0,77.8,0.3
167737,"Oil, corn, peanut, and olive",sr_legacy_food,4,2019-04-01,900.0,0.0,100.0,0.0
167738,"Pie fillings, blueberry, canned",sr_legacy_food,19,2019-04-01,181.0,0.41,0.2,44.38
167739,"Beverages, Cocktail mix, non-alcoholic, concentrated, frozen",sr_legacy_food,14,2019-04-01,286.8,0.08,0.01,71.6
167740,"Puddings, chocolate flavor, low calorie, regular, dry mix",sr_legacy_food,19,2019-04-01,365.0,10.08,3.0,74.42
167741,"Puddings, all flavors except chocolate, low calorie, regular, dry mix",sr_legacy_food,19,2019-04-01,351.5,1.6,0.1,86.04
167742,"Mollusks, scallop, (bay and sea), cooked, steamed",sr_legacy_food,15,2019-04-01,111.4,20.54,0.84,5.41
167743,"Syrup, Cane",sr_legacy_food,19,2019-04-01,292.6,0.0,0.0,73.14
167744,"Mollusks, snail, raw",sr_legacy_food,15,2019-04-01,85.0,16.1,1.4,2.0
167745,"Turtle, green, raw",sr_legacy_food,15,2019-04-01,83.7,19.8,0.5,0.0
167746,"Lemons, raw, without peel",sr_legacy_food,9,2019-04-01,44.4,1.1,0.3,9.32
167747,"Lemon juice, raw",sr_legacy_food,9,2019-04-01,31.2,0.35,0.24,6.9
167748,"Lemon juice from concentrate, canned or bottled",sr_legacy_food,9,2019-04-01,24.9,0.45,0.07,5.62
167749,"Lemon peel, raw",sr_legacy_food,9,2019-04-01,72.7,1.5,0.3,16.0
167750,"Prickly pears, raw",sr_legacy_food,9,2019-04-01,45.8,0.73,0.51,9.57
167751,"Plums, dried (prunes), stewed, without added sugar",sr_legacy_food,9,2019-04-01,117.6,0.96,0.16,28.08
167752,"Plums, dried (prunes), stewed, with added sugar",sr_legacy_food,9,2019-04-01,137.9,1.09,0.22,32.88
167753,"Prune juice, canned",sr_legacy_food,9,2019-04-01,72.5,0.61,0.03,17.45
167754,"Pummelo, raw",sr_legacy_food,9,2019-04-01,41.9,0.76,0.04,9.62
167755,"Raspberries, raw",sr_legacy_food,9,2019-04-01,58.4,1.2,0.65,11.94
167756,"Raspberries, canned, red, heavy syrup pack, solids and liquids",sr_legacy_food,9,2019-04-01,97.8,0.83,0.12,23.36
167757,"Raspberries, frozen, red, sweetened",sr_legacy_food,9,2019-04-01,108.9,0.7,0.16,26.16
167758,"Rhubarb, raw",sr_legacy_food,9,2019-04-01,23.6,0.9,0.2,4.54
167759,"Sapodilla, raw",sr_legacy_food,9,2019-04-01,91.5,0.44,1.1,19.96
167760,"Sapote, mamey, raw",sr_legacy_food,9,2019-04-01,138.3,1.45,0.46,32.1
167761,"Soursop, raw",sr_legacy_food,9,2019-04-01,74.1,1.0,0.3,16.84
167762,"Strawberries, raw",sr_legacy_food,9,2019-04-01,36.1,0.67,0.3,7.68
167763,"Tamarinds, raw",sr_legacy_food,9,2019-04-01,266.6,2.8,0.6,62.5
167764,"Fruit salad, (pineapple and papaya and banana and guava), tropical, canned, heavy syrup, solids and liquids",sr_legacy_food,9,2019-04-01,92.0,0.41,0.1,22.36
167765,"Watermelon, raw",sr_legacy_food,9,2019-04-01,34.0,0.61,0.15,7.55
167766,"Maraschino cherries, canned, drained",sr_legacy_food,9,2019-04-01,170.6,0.22,0.21,41.97
167767,"Pineapple, canned, juice pack, drained",sr_legacy_food,9,2019-04-01,65.3,0.51,0.11,15.56
167768,"Apricots, canned, heavy syrup, drained",sr_legacy_food,9,2019-04-01,88.8,0.64,0.11,21.31
167769,"Cherries, sour, canned, water pack, drained",sr_legacy_food,9,2019-04-01,46.4,0.69,0.21,10.45
167770,"Cherries, sweet, canned, pitted, heavy syrup, drained",sr_legacy_food,9,2019-04-01,89.1,0.73,0.21,21.07
167771,"Apple juice, canned or bottled, unsweetened, with added ascorbic acid",sr_legacy_food,9,2019-04-01,46.8,0.1,0.13,11.3
167772,"Applesauce, canned, unsweetened, with added ascorbic acid",sr_legacy_food,9,2019-04-01,46.7,0.17,0.1,11.27
167773,"Applesauce, canned, sweetened, with salt",sr_legacy_food,9,2019-04-01,82.0,0.18,0.18,19.91
167774,"Grapefruit juice, pink, raw",sr_legacy_food,9,2019-04-01,39.7,0.5,0.1,9.2
167775,"Apple juice, frozen concentrate, unsweetened, diluted with 3 volume water, with added ascorbic acid",sr_legacy_food,9,2019-04-01,47.6,0.14,0.1,11.54
167776,"Pears, raw, bartlett (Includes foods for USDA's Food Distribution Program)",sr_legacy_food,9,2019-04-01,63.0,0.39,0.16,15.01
167777,"Pears, raw, red anjou",sr_legacy_food,9,2019-04-01,62.3,0.33,0.14,14.94
167778,"Pears, raw, bosc (Includes foods for USDA's Food Distribution Program)",sr_legacy_food,9,2019-04-01,66.6,0.36,0.09,16.1
167779,"Pears, raw, green anjou (Includes foods for USDA's Food Distribution Program)",sr_legacy_food,9,2019-04-01,65.8,0.44,0.1,15.79
167780,Prune puree,sr_legacy_food,9,2019-04-01,270.6,2.1,0.2,65.1
167781,Candied fruit,sr_legacy_food,9,2019-04-01,333.0,0.34,0.07,82.74
167782,"Abiyuch, raw",sr_legacy_food,9,2019-04-01,77.3,1.5,0.1,17.6
167783,"Rowal, raw",sr_legacy_food,9,2019-04-01,122.8,2.3,2.0,23.9
167784,"Guava nectar, canned, with added ascorbic acid",sr_legacy_food,9,2019-04-01,65.9,0.09,0.06,16.25
167785,"Mango nectar, canned",sr_legacy_food,9,2019-04-01,53.5,0.11,0.06,13.12
167786,"Tamarind nectar, canned",sr_legacy_food,9,2019-04-01,60.4,0.09,0.12,14.73
167787,"Pomegranate juice, bottled",sr_legacy_food,9,2019-04-01,55.7,0.15,0.29,13.13
167788,"Nance, canned, syrup, drained",sr_legacy_food,9,2019-04-01,104.9,0.56,1.28,22.79
167789,"Nance, frozen, unsweetened",sr_legacy_food,9,2019-04-01,81.0,0.66,1.16,16.97
167790,"Naranjilla (lulo) pulp, frozen, unsweetened",sr_legacy_food,9,2019-04-01,27.3,0.44,0.22,5.9
167791,Horned melon (Kiwano),sr_legacy_food,9,2019-04-01,48.7,1.78,1.26,7.56
167792,Orange Pineapple Juice Blend,sr_legacy_food,9,2019-04-01,51.2,0.41,0.08,12.2
167793,"Apples, raw, fuji, with skin (Includes foods for USDA's Food Distribution Program)",sr_legacy_food,9,2019-04-01,63.3,0.2,0.18,15.22
167794,"Orange juice, chilled, includes from concentrate, with added calcium and vitamins A, D, E",sr_legacy_food,9,2019-04-01,50.0,0.68,0.12,11.54
167795,"Fruit juice smoothie, NAKED JUICE, MIGHTY MANGO",sr_legacy_food,9,2019-04-01,61.7,0.42,0.0,15.0
167796,"Fruit juice smoothie, NAKED JUICE, GREEN MACHINE",sr_legacy_food,9,2019-04-01,54.9,0.6,0.26,12.53
167797,"Fruit juice smoothie, BOLTHOUSE FARMS, BERRY BOOST",sr_legacy_food,9,2019-04-01,46.3,0.63,0.02,10.9
167798,"Fruit juice smoothie, BOLTHOUSE FARMS, GREEN GOODNESS",sr_legacy_food,9,2019-04-01,57.6,0.63,0.33,13.04
167799,"Fruit juice smoothie, BOLTHOUSE FARMS, strawberry banana",sr_legacy_food,9,2019-04-01,53.9,0.44,0.3,12.37
167800,"Apple juice, canned or bottled, unsweetened, with added ascorbic acid, calcium, and potassium",sr_legacy_food,9,2019-04-01,48.0,0.12,0.17,11.49
167801,"Lemon juice from concentrate, bottled, CONCORD",sr_legacy_food,9,2019-04-01,23.7,0.4,0.07,5.37
167802,"Lemon juice from concentrate, bottled, REAL LEMON",sr_legacy_food,9,2019-04-01,25.2,0.47,0.07,5.66
167803,"Cranberry sauce, whole, canned, OCEAN SPRAY",sr_legacy_food,9,2019-04-01,165.0,0.75,0.05,40.4
167804,"Cranberry sauce, jellied, canned, OCEAN SPRAY",sr_legacy_food,9,2019-04-01,167.0,1.05,0.04,40.61
167805,"Ruby Red grapefruit juice blend (grapefruit, grape, apple), OCEAN SPRAY, bottled, with added vitamin C",sr_legacy_food,9,2019-04-01,45.0,0.5,0.1,10.53
167806,Baobab powder,sr_legacy_food,9,2019-04-01,337.6,3.69,0.47,79.65
167807,"Cherry juice, tart",sr_legacy_food,9,2019-04-01,60.9,0.31,0.54,13.7
167808,"Raspberries, puree, seedless",sr_legacy_food,9,2019-04-01,43.9,1.02,0.87,7.99
167809,"Raspberries, puree, with seeds",sr_legacy_food,9,2019-04-01,59.2,1.1,0.97,11.51
167810,"Pork, fresh, composite of trimmed leg, loin, shoulder, and spareribs, (includes cuts to be cured), separable lean and fat, raw",sr_legacy_food,10,2019-04-01,206.0,18.22,14.79,0.0
167811,"Pork, fresh, backfat, raw",sr_legacy_food,10,2019-04-01,809.9,2.92,88.69,0.0
167812,"Pork, fresh, belly, raw",sr_legacy_food,10,2019-04-01,514.4,9.34,53.01,0.0
167813,"Pork, fresh, separable fat, raw",sr_legacy_food,10,2019-04-01,628.3,9.25,65.7,0.0
167814,"Pork, fresh, leg (ham), rump half, separable lean and fat, raw",sr_legacy_food,10,2019-04-01,176.8,20.27,10.63,0.0
167815,"Pork, fresh, leg (ham), rump half, separable lean and fat, cooked, roasted",sr_legacy_food,10,2019-04-01,201.0,27.03,10.32,0.0
167816,"Pork, fresh, leg (ham), rump half, separable lean only, raw (Includes foods for USDA's Food Distribution Program)",sr_legacy_food,10,2019-04-01,113.6,21.81,2.93,0.0
167817,"Pork, fresh, leg (ham), rump half, separable lean only, cooked, roasted",sr_legacy_food,10,2019-04-01,157.0,28.86,4.62,0.0
167818,"Pork, fresh, loin, whole, separable lean and fat, raw",sr_legacy_food,10,2019-04-01,192.2,19.74,12.58,0.0
167819,"Pork, fresh, loin, whole, separable lean and fat, cooked, braised",sr_legacy_food,10,2019-04-01,231.5,27.23,13.62,0.0
167820,"Pork, fresh, loin, whole, separable lean and fat, cooked, broiled",sr_legacy_food,10,2019-04-01,234.6,27.32,13.92,0.0
167821,"Pork, fresh, loin, whole, separable lean and fat, cooked, roasted",sr_legacy_food,10,2019-04-01,240.2,27.09,14.65,0.0
167822,"Pork, fresh, loin, blade (chops or roasts), bone-in, separable lean and fat, raw",sr_legacy_food,10,2019-04-01,188.7,19.56,12.27,0.0
167823,"Pork, fresh, loin, blade (chops), bone-in, separable lean and fat, cooked, braised",sr_legacy_food,10,2019-04-01,247.6,26.54,15.71,0.0
167824,"Pork, fresh, loin, blade (chops), bone-in, separable lean and fat, cooked, broiled",sr_legacy_food,10,2019-04-01,224.0,23.72,14.35,0.0
167825,"Pork, fresh, loin, blade (roasts), bone-in, separable lean and fat, cooked, roasted",sr_legacy_food,10,2019-04-01,247.6,24.29,16.71,0.0
167826,"Pork, fresh, loin, center loin (chops), bone-in, separable lean and fat, cooked, braised",sr_legacy_food,10,2019-04-01,234.4,28.21,13.51,0.0
167827,"Pork, fresh, loin, center loin (chops), bone-in, separable lean and fat, cooked, broiled",sr_legacy_food,10,2019-04-01,202.0,25.61,11.06,0.0
167828,"Pork, fresh, loin, center loin (roasts), bone-in, separable lean and fat, cooked, roasted",sr_legacy_food,10,2019-04-01,223.2,27.01,12.8,0.0
167829,"Pork, fresh, loin, center loin (chops), bone-in, separable lean only, raw",sr_legacy_food,10,2019-04-01,121.4,21.99,3.71,0.0
167830,"Pork, fresh, loin, center rib (chops), bone-in, separable lean and fat, cooked, braised",sr_legacy_food,10,2019-04-01,253.2,26.66,16.28,0.0
167831,"Pork, fresh, loin, center rib (chops), bone-in, separable lean and fat, cooked, broiled",sr_legacy_food,10,2019-04-01,215.0,24.42,13.04,0.0
167832,"Pork, fresh, loin, center rib (roasts), bone-in, separable lean and fat, cooked, roasted",sr_legacy_food,10,2019-04-01,240.1,26.99,14.68,0.0
167833,"Pork, fresh, loin, center rib (chops or roasts), bone-in, separable lean only, raw",sr_legacy_food,10,2019-04-01,130.4,21.79,4.8,0.0
167834,"Pork, fresh, loin, sirloin (chops), bone-in, separable lean and fat, cooked, braised",sr_legacy_food,10,2019-04-01,226.0,28.81,12.31,0.0
167835,"Pork, fresh, loin, sirloin (chops), bone-in, separable lean and fat, cooked, broiled",sr_legacy_food,10,2019-04-01,214.2,26.96,11.82,0.0
167836,"Pork, fresh, loin, sirloin (roasts), bone-in, separable lean and fat, cooked, roasted",sr_legacy_food,10,2019-04-01,222.4,26.64,12.87,0.0
167837,"Pork, fresh, loin, sirloin (chops or roasts), bone-in, separable lean only, raw",sr_legacy_food,10,2019-04-01,122.8,21.65,4.02,0.0
167838,"Pork, fresh, loin, sirloin (chops), bone-in, separable lean only, cooked, braised",sr_legacy_food,10,2019-04-01,186.1,31.0,6.9,0.0
167839,"Pork, fresh, loin, top loin (chops), boneless, separable lean and fat, raw",sr_legacy_food,10,2019-04-01,148.7,21.55,6.94,0.0
167840,"Pork, fresh, loin, top loin (chops), boneless, separable lean and fat, cooked, braised",sr_legacy_food,10,2019-04-01,191.6,29.2,8.31,0.0
167841,"Pork, fresh, loin, top loin (chops), boneless, separable lean and fat, cooked, broiled",sr_legacy_food,10,2019-04-01,188.7,26.62,9.14,0.0
167842,"Pork, fresh, loin, top loin (roasts), boneless, separable lean and fat, cooked, roasted",sr_legacy_food,10,2019-04-01,185.2,26.45,8.82,0.0
167843,"Pork, fresh, shoulder, whole, separable lean and fat, raw",sr_legacy_food,10,2019-04-01,230.6,17.18,17.99,0.0
167844,"Pork, fresh, shoulder, whole, separable lean and fat, cooked, roasted",sr_legacy_food,10,2019-04-01,285.6,23.28,21.39,0.0
167845,"Pork, fresh, shoulder, whole, separable lean only, raw",sr_legacy_food,10,2019-04-01,142.5,19.55,7.14,0.0
167846,"Pork, fresh, shoulder, whole, separable lean only, cooked, roasted",sr_legacy_food,10,2019-04-01,223.2,25.33,13.54,0.0
167847,"Pork, fresh, shoulder, arm picnic, separable lean only, cooked, braised",sr_legacy_food,10,2019-04-01,186.9,26.76,8.87,0.0
167848,"Pork, fresh, shoulder, arm picnic, separable lean only, cooked, roasted",sr_legacy_food,10,2019-04-01,220.3,26.68,12.62,0.0
167849,"Pork, fresh, shoulder, (Boston butt), blade (steaks), separable lean and fat, raw",sr_legacy_food,10,2019-04-01,180.9,17.42,12.36,0.0
167850,"Pork, fresh, shoulder, (Boston butt), blade (steaks), separable lean and fat, cooked, braised",sr_legacy_food,10,2019-04-01,259.5,25.07,17.69,0.0
167851,"Pork, fresh, shoulder, blade, boston (steaks), separable lean and fat, cooked, broiled",sr_legacy_food,10,2019-04-01,251.8,25.58,16.61,0.0
167852,"Pork, fresh, shoulder, blade, boston (roasts), separable lean only, cooked, roasted",sr_legacy_food,10,2019-04-01,225.5,24.21,14.3,0.0
167853,"Pork, fresh, spareribs, separable lean and fat, raw",sr_legacy_food,10,2019-04-01,272.5,15.47,23.4,0.0
167854,"Pork, fresh, spareribs, separable lean and fat, cooked, braised",sr_legacy_food,10,2019-04-01,388.9,29.06,30.3,0.0
167855,"Pork, fresh, composite of trimmed retail cuts (leg, loin, and shoulder), separable lean only, cooked",sr_legacy_food,10,2019-04-01,192.9,27.51,9.21,0.0
167856,"Pork, fresh, variety meats and by-products, chitterlings, cooked, simmered",sr_legacy_food,10,2019-04-01,232.8,12.49,20.32,0.0
167857,"Pork, fresh, variety meats and by-products, ears, frozen, raw",sr_legacy_food,10,2019-04-01,228.1,22.45,15.1,0.6
167858,"Pork, fresh, variety meats and by-products, ears, frozen, cooked, simmered",sr_legacy_food,10,2019-04-01,161.8,15.95,10.8,0.2
167859,"Pork, fresh, variety meats and by-products, feet, raw",sr_legacy_food,10,2019-04-01,206.0,23.16,12.59,0.0
167860,"Pork, fresh, variety meats and by-products, kidneys, cooked, braised",sr_legacy_food,10,2019-04-01,143.9,25.4,4.7,0.0
167861,"Pork, fresh, variety meats and by-products, leaf fat, raw",sr_legacy_food,10,2019-04-01,854.5,1.76,94.16,0.0
167862,"Pork, fresh, variety meats and by-products, liver, raw",sr_legacy_food,10,2019-04-01,128.3,21.39,3.65,2.47
167863,"Pork, fresh, variety meats and by-products, liver, cooked, braised",sr_legacy_food,10,2019-04-01,158.7,26.02,4.4,3.76
167864,"Pork, fresh, variety meats and by-products, lungs, raw",sr_legacy_food,10,2019-04-01,80.8,14.08,2.72,0.0
167865,"Pork, fresh, variety meats and by-products, spleen, raw",sr_legacy_food,10,2019-04-01,94.8,17.86,2.59,0.0
167866,"Pork, fresh, variety meats and by-products, spleen, cooked, braised",sr_legacy_food,10,2019-04-01,141.6,28.2,3.2,0.0
167867,"Pork, fresh, variety meats and by-products, stomach, raw",sr_legacy_food,10,2019-04-01,158.7,16.85,10.14,0.0
167868,"Pork, fresh, loin, blade (chops), bone-in, separable lean only, cooked, pan-fried",sr_legacy_food,10,2019-04-01,214.8,26.38,12.14,0.0
167869,"Canadian bacon, unprepared",sr_legacy_food,10,2019-04-01,110.2,20.31,2.62,1.34
167870,"Pork, cured, feet, pickled",sr_legacy_food,10,2019-04-01,136.7,11.63,10.02,0.01
167871,"Pork, cured, ham, boneless, extra lean (approximately 5% fat), roasted",sr_legacy_food,10,2019-04-01,139.5,20.93,5.53,1.5
167872,"Pork, cured, ham, boneless, regular (approximately 11% fat), roasted",sr_legacy_food,10,2019-04-01,171.7,22.62,9.02,0.0
167873,"Pork, cured, ham, patties, unheated",sr_legacy_food,10,2019-04-01,311.6,12.78,28.19,1.69
167874,"Pork, cured, ham, steak, boneless, extra lean, unheated",sr_legacy_food,10,2019-04-01,116.5,19.56,4.25,0.0
167875,"Pork, cured, ham, whole, separable lean and fat, unheated",sr_legacy_food,10,2019-04-01,240.9,18.49,18.52,0.06
167876,"Pork, cured, ham, whole, separable lean only, unheated",sr_legacy_food,10,2019-04-01,140.9,22.32,5.71,0.05
167877,"Pork, cured, separable fat (from ham and arm picnic), unheated",sr_legacy_food,10,2019-04-01,575.8,5.68,61.41,0.09
167878,"Pork, cured, separable fat (from ham and arm picnic), roasted",sr_legacy_food,10,2019-04-01,587.3,7.64,61.86,0.0
167879,"Pork, cured, shoulder, arm picnic, separable lean and fat, roasted",sr_legacy_food,10,2019-04-01,273.9,20.43,21.35,0.0
167880,"Pork, cured, shoulder, arm picnic, separable lean only, roasted",sr_legacy_food,10,2019-04-01,163.1,24.94,7.04,0.0
167881,"Pork, fresh, variety meats and by-products, tail, cooked, simmered",sr_legacy_food,10,2019-04-01,390.2,17.0,35.8,0.0
167882,"Pork, fresh, loin, center loin (chops), bone-in, separable lean only, cooked, pan-fried",sr_legacy_food,10,2019-04-01,187.2,29.56,7.66,0.0
167883,"Pork, fresh, loin, center rib (chops), bone-in, separable lean only, cooked, pan-fried",sr_legacy_food,10,2019-04-01,202.9,28.84,9.73,0.0
167884,"Pork, fresh, loin, blade (chops), bone-in, separable lean and fat, cooked, pan-fried",sr_legacy_food,10,2019-04-01,249.1,25.02,16.56,0.0
167885,"Pork, cured, ham, extra lean and regular, canned, unheated",sr_legacy_food,10,2019-04-01,139.0,17.97,7.46,0.0
167886,"Pork, cured, ham, extra lean and regular, canned, roasted",sr_legacy_food,10,2019-04-01,161.6,20.94,8.43,0.49
167887,"Pork, fresh, loin, top loin (chops), boneless, separable lean and fat, cooked, pan-fried",sr_legacy_food,10,2019-04-01,188.2,29.36,7.86,0.0
167888,"Pork, fresh, composite of trimmed retail cuts (leg, loin, shoulder, and spareribs), separable lean and fat, raw",sr_legacy_food,10,2019-04-01,210.3,18.95,14.95,0.0
167889,"Pork, fresh, loin, center rib (chops or roasts), boneless, separable lean and fat, raw",sr_legacy_food,10,2019-04-01,205.7,19.9,14.01,0.0
167890,"Pork, fresh, loin, center rib (chops), boneless, separable lean and fat, cooked, braised",sr_legacy_food,10,2019-04-01,247.3,26.29,15.79,0.0
167891,"Pork, fresh, loin, center rib (chops), boneless, separable lean and fat, cooked, broiled",sr_legacy_food,10,2019-04-01,252.4,27.63,15.76,0.0
167892,"Pork, fresh, loin, center rib (chops), boneless, separable lean and fat, cooked, pan-fried",sr_legacy_food,10,2019-04-01,265.7,25.82,18.05,0.0
167893,"Pork, fresh, loin, center rib (chops), boneless, separable lean only, cooked, pan-fried",sr_legacy_food,10,2019-04-01,216.9,27.68,11.8,0.0
167894,"Pork, fresh, loin, center rib (roasts), boneless, separable lean only, cooked, roasted",sr_legacy_food,10,2019-04-01,206.4,28.81,10.13,0.0
167895,"Pork, fresh, loin, country-style ribs, separable lean and fat, raw",sr_legacy_food,10,2019-04-01,183.7,19.34,11.82,0.0
167896,"Pork, fresh, loin, country-style ribs, separable lean and fat, cooked, braised",sr_legacy_food,10,2019-04-01,265.4,26.49,17.71,0.0
167897,"Pork, fresh, loin, country-style ribs, separable lean and fat, bone-in, cooked, roasted",sr_legacy_food,10,2019-04-01,352.1,21.75,29.46,0.0
167898,"Pork, fresh, loin, sirloin (chops), boneless, separable lean and fat, cooked, braised",sr_legacy_food,10,2019-04-01,162.9,28.41,5.47,0.0
167899,"Pork, fresh, loin, sirloin (chops), boneless, separable lean and fat, cooked, broiled",sr_legacy_food,10,2019-04-01,162.5,28.19,5.53,0.0
167900,"Pork, fresh, loin, sirloin (roasts), boneless, separable lean and fat, cooked, roasted",sr_legacy_food,10,2019-04-01,184.4,29.62,7.32,0.0
167901,"Pork, fresh, loin, sirloin (chops or roasts), boneless, separable lean only, raw",sr_legacy_food,10,2019-04-01,114.6,22.81,2.59,0.0
167902,"Pork, fresh, ground, raw",sr_legacy_food,10,2019-04-01,258.2,16.88,21.19,0.0
167903,"Pork, fresh, ground, cooked",sr_legacy_food,10,2019-04-01,289.7,25.69,20.77,0.0
167904,"Pork, fresh, loin, tenderloin, separable lean and fat, cooked, broiled",sr_legacy_food,10,2019-04-01,192.4,29.86,8.11,0.0
167905,"Pork, fresh, loin, tenderloin, separable lean and fat, cooked, roasted",sr_legacy_food,10,2019-04-01,139.8,26.04,3.96,0.0
167906,"Pork, fresh, composite of trimmed retail cuts (loin and shoulder blade), separable lean and fat, cooked",sr_legacy_food,10,2019-04-01,227.2,26.07,13.66,0.0
167907,"Pork, fresh, composite of trimmed retail cuts (loin and shoulder blade), separable lean only, raw",sr_legacy_food,10,2019-04-01,137.8,21.23,5.88,0.0
167908,"Pork, fresh, composite of trimmed retail cuts (loin and shoulder blade), separable lean only, cooked",sr_legacy_food,10,2019-04-01,202.8,29.47,9.44,0.0
167909,"HORMEL, Cure 81 Ham",sr_legacy_food,10,2019-04-01,106.9,18.43,3.59,0.21
167910,"HORMEL ALWAYS TENDER, Pork Tenderloin, Teriyaki-Flavored",sr_legacy_food,10,2019-04-01,119.0,18.2,3.07,4.63
167911,HORMEL Canadian Style Bacon,sr_legacy_food,10,2019-04-01,119.5,16.88,4.94,1.87
167912,"Pork, fresh, loin, top loin (chops), boneless, separable lean only, with added solution, cooked, pan-broiled",sr_legacy_food,10,2019-04-01,160.8,28.95,5.0,0.0
167913,"Pork, fresh, loin, top loin (chops), boneless, separable lean and fat, with added solution, cooked, pan-broiled",sr_legacy_food,10,2019-04-01,182.3,28.35,7.66,0.0
167914,"Pork, cured, bacon, cooked, baked",sr_legacy_food,10,2019-04-01,537.8,35.73,43.27,1.35
167915,"Pork, cured, ham -- water added, rump, bone-in, separable lean only, heated, roasted",sr_legacy_food,10,2019-04-01,121.2,21.41,3.56,0.87
167916,"Pork, cured, ham -- water added, rump, bone-in, separable lean only, unheated",sr_legacy_food,10,2019-04-01,95.7,15.43,3.48,0.67
167917,"Pork, cured, ham -- water added, shank, bone-in, separable lean only, heated, roasted",sr_legacy_food,10,2019-04-01,128.4,20.92,4.43,1.2
167918,"Pork, cured, ham -- water added, slice, bone-in, separable lean only, heated, pan-broil",sr_legacy_food,10,2019-04-01,132.8,22.04,4.3,1.48
167919,"Pork, cured, ham with natural juices, rump, bone-in, separable lean only, heated, roasted",sr_legacy_food,10,2019-04-01,136.7,24.14,4.25,0.48
167920,"Pork, cured, ham with natural juices, shank, bone-in, separable lean only, heated, roasted",sr_legacy_food,10,2019-04-01,145.9,24.95,4.97,0.34
167921,"Pillsbury Grands, Buttermilk Biscuits, refrigerated dough",sr_legacy_food,18,2019-04-01,296.3,6.16,11.34,42.41
167922,"Heinz, Weight Watcher, Chocolate Eclair, frozen",sr_legacy_food,18,2019-04-01,240.9,4.4,6.9,40.3
167923,"Interstate Brands Corp, Wonder Hamburger Rolls",sr_legacy_food,18,2019-04-01,273.0,8.07,4.15,50.84
167924,"Nabisco, Nabisco Snackwell's Fat Free Devil's Food Cookie Cakes",sr_legacy_food,18,2019-04-01,326.8,5.0,1.09,74.25
167925,"Crackers, cheese, sandwich-type with cheese filling",sr_legacy_food,18,2019-04-01,490.4,8.92,24.41,58.76
167926,"Pancakes, plain, frozen, ready-to-heat, microwave (includes buttermilk)",sr_legacy_food,18,2019-04-01,239.4,5.88,4.73,43.33
167927,"Toaster Pastries, fruit, frosted (include apples, blueberry, cherry, strawberry)",sr_legacy_food,18,2019-04-01,384.5,4.01,9.02,71.83
167928,"Toaster pastries, fruit, toasted (include apple, blueberry, cherry, strawberry)",sr_legacy_food,18,2019-04-01,408.9,4.7,11.03,72.7
167929,"Muffin, blueberry, commercially prepared, low-fat",sr_legacy_food,18,2019-04-01,255.1,4.23,4.22,50.05
167930,"Pie crust, refrigerated, regular, baked",sr_legacy_food,18,2019-04-01,505.9,3.41,28.69,58.52
167931,"Pie crust, deep dish, frozen, baked, made with enriched flour",sr_legacy_food,18,2019-04-01,520.8,6.1,31.84,52.47
167932,"Pie crust, refrigerated, regular, unbaked",sr_legacy_food,18,2019-04-01,445.5,2.97,25.46,51.11
167933,"Crackers, whole-wheat, reduced fat",sr_legacy_food,18,2019-04-01,415.8,11.34,7.59,75.52
167934,"Crackers, wheat, reduced fat",sr_legacy_food,18,2019-04-01,443.8,9.34,13.37,71.52
167935,"Bread, pan dulce, sweet yeast bread",sr_legacy_food,18,2019-04-01,367.4,9.42,11.58,56.38
167936,"Keikitos (muffins), Latino bakery item",sr_legacy_food,18,2019-04-01,467.0,6.81,25.24,53.16
167937,"Cake, pound, Bimbo Bakeries USA, Panque Casero, home baked style",sr_legacy_food,18,2019-04-01,417.5,6.62,21.7,48.94
167938,"Pan Dulce, La Ricura, Salpora de Arroz con Azucar, cookie-like, contains wheat flour and rice flour",sr_legacy_food,18,2019-04-01,445.4,8.81,16.11,66.28
167939,"Garlic bread, frozen",sr_legacy_food,18,2019-04-01,349.8,8.36,16.61,41.72
167940,"Cinnamon buns, frosted (includes honey buns)",sr_legacy_food,18,2019-04-01,451.7,4.45,26.61,48.6
167941,"Crackers, cheese, reduced fat",sr_legacy_food,18,2019-04-01,417.8,10.0,11.67,68.19
167942,"Crackers, saltines, whole wheat (includes multi-grain)",sr_legacy_food,18,2019-04-01,398.0,7.14,10.71,68.25
167943,"Bread, potato",sr_legacy_food,18,2019-04-01,266.4,12.5,3.13,47.07
167944,"Bread, cheese",sr_legacy_food,18,2019-04-01,408.5,10.42,20.83,44.83
167945,"Focaccia, Italian flatbread, plain",sr_legacy_food,18,2019-04-01,249.4,8.77,7.89,35.82
167946,"SCHIFF,TIGER'S MILK BAR",sr_legacy_food,19,2019-04-01,421.6,16.8,14.29,56.46
167947,"Candies, TOBLERONE, milk chocolate with honey and almond nougat",sr_legacy_food,19,2019-04-01,524.8,5.71,28.57,61.21
167948,"Snacks, corn-based, extruded, onion-flavor",sr_legacy_food,23,2019-04-01,494.6,7.7,22.6,65.1
167949,"Snacks, corn-based, extruded, puffs or twists, cheese-flavor",sr_legacy_food,23,2019-04-01,568.9,5.46,36.54,54.54
167950,"Snacks, KRAFT, CORNNUTS, plain",sr_legacy_food,23,2019-04-01,462.2,8.5,15.64,71.86
167951,"Snacks, crisped rice bar, chocolate chip",sr_legacy_food,23,2019-04-01,433.9,5.1,13.5,73.0
167952,"Snacks, granola bars, hard, chocolate chip",sr_legacy_food,23,2019-04-01,464.3,7.3,16.3,72.1
167953,Fruit syrup,sr_legacy_food,19,2019-04-01,340.5,0.0,0.0,85.13
167954,"Snacks, granola bars, soft, uncoated, plain",sr_legacy_food,23,2019-04-01,453.6,7.4,17.2,67.3
167955,"Snacks, granola bars, soft, uncoated, peanut butter",sr_legacy_food,23,2019-04-01,441.8,10.5,15.8,64.4
167956,"Topping, SMUCKER'S MAGIC SHELL",sr_legacy_food,19,2019-04-01,608.9,2.94,44.1,50.07
167957,"Syrup, fruit flavored",sr_legacy_food,19,2019-04-01,260.6,0.0,0.02,65.1
167958,"Snacks, oriental mix, rice-based",sr_legacy_food,23,2019-04-01,505.9,17.31,25.58,51.62
167959,"Snacks, popcorn, air-popped",sr_legacy_food,23,2019-04-01,403.7,12.94,4.54,77.78
167960,"Snacks, popcorn, cheese-flavor",sr_legacy_food,23,2019-04-01,542.4,9.3,33.2,51.6
167961,"Snacks, pork skins, plain",sr_legacy_food,23,2019-04-01,526.9,61.3,31.3,0.0
167962,"Snacks, potato chips, barbecue-flavor",sr_legacy_food,23,2019-04-01,529.3,6.51,31.06,55.92
167963,"Snacks, potato chips, sour-cream-and-onion-flavor",sr_legacy_food,23,2019-04-01,543.5,8.1,33.9,51.5
167964,"Snacks, M&M MARS, COMBOS Snacks Cheddar Cheese Pretzel",sr_legacy_food,23,2019-04-01,457.7,9.85,16.92,66.5
167965,"Snacks, pretzels, hard, whole-wheat including both salted and unsalted",sr_legacy_food,23,2019-04-01,393.0,11.1,2.6,81.3
167966,"Snacks, rice cracker brown rice, plain",sr_legacy_food,23,2019-04-01,384.0,8.2,2.8,81.5
167967,"Snacks, rice cakes, brown rice, buckwheat",sr_legacy_food,23,2019-04-01,387.9,9.0,3.5,80.1
167968,"Snacks, trail mix, tropical",sr_legacy_food,23,2019-04-01,441.5,6.3,17.1,65.6
167969,"Snacks, trail mix, regular, with chocolate chips, salted nuts and seeds",sr_legacy_food,23,2019-04-01,523.5,14.2,31.9,44.9
167970,"Snacks, tortilla chips, taco-flavor",sr_legacy_food,23,2019-04-01,501.8,7.9,24.2,63.1
167971,"Candies, TOOTSIE ROLL, chocolate-flavor roll",sr_legacy_food,19,2019-04-01,387.1,1.59,3.31,87.73
167972,"Candies, butterscotch",sr_legacy_food,19,2019-04-01,391.4,0.03,3.3,90.4
167973,"Candies, carob, unsweetened",sr_legacy_food,19,2019-04-01,540.0,8.15,31.36,56.29
167974,"Candies, caramels",sr_legacy_food,19,2019-04-01,399.3,4.6,8.1,77.0
167975,"Candies, CARAMELLO Candy Bar",sr_legacy_food,19,2019-04-01,470.7,6.19,21.19,63.81
167976,"Candies, semisweet chocolate",sr_legacy_food,19,2019-04-01,542.4,4.2,30.0,63.9
167977,"Candies, sweet chocolate",sr_legacy_food,19,2019-04-01,565.0,3.9,34.2,60.4
167978,"Candies, sweet chocolate coated fondant",sr_legacy_food,19,2019-04-01,414.1,2.2,9.3,80.4
167979,"Candies, HERSHEY'S GOLDEN ALMOND SOLITAIRES",sr_legacy_food,19,2019-04-01,569.4,11.97,37.13,46.85
167980,"Candies, confectioner's coating, butterscotch",sr_legacy_food,19,2019-04-01,538.6,2.2,29.05,67.1
167981,"Ice creams, french vanilla, soft-serve",sr_legacy_food,19,2019-04-01,222.2,4.1,13.0,22.2
167982,"Candies, YORK Peppermint Pattie",sr_legacy_food,19,2019-04-01,397.2,2.19,7.17,80.99
167983,"Candies, TWIZZLERS NIBS CHERRY BITS",sr_legacy_food,19,2019-04-01,350.4,2.3,2.64,79.37
167984,"Candies, SYMPHONY Milk Chocolate Bar",sr_legacy_food,19,2019-04-01,541.2,8.51,30.57,58.01
167985,"Candies, 5TH AVENUE Candy Bar",sr_legacy_food,19,2019-04-01,501.7,8.78,23.98,62.68
167986,"Candies, fondant, prepared-from-recipe",sr_legacy_food,19,2019-04-01,372.9,0.0,0.02,93.18
167987,"Candies, fudge, chocolate, prepared-from-recipe",sr_legacy_food,19,2019-04-01,410.0,2.39,10.41,76.7
167988,"Candies, fudge, chocolate, with nuts, prepared-from-recipe",sr_legacy_food,19,2019-04-01,460.5,4.38,18.93,68.15
167989,"Candies, gumdrops, starch jelly pieces",sr_legacy_food,19,2019-04-01,395.6,0.0,0.0,98.9
167990,"Candies, hard",sr_legacy_food,19,2019-04-01,393.8,0.0,0.2,98.0
167991,"Candies, jellybeans",sr_legacy_food,19,2019-04-01,374.6,0.0,0.05,93.55
167992,"Candies, KIT KAT Wafer Bar",sr_legacy_food,19,2019-04-01,518.3,6.51,25.99,64.59
167993,"Candies, KRACKEL Chocolate Bar",sr_legacy_food,19,2019-04-01,523.1,6.62,26.58,64.34
167994,"Candies, MARS SNACKFOOD US, MARS Almond Bar",sr_legacy_food,19,2019-04-01,490.2,8.1,23.0,62.7
167995,"Candies, marshmallows",sr_legacy_food,19,2019-04-01,334.2,1.8,0.2,81.3
167996,"Candies, halavah, plain",sr_legacy_food,19,2019-04-01,485.6,12.49,21.52,60.49
167997,"Candies, NESTLE, OH HENRY! Bar",sr_legacy_food,19,2019-04-01,499.8,7.7,23.0,65.5
167998,"Puddings, chocolate, dry mix, instant, prepared with 2% milk",sr_legacy_food,19,2019-04-01,105.4,3.15,1.92,18.89
167999,"Baking chocolate, mexican, squares",sr_legacy_food,19,2019-04-01,464.5,3.64,15.59,77.41
168000,Chocolate-flavored hazelnut spread,sr_legacy_food,19,2019-04-01,538.6,5.41,29.73,62.36
168001,"Candies, milk chocolate coated peanuts",sr_legacy_food,19,2019-04-01,552.7,13.1,33.5,49.7
168002,"Glutino, Gluten Free Wafers, Lemon Flavored",sr_legacy_food,18,2019-04-01,515.2,0.0,24.18,74.39
168003,"Glutino, Gluten Free Wafers, Milk Chocolate",sr_legacy_food,18,2019-04-01,541.3,4.06,30.42,62.82
168004,"Mary's Gone Crackers, Original Crackers, Organic Gluten Free",sr_legacy_food,18,2019-04-01,446.1,12.06,15.63,64.29
168005,"Pepperidge Farm, Goldfish, Baked Snack Crackers, Cheddar",sr_legacy_food,18,2019-04-01,456.6,11.71,16.11,66.2
168006,"Pepperidge Farm, Goldfish, Baked Snack Crackers, Explosive Pizza",sr_legacy_food,18,2019-04-01,458.4,9.56,16.82,67.2
168007,"Sage Valley, Gluten Free Vanilla Sandwich Cookies",sr_legacy_food,18,2019-04-01,499.4,3.13,22.15,71.88
168008,"Schar, Gluten-Free, Classic White Rolls",sr_legacy_food,18,2019-04-01,239.1,3.34,2.65,50.47
168009,"Schar, Gluten-Free, Wheat-Free, Classic White Bread",sr_legacy_food,18,2019-04-01,240.0,3.81,4.47,46.13
168010,"Udi's, Gluten Free, Classic French Dinner Rolls",sr_legacy_food,18,2019-04-01,310.0,7.99,6.4,55.1
168011,"Van's, Gluten Free, Totally Original Waffles",sr_legacy_food,18,2019-04-01,248.1,2.99,8.22,40.54
168012,"Van's, The Perfect 10, Crispy Six Whole Grain + Four Seed Baked Crackers, Gluten Free",sr_legacy_food,18,2019-04-01,471.2,7.63,18.93,67.57
168013,"Bread, multi-grain (includes whole-grain)",sr_legacy_food,18,2019-04-01,264.9,13.36,4.23,43.34
168014,"Cookies, animal crackers (includes arrowroot, tea biscuits)",sr_legacy_food,18,2019-04-01,448.2,6.9,13.8,74.1
168015,"Sweet Potatoes, french fried, crosscut, frozen, unprepared",sr_legacy_food,11,2019-04-01,208.8,1.7,11.1,25.52
168016,"Sweet Potato puffs, frozen, unprepared",sr_legacy_food,11,2019-04-01,160.5,1.36,3.58,30.72
168017,"Mouse nuts, roots (Alaska Native)",sr_legacy_food,24,2019-04-01,80.9,3.9,0.1,16.1
168018,"Mouse nuts, seedlings (Alaska Native)",sr_legacy_food,24,2019-04-01,104.3,7.3,1.1,16.3
168019,Octopus (Alaska Native),sr_legacy_food,24,2019-04-01,56.4,12.3,0.8,0.0
168020,"Seal, bearded (Oogruk), meat, dried (Alaska Native)",sr_legacy_food,24,2019-04-01,351.1,82.6,2.3,0.0
168021,"Fish, pike, northern, liver (Alaska Native)",sr_legacy_food,24,2019-04-01,155.6,16.6,8.0,4.3
168022,"Rhubarb, wild, leaves (Alaska Native)",sr_legacy_food,24,2019-04-01,60.9,4.2,0.5,9.9
168023,"Fish, salmon, tipnuk, fermented (Alaska Native)",sr_legacy_food,24,2019-04-01,159.0,15.9,10.6,0.0
168024,"Fish, salmon, king, chinook, kippered, canned (Alaska Native)",sr_legacy_food,24,2019-04-01,265.9,30.7,15.9,0.0
168025,"Seal, ringed, meat (Alaska Native)",sr_legacy_food,24,2019-04-01,142.4,28.4,3.2,0.0
168026,"Seal, ringed, liver (Alaska Native)",sr_legacy_food,24,2019-04-01,115.7,18.6,3.3,2.9
168027,"Soup, fish, homemade (Alaska Native)",sr_legacy_food,24,2019-04-01,71.8,7.4,2.2,5.6
168028,"Sourdock, young leaves (Alaska Native)",sr_legacy_food,24,2019-04-01,41.5,2.3,0.7,6.5
168029,"Walrus, meat, raw (Alaska Native)",sr_legacy_food,24,2019-04-01,199.2,19.2,13.6,0.0
168030,"Walrus, meat and subcutaneous fat raw (Alaska Native)",sr_legacy_food,24,2019-04-01,282.1,16.3,24.1,0.0
168031,"Walrus, liver, raw (Alaska Native)",sr_legacy_food,24,2019-04-01,125.0,21.0,3.0,3.5
168032,"Oil, walrus (Alaska Native)",sr_legacy_food,24,2019-04-01,900.0,0.0,100.0,0.0
168033,"Fish, whitefish, mixed species, raw (Alaska Native)",sr_legacy_food,24,2019-04-01,130.5,18.9,6.1,0.0
168034,"Fish, whitefish, broad, head, eyes, cheeks and soft bones (Alaska Native)",sr_legacy_food,24,2019-04-01,106.8,18.6,3.6,0.0
168035,"Willow, leaves in oil (Alaska Native)",sr_legacy_food,24,2019-04-01,591.8,2.6,61.0,8.1
168036,"Willow, young leaves, chopped (Alaska Native)",sr_legacy_food,24,2019-04-01,121.6,6.1,1.6,20.7
168037,"Corn, white, steamed (Navajo)",sr_legacy_food,24,2019-04-01,386.3,9.72,5.18,75.2
168038,"Cornmeal, white (Navajo)",sr_legacy_food,24,2019-04-01,397.9,10.99,5.04,77.14
168039,"Cornmeal, yellow (Navajo)",sr_legacy_food,24,2019-04-01,383.9,9.85,5.88,72.9
168040,"Squash, Indian, raw (Navajo)",sr_legacy_food,24,2019-04-01,26.4,0.52,0.2,5.64
168041,"Tortilla, includes plain and from mutton sandwich (Navajo)",sr_legacy_food,24,2019-04-01,237.4,7.28,0.95,49.94
168042,"Stew, dumpling with mutton (Navajo)",sr_legacy_food,24,2019-04-01,101.0,8.71,3.78,8.03
168043,"Stew, hominy with mutton (Navajo)",sr_legacy_food,24,2019-04-01,82.9,6.71,2.06,9.38
168044,"Stew, mutton, corn, squash (Navajo)",sr_legacy_food,24,2019-04-01,102.6,8.62,4.34,7.27
168045,"Fish, salmon, sockeye (red), raw (Alaska Native)",sr_legacy_food,24,2019-04-01,153.3,21.94,7.28,0.0
168046,"Fish, Salmon, Chum, raw (Alaska Native)",sr_legacy_food,24,2019-04-01,115.8,20.69,3.67,0.0
168047,"Fish, salmon, king (chinook), raw (Alaska Native)",sr_legacy_food,24,2019-04-01,186.6,20.25,11.73,0.0
168048,"Salmonberries, raw (Alaska Native)",sr_legacy_food,24,2019-04-01,46.6,0.85,0.33,10.05
168049,"Caribou, shoulder meat, dried (Alaska Native)",sr_legacy_food,24,2019-04-01,270.6,59.38,3.67,0.0
168050,"Caribou, hind quarter meat, raw (Alaska Native)",sr_legacy_food,24,2019-04-01,120.8,22.63,3.37,0.0
168051,"Seal, bearded (Oogruk), meat, dried, in oil (Alaska Native)",sr_legacy_food,24,2019-04-01,367.0,35.31,25.08,0.0
168052,"Fish, whitefish, dried (Alaska Native)",sr_legacy_food,24,2019-04-01,370.7,62.44,13.44,0.0
168053,"Seal, bearded (Oogruk), meat, low quadrant, raw (Alaska Native)",sr_legacy_food,24,2019-04-01,186.0,23.63,10.17,0.0
168054,"Fish, salmon, chum, dried (Alaska Native)",sr_legacy_food,24,2019-04-01,377.8,62.09,14.38,0.0
168055,"Elk, free range, ground, cooked patties (Shoshone Bannock)",sr_legacy_food,24,2019-04-01,143.0,29.45,2.8,0.0
168056,"Elk, free range, ground, raw (Shoshone Bannock)",sr_legacy_food,24,2019-04-01,96.8,20.14,1.8,0.0
168057,"Elk, free range, roast, eye of round, cooked (Shoshone Bannock)",sr_legacy_food,24,2019-04-01,147.9,30.56,2.85,0.0
168058,"Chokecherries, raw, pitted (Shoshone Bannock)",sr_legacy_food,24,2019-04-01,155.9,2.89,0.98,33.88
168059,"Steelhead trout, dried, flesh (Shoshone Bannock)",sr_legacy_food,24,2019-04-01,381.6,77.27,8.06,0.0
168060,"Steelhead trout, boiled, canned (Alaska Native)",sr_legacy_food,24,2019-04-01,158.8,21.11,8.26,0.0
168061,Acorn stew (Apache),sr_legacy_food,24,2019-04-01,95.4,6.81,3.47,9.22
168062,"Restaurant, Italian, chicken parmesan without pasta",sr_legacy_food,25,2019-04-01,204.1,16.17,10.64,10.92
168063,"Restaurant, Latino, arroz con leche (rice pudding)",sr_legacy_food,25,2019-04-01,145.7,3.2,3.69,24.92
168064,"Restaurant, Latino, Arroz con frijoles negros (rice and black beans)",sr_legacy_food,25,2019-04-01,150.8,4.64,3.85,24.4
168065,"Restaurant, Latino, Arroz con habichuelas colorados (Rice And Red Beans)",sr_legacy_food,25,2019-04-01,141.9,3.96,3.46,23.74
168066,"Restaurant, Latino, Arroz con grandules (rice and pigeonpeas)",sr_legacy_food,25,2019-04-01,181.8,3.5,4.98,30.75
168067,"Restaurant, Latino, tamale, pork",sr_legacy_food,25,2019-04-01,173.8,7.35,9.04,15.75
168068,"Restaurant, Latino, black bean soup",sr_legacy_food,25,2019-04-01,102.7,5.1,2.57,14.79
168069,"Restaurant, Latino, tripe soup",sr_legacy_food,25,2019-04-01,73.9,8.61,2.58,4.07
168070,"Restaurant, Latino, arepa (unleavened cornmeal bread)",sr_legacy_food,25,2019-04-01,218.9,5.48,5.38,37.14
168071,"Restaurant, Latino, bunuelos (fried yeast bread)",sr_legacy_food,25,2019-04-01,462.5,8.02,26.24,48.57
168072,"Restaurant, Chinese, beef and vegetables",sr_legacy_food,25,2019-04-01,105.2,7.08,5.3,7.29
168073,"CRACKER BARREL, chicken tenderloin platter, fried, from kid's menu",sr_legacy_food,25,2019-04-01,294.3,18.67,15.41,20.24
168074,"CRACKER BARREL, country fried shrimp platter",sr_legacy_food,25,2019-04-01,287.0,12.62,16.77,21.4
168075,"CRACKER BARREL, farm raised catfish platter",sr_legacy_food,25,2019-04-01,266.5,22.94,17.05,5.31
168076,"DENNY'S, mozzarella cheese sticks",sr_legacy_food,25,2019-04-01,324.0,13.56,17.87,27.22
168077,"DENNY'S, golden fried shrimp",sr_legacy_food,25,2019-04-01,319.3,13.88,20.01,20.93
168078,"DENNY'S, macaroni & cheese, from kid's menu",sr_legacy_food,25,2019-04-01,149.7,5.19,4.92,21.16
168079,"DENNY'S, chicken nuggets, star shaped, from kid's menu",sr_legacy_food,25,2019-04-01,376.6,16.27,28.57,13.59
168080,"Restaurant, Chinese, shrimp and vegetables",sr_legacy_food,25,2019-04-01,78.1,5.9,4.05,4.52
168081,"Restaurant, Chinese, sweet and sour chicken",sr_legacy_food,25,2019-04-01,249.7,10.1,12.65,23.86
168082,"Restaurant, Chinese, sweet and sour pork",sr_legacy_food,25,2019-04-01,269.9,8.91,15.66,23.34
168083,"Restaurant, Chinese, chicken chow mein",sr_legacy_food,25,2019-04-01,85.4,6.76,2.8,8.29
168084,"Restaurant, Chinese, vegetable chow mein, without meat or noodles",sr_legacy_food,25,2019-04-01,43.4,1.34,1.68,5.74
168085,"OLIVE GARDEN, spaghetti with meat sauce",sr_legacy_food,25,2019-04-01,121.5,5.8,3.28,17.19
168086,"CARRABBA'S ITALIAN GRILL, spaghetti with meat sauce",sr_legacy_food,25,2019-04-01,121.6,5.87,3.92,15.71
168087,"Restaurant, Chinese, sesame chicken",sr_legacy_food,25,2019-04-01,293.1,14.33,14.25,26.88
168088,"Syrups, grenadine",sr_legacy_food,19,2019-04-01,267.6,0.0,0.0,66.91
168089,"Imitation cheese, american or cheddar, low cholesterol",sr_legacy_food,1,2019-04-01,392.0,25.0,32.0,1.0
168090,"Babyfood, banana juice with low fat yogurt",sr_legacy_food,3,2019-04-01,87.4,2.5,0.8,17.54
168091,"Babyfood, mixed fruit juice with low fat yogurt",sr_legacy_food,3,2019-04-01,75.5,2.4,0.8,14.68
168092,"Ham, turkey, sliced, extra lean, prepackaged or deli",sr_legacy_food,7,2019-04-01,134.3,19.6,5.8,0.93
168093,"Salad dressing, peppercorn dressing, commercial, regular",sr_legacy_food,4,2019-04-01,571.4,1.2,61.4,3.5
168094,"Mayonnaise, reduced-calorie or diet, cholesterol-free",sr_legacy_food,4,2019-04-01,330.1,0.9,33.3,6.7
168095,"Granola bar, soft, milk chocolate coated, peanut butter",sr_legacy_food,23,2019-04-01,535.6,9.6,31.2,54.1
168096,"Salad dressing, italian dressing, reduced calorie",sr_legacy_food,4,2019-04-01,208.0,0.3,20.0,6.7
168097,"Cream substitute, liquid, light",sr_legacy_food,1,2019-04-01,71.1,0.8,3.5,9.1
168098,"Cheese, monterey, low fat",sr_legacy_food,1,2019-04-01,310.0,28.2,21.6,0.7
168099,"Creamy dressing, made with sour cream and/or buttermilk and oil, reduced calorie, fat-free",sr_legacy_food,4,2019-04-01,109.9,1.4,2.7,20.0
168100,"Creamy dressing, made with sour cream and/or buttermilk and oil, reduced calorie, cholesterol-free",sr_legacy_food,4,2019-04-01,140.0,1.0,8.0,16.0
168101,"Bologna, beef, low fat",sr_legacy_food,7,2019-04-01,201.2,11.8,14.8,5.2
168102,"Candies, MARS SNACKFOOD US, TWIX chocolate fudge cookie bars",sr_legacy_food,19,2019-04-01,552.9,7.3,33.3,56.0
168103,"Frozen yogurts, chocolate, nonfat milk, sweetened without sugar",sr_legacy_food,19,2019-04-01,103.6,4.4,0.8,19.7
168104,"Frozen yogurts, chocolate",sr_legacy_food,19,2019-04-01,130.8,3.0,3.6,21.6
168105,"Frozen yogurts, flavors other than chocolate",sr_legacy_food,19,2019-04-01,130.8,3.0,3.6,21.6
168106,Papad,sr_legacy_food,16,2019-04-01,371.0,25.56,3.25,59.87
168107,"Rice cake, cracker (include hain mini rice cakes)",sr_legacy_food,23,2019-04-01,391.5,7.1,4.3,81.1
168108,"Candies, MARS SNACKFOOD US, M&M's Almond Chocolate Candies",sr_legacy_food,19,2019-04-01,522.0,7.53,27.76,60.5
168109,"Salad Dressing, coleslaw, reduced fat",sr_legacy_food,4,2019-04-01,340.0,0.0,20.0,40.0
168110,"Pork, cured, ham, low sodium, lean and fat, cooked",sr_legacy_food,10,2019-04-01,165.1,22.3,8.3,0.3
168111,"Pork, cured, ham, boneless, low sodium, extra lean (approximately 5% fat), roasted",sr_legacy_food,10,2019-04-01,139.1,20.9,5.5,1.5
168112,"Salad dressing, mayonnaise and mayonnaise-type, low calorie",sr_legacy_food,4,2019-04-01,270.2,0.9,19.0,23.9
168113,"Frozen novelties, juice type, orange",sr_legacy_food,19,2019-04-01,94.7,0.5,0.0,23.17
168114,"Cheese, cottage, lowfat, 1% milkfat, no sodium added",sr_legacy_food,1,2019-04-01,69.4,12.4,1.0,2.7
168115,"Mayonnaise, low sodium, low calorie or diet",sr_legacy_food,4,2019-04-01,238.0,0.3,19.2,16.0
168116,"Snacks, tortilla chips, unsalted, white corn",sr_legacy_food,23,2019-04-01,502.7,7.79,23.36,65.32
168117,"Cranberry juice, unsweetened",sr_legacy_food,9,2019-04-01,51.5,0.39,0.13,12.2
168118,"Beef, bologna, reduced sodium",sr_legacy_food,7,2019-04-01,310.4,11.7,28.4,2.0
168119,"Turnip greens, canned, no salt added",sr_legacy_food,11,2019-04-01,19.4,1.36,0.3,2.81
168120,"Turkey, light or dark meat, smoked, cooked, with skin, bone removed",sr_legacy_food,5,2019-04-01,199.7,28.1,9.7,0.0
168121,"Cheese, pasteurized process, cheddar or American, low sodium",sr_legacy_food,1,2019-04-01,375.9,22.2,31.19,1.6
168122,"Beverages, coffee, instant, with whitener, reduced calorie",sr_legacy_food,14,2019-04-01,509.5,1.96,29.1,59.94
168123,"Beverages, cranberry-apple juice drink, low calorie, with vitamin C added",sr_legacy_food,14,2019-04-01,19.2,0.1,0.0,4.7
168124,"Cheese, swiss, low sodium",sr_legacy_food,1,2019-04-01,373.8,28.4,27.4,3.4
168125,"Babyfood, dinner, macaroni, beef and tomato sauce, toddler",sr_legacy_food,3,2019-04-01,80.6,4.34,1.9,11.53
168126,"Rolls, pumpernickel",sr_legacy_food,18,2019-04-01,275.9,10.8,2.8,51.87
168127,"Snacks, corn-based, extruded, chips, unsalted",sr_legacy_food,23,2019-04-01,556.6,6.6,33.4,57.4
168128,"Beans, baked, canned, no salt added",sr_legacy_food,16,2019-04-01,104.8,4.8,0.4,20.49
168129,"Jellyfish, dried, salted",sr_legacy_food,15,2019-04-01,34.6,5.5,1.4,0.0
168130,"Frozen novelties, ice cream type, chocolate or caramel covered, with nuts",sr_legacy_food,19,2019-04-01,323.0,4.4,20.2,30.9
168131,"Frankfurter, low sodium",sr_legacy_food,7,2019-04-01,311.8,12.0,28.51,1.8
168132,"Frozen novelties, ice type, pop, with low calorie sweetener",sr_legacy_food,19,2019-04-01,23.7,0.0,0.0,5.92
168133,"Babyfood, dessert, peach yogurt",sr_legacy_food,3,2019-04-01,75.6,0.9,0.18,17.6
168134,"Babyfood, dessert, blueberry yogurt, strained",sr_legacy_food,3,2019-04-01,76.5,0.5,0.7,17.05
168135,"Babyfood, dessert, banana yogurt, strained",sr_legacy_food,3,2019-04-01,78.5,1.1,0.52,17.35
168136,"Ice creams, chocolate, rich",sr_legacy_food,19,2019-04-01,250.8,4.72,16.98,19.78
168137,"Snacks, tortilla chips, light (baked with less oil)",sr_legacy_food,23,2019-04-01,465.2,8.7,15.2,73.4
168138,"Cereals ready-to-eat, POST, HONEY BUNCHES OF OATS, honey roasted",sr_legacy_food,8,2019-04-01,402.4,7.12,5.46,81.19
168139,"Popcorn, microwave, low fat and sodium",sr_legacy_food,23,2019-04-01,429.5,12.6,9.5,73.39
168140,"Babyfood, fruit supreme dessert",sr_legacy_food,3,2019-04-01,72.5,0.5,0.2,17.18
168141,"Cheese, swiss, low fat",sr_legacy_food,1,2019-04-01,173.1,28.4,5.1,3.4
168142,"Sweeteners, tabletop, fructose, liquid",sr_legacy_food,19,2019-04-01,304.4,0.0,0.0,76.1
168143,"Puddings, chocolate flavor, low calorie, instant, dry mix",sr_legacy_food,19,2019-04-01,355.6,5.3,2.4,78.2
168144,"Babyfood, grape juice, no sugar, canned",sr_legacy_food,3,2019-04-01,61.5,0.0,0.0,15.38
168145,"Jellies, reduced sugar, home preserved",sr_legacy_food,19,2019-04-01,185.9,0.3,0.03,46.1
168146,"Puddings, all flavors except chocolate, low calorie, instant, dry mix",sr_legacy_food,19,2019-04-01,350.0,0.81,0.9,84.66
168147,Vital wheat gluten,sr_legacy_food,20,2019-04-01,372.4,75.16,1.85,13.79
168148,"Frog legs, raw",sr_legacy_food,15,2019-04-01,68.3,16.4,0.3,0.0
168149,"Fish, mackerel, salted",sr_legacy_food,15,2019-04-01,299.9,18.5,25.1,0.0
168150,"Java-plum, (jambolan), raw",sr_legacy_food,9,2019-04-01,67.2,0.72,0.23,15.56
168151,"Jujube, raw",sr_legacy_food,9,2019-04-01,87.5,1.2,0.2,20.23
168152,"Jujube, Chinese, fresh, dried",sr_legacy_food,9,2019-04-01,313.5,4.72,0.5,72.52
168153,"Kiwifruit, green, raw",sr_legacy_food,9,2019-04-01,67.9,1.14,0.52,14.66
168154,"Kumquats, raw",sr_legacy_food,9,2019-04-01,78.9,1.88,0.86,15.9
168155,"Limes, raw",sr_legacy_food,9,2019-04-01,46.8,0.7,0.2,10.54
168156,"Lime juice, raw",sr_legacy_food,9,2019-04-01,36.0,0.42,0.07,8.42
168157,"Lime juice, canned or bottled, unsweetened",sr_legacy_food,9,2019-04-01,29.8,0.25,0.23,6.69
168158,"Blueberries, dried, sweetened",sr_legacy_food,9,2019-04-01,352.5,2.5,2.5,80.0
168159,"Prunes, canned, heavy syrup pack, solids and liquids",sr_legacy_food,9,2019-04-01,116.5,0.87,0.2,27.8
168160,"Prunes, dehydrated (low-moisture), uncooked",sr_legacy_food,9,2019-04-01,377.6,3.7,0.73,89.07
168161,"Prunes, dehydrated (low-moisture), stewed",sr_legacy_food,9,2019-04-01,125.9,1.23,0.24,29.7
168162,"Plums, dried (prunes), uncooked",sr_legacy_food,9,2019-04-01,267.7,2.18,0.38,63.88
168163,"Quinces, raw",sr_legacy_food,9,2019-04-01,63.7,0.4,0.1,15.3
168164,"Raisins, golden, seedless",sr_legacy_food,9,2019-04-01,335.0,3.28,0.2,80.02
168165,"Raisins, dark, seedless (Includes foods for USDA's Food Distribution Program)",sr_legacy_food,9,2019-04-01,332.7,3.3,0.25,79.32
168166,"Raisins, seeded",sr_legacy_food,9,2019-04-01,328.8,2.52,0.54,78.47
168167,"Rambutan, canned, syrup pack",sr_legacy_food,9,2019-04-01,88.0,0.65,0.21,20.87
168168,"Rhubarb, frozen, uncooked",sr_legacy_food,9,2019-04-01,23.6,0.55,0.11,5.1
168169,"Rhubarb, frozen, cooked, with sugar",sr_legacy_food,9,2019-04-01,126.8,0.39,0.05,31.2
168170,"Roselle, raw",sr_legacy_food,9,2019-04-01,54.8,0.96,0.64,11.31
168171,"Rose-apples, raw",sr_legacy_food,9,2019-04-01,27.9,0.6,0.3,5.7
168172,"Strawberries, canned, heavy syrup pack, solids and liquids",sr_legacy_food,9,2019-04-01,98.7,0.56,0.26,23.53
168173,"Strawberries, frozen, unsweetened (Includes foods for USDA's Food Distribution Program)",sr_legacy_food,9,2019-04-01,39.2,0.43,0.11,9.13
168174,"Strawberries, frozen, sweetened, sliced",sr_legacy_food,9,2019-04-01,107.0,0.53,0.13,25.92
168175,"Sugar-apples, (sweetsop), raw",sr_legacy_food,9,2019-04-01,105.4,2.06,0.29,23.64
168176,"Feijoa, raw",sr_legacy_food,9,2019-04-01,67.5,0.71,0.42,15.21
168177,"Pears, asian, raw",sr_legacy_food,9,2019-04-01,46.7,0.5,0.23,10.65
168178,"Fruit cocktail, canned, heavy syrup, drained",sr_legacy_food,9,2019-04-01,78.0,0.47,0.1,18.8
168179,"Blueberries, canned, light syrup, drained",sr_legacy_food,9,2019-04-01,98.4,1.04,0.4,22.66
168180,"Blueberries, wild, canned, heavy syrup, drained",sr_legacy_food,9,2019-04-01,118.6,0.56,0.34,28.32
168181,"Peaches, canned, heavy syrup, drained",sr_legacy_food,9,2019-04-01,77.4,0.52,0.18,18.43
168182,"Pears, canned, heavy syrup, drained",sr_legacy_food,9,2019-04-01,78.9,0.24,0.18,19.08
168183,"Plums, canned, heavy syrup, drained",sr_legacy_food,9,2019-04-01,95.5,0.44,0.14,23.12
168184,"Tangerines, (mandarin oranges), canned, juice pack, drained",sr_legacy_food,9,2019-04-01,41.0,0.75,0.04,9.41
168185,"Peach nectar, canned, with added ascorbic acid",sr_legacy_food,9,2019-04-01,53.2,0.21,0.51,11.93
168186,"Pear nectar, canned, with added ascorbic acid",sr_legacy_food,9,2019-04-01,63.6,0.11,0.01,15.76
168187,"Pineapple juice, canned or bottled, unsweetened, with added ascorbic acid",sr_legacy_food,9,2019-04-01,54.0,0.36,0.12,12.87
168188,"Apple juice, frozen concentrate, unsweetened, undiluted, with added ascorbic acid",sr_legacy_food,9,2019-04-01,169.4,0.51,0.37,41.0
168189,"Grapefruit juice, white, bottled, unsweetened, OCEAN SPRAY",sr_legacy_food,9,2019-04-01,38.0,0.54,0.64,7.51
168190,"Jackfruit, canned, syrup pack",sr_legacy_food,9,2019-04-01,98.5,0.36,0.14,23.94
168191,"Dates, medjool",sr_legacy_food,9,2019-04-01,308.5,1.81,0.15,74.97
168192,"Durian, raw or frozen",sr_legacy_food,9,2019-04-01,162.2,1.47,5.33,27.09
168193,"Pineapple, raw, traditional varieties",sr_legacy_food,9,2019-04-01,50.6,0.55,0.13,11.82
168194,"Pineapple, raw, extra sweet variety",sr_legacy_food,9,2019-04-01,57.1,0.53,0.11,13.5
168195,"Clementines, raw",sr_legacy_food,9,2019-04-01,52.8,0.85,0.15,12.02
168196,"Guanabana nectar, canned",sr_legacy_food,9,2019-04-01,61.7,0.11,0.17,14.93
168197,"Juice, apple and grape blend, with added ascorbic acid",sr_legacy_food,9,2019-04-01,51.6,0.16,0.12,12.46
168198,"Juice, apple, grape and pear blend, with added ascorbic acid and calcium",sr_legacy_food,9,2019-04-01,53.6,0.17,0.12,12.96
168199,"Plantains, green, fried",sr_legacy_food,9,2019-04-01,309.0,1.5,11.81,49.17
168200,"Plantains, yellow, fried, Latino restaurant",sr_legacy_food,9,2019-04-01,236.4,1.42,7.51,40.77
168201,"Apples, raw, red delicious, with skin (Includes foods for USDA's Food Distribution Program)",sr_legacy_food,9,2019-04-01,59.1,0.27,0.2,14.06
168202,"Apples, raw, golden delicious, with skin",sr_legacy_food,9,2019-04-01,56.9,0.28,0.15,13.6
168203,"Apples, raw, granny smith, with skin (Includes foods for USDA's Food Distribution Program)",sr_legacy_food,9,2019-04-01,57.9,0.44,0.19,13.61
168204,"Apples, raw, gala, with skin (Includes foods for USDA's Food Distribution Program)",sr_legacy_food,9,2019-04-01,56.8,0.25,0.12,13.68
168205,"Pineapple juice, canned, not from concentrate, unsweetened, with added vitamins A, C and E",sr_legacy_food,9,2019-04-01,51.4,0.36,0.14,12.18
168206,"Fruit juice smoothie, NAKED JUICE, BLUE MACHINE",sr_legacy_food,9,2019-04-01,68.4,0.42,0.0,16.67
168207,"Grape juice, canned or bottled, unsweetened, with added ascorbic acid and calcium",sr_legacy_food,9,2019-04-01,61.7,0.37,0.13,14.77
168208,"Fruit juice smoothie, ODWALLA, ORIGINAL SUPERFOOD",sr_legacy_food,9,2019-04-01,51.8,0.63,0.36,11.51
168209,"Raspberries, frozen, red, unsweetened",sr_legacy_food,9,2019-04-01,62.1,1.15,0.81,12.55
168210,"Guava nectar, with sucralose, canned",sr_legacy_food,9,2019-04-01,55.0,0.3,0.07,13.3
168211,"Kiwifruit, ZESPRI SunGold, raw",sr_legacy_food,9,2019-04-01,69.8,1.02,0.28,15.79
168212,"Cranberry juice blend, 100% juice, bottled, with added vitamin C and calcium",sr_legacy_food,9,2019-04-01,45.8,0.27,0.12,10.91
168213,"Fruit juice smoothie, ODWALLA, strawberry banana",sr_legacy_food,9,2019-04-01,49.1,0.5,0.32,11.05
168214,"Fruit juice smoothie, NAKED JUICE, strawberry banana",sr_legacy_food,9,2019-04-01,51.0,0.48,0.27,11.66
168215,"Plantains, green, raw",sr_legacy_food,9,2019-04-01,152.3,1.25,0.07,36.66
168216,"Plantains, green, boiled",sr_legacy_food,9,2019-04-01,121.7,1.09,0.08,29.15
168217,Raspberry juice concentrate,sr_legacy_food,9,2019-04-01,237.0,3.04,1.34,53.19
168218,"Pork, fresh, composite of separable fat, with added solution, cooked",sr_legacy_food,10,2019-04-01,585.3,10.06,60.42,0.32
168219,"Pork, fresh, carcass, separable lean and fat, raw",sr_legacy_food,10,2019-04-01,371.3,13.91,35.07,0.0
168220,"Pork, fresh, composite of trimmed retail cuts (leg, loin, shoulder), separable lean only, raw",sr_legacy_food,10,2019-04-01,128.5,21.2,4.86,0.0
168221,"Pork, fresh, separable fat, cooked",sr_legacy_food,10,2019-04-01,623.1,7.06,66.1,0.0
168222,"Pork, fresh, leg (ham), whole, separable lean and fat, raw",sr_legacy_food,10,2019-04-01,239.6,17.43,18.87,0.0
168223,"Pork, fresh, leg (ham), whole, separable lean and fat, cooked, roasted",sr_legacy_food,10,2019-04-01,265.8,26.83,17.61,0.0
168224,"Pork, fresh, leg (ham), whole, separable lean only, raw",sr_legacy_food,10,2019-04-01,130.6,20.48,5.41,0.0
168225,"Pork, fresh, leg (ham), whole, separable lean only, cooked, roasted",sr_legacy_food,10,2019-04-01,202.6,29.41,9.44,0.0
168226,"Pork, fresh, leg (ham), shank half, separable lean and fat, raw",sr_legacy_food,10,2019-04-01,187.1,19.87,11.96,0.0
168227,"Pork, fresh, leg (ham), shank half, separable lean and fat, cooked, roasted",sr_legacy_food,10,2019-04-01,224.6,25.96,13.42,0.0
168228,"Pork, fresh, leg (ham), shank half, separable lean only, raw",sr_legacy_food,10,2019-04-01,113.2,21.66,2.95,0.0
168229,"Pork, fresh, leg (ham), shank half, separable lean only, cooked, roasted",sr_legacy_food,10,2019-04-01,167.2,28.69,5.83,0.0
168230,"Pork, fresh, loin, whole, separable lean only, raw",sr_legacy_food,10,2019-04-01,136.7,21.43,5.66,0.0
168231,"Pork, fresh, loin, whole, separable lean only, cooked, braised",sr_legacy_food,10,2019-04-01,196.4,28.57,9.12,0.0
168232,"Pork, fresh, loin, whole, separable lean only, cooked, broiled",sr_legacy_food,10,2019-04-01,202.5,28.57,9.8,0.0
168233,"Pork, fresh, loin, whole, separable lean only, cooked, roasted",sr_legacy_food,10,2019-04-01,201.2,28.62,9.63,0.0
168234,"Pork, fresh, loin, blade (chops or roasts), bone-in, separable lean only, raw",sr_legacy_food,10,2019-04-01,137.4,21.22,5.84,0.0
168235,"Pork, fresh, loin, blade (chops), bone-in, separable lean only, cooked, braised",sr_legacy_food,10,2019-04-01,213.7,28.02,11.29,0.0
168236,"Pork, fresh, loin, blade (chops), bone-in, separable lean only, cooked, broiled",sr_legacy_food,10,2019-04-01,186.0,24.99,9.56,0.0
168237,"Pork, fresh, loin, blade (roasts), bone-in, separable lean only, cooked, roasted",sr_legacy_food,10,2019-04-01,209.8,25.7,11.89,0.0
168238,"Pork, fresh, loin, center loin (chops), bone-in, separable lean and fat, raw",sr_legacy_food,10,2019-04-01,164.1,20.71,9.03,0.0
168239,"Pork, fresh, loin, center loin (chops), bone-in, separable lean only, cooked, braised",sr_legacy_food,10,2019-04-01,191.5,30.2,7.86,0.0
168240,"Pork, fresh, loin, center loin (chops), bone-in, separable lean only, cooked, broiled",sr_legacy_food,10,2019-04-01,172.6,26.76,7.29,0.0
168241,"Pork, fresh, loin, center loin (roasts), bone-in, separable lean only, cooked, roasted",sr_legacy_food,10,2019-04-01,185.9,28.58,7.95,0.0
168242,"Pork, fresh, loin, center rib (chops or roasts), bone-in, separable lean and fat, raw",sr_legacy_food,10,2019-04-01,180.5,20.28,11.04,0.0
168243,"Pork, fresh, loin, center rib (chops), bone-in, separable lean only, cooked, braised",sr_legacy_food,10,2019-04-01,200.0,29.03,9.32,0.0
168244,"Pork, fresh, loin, center rib (chops), bone-in, separable lean only, cooked, broiled",sr_legacy_food,10,2019-04-01,178.4,25.79,8.36,0.0
168245,"Pork, fresh, loin, center rib (roasts), bone-in, separable lean only, cooked, roasted",sr_legacy_food,10,2019-04-01,198.2,28.82,9.21,0.0
168246,"Pork, fresh, loin, sirloin (chops or roasts), bone-in, separable lean and fat, raw",sr_legacy_food,10,2019-04-01,162.6,20.48,8.96,0.0
168247,"Pork, fresh, loin, sirloin (chops), bone-in, separable lean only, cooked, broiled",sr_legacy_food,10,2019-04-01,166.2,29.29,5.45,0.0
168248,"Pork, fresh, loin, sirloin (roasts), bone-in, separable lean only, cooked, roasted",sr_legacy_food,10,2019-04-01,196.1,27.78,9.44,0.0
168249,"Pork, fresh, loin, tenderloin, separable lean only, raw",sr_legacy_food,10,2019-04-01,103.3,20.95,2.17,0.0
168250,"Pork, fresh, loin, tenderloin, separable lean only, cooked, roasted",sr_legacy_food,10,2019-04-01,136.3,26.17,3.51,0.0
168251,"Pork, fresh, loin, top loin (chops), boneless, separable lean only, raw",sr_legacy_food,10,2019-04-01,120.4,22.41,3.42,0.0
168252,"Pork, fresh, loin, top loin (chops), boneless, separable lean only, cooked, braised",sr_legacy_food,10,2019-04-01,161.2,30.54,4.34,0.0
168253,"Pork, fresh, loin, top loin (chops), boneless, separable lean only, cooked, broiled",sr_legacy_food,10,2019-04-01,165.0,27.58,6.08,0.0
168254,"Pork, fresh, loin, top loin (roasts), boneless, separable lean only, cooked, roasted",sr_legacy_food,10,2019-04-01,165.4,27.23,6.28,0.0
168255,"Pork, fresh, shoulder, arm picnic, separable lean and fat, raw",sr_legacy_food,10,2019-04-01,187.4,18.71,12.51,0.0
168256,"Pork, fresh, shoulder, arm picnic, separable lean and fat, cooked, braised",sr_legacy_food,10,2019-04-01,228.5,24.88,14.33,0.0
168257,"Pork, fresh, shoulder, arm picnic, separable lean and fat, cooked, roasted",sr_legacy_food,10,2019-04-01,310.0,23.47,24.01,0.0
168258,"Pork, fresh, shoulder, arm picnic, separable lean only, raw",sr_legacy_food,10,2019-04-01,115.0,20.26,3.77,0.0
168259,"Pork, fresh, shoulder, blade, boston (roasts), separable lean and fat, cooked, roasted",sr_legacy_food,10,2019-04-01,262.2,23.11,18.86,0.0
168260,"Pork, fresh, shoulder, (Boston butt), blade (steaks), separable lean only, raw",sr_legacy_food,10,2019-04-01,126.3,18.73,5.71,0.0
168261,"Pork, fresh, shoulder, (Boston butt), blade (steaks), separable lean only, cooked, braised",sr_legacy_food,10,2019-04-01,225.1,26.57,13.2,0.0
168262,"Pork, fresh, shoulder, blade, boston (steaks), separable lean only, cooked, broiled",sr_legacy_food,10,2019-04-01,219.8,26.74,12.54,0.0
168263,"Pork, fresh, loin, center loin (chops), boneless, separable lean only, raw",sr_legacy_food,10,2019-04-01,122.8,23.75,3.09,0.0
168264,"Pork, fresh, variety meats and by-products, brain, raw",sr_legacy_food,10,2019-04-01,124.0,10.28,9.21,0.0
168265,"Pork, fresh, variety meats and by-products, brain, cooked, braised",sr_legacy_food,10,2019-04-01,134.2,12.14,9.51,0.0
168266,"Pork, fresh, variety meats and by-products, chitterlings, raw",sr_legacy_food,10,2019-04-01,180.0,7.64,16.61,0.0
168267,"Pork, fresh, variety meats and by-products, heart, raw",sr_legacy_food,10,2019-04-01,113.6,17.27,4.36,1.33
168268,"Pork, fresh, variety meats and by-products, heart, cooked, braised",sr_legacy_food,10,2019-04-01,141.4,23.6,5.05,0.4
168269,"Pork, fresh, variety meats and by-products, jowl, raw",sr_legacy_food,10,2019-04-01,652.0,6.38,69.61,0.0
168270,"Pork, fresh, variety meats and by-products, kidneys, raw",sr_legacy_food,10,2019-04-01,95.1,16.46,3.25,0.0
168271,"Pork, fresh, variety meats and by-products, lungs, cooked, braised",sr_legacy_food,10,2019-04-01,94.3,16.6,3.1,0.0
168272,"Pork, fresh, variety meats and by-products, mechanically separated, raw",sr_legacy_food,10,2019-04-01,299.0,15.03,26.54,0.0
168273,"Pork, fresh, variety meats and by-products, pancreas, raw",sr_legacy_food,10,2019-04-01,193.4,18.56,13.24,0.0
168274,"Pork, fresh, variety meats and by-products, pancreas, cooked, braised",sr_legacy_food,10,2019-04-01,211.2,28.5,10.8,0.0
168275,"Pork, fresh, variety meats and by-products, tongue, raw",sr_legacy_food,10,2019-04-01,220.0,16.3,17.2,0.0
168276,"Pork, fresh, variety meats and by-products, tongue, cooked, braised",sr_legacy_food,10,2019-04-01,263.8,24.1,18.6,0.0
168277,"Pork, cured, bacon, unprepared",sr_legacy_food,10,2019-04-01,388.8,13.66,37.13,0.0
168278,"Pork, cured, breakfast strips, raw or unheated",sr_legacy_food,10,2019-04-01,384.2,11.74,37.16,0.7
168279,"Pork, cured, ham, extra lean (approximately 4% fat), canned, unheated",sr_legacy_food,10,2019-04-01,115.0,18.49,4.56,0.0
168280,"Pork, cured, ham, extra lean (approximately 4% fat), canned, roasted",sr_legacy_food,10,2019-04-01,130.6,21.16,4.88,0.52
168281,"Pork, cured, ham, regular (approximately 13% fat), canned, roasted",sr_legacy_food,10,2019-04-01,220.6,20.53,15.2,0.42
168282,"Pork, cured, ham, center slice, country-style, separable lean only, raw",sr_legacy_food,10,2019-04-01,187.3,27.8,8.32,0.3
168283,"Pork, cured, ham, center slice, separable lean and fat, unheated",sr_legacy_food,10,2019-04-01,197.0,20.17,12.9,0.05
168284,"Pork, cured, ham, whole, separable lean only, roasted",sr_legacy_food,10,2019-04-01,149.7,25.05,5.5,0.0
168285,"Pork, fresh, loin, center loin (chops), boneless, separable lean only, cooked, pan-broiled",sr_legacy_food,10,2019-04-01,161.9,30.02,4.65,0.0
168286,"Pork, fresh, loin, center loin (chops), boneless, separable lean and fat, raw",sr_legacy_food,10,2019-04-01,201.2,21.14,12.96,0.0
168287,"Pork, cured, salt pork, raw",sr_legacy_food,10,2019-04-01,744.7,5.05,80.5,0.0
168288,"Pork, cured, shoulder, blade roll, separable lean and fat, unheated",sr_legacy_food,10,2019-04-01,263.7,16.47,21.98,0.0
168289,"Pork, cured, shoulder, blade roll, separable lean and fat, roasted",sr_legacy_food,10,2019-04-01,281.9,17.28,23.48,0.37
168290,"Pork, fresh, variety meats and by-products, feet, cooked, simmered",sr_legacy_food,10,2019-04-01,232.2,21.94,16.05,0.0
168291,"Pork, fresh, variety meats and by-products, tail, raw",sr_legacy_food,10,2019-04-01,372.5,17.75,33.5,0.0
168292,"Pork, fresh, loin, center loin (chops), bone-in, separable lean and fat, cooked, pan-fried",sr_legacy_food,10,2019-04-01,230.4,27.63,13.32,0.0
168293,"Pork, fresh, loin, center rib (chops), bone-in, separable lean and fat, cooked, pan-fried",sr_legacy_food,10,2019-04-01,248.6,26.81,15.71,0.0
168294,"Pork, fresh, loin, top loin (chops), boneless, separable lean only, cooked, pan-fried",sr_legacy_food,10,2019-04-01,163.4,30.46,4.62,0.0
168295,"Pork, cured, ham, boneless, extra lean and regular, unheated",sr_legacy_food,10,2019-04-01,157.7,18.26,8.39,2.28
168296,"Pork, cured, ham, boneless, extra lean and regular, roasted",sr_legacy_food,10,2019-04-01,158.8,21.97,7.66,0.5
168297,"Pork, fresh, composite of trimmed retail cuts (leg, loin, shoulder, and spareribs), separable lean and fat, cooked",sr_legacy_food,10,2019-04-01,230.4,26.36,13.89,0.0
168298,"Pork, fresh, loin, center loin (chops), boneless, separable lean and fat, cooked, pan-broiled",sr_legacy_food,10,2019-04-01,229.1,26.68,13.6,0.0
168299,"Pork, fresh, backribs, separable lean and fat, raw",sr_legacy_food,10,2019-04-01,223.2,19.07,16.33,0.0
168300,"Pork, fresh, backribs, separable lean and fat, cooked, roasted",sr_legacy_food,10,2019-04-01,285.6,23.01,21.51,0.0
168301,"Pork, fresh, loin, center rib (roasts), boneless, separable lean and fat, cooked, roasted",sr_legacy_food,10,2019-04-01,244.3,26.99,15.15,0.0
168302,"Pork, fresh, loin, center rib (chops or roasts), boneless, separable lean only, raw",sr_legacy_food,10,2019-04-01,145.5,21.8,6.48,0.0
168303,"Pork, fresh, loin, center rib (chops), boneless, separable lean only, cooked, braised",sr_legacy_food,10,2019-04-01,203.1,27.95,10.14,0.0
168304,"Pork, fresh, loin, center rib (chops), boneless, separable lean only, cooked, broiled",sr_legacy_food,10,2019-04-01,208.3,29.46,10.05,0.0
168305,"Pork, fresh, loin, country-style ribs, separable lean only, raw",sr_legacy_food,10,2019-04-01,133.8,20.76,5.64,0.0
168306,"Pork, fresh, loin, country-style ribs, separable lean only, cooked, braised",sr_legacy_food,10,2019-04-01,239.3,27.74,14.26,0.0
168307,"Pork, fresh, loin, country-style ribs, separable lean only, bone-in, cooked, roasted",sr_legacy_food,10,2019-04-01,219.2,29.2,11.38,0.0
168308,"Pork, fresh, loin, sirloin (chops or roasts), boneless, separable lean and fat, raw",sr_legacy_food,10,2019-04-01,126.4,22.49,4.05,0.0
168309,"Pork, fresh, loin, sirloin (chops), boneless, separable lean only, cooked, braised",sr_legacy_food,10,2019-04-01,155.5,28.75,4.5,0.0
168310,"Pork, fresh, loin, sirloin (chops), boneless, separable lean only, cooked, broiled",sr_legacy_food,10,2019-04-01,153.6,28.6,4.36,0.0
168311,"Pork, fresh, loin, sirloin (roasts), boneless, separable lean only, cooked, roasted",sr_legacy_food,10,2019-04-01,169.4,30.39,5.31,0.0
168312,"Pork, fresh, loin, tenderloin, separable lean and fat, raw",sr_legacy_food,10,2019-04-01,114.4,20.65,3.53,0.0
168313,"Pork, fresh, loin, tenderloin, separable lean only, cooked, broiled",sr_legacy_food,10,2019-04-01,178.6,30.42,6.33,0.0
168314,"Pork, fresh, loin, top loin (roasts), boneless, separable lean and fat, raw",sr_legacy_food,10,2019-04-01,160.3,21.34,8.33,0.0
168315,"Pork, fresh, loin, top loin (roasts), boneless, separable lean only, raw",sr_legacy_food,10,2019-04-01,126.1,22.39,4.06,0.0
168316,"Pork, fresh, composite of trimmed retail cuts (loin and shoulder blade), separable lean and fat, raw",sr_legacy_food,10,2019-04-01,171.6,20.08,10.14,0.0
168317,"HORMEL ALWAYS TENDER, Pork Tenderloin, Peppercorn-Flavored",sr_legacy_food,10,2019-04-01,110.3,17.21,3.8,1.82
168318,"HORMEL ALWAYS TENDER, Pork Loin Filets, Lemon Garlic-Flavored",sr_legacy_food,10,2019-04-01,115.9,17.83,4.16,1.79
168319,"HORMEL ALWAYS TENDER, Center Cut Chops, Fresh Pork",sr_legacy_food,10,2019-04-01,164.9,18.74,9.62,0.84
168320,"HORMEL ALWAYS TENDER, Boneless Pork Loin, Fresh Pork",sr_legacy_food,10,2019-04-01,143.7,19.02,7.18,0.76
168321,"Pork, cured, bacon, cooked, microwaved",sr_legacy_food,10,2019-04-01,465.0,39.01,34.12,0.48
168322,"Pork, cured, bacon, pre-sliced, cooked, pan-fried",sr_legacy_food,10,2019-04-01,458.3,33.92,35.09,1.7
168323,"Pork, fresh, variety meats and by-products, stomach, cooked, simmered",sr_legacy_food,10,2019-04-01,151.3,21.4,7.26,0.09
168324,"Pork, bacon, rendered fat, cooked",sr_legacy_food,10,2019-04-01,895.8,0.07,99.5,0.0
168325,"Pork, cured, ham and water product, slice, bone-in, separable lean only, heated, pan-broil",sr_legacy_food,10,2019-04-01,121.7,20.9,3.63,1.35
168326,"Pork, cured, ham and water product, slice, boneless, separable lean only, heated, pan-broil",sr_legacy_food,10,2019-04-01,124.7,15.09,5.06,4.69
168327,"Pork, cured, ham and water product, whole, boneless, separable lean only, heated, roasted",sr_legacy_food,10,2019-04-01,123.1,13.88,5.46,4.61
168328,"Pork, cured, ham and water product, whole, boneless, separable lean only, unheated",sr_legacy_food,10,2019-04-01,116.9,14.07,4.86,4.22
168329,"Pork, cured, ham -- water added, slice, boneless, separable lean only, heated, pan-broil",sr_legacy_food,10,2019-04-01,119.1,18.82,4.09,1.75
168330,"Pork, cured, ham with natural juices, slice, bone-in, separable lean only, heated, pan-broil",sr_legacy_food,10,2019-04-01,150.4,27.75,4.38,0.0
168331,"Pork, cured, ham with natural juices, spiral slice, meat only, boneless, separable lean only, heated, roasted",sr_legacy_food,10,2019-04-01,128.6,22.56,3.78,1.08
168332,"Pork, cured, ham and water product, rump, bone-in, separable lean only, heated, roasted",sr_legacy_food,10,2019-04-01,132.0,21.28,4.7,1.15
168333,"Pork, cured, ham with natural juices, slice, boneless, separable lean only, heated, pan-broil",sr_legacy_food,10,2019-04-01,116.4,20.95,3.16,1.05
168334,"Pork, cured, ham with natural juices, whole, boneless, separable lean only, heated, roasted",sr_legacy_food,10,2019-04-01,112.7,20.57,3.01,0.84
168335,"Pork, cured, ham with natural juices, whole, boneless, separable lean only, unheated",sr_legacy_food,10,2019-04-01,110.8,19.44,3.21,1.03
168336,"Pork, cured, ham -- water added, shank, bone-in, separable lean only, unheated",sr_legacy_food,10,2019-04-01,94.3,18.65,1.87,0.71
168337,"Pork, cured, ham with natural juices, rump, bone-in, separable lean only, unheated",sr_legacy_food,10,2019-04-01,123.8,22.71,3.47,0.43
168338,"Pork, cured, ham with natural juices, shank, bone-in, separable lean only, unheated",sr_legacy_food,10,2019-04-01,131.6,25.11,3.33,0.3
168339,"Pork, cured, ham with natural juices, slice, bone-in, separable lean only, unheated",sr_legacy_food,10,2019-04-01,123.2,24.34,2.87,0.0
168340,"Pork, cured, ham with natural juices, spiral slice, boneless, separable lean only, unheated",sr_legacy_food,10,2019-04-01,111.2,19.25,3.26,1.22
168341,"Pork, cured, ham with natural juices, spiral slice, boneless, separable lean and fat, unheated",sr_legacy_food,10,2019-04-01,131.1,18.66,5.75,1.18
168342,"Pork, cured, ham with natural juices, slice, bone-in, separable lean and fat, unheated",sr_legacy_food,10,2019-04-01,158.6,22.82,7.4,0.17
168343,"Pork, cured, ham with natural juices, shank, bone-in, separable lean and fat, unheated",sr_legacy_food,10,2019-04-01,190.7,22.35,11.11,0.32
168344,"Pork, cured, ham with natural juices, rump, bone-in, separable lean and fat, unheated",sr_legacy_food,10,2019-04-01,199.9,19.7,13.26,0.43
168345,"Pork, cured, ham -- water added, whole, boneless, separable lean and fat, unheated",sr_legacy_food,10,2019-04-01,122.3,17.06,5.38,1.42
168346,"Pork, cured, ham -- water added, slice, bone-in, separable lean and fat, unheated",sr_legacy_food,10,2019-04-01,164.2,15.73,10.77,1.1
168347,"Pork, cured, ham -- water added, shank, bone-in, separable lean and fat, unheated",sr_legacy_food,10,2019-04-01,168.4,16.65,11.02,0.66
168348,"Pork, cured, ham -- water added, rump, bone-in, separable lean and fat, unheated",sr_legacy_food,10,2019-04-01,171.7,13.99,12.5,0.8
168349,"Pork, cured, ham -- water added, whole, boneless, separable lean and fat, heated, roasted",sr_legacy_food,10,2019-04-01,126.6,17.77,5.48,1.54
168350,"Pork, cured, ham and water product, rump, bone-in, separable lean and fat, heated, roasted",sr_legacy_food,10,2019-04-01,185.8,19.46,11.48,1.15
168351,"Pork, cured, ham and water product, shank, bone-in, separable lean and fat, heated, roasted",sr_legacy_food,10,2019-04-01,234.0,18.17,17.29,1.42
168352,"Pork, cured, ham and water product, slice, bone-in, separable lean and fat, heated, pan-broil",sr_legacy_food,10,2019-04-01,155.1,19.85,7.78,1.41
168353,"Pork, cured, ham with natural juices, slice, boneless, separable lean and fat, heated, pan-broil",sr_legacy_food,10,2019-04-01,118.3,20.89,3.4,1.04
168354,"Pork, cured, ham with natural juices, spiral slice, boneless, separable lean and fat, heated, roasted",sr_legacy_food,10,2019-04-01,138.9,22.18,5.1,1.06
168355,"Pork, cured, ham with natural juices, whole, boneless, separable lean and fat, heated, roasted",sr_legacy_food,10,2019-04-01,113.7,20.54,3.13,0.84
168356,"Pork, cured, ham, rump, bone-in, separable lean and fat, heated, roasted",sr_legacy_food,10,2019-04-01,178.3,23.95,8.88,0.64
168357,"Pork, cured, ham, shank, bone-in, separable lean and fat, heated, roasted",sr_legacy_food,10,2019-04-01,184.3,24.39,9.35,0.64
168358,"Pork, cured, ham, shank, bone-in, separable lean and fat, unheated",sr_legacy_food,10,2019-04-01,176.7,21.61,9.85,0.41
168359,"Pork, cured, ham, slice, bone-in, separable lean and fat, heated, pan-broil",sr_legacy_food,10,2019-04-01,181.0,25.48,8.48,0.7
168360,"Pork, cured, ham, slice, bone-in, separable lean only, unheated",sr_legacy_food,10,2019-04-01,129.8,24.36,3.59,0.0
168361,"Pork, fresh, enhanced, loin, tenderloin, separable lean only, raw",sr_legacy_food,10,2019-04-01,100.4,20.39,2.09,0.0
168362,"Pork, fresh, shoulder, (Boston butt), blade (steaks), separable lean only, with added solution cooked, braised",sr_legacy_food,10,2019-04-01,219.6,27.58,12.14,0.0
168363,"Pork, fresh, shoulder, (Boston butt), blade (steaks), separable lean only, with added solution, raw",sr_legacy_food,10,2019-04-01,122.1,18.29,5.36,0.18
168364,"Pork, fresh, loin, top loin (chops), boneless, separable lean only, with added solution, cooked, broiled",sr_legacy_food,10,2019-04-01,170.2,29.65,5.73,0.0
168365,"Pork, fresh, shoulder, (Boston butt), blade (steaks), separable lean and fat,with added solution, raw",sr_legacy_food,10,2019-04-01,169.5,17.19,11.12,0.16
168366,"Pork, fresh, shoulder, (Boston butt), blade (steaks), separable lean and fat, with added solution, cooked, braised",sr_legacy_food,10,2019-04-01,255.9,25.84,16.94,0.03
168367,"Pork, cured, ham, rump, bone-in, separable lean and fat, unheated",sr_legacy_food,10,2019-04-01,175.6,22.27,9.38,0.52
168368,"Pork, loin, leg cap steak, boneless, separable lean and fat, cooked, broiled",sr_legacy_food,10,2019-04-01,150.0,27.57,4.41,0.0
168369,"Pork, Shoulder petite tender, boneless, separable lean and fat, raw",sr_legacy_food,10,2019-04-01,121.8,21.65,3.91,0.0
168370,"Pork, Leg sirloin tip roast, boneless, separable lean and fat, cooked, braised",sr_legacy_food,10,2019-04-01,147.5,31.11,2.56,0.0
168371,"Pork, Leg sirloin tip roast, boneless, separable lean and fat, raw",sr_legacy_food,10,2019-04-01,106.9,22.88,1.71,0.0
168372,"Pork, ground, 84% lean / 16% fat, raw",sr_legacy_food,10,2019-04-01,217.7,17.99,16.0,0.44
168373,"Pork, ground, 72% lean / 28% fat, cooked, pan-broiled",sr_legacy_food,10,2019-04-01,377.5,22.59,31.42,1.08
168374,"Pork, ground, 84% lean / 16% fat, cooked, pan-broiled",sr_legacy_food,10,2019-04-01,301.1,27.14,21.39,0.0
168375,"Pork, ground, 96% lean / 4% fat, cooked, pan-broiled",sr_legacy_food,10,2019-04-01,184.8,31.69,6.2,0.57
168376,"Pork loin, fresh, backribs, bone-in, raw, lean only",sr_legacy_food,10,2019-04-01,172.0,20.85,9.84,0.0
168377,"Pork loin, fresh, backribs, bone-in, cooked-roasted, lean only",sr_legacy_food,10,2019-04-01,255.4,24.15,17.65,0.0
168378,"Pork, fresh, loin, country-style ribs, separable lean only, bone-in, cooked, broiled",sr_legacy_food,10,2019-04-01,216.2,27.83,11.65,0.0
168379,"Pork, fresh, loin, country-style ribs, separable lean only, boneless, cooked, roasted",sr_legacy_food,10,2019-04-01,219.2,29.2,11.38,0.0
168380,"Pork, fresh, blade, (chops), boneless, separable lean and fat, cooked, broiled",sr_legacy_food,10,2019-04-01,202.4,24.73,11.13,0.83
168381,"Pork, fresh, loin, blade (chops or roasts), boneless, separable lean and fat only, raw",sr_legacy_food,10,2019-04-01,156.7,20.54,7.94,0.76
168382,"Bacon, pre-sliced, reduced/low sodium, unprepared",sr_legacy_food,10,2019-04-01,406.9,12.53,39.27,0.83
168383,"Canadian bacon, cooked, pan-fried",sr_legacy_food,10,2019-04-01,145.5,28.31,2.78,1.8
168384,"Alfalfa seeds, sprouted, raw",sr_legacy_food,11,2019-04-01,30.6,3.99,0.69,2.1
168385,"Amaranth leaves, raw",sr_legacy_food,11,2019-04-01,28.9,2.46,0.33,4.02
168386,"Artichokes, (globe or french), cooked, boiled, drained, without salt",sr_legacy_food,11,2019-04-01,62.4,2.89,0.34,11.95
168387,"Artichokes, (globe or french), frozen, unprepared",sr_legacy_food,11,2019-04-01,45.4,2.63,0.43,7.75
168388,"Artichokes, (globe or french), frozen, cooked, boiled, drained, without salt",sr_legacy_food,11,2019-04-01,53.7,3.11,0.5,9.18
168389,"Asparagus, raw",sr_legacy_food,11,2019-04-01,25.4,2.2,0.12,3.88
168390,"Asparagus, cooked, boiled, drained",sr_legacy_food,11,2019-04-01,28.0,2.4,0.22,4.11
168391,"Balsam-pear (bitter gourd), leafy tips, raw",sr_legacy_food,11,2019-04-01,40.6,5.3,0.69,3.29
168392,"Balsam-pear (bitter gourd), leafy tips, cooked, boiled, drained, without salt",sr_legacy_food,11,2019-04-01,42.9,3.6,0.2,6.68
168393,"Balsam-pear (bitter gourd), pods, raw",sr_legacy_food,11,2019-04-01,20.3,1.0,0.17,3.7
168394,"Balsam-pear (bitter gourd), pods, cooked, boiled, drained, without salt",sr_legacy_food,11,2019-04-01,22.3,0.84,0.18,4.32
168395,"Beans, kidney, mature seeds, sprouted, cooked, boiled, drained, without salt",sr_legacy_food,11,2019-04-01,43.4,4.83,0.58,4.72
168396,"Lima beans, immature seeds, raw",sr_legacy_food,11,2019-04-01,115.8,6.84,0.86,20.17
168397,"Corn, sweet, yellow, canned, drained solids, rinsed with tap water",sr_legacy_food,11,2019-04-01,73.7,2.18,1.43,13.02
168398,"Corn, sweet, yellow, frozen, kernels cut off cob, unprepared (Includes foods for USDA's Food Distribution Program)",sr_legacy_food,11,2019-04-01,101.9,3.02,0.78,20.71
168399,"Corn, sweet, yellow, frozen, kernels cut off cob, boiled, drained, without salt",sr_legacy_food,11,2019-04-01,93.4,2.55,0.67,19.3
168400,"Corn, sweet, yellow, frozen, kernels on cob, unprepared",sr_legacy_food,11,2019-04-01,114.1,3.28,0.78,23.5
168401,"Corn, sweet, yellow, frozen, kernels on cob, cooked, boiled, drained, without salt",sr_legacy_food,11,2019-04-01,108.4,3.11,0.74,22.33
168402,"Cowpeas (blackeyes), immature seeds, cooked, boiled, drained, without salt",sr_legacy_food,11,2019-04-01,97.4,3.17,0.38,20.32
168403,"Cowpeas (blackeyes), immature seeds, frozen, unprepared",sr_legacy_food,11,2019-04-01,142.7,8.98,0.7,25.13
168404,"Cowpeas (blackeyes), immature seeds, frozen, cooked, boiled, drained, without salt",sr_legacy_food,11,2019-04-01,134.9,8.49,0.66,23.76
168405,"Cowpeas, young pods with seeds, raw",sr_legacy_food,11,2019-04-01,53.9,3.3,0.3,9.5
168406,"Cowpeas, leafy tips, cooked, boiled, drained, without salt",sr_legacy_food,11,2019-04-01,30.8,4.67,0.1,2.8
168407,"Cress, garden, raw",sr_legacy_food,11,2019-04-01,38.7,2.6,0.7,5.5
168408,"Cress, garden, cooked, boiled, drained, without salt",sr_legacy_food,11,2019-04-01,28.2,1.9,0.6,3.8
168409,"Cucumber, with peel, raw",sr_legacy_food,11,2019-04-01,18.1,0.65,0.11,3.63
168410,"Edamame, frozen, unprepared",sr_legacy_food,11,2019-04-01,117.9,11.22,4.73,7.61
168411,"Edamame, frozen, prepared",sr_legacy_food,11,2019-04-01,130.1,11.91,5.2,8.91
168412,"Endive, raw",sr_legacy_food,11,2019-04-01,20.2,1.25,0.2,3.35
168413,"Escarole, cooked, boiled, drained, no salt added",sr_legacy_food,11,2019-04-01,18.5,1.15,0.18,3.07
168414,"Gourd, dishcloth (towelgourd), raw",sr_legacy_food,11,2019-04-01,24.0,1.2,0.2,4.35
168415,"Gourd, dishcloth (towelgourd), cooked, boiled, drained, without salt",sr_legacy_food,11,2019-04-01,63.1,0.66,0.34,14.34
168416,"Drumstick leaves, raw",sr_legacy_food,11,2019-04-01,83.3,9.4,1.4,8.28
168417,"Drumstick leaves, cooked, boiled, drained, without salt",sr_legacy_food,11,2019-04-01,74.0,5.27,0.93,11.15
168418,"Pepeao, dried",sr_legacy_food,11,2019-04-01,347.4,4.82,0.44,81.03
168419,"Jute, potherb, raw",sr_legacy_food,11,2019-04-01,44.0,4.65,0.25,5.8
168420,"Jute, potherb, cooked, boiled, drained, without salt",sr_legacy_food,11,2019-04-01,45.7,3.68,0.2,7.29
168421,"Kale, raw",sr_legacy_food,11,2019-04-01,42.8,2.92,1.49,4.42
168422,"Mushrooms, Chanterelle, raw",sr_legacy_food,11,2019-04-01,38.2,1.49,0.53,6.86
168423,"Mushrooms, morel, raw",sr_legacy_food,11,2019-04-01,38.0,3.12,0.57,5.1
168424,"Kohlrabi, raw",sr_legacy_food,11,2019-04-01,32.5,1.7,0.1,6.2
168425,"Kohlrabi, cooked, boiled, drained, without salt",sr_legacy_food,11,2019-04-01,35.0,1.8,0.11,6.69
168426,"Leeks, (bulb and lower leaf-portion), cooked, boiled, drained, without salt",sr_legacy_food,11,2019-04-01,35.5,0.81,0.2,7.62
168427,"Lentils, sprouted, raw",sr_legacy_food,11,2019-04-01,129.4,8.96,0.55,22.14
168428,"Lentils, sprouted, cooked, stir-fried, without salt",sr_legacy_food,11,2019-04-01,124.2,8.8,0.45,21.25
168429,"Lettuce, butterhead (includes boston and bibb types), raw",sr_legacy_food,11,2019-04-01,16.3,1.35,0.22,2.23
168430,"Lotus root, cooked, boiled, drained, without salt",sr_legacy_food,11,2019-04-01,71.0,1.58,0.07,16.02
168431,"Lettuce, red leaf, raw",sr_legacy_food,11,2019-04-01,16.3,1.33,0.22,2.26
168432,"Mountain yam, hawaii, raw",sr_legacy_food,11,2019-04-01,71.5,1.34,0.1,16.3
168433,"Mountain yam, hawaii, cooked, steamed, without salt",sr_legacy_food,11,2019-04-01,87.6,1.73,0.08,20.0
168434,"Mushrooms, brown, italian, or crimini, raw",sr_legacy_food,11,2019-04-01,28.1,2.5,0.1,4.3
168435,"Mushrooms, shiitake, stir-fried",sr_legacy_food,11,2019-04-01,47.7,3.45,0.35,7.68
168436,"Mushrooms, shiitake, dried",sr_legacy_food,11,2019-04-01,348.7,9.58,0.99,75.37
168437,"Mushrooms, shiitake, cooked, without salt",sr_legacy_food,11,2019-04-01,65.8,1.56,0.22,14.39
168438,"Mustard spinach, (tendergreen), raw",sr_legacy_food,11,2019-04-01,27.1,2.2,0.3,3.9
168439,"Mustard spinach, (tendergreen), cooked, boiled, drained, without salt",sr_legacy_food,11,2019-04-01,19.8,1.7,0.2,2.8
168440,"New Zealand spinach, raw",sr_legacy_food,11,2019-04-01,17.8,1.5,0.2,2.5
168441,"New Zealand spinach, cooked, boiled, drained, without salt",sr_legacy_food,11,2019-04-01,15.2,1.3,0.17,2.13
168442,"Potatoes, french fried, all types, salt added in processing, frozen, unprepared",sr_legacy_food,11,2019-04-01,150.1,2.24,4.66,24.81
168443,"Potato wedges, frozen (Includes foods for USDA's Food Distribution Program)",sr_legacy_food,11,2019-04-01,132.4,2.7,2.2,25.46
168444,"Potatoes, french fried, steak fries, salt added in processing, frozen, as purchased",sr_legacy_food,11,2019-04-01,133.3,2.19,3.39,23.51
168445,"Potatoes, french fried, steak fries, salt added in processing, frozen, oven-heated",sr_legacy_food,11,2019-04-01,152.0,2.57,3.76,26.98
168446,Potato flour,sr_legacy_food,11,2019-04-01,363.1,6.9,0.34,83.1
168447,"Pumpkin leaves, cooked, boiled, drained, without salt",sr_legacy_food,11,2019-04-01,26.4,2.72,0.22,3.39
168448,"Pumpkin, raw",sr_legacy_food,11,2019-04-01,30.9,1.0,0.1,6.5
168449,"Pumpkin, cooked, boiled, drained, without salt",sr_legacy_food,11,2019-04-01,23.1,0.72,0.07,4.9
168450,"Pumpkin, canned, without salt",sr_legacy_food,11,2019-04-01,39.3,1.1,0.28,8.09
168451,"Radishes, oriental, raw",sr_legacy_food,11,2019-04-01,19.7,0.6,0.1,4.1
168452,"Radishes, oriental, cooked, boiled, drained, without salt",sr_legacy_food,11,2019-04-01,18.6,0.67,0.24,3.43
168453,"Radishes, oriental, dried",sr_legacy_food,11,2019-04-01,291.6,7.9,0.72,63.37
168454,"Rutabagas, raw",sr_legacy_food,11,2019-04-01,40.2,1.08,0.16,8.62
168455,"Rutabagas, cooked, boiled, drained, without salt",sr_legacy_food,11,2019-04-01,32.7,0.93,0.18,6.84
168456,"Seaweed, irishmoss, raw",sr_legacy_food,11,2019-04-01,56.6,1.51,0.16,12.29
168457,"Seaweed, kelp, raw",sr_legacy_food,11,2019-04-01,50.0,1.68,0.56,9.57
168458,"Seaweed, laver, raw",sr_legacy_food,11,2019-04-01,46.2,5.81,0.28,5.11
168459,"Sesbania flower, raw",sr_legacy_food,11,2019-04-01,32.4,1.28,0.04,6.73
168460,"Soybeans, mature seeds, sprouted, cooked, steamed",sr_legacy_food,11,2019-04-01,100.1,8.47,4.45,6.53
168461,"Soybeans, mature seeds, sprouted, cooked, stir-fried",sr_legacy_food,11,2019-04-01,153.9,13.1,7.1,9.4
168462,"Spinach, raw",sr_legacy_food,11,2019-04-01,29.5,2.86,0.39,3.63
168463,"Spinach, cooked, boiled, drained, without salt",sr_legacy_food,11,2019-04-01,29.2,2.97,0.26,3.75
168464,"Squash, summer, crookneck and straightneck, raw",sr_legacy_food,11,2019-04-01,22.0,1.01,0.27,3.88
168465,"Squash, summer, crookneck and straightneck, cooked, boiled, drained, without salt",sr_legacy_food,11,2019-04-01,22.8,1.04,0.39,3.79
168466,"Squash, summer, crookneck and straightneck, canned, drained, solid, without salt",sr_legacy_food,11,2019-04-01,14.9,0.61,0.07,2.96
168467,"Squash, summer, crookneck and straightneck, frozen, unprepared",sr_legacy_food,11,2019-04-01,23.8,0.83,0.14,4.8
168468,"Squash, summer, crookneck and straightneck, frozen, cooked, boiled, drained, without salt",sr_legacy_food,11,2019-04-01,29.1,1.28,0.2,5.54
168469,"Squash, summer, zucchini, includes skin, frozen, unprepared",sr_legacy_food,11,2019-04-01,20.1,1.16,0.13,3.58
168470,"Squash, summer, zucchini, includes skin, frozen, cooked, boiled, drained, without salt",sr_legacy_food,11,2019-04-01,20.0,1.15,0.13,3.56
168471,"Squash, summer, zucchini, italian style, canned",sr_legacy_food,11,2019-04-01,32.5,1.03,0.11,6.85
168472,"Squash, winter, acorn, raw",sr_legacy_food,11,2019-04-01,45.8,0.8,0.1,10.42
168473,"Squash, winter, butternut, frozen, unprepared",sr_legacy_food,11,2019-04-01,65.6,1.76,0.1,14.41
168474,"Squash, winter, butternut, frozen, cooked, boiled, without salt",sr_legacy_food,11,2019-04-01,45.8,1.23,0.07,10.05
168475,"Squash, winter, hubbard, raw",sr_legacy_food,11,2019-04-01,47.3,2.0,0.5,8.7
168476,"Squash, winter, hubbard, baked, without salt",sr_legacy_food,11,2019-04-01,58.7,2.48,0.62,10.81
168477,"Succotash, (corn and limas), cooked, boiled, drained, without salt",sr_legacy_food,11,2019-04-01,125.0,5.07,0.8,24.38
168478,"Succotash, (corn and limas), canned, with cream style corn",sr_legacy_food,11,2019-04-01,85.9,2.64,0.54,17.61
168479,"Succotash, (corn and limas), canned, with whole kernel corn, solids and liquids",sr_legacy_food,11,2019-04-01,70.7,2.6,0.49,13.98
168480,"Succotash, (corn and limas), frozen, unprepared",sr_legacy_food,11,2019-04-01,105.0,4.31,0.89,19.94
168481,"Succotash, (corn and limas), frozen, cooked, boiled, drained, without salt",sr_legacy_food,11,2019-04-01,105.0,4.31,0.89,19.95
168482,"Sweet potato, raw, unprepared (Includes foods for USDA's Food Distribution Program)",sr_legacy_food,11,2019-04-01,87.2,1.57,0.05,20.12
168483,"Sweet potato, cooked, baked in skin, flesh, without salt",sr_legacy_food,11,2019-04-01,92.2,2.01,0.15,20.71
168484,"Sweet potato, cooked, boiled, without skin",sr_legacy_food,11,2019-04-01,77.6,1.37,0.14,17.72
168485,"Sweet potato, canned, vacuum pack",sr_legacy_food,11,2019-04-01,92.9,1.65,0.2,21.12
168486,"Taro, cooked, without salt",sr_legacy_food,11,2019-04-01,141.5,0.52,0.11,34.6
168487,"Taro leaves, raw",sr_legacy_food,11,2019-04-01,53.4,4.98,0.74,6.7
168488,"Taro leaves, cooked, steamed, without salt",sr_legacy_food,11,2019-04-01,30.6,2.72,0.41,4.02
168489,"Taro shoots, raw",sr_legacy_food,11,2019-04-01,13.8,0.92,0.09,2.32
168490,"Arrowroot, raw",sr_legacy_food,11,2019-04-01,72.3,4.24,0.2,13.39
168491,"Chrysanthemum leaves, raw",sr_legacy_food,11,2019-04-01,30.5,3.36,0.56,3.01
168492,"Amaranth leaves, cooked, boiled, drained, with salt",sr_legacy_food,11,2019-04-01,26.5,2.11,0.18,4.11
168493,"Arrowhead, cooked, boiled, drained, with salt",sr_legacy_food,11,2019-04-01,83.4,4.49,0.1,16.14
168494,"Asparagus, frozen, cooked, boiled, drained, with salt",sr_legacy_food,11,2019-04-01,23.3,2.95,0.42,1.92
168495,"Balsam-pear (bitter gourd), leafy tips, cooked, boiled, drained, with salt",sr_legacy_food,11,2019-04-01,40.8,3.6,0.2,6.16
168496,"Balsam-pear (bitter gourd), pods, cooked, boiled, drained, with salt",sr_legacy_food,11,2019-04-01,22.3,0.84,0.18,4.32
168497,"Bamboo shoots, cooked, boiled, drained, with salt",sr_legacy_food,11,2019-04-01,14.2,1.53,0.22,1.52
168498,"Lima beans, immature seeds, frozen, fordhook, cooked, boiled, drained, with salt",sr_legacy_food,11,2019-04-01,104.6,6.07,0.34,19.32
168499,"Mung beans, mature seeds, sprouted, cooked, boiled, drained, with salt",sr_legacy_food,11,2019-04-01,23.3,2.03,0.09,3.6
168500,"Beans, navy, mature seeds, sprouted, cooked, boiled, drained, with salt",sr_legacy_food,11,2019-04-01,95.6,7.07,0.81,15.01
168501,"Beans, pinto, immature seeds, frozen, cooked, boiled, drained, with salt",sr_legacy_food,11,2019-04-01,165.0,9.31,0.48,30.87
168502,"Beans, snap, green, canned, no salt added, solids and liquids",sr_legacy_food,11,2019-04-01,18.1,0.8,0.1,3.5
168503,"Beans, snap, yellow, canned, regular pack, solids and liquids",sr_legacy_food,11,2019-04-01,18.1,0.8,0.1,3.5
168504,"Beans, snap, yellow, canned, no salt added, solids and liquids",sr_legacy_food,11,2019-04-01,18.1,0.8,0.1,3.5
168505,"Beans, snap, green, canned, no salt added, drained solids",sr_legacy_food,11,2019-04-01,25.9,1.12,0.46,4.32
168506,"Beets, cooked, boiled. drained, with salt",sr_legacy_food,11,2019-04-01,48.2,1.68,0.18,9.96
168507,"Beets, canned, no salt added, solids and liquids",sr_legacy_food,11,2019-04-01,30.1,0.8,0.07,6.57
168508,"Beet greens, cooked, boiled, drained, with salt",sr_legacy_food,11,2019-04-01,33.9,2.57,0.2,5.46
168509,"Borage, cooked, boiled, drained, with salt",sr_legacy_food,11,2019-04-01,29.8,2.09,0.81,3.55
168510,"Broccoli, cooked, boiled, drained, with salt",sr_legacy_food,11,2019-04-01,41.9,2.38,0.41,7.18
168511,"Broccoli, frozen, chopped, cooked, boiled, drained, with salt",sr_legacy_food,11,2019-04-01,34.9,3.1,0.12,5.35
168512,"Broccoli, frozen, spears, cooked, boiled, drained, with salt",sr_legacy_food,11,2019-04-01,34.8,3.1,0.11,5.35
168513,"Brussels sprouts, cooked, boiled, drained, with salt",sr_legacy_food,11,2019-04-01,43.1,2.55,0.5,7.1
168514,"Cabbage, common, cooked, boiled, drained, with salt",sr_legacy_food,11,2019-04-01,27.7,1.27,0.06,5.51
168515,"Cabbage, red, cooked, boiled, drained, with salt",sr_legacy_food,11,2019-04-01,34.6,1.51,0.09,6.94
168516,"Cabbage, savoy, cooked, boiled, drained, with salt",sr_legacy_food,11,2019-04-01,29.6,1.8,0.09,5.41
168517,"Cabbage, chinese (pak-choi), cooked, boiled, drained, with salt",sr_legacy_food,11,2019-04-01,14.8,1.56,0.16,1.78
168518,"Carrots, canned, no salt added, drained solids",sr_legacy_food,11,2019-04-01,26.4,0.64,0.19,5.54
168519,"Carrots, frozen, cooked, boiled, drained, with salt",sr_legacy_food,11,2019-04-01,39.4,0.58,0.68,7.73
168520,"Cauliflower, cooked, boiled, drained, with salt",sr_legacy_food,11,2019-04-01,27.8,1.84,0.45,4.11
168521,"Cauliflower, frozen, cooked, boiled, drained, with salt",sr_legacy_food,11,2019-04-01,21.1,1.61,0.22,3.16
168522,"Chrysanthemum, garland, cooked, boiled, drained, with salt",sr_legacy_food,11,2019-04-01,24.6,1.64,0.09,4.31
168523,"Collards, cooked, boiled, drained, with salt",sr_legacy_food,11,2019-04-01,39.9,2.71,0.72,5.65
168524,"Collards, frozen, chopped, cooked, boiled, drained, with salt",sr_legacy_food,11,2019-04-01,44.0,2.97,0.41,7.1
168525,"Corn, sweet, yellow, cooked, boiled, drained, with salt",sr_legacy_food,11,2019-04-01,111.1,3.41,1.5,20.98
168526,"Cowpeas (blackeyes), immature seeds, cooked, boiled, drained, with salt",sr_legacy_food,11,2019-04-01,95.0,3.17,0.38,19.73
168527,"Cowpeas (blackeyes), immature seeds, frozen, cooked, boiled, drained, with salt",sr_legacy_food,11,2019-04-01,133.9,8.49,0.66,23.5
168528,"Cowpeas, young pods with seeds, cooked, boiled, drained, with salt",sr_legacy_food,11,2019-04-01,41.1,2.6,0.3,7.0
168529,"Cowpeas, leafy tips, cooked, boiled, drained, with salt",sr_legacy_food,11,2019-04-01,30.8,4.67,0.1,2.8
168530,"Gourd, dishcloth (towelgourd), cooked, boiled, drained, with salt",sr_legacy_food,11,2019-04-01,60.7,0.66,0.34,13.75
168531,"Drumstick leaves, cooked, boiled, drained, with salt",sr_legacy_food,11,2019-04-01,74.0,5.27,0.93,11.15
168532,"Drumstick pods, cooked, boiled, drained, with salt",sr_legacy_food,11,2019-04-01,42.8,2.09,0.19,8.18
168533,"Hyacinth-beans, immature seeds, cooked, boiled, drained, with salt",sr_legacy_food,11,2019-04-01,51.0,2.95,0.27,9.2
168534,"Lambsquarters, cooked, boiled, drained, with salt",sr_legacy_food,11,2019-04-01,39.1,3.2,0.7,5.0
168535,"Leeks, (bulb and lower leaf-portion), cooked, boiled, drained, with salt",sr_legacy_food,11,2019-04-01,35.5,0.81,0.2,7.62
168536,"Lotus root, cooked, boiled, drained, with salt",sr_legacy_food,11,2019-04-01,71.0,1.58,0.07,16.02
168537,"Mushrooms, white, cooked, boiled, drained, with salt",sr_legacy_food,11,2019-04-01,34.1,2.17,0.47,5.29
168538,"Corn, sweet, white, raw",sr_legacy_food,11,2019-04-01,99.6,3.22,1.18,19.02
168539,"Corn, sweet, white, cooked, boiled, drained, without salt",sr_legacy_food,11,2019-04-01,112.9,3.34,1.41,21.71
168540,"Corn, sweet, white, cooked, boiled, drained, with salt",sr_legacy_food,11,2019-04-01,112.9,3.34,1.41,21.71
168541,"Corn, sweet, white, canned, whole kernel, regular pack, solids and liquids",sr_legacy_food,11,2019-04-01,73.9,1.95,0.5,15.41
168542,"Corn, sweet, white, canned, vacuum pack, regular pack",sr_legacy_food,11,2019-04-01,91.9,2.41,0.5,19.44
168543,"Corn, sweet, white, canned, vacuum pack, no salt added",sr_legacy_food,11,2019-04-01,91.9,2.41,0.5,19.44
168544,"Corn, sweet, white, frozen, kernels cut off cob, unprepared",sr_legacy_food,11,2019-04-01,101.9,3.02,0.77,20.73
168545,"Corn, sweet, white, frozen, kernels cut off cob, boiled, drained, without salt",sr_legacy_food,11,2019-04-01,93.1,2.75,0.43,19.56
168546,"Peppers, sweet, red, canned, solids and liquids",sr_legacy_food,11,2019-04-01,21.5,0.8,0.3,3.9
168547,"Peppers, sweet, red, frozen, chopped, unprepared",sr_legacy_food,11,2019-04-01,24.0,1.08,0.21,4.45
168548,"Peppers, sweet, red, frozen, chopped, boiled, drained, without salt",sr_legacy_food,11,2019-04-01,18.7,0.95,0.18,3.31
168549,"Peppers, sweet, red, frozen, chopped, boiled, drained, with salt",sr_legacy_food,11,2019-04-01,18.7,0.95,0.18,3.31
168550,"Peppers, sweet, red, sauteed",sr_legacy_food,11,2019-04-01,145.2,1.04,12.75,6.57
168551,"Lentils, sprouted, cooked, stir-fried, with salt",sr_legacy_food,11,2019-04-01,124.2,8.8,0.45,21.25
168552,"Mountain yam, hawaii, cooked, steamed, with salt",sr_legacy_food,11,2019-04-01,87.6,1.73,0.08,19.99
168553,"Tree fern, cooked, with salt",sr_legacy_food,11,2019-04-01,44.9,0.29,0.07,10.78
168554,"Potatoes, mashed, prepared from granules, without milk, whole milk and margarine",sr_legacy_food,11,2019-04-01,110.2,2.05,4.93,14.4
168555,"Potatoes, mashed, home-prepared, whole milk and butter added",sr_legacy_food,11,2019-04-01,112.7,1.86,4.22,16.81
168556,Catsup,sr_legacy_food,11,2019-04-01,114.7,1.04,0.1,27.4
168557,"Mushrooms, brown, italian, or crimini, exposed to ultraviolet light, raw",sr_legacy_food,11,2019-04-01,28.1,2.5,0.1,4.3
168558,"Pickles, cucumber, dill or kosher dill",sr_legacy_food,11,2019-04-01,14.3,0.5,0.3,2.41
168559,"Pimento, canned",sr_legacy_food,11,2019-04-01,27.5,1.1,0.3,5.1
168560,"Pickle relish, hot dog",sr_legacy_food,11,2019-04-01,103.5,1.5,0.46,23.35
168561,"Pickle relish, sweet",sr_legacy_food,11,2019-04-01,146.0,0.37,0.47,35.06
168562,"Pickles, cucumber, sour, low sodium",sr_legacy_food,11,2019-04-01,12.2,0.33,0.2,2.26
168563,"Pickles, cucumber, dill, reduced sodium",sr_legacy_food,11,2019-04-01,14.3,0.5,0.3,2.41
168564,"Radicchio, raw",sr_legacy_food,11,2019-04-01,25.9,1.43,0.25,4.48
168565,"Squash, zucchini, baby, raw",sr_legacy_food,11,2019-04-01,26.9,2.71,0.4,3.11
168566,"Tomatillos, raw",sr_legacy_food,11,2019-04-01,36.4,0.96,1.02,5.84
168567,"Tomatoes, sun-dried",sr_legacy_food,11,2019-04-01,306.2,14.11,2.97,55.76
168568,"Carrots, baby, raw",sr_legacy_food,11,2019-04-01,36.7,0.64,0.13,8.24
168569,"Hearts of palm, canned",sr_legacy_food,11,2019-04-01,34.1,2.52,0.62,4.62
168570,"Peppers, hot chile, sun-dried",sr_legacy_food,11,2019-04-01,374.0,10.58,5.81,69.86
168571,"Nopales, raw",sr_legacy_food,11,2019-04-01,19.4,1.32,0.09,3.33
168572,"Cabbage, napa, cooked",sr_legacy_food,11,2019-04-01,14.8,1.1,0.17,2.23
168573,"Lemon grass (citronella), raw",sr_legacy_food,11,2019-04-01,112.9,1.82,0.49,25.31
168574,"Beans, fava, in pod, raw",sr_legacy_food,11,2019-04-01,108.8,7.92,0.73,17.63
168575,"Grape leaves, raw",sr_legacy_food,11,2019-04-01,110.7,5.6,2.12,17.31
168576,"Peppers, jalapeno, raw",sr_legacy_food,11,2019-04-01,33.0,0.91,0.37,6.5
168577,"Peppers, chili, green, canned",sr_legacy_food,11,2019-04-01,23.7,0.72,0.27,4.6
168578,"Peppers, hungarian, raw",sr_legacy_food,11,2019-04-01,33.7,0.8,0.41,6.7
168579,"Peppers, pasilla, dried",sr_legacy_food,11,2019-04-01,396.6,12.35,15.85,51.13
168580,"Mushrooms, oyster, raw",sr_legacy_food,11,2019-04-01,41.3,3.31,0.41,6.09
168581,"Fungi, Cloud ears, dried",sr_legacy_food,11,2019-04-01,335.6,9.25,0.73,73.01
168582,"Mushrooms, straw, canned, drained solids",sr_legacy_food,11,2019-04-01,40.0,3.83,0.68,4.64
168583,"Wasabi, root, raw",sr_legacy_food,11,2019-04-01,119.0,4.8,0.63,23.54
168584,"Fiddlehead ferns, frozen, unprepared",sr_legacy_food,11,2019-04-01,43.3,4.31,0.35,5.74
168585,"Nuts, coconut meat, dried (desiccated), creamed",sr_legacy_food,12,2019-04-01,729.0,5.3,69.08,21.52
168586,"Nuts, coconut meat, dried (desiccated), sweetened, shredded",sr_legacy_food,12,2019-04-01,521.6,2.88,35.49,47.67
168587,"Seeds, sisymbrium sp. seeds, whole, dried",sr_legacy_food,12,2019-04-01,323.0,12.14,4.6,58.26
168588,"Nuts, almond butter, plain, without salt added",sr_legacy_food,12,2019-04-01,658.6,20.96,55.5,18.82
168589,"Nuts, chestnuts, japanese, boiled and steamed",sr_legacy_food,12,2019-04-01,55.6,0.82,0.19,12.64
168590,"Nuts, chestnuts, japanese, roasted",sr_legacy_food,12,2019-04-01,199.6,2.97,0.8,45.13
168591,"Seeds, lotus seeds, raw",sr_legacy_food,12,2019-04-01,90.4,4.13,0.53,17.28
168592,"Nuts, almonds, honey roasted, unblanched",sr_legacy_food,12,2019-04-01,633.4,18.17,49.9,27.9
168593,"Seeds, sunflower seed kernels, oil roasted, with salt added",sr_legacy_food,12,2019-04-01,633.5,20.06,51.3,22.89
168594,"Seeds, sunflower seed kernels, toasted, with salt added",sr_legacy_food,12,2019-04-01,662.4,17.21,56.8,20.59
168595,"Seeds, sunflower seed butter, with salt added (Includes foods for USDA's Food Distribution Program)",sr_legacy_food,12,2019-04-01,659.2,17.28,55.2,23.32
168596,"Nuts, almonds, dry roasted, with salt added",sr_legacy_food,12,2019-04-01,640.7,20.96,52.54,21.01
168597,"Nuts, cashew butter, plain, with salt added",sr_legacy_food,12,2019-04-01,647.0,12.12,53.03,30.3
168598,"Nuts, macadamia nuts, dry roasted, with salt added",sr_legacy_food,12,2019-04-01,767.2,7.79,76.08,12.83
168599,"Nuts, mixed nuts, dry roasted, with peanuts, with salt added",sr_legacy_food,12,2019-04-01,633.6,17.3,51.45,25.35
168600,"Nuts, mixed nuts, oil roasted, with peanuts, with salt added",sr_legacy_food,12,2019-04-01,649.9,20.04,53.95,21.05
168601,"Seeds, pumpkin and squash seeds, whole, roasted, with salt added",sr_legacy_food,12,2019-04-01,463.8,18.55,19.4,53.75
168602,"Nuts, almonds, oil roasted, lightly salted",sr_legacy_food,12,2019-04-01,652.2,21.23,55.17,17.68
168603,"Nuts, almond butter, plain, with salt added",sr_legacy_food,12,2019-04-01,658.6,20.96,55.5,18.82
168604,"Seeds, sesame butter, tahini, type of kernels unspecified",sr_legacy_food,12,2019-04-01,632.7,17.4,53.01,21.5
168605,"Beef, retail cuts, separable fat, raw",sr_legacy_food,13,2019-04-01,670.8,8.21,70.89,0.0
168606,"Beef, retail cuts, separable fat, cooked",sr_legacy_food,13,2019-04-01,675.6,10.65,70.33,0.0
168607,"Beef, brisket, whole, separable lean only, all grades, raw",sr_legacy_food,13,2019-04-01,151.6,20.72,7.37,0.6
168608,"Beef, grass-fed, ground, raw",sr_legacy_food,13,2019-04-01,192.2,19.42,12.73,0.0
168609,"Beef, flank, steak, separable lean only, trimmed to 0"" fat, choice, raw",sr_legacy_food,13,2019-04-01,143.5,21.72,6.29,0.0
168610,"Beef, flank, steak, separable lean only, trimmed to 0"" fat, choice, cooked, braised",sr_legacy_food,13,2019-04-01,229.1,28.02,13.0,0.0
168611,"Beef, flank, steak, separable lean only, trimmed to 0"" fat, choice, cooked, broiled",sr_legacy_food,13,2019-04-01,186.2,27.82,8.32,0.0
168612,"Beef, rib, eye, small end (ribs 10-12), separable lean and fat, trimmed to 0"" fat, choice, raw",sr_legacy_food,13,2019-04-01,268.7,17.51,22.07,0.0
168613,"Beef, rib, shortribs, separable lean and fat, choice, cooked, braised",sr_legacy_food,13,2019-04-01,464.1,21.57,41.98,0.0
168614,"Beef, rib, shortribs, separable lean only, choice, raw",sr_legacy_food,13,2019-04-01,169.5,19.05,10.19,0.4
168615,"Beef, rib, shortribs, separable lean only, choice, cooked, braised",sr_legacy_food,13,2019-04-01,286.2,30.76,18.13,0.0
168616,"Beef, round, full cut, separable lean only, trimmed to 1/4"" fat, choice, cooked, broiled",sr_legacy_food,13,2019-04-01,182.6,29.21,7.31,0.0
168617,"Beef, round, full cut, separable lean only, trimmed to 1/4"" fat, select, cooked, broiled",sr_legacy_food,13,2019-04-01,164.0,29.25,5.22,0.0
168618,"Beef, short loin, porterhouse steak, separable lean only, trimmed to 1/8"" fat, choice, cooked, grilled",sr_legacy_food,13,2019-04-01,212.8,27.65,11.36,0.0
168619,"Beef, short loin, t-bone steak, bone-in, separable lean only, trimmed to 1/8"" fat, choice, raw",sr_legacy_food,13,2019-04-01,153.8,22.1,7.27,0.0
168620,"Beef, short loin, t-bone steak, bone-in, separable lean only, trimmed to 1/8"" fat, choice, cooked, grilled",sr_legacy_food,13,2019-04-01,209.4,27.48,11.05,0.0
168621,"Beef, rib eye, small end (ribs 10-12), separable lean only, trimmed to 0"" fat, select, raw",sr_legacy_food,13,2019-04-01,143.8,21.17,6.57,0.0
168622,"Beef, variety meats and by-products, brain, raw",sr_legacy_food,13,2019-04-01,140.3,10.86,10.3,1.05
168623,"Beef, variety meats and by-products, brain, cooked, pan-fried",sr_legacy_food,13,2019-04-01,192.8,12.57,15.83,0.0
168624,"Beef, variety meats and by-products, brain, cooked, simmered",sr_legacy_food,13,2019-04-01,147.4,11.67,10.53,1.48
168625,"Beef, variety meats and by-products, heart, raw",sr_legacy_food,13,2019-04-01,106.9,17.72,3.94,0.14
168626,"Beef, variety meats and by-products, liver, cooked, braised",sr_legacy_food,13,2019-04-01,184.2,29.08,5.26,5.13
168627,"Beef, variety meats and by-products, liver, cooked, pan-fried",sr_legacy_food,13,2019-04-01,168.8,26.52,4.68,5.16
168628,"Beef, variety meats and by-products, lungs, raw",sr_legacy_food,13,2019-04-01,87.3,16.2,2.5,0.0
168629,"Beef, variety meats and by-products, lungs, cooked, braised",sr_legacy_food,13,2019-04-01,114.9,20.4,3.7,0.0
168630,"Beef, variety meats and by-products, mechanically separated beef, raw",sr_legacy_food,13,2019-04-01,271.6,14.97,23.52,0.0
168631,"Beef, loin, top loin steak, boneless, lip off, separable lean and fat, trimmed to 0"" fat, select, cooked, grilled",sr_legacy_food,13,2019-04-01,198.7,29.16,9.12,0.0
168632,"Beef, loin, top loin steak, boneless, lip off, separable lean only, trimmed to 0"" fat, all grades, cooked, grilled",sr_legacy_food,13,2019-04-01,193.8,29.53,8.41,0.0
168633,"Beef, top sirloin, steak, separable lean and fat, trimmed to 0"" fat, select, cooked, broiled",sr_legacy_food,13,2019-04-01,197.8,29.65,8.8,0.0
168634,"Beef, top sirloin, steak, separable lean only, trimmed to 0"" fat, all grades, cooked, broiled",sr_legacy_food,13,2019-04-01,174.3,30.55,5.79,0.0
168635,"Beef, top sirloin, steak, separable lean only, trimmed to 0"" fat, choice, cooked, broiled",sr_legacy_food,13,2019-04-01,180.1,30.29,6.55,0.0
168636,"Beef, top sirloin, steak, separable lean only, trimmed to 0"" fat, select, cooked, broiled",sr_legacy_food,13,2019-04-01,168.5,30.8,5.03,0.0
168637,"Beef, short loin, porterhouse steak, separable lean only,  trimmed to 1/8"" fat, all grades, cooked, grilled",sr_legacy_food,13,2019-04-01,205.5,28.16,10.32,0.0
168638,"Beef, short loin, porterhouse steak, separable lean only, trimmed to 0"" fat, all grades, cooked, broiled",sr_legacy_food,13,2019-04-01,204.9,26.07,11.18,0.0
168639,"Beef, short loin, porterhouse steak, separable lean only, trimmed to 0"" fat, choice, cooked, broiled",sr_legacy_food,13,2019-04-01,217.2,25.51,12.8,0.0
168640,"Beef, short loin, porterhouse steak, separable lean only, trimmed to 1/8"" fat, select, raw",sr_legacy_food,13,2019-04-01,139.1,22.61,5.41,0.0
168641,"Beef, short loin, porterhouse steak, separable lean only, trimmed to 1/8"" fat, select, cooked, grilled",sr_legacy_food,13,2019-04-01,194.5,28.92,8.76,0.0
168642,"Beef, short loin, t-bone steak, bone-in, separable lean only, trimmed to 1/8"" fat, all grades, raw",sr_legacy_food,13,2019-04-01,147.4,22.22,6.5,0.0
168643,"Beef, short loin, t-bone steak, bone-in, separable lean only, trimmed to 1/8"" fat, all grades, cooked, grilled",sr_legacy_food,13,2019-04-01,204.8,27.86,10.37,0.0
168644,"Beef, short loin, t-bone steak, separable lean only, trimmed to 0"" fat, choice, cooked, broiled",sr_legacy_food,13,2019-04-01,190.4,25.98,9.61,0.0
168645,"Beef, short loin, t-bone steak, bone-in, separable lean only, trimmed to 1/8"" fat, select, raw",sr_legacy_food,13,2019-04-01,137.7,22.41,5.34,0.0
168646,"Beef, round, tip round, roast, separable lean and fat, trimmed to 0"" fat, choice, raw",sr_legacy_food,13,2019-04-01,150.2,20.16,7.73,0.0
168647,"Beef, round, tip round, roast, separable lean and fat, trimmed to 0"" fat, select, raw",sr_legacy_food,13,2019-04-01,139.7,20.8,6.28,0.0
168648,"Beef, rib, eye, small end (ribs 10- 12) separable lean only, trimmed to 0"" fat, select, cooked, broiled",sr_legacy_food,13,2019-04-01,174.2,29.93,6.05,0.0
168649,"Beef, round, top round steak, boneless, separable lean only, trimmed to 0"" fat, all grades, cooked, grilled",sr_legacy_food,13,2019-04-01,154.3,30.09,3.77,0.0
168650,"Beef, ground, 70% lean meat / 30% fat, patty cooked, pan-broiled",sr_legacy_food,13,2019-04-01,231.3,22.86,15.54,0.0
168651,"Beef, ground, 70% lean meat / 30% fat, patty, cooked, broiled",sr_legacy_food,13,2019-04-01,269.5,25.38,18.66,0.0
168652,"Beef, ground, 70% lean meat / 30% fat, raw",sr_legacy_food,13,2019-04-01,327.4,14.35,30.0,0.0
168653,"Beef, chuck, under blade center steak, boneless, Denver Cut, separable lean only, trimmed to 0"" fat, select, raw",sr_legacy_food,13,2019-04-01,156.5,19.71,8.54,0.21
168654,"Beef, shoulder top blade steak, boneless, separable lean only, trimmed to 0"" fat, all grades, cooked, grilled",sr_legacy_food,13,2019-04-01,195.7,28.15,9.23,0.0
168655,"Beef, shoulder top blade steak, boneless, separable lean only, trimmed to 0"" fat, select, raw",sr_legacy_food,13,2019-04-01,133.1,20.39,5.73,0.0
168656,"Beef, brisket, flat half, boneless separable lean only, trimmed to 0"" fat, all grades, raw",sr_legacy_food,13,2019-04-01,131.9,21.47,5.11,0.0
168657,"Beef, brisket, flat half, boneless, separable lean only, trimmed to 0"" fat, choice, raw",sr_legacy_food,13,2019-04-01,136.9,21.28,5.75,0.0
168658,"Beef, brisket, flat half, boneless, separable lean only, trimmed to 0"" fat, select, raw",sr_legacy_food,13,2019-04-01,124.2,21.74,4.14,0.0
168659,"Beef, shoulder top blade steak, boneless, separable lean and fat, trimmed to 0"" fat, choice, cooked, grilled",sr_legacy_food,13,2019-04-01,220.4,27.51,12.26,0.0
168660,"Beef, chuck eye roast, boneless, America's Beef Roast, separable lean and fat, trimmed to 0"" fat, all grades, raw",sr_legacy_food,13,2019-04-01,180.0,19.18,11.48,0.0
168661,"Beef, chuck eye roast, boneless, America's Beef Roast, separable lean and fat, trimmed to 0"" fat, choice, raw",sr_legacy_food,13,2019-04-01,184.7,19.14,12.02,0.0
168662,"Beef, chuck eye roast, boneless, America's Beef Roast, separable lean and fat, trimmed to 0"" fat, select, raw",sr_legacy_food,13,2019-04-01,173.0,19.25,10.67,0.0
168663,"Beef, composite of trimmed retail cuts, separable lean and fat, trimmed to 1/8"" fat, select, cooked",sr_legacy_food,13,2019-04-01,240.0,26.06,15.09,0.0
168664,"Beef, brisket, whole, separable lean and fat, trimmed to 1/8"" fat, all grades, raw",sr_legacy_food,13,2019-04-01,247.5,18.42,19.06,0.56
168665,"Beef, brisket, whole, separable lean and fat, trimmed to 1/8"" fat, all grades, cooked, braised",sr_legacy_food,13,2019-04-01,323.9,25.85,24.5,0.0
168666,"Beef, brisket, flat half, separable lean and fat, trimmed to 1/8"" fat, all grades, raw",sr_legacy_food,13,2019-04-01,271.4,17.94,22.18,0.0
168667,"Beef, chuck, arm pot roast, separable lean and fat, trimmed to 1/8"" fat, all grades, cooked, braised",sr_legacy_food,13,2019-04-01,293.5,30.12,19.22,0.0
168668,"Beef, chuck, arm pot roast, separable lean and fat, trimmed to 1/8"" fat, choice, raw",sr_legacy_food,13,2019-04-01,243.7,19.14,18.57,0.0
168669,"Beef, chuck, arm pot roast, separable lean and fat, trimmed to 1/8"" fat, choice, cooked, braised",sr_legacy_food,13,2019-04-01,300.2,30.2,19.93,0.0
168670,"Beef, chuck, arm pot roast, separable lean and fat, trimmed to 1/8"" fat, select, raw",sr_legacy_food,13,2019-04-01,233.8,19.33,17.39,0.0
168671,"Beef, chuck, blade roast, separable lean and fat, trimmed to 1/8"" fat, choice, cooked, braised",sr_legacy_food,13,2019-04-01,350.8,26.37,27.26,0.0
168672,"Beef, chuck, blade roast, separable lean and fat, trimmed to 1/8"" fat, select, raw",sr_legacy_food,13,2019-04-01,225.4,17.37,17.33,0.0
168673,"Beef, chuck, blade roast, separable lean and fat, trimmed to 1/8"" fat, select, cooked, braised",sr_legacy_food,13,2019-04-01,310.5,27.33,22.35,0.0
168674,"Beef, chuck eye roast, boneless, America's Beef Roast, separable lean only, trimmed to 0"" fat, all grades, cooked, roasted",sr_legacy_food,13,2019-04-01,182.7,26.65,8.46,0.0
168675,"Beef, rib, whole (ribs 6-12), separable lean and fat, trimmed to 1/8"" fat, choice, raw",sr_legacy_food,13,2019-04-01,316.7,16.34,27.93,0.0
168676,"Beef, rib, whole (ribs 6-12), separable lean and fat, trimmed to 1/8"" fat, choice, cooked, broiled",sr_legacy_food,13,2019-04-01,345.5,22.26,28.5,0.0
168677,"Beef, rib, whole (ribs 6-12), separable lean and fat, trimmed to 1/8"" fat, choice, cooked, roasted",sr_legacy_food,13,2019-04-01,358.5,22.6,29.79,0.0
168678,"Beef, rib, whole (ribs 6-12), separable lean and fat, trimmed to 1/8"" fat, select, raw",sr_legacy_food,13,2019-04-01,282.5,16.75,23.95,0.0
168679,"Beef, rib, whole (ribs 6-12), separable lean and fat, trimmed to 1/8"" fat, prime, cooked, roasted",sr_legacy_food,13,2019-04-01,393.6,22.57,33.7,0.0
168680,"Beef, rib, large end (ribs 6-9), separable lean and fat, trimmed to 1/8"" fat, all grades, raw",sr_legacy_food,13,2019-04-01,310.6,16.26,27.29,0.0
168681,"Beef, rib, large end (ribs 6-9), separable lean and fat, trimmed to 1/8"" fat, all grades, cooked, broiled",sr_legacy_food,13,2019-04-01,331.2,21.55,27.22,0.0
168682,"Beef, rib, large end (ribs 6-9), separable lean and fat, trimmed to 1/8"" fat, all grades, cooked, roasted",sr_legacy_food,13,2019-04-01,348.6,23.01,28.51,0.0
168683,"Beef, rib, large end (ribs 6-9), separable lean and fat, trimmed to 1/8"" fat, select, cooked, broiled",sr_legacy_food,13,2019-04-01,317.6,21.55,25.71,0.0
168684,"Beef, rib, large end (ribs 6-9), separable lean and fat, trimmed to 1/8"" fat, select, cooked, roasted",sr_legacy_food,13,2019-04-01,326.2,23.4,25.84,0.0
168685,"Beef, rib, large end (ribs 6-9), separable lean and fat, trimmed to 1/8"" fat, prime, raw",sr_legacy_food,13,2019-04-01,362.4,15.77,33.26,0.0
168686,"Beef, rib, large end (ribs 6-9), separable lean and fat, trimmed to 1/8"" fat, prime, cooked, broiled",sr_legacy_food,13,2019-04-01,397.3,20.65,34.97,0.0
168687,"Beef, rib, large end (ribs 6-9), separable lean and fat, trimmed to 1/8"" fat, prime, cooked, roasted",sr_legacy_food,13,2019-04-01,386.1,22.86,32.74,0.0
168688,"Beef, rib, small end (ribs 10-12), separable lean and fat, trimmed to 1/8"" fat, choice, cooked, broiled",sr_legacy_food,13,2019-04-01,296.9,24.53,22.09,0.0
168689,"Beef, rib, small end (ribs 10-12), separable lean and fat, trimmed to 1/8"" fat, choice, cooked, roasted",sr_legacy_food,13,2019-04-01,352.0,22.28,29.21,0.0
168690,"Beef, rib, small end (ribs 10-12), separable lean and fat, trimmed to 1/8"" fat, select, raw",sr_legacy_food,13,2019-04-01,240.2,19.56,18.0,0.0
168691,"Beef, rib, small end (ribs 10-12), separable lean and fat, trimmed to 1/8"" fat, select, cooked, broiled",sr_legacy_food,13,2019-04-01,270.7,27.17,18.0,0.0
168692,"Beef, shoulder top blade steak, boneless, separable lean and fat, trimmed to 0"" fat, select, cooked, grilled",sr_legacy_food,13,2019-04-01,194.4,27.7,9.29,0.0
168693,"Beef, shoulder top blade steak, boneless, separable lean and fat, trimmed to 0"" fat, all grades, raw",sr_legacy_food,13,2019-04-01,145.9,20.16,7.25,0.0
168694,"Beef, round, full cut, separable lean and fat, trimmed to 1/8"" fat, choice, raw",sr_legacy_food,13,2019-04-01,189.5,20.56,11.92,0.0
168695,"Beef, round, full cut, separable lean and fat, trimmed to 1/8"" fat, choice, cooked, broiled",sr_legacy_food,13,2019-04-01,227.0,27.54,12.98,0.0
168696,"Beef, round, bottom round, roast, separable lean and fat, trimmed to 1/8"" fat, all grades, cooked, roasted",sr_legacy_food,13,2019-04-01,210.4,26.41,11.64,0.0
168697,"Beef, round, bottom round, steak, separable lean and fat, trimmed to 1/8"" fat, choice, raw",sr_legacy_food,13,2019-04-01,192.2,20.71,12.15,0.0
168698,"Beef, round, bottom round, steak, separable lean and fat, trimmed to 1/8"" fat, choice, cooked, braised",sr_legacy_food,13,2019-04-01,244.4,32.85,12.56,0.0
168699,"Beef, round, bottom round, roast, separable lean and fat, trimmed to 1/8"" fat, choice, cooked, roasted",sr_legacy_food,13,2019-04-01,216.2,26.05,12.44,0.0
168700,"Beef, round, bottom round, steak, separable lean and fat, trimmed to 1/8"" fat, select, raw",sr_legacy_food,13,2019-04-01,181.1,20.68,10.93,0.0
168701,"Beef, round, eye of round, roast, separable lean and fat, trimmed to 1/8"" fat, choice, raw",sr_legacy_food,13,2019-04-01,166.9,21.68,8.91,0.0
168702,"Beef, round, eye of round, roast, separable lean and fat, trimmed to 1/8"" fat, choice, cooked, roasted",sr_legacy_food,13,2019-04-01,204.4,28.48,10.05,0.0
168703,"Beef, round, eye of round, roast, separable lean and fat, trimmed to 1/8"" fat, select, raw",sr_legacy_food,13,2019-04-01,153.6,21.3,7.57,0.08
168704,"Beef, round, eye of round, roast, separable lean and fat, trimmed to 1/8"" fat, select, cooked, roasted",sr_legacy_food,13,2019-04-01,195.9,28.13,9.26,0.0
168705,"Beef, round, tip round, separable lean and fat, trimmed to 1/8"" fat, select, raw",sr_legacy_food,13,2019-04-01,172.5,19.74,10.39,0.0
168706,"Beef, round, tip round, roast, separable lean and fat, trimmed to 1/8"" fat, select, cooked, roasted",sr_legacy_food,13,2019-04-01,202.7,27.63,10.24,0.0
168707,"Beef, shoulder top blade steak, boneless, separable lean and fat, trimmed to 0"" fat, choice, raw",sr_legacy_food,13,2019-04-01,151.7,20.07,7.94,0.0
168708,"Beef, round, top round, separable lean only, trimmed to 1/8"" fat, choice, cooked, pan-fried",sr_legacy_food,13,2019-04-01,218.8,33.93,8.33,2.03
168709,"Beef, round, top round, separable lean and fat, trimmed to 1/8"" fat, choice, cooked, braised",sr_legacy_food,13,2019-04-01,240.8,34.09,11.61,0.0
168710,"Beef, round, top round, steak, separable lean and fat, trimmed to 1/8"" fat, choice, cooked, broiled",sr_legacy_food,13,2019-04-01,215.2,30.7,10.27,0.0
168711,"Beef, round, top round, separable lean and fat, trimmed to 1/8"" fat, choice, cooked, pan-fried",sr_legacy_food,13,2019-04-01,256.4,32.99,13.83,0.0
168712,"Beef, round, top round, steak, separable lean and fat, trimmed to 1/8"" fat, select, raw",sr_legacy_food,13,2019-04-01,157.8,22.18,7.68,0.0
168713,"Beef, round, top round, separable lean and fat, trimmed to 1/8"" fat, select, cooked, braised",sr_legacy_food,13,2019-04-01,215.3,34.6,8.54,0.0
168714,"Beef, brisket, flat half, boneless, separable lean and fat, trimmed to 0"" fat, all grades, raw",sr_legacy_food,13,2019-04-01,164.9,20.32,9.29,0.0
168715,"Beef, short loin, porterhouse steak, separable lean and fat, trimmed to 1/8"" fat, choice, raw",sr_legacy_food,13,2019-04-01,212.7,20.36,14.58,0.0
168716,"Beef, short loin, porterhouse steak, separable lean and fat, trimmed to 1/8"" fat, choice, cooked, grilled",sr_legacy_food,13,2019-04-01,277.4,24.85,19.78,0.0
168717,"Beef, short loin, t-bone steak, separable lean and fat, trimmed to 1/8"" fat, choice, raw",sr_legacy_food,13,2019-04-01,222.5,20.0,15.83,0.0
168718,"Beef, short loin, top loin, steak, separable lean and fat, trimmed to 1/8"" fat, choice, cooked, grilled",sr_legacy_food,13,2019-04-01,270.7,26.16,18.45,0.0
168719,"Beef, loin, top loin, separable lean and fat, trimmed to 1/8"" fat, select, raw",sr_legacy_food,13,2019-04-01,217.7,20.59,15.04,0.0
168720,"Beef, loin, top loin, separable lean and fat, trimmed to 1/8"" fat, select, cooked, grilled",sr_legacy_food,13,2019-04-01,242.9,26.72,15.11,0.0
168721,"Beef, short loin, top loin, steak, separable lean and fat, trimmed to 1/8"" fat, prime, raw",sr_legacy_food,13,2019-04-01,275.5,19.0,22.17,0.0
168722,"Beef, tenderloin, steak, separable lean and fat, trimmed to 1/8"" fat, choice, cooked, broiled",sr_legacy_food,13,2019-04-01,265.7,26.43,17.78,0.0
168723,"Beef, tenderloin, roast, separable lean and fat, trimmed to 1/8"" fat, choice, cooked, roasted",sr_legacy_food,13,2019-04-01,324.1,23.9,25.39,0.0
168724,"Beef, tenderloin, steak, separable lean and fat, trimmed to 1/8"" fat, select, raw",sr_legacy_food,13,2019-04-01,243.6,19.37,18.46,0.0
168725,"Beef, tenderloin, steak, separable lean and fat, trimmed to 1/8"" fat, select, cooked, broiled",sr_legacy_food,13,2019-04-01,254.7,26.48,16.53,0.0
168726,"Beef, top sirloin, steak, separable lean and fat, trimmed to 1/8"" fat, all grades, raw",sr_legacy_food,13,2019-04-01,195.6,20.3,12.71,0.0
168727,"Beef, top sirloin, steak, separable lean and fat, trimmed to 1/8"" fat, all grades, cooked, broiled",sr_legacy_food,13,2019-04-01,235.9,26.96,14.23,0.0
168728,"Beef, top sirloin, steak, separable lean and fat, trimmed to 1/8"" fat, choice, raw",sr_legacy_food,13,2019-04-01,208.2,19.92,14.28,0.0
168729,"Beef, top sirloin, steak, separable lean and fat, trimmed to 1/8"" fat, choice, cooked, broiled",sr_legacy_food,13,2019-04-01,249.0,26.8,15.75,0.0
168730,"Beef, chuck, clod roast, separable lean only, trimmed to 0"" fat, select, cooked, roasted",sr_legacy_food,13,2019-04-01,164.7,28.09,5.82,0.0
168731,"Beef, shoulder steak, boneless, separable lean only, trimmed to 0"" fat, choice, cooked, grilled",sr_legacy_food,13,2019-04-01,170.4,28.54,6.25,0.0
168732,"Beef, shoulder steak, boneless, separable lean only, trimmed to 0"" fat, select, cooked, grilled",sr_legacy_food,13,2019-04-01,161.4,28.71,5.17,0.0
168733,"Beef, flank, steak, separable lean and fat, trimmed to 0"" fat, all grades, cooked, broiled",sr_legacy_food,13,2019-04-01,184.7,27.66,8.23,0.0
168734,"Beef, bottom sirloin, tri-tip roast, separable lean and fat, trimmed to 0"" fat, all grades, raw",sr_legacy_food,13,2019-04-01,159.5,20.64,8.55,0.0
168735,"Beef, bottom sirloin, tri-tip roast, separable lean and fat, trimmed to 0"" fat, choice, cooked, roasted",sr_legacy_food,13,2019-04-01,213.9,25.66,12.36,0.0
168736,"Beef, bottom sirloin, tri-tip roast, separable lean and fat, trimmed to 0"" fat, choice, raw",sr_legacy_food,13,2019-04-01,168.2,20.64,9.51,0.0
168737,"Beef, bottom sirloin, tri-tip roast, separable lean and fat, trimmed to 0"" fat, select, cooked, roasted",sr_legacy_food,13,2019-04-01,193.8,26.44,9.78,0.0
168738,"Beef, chuck, top blade, separable lean only, trimmed to 0"" fat, choice, cooked, broiled",sr_legacy_food,13,2019-04-01,209.3,26.11,11.65,0.0
168739,"Beef, chuck, top blade, separable lean only, trimmed to 0"" fat, select, cooked, broiled",sr_legacy_food,13,2019-04-01,176.6,26.16,8.0,0.0
168740,"Beef, round, top round steak, boneless, separable lean and fat, trimmed to 0"" fat, choice, cooked, grilled",sr_legacy_food,13,2019-04-01,162.1,30.12,4.62,0.0
168741,"Beef, round, top round steak, boneless, separable lean and fat, trimmed to 0"" fat, select, cooked, grilled",sr_legacy_food,13,2019-04-01,153.4,29.7,3.85,0.0
168742,"Beef, chuck eye roast, boneless, America's Beef Roast, separable lean only, trimmed to 0"" fat, select, raw",sr_legacy_food,13,2019-04-01,133.5,20.52,5.71,0.0
168743,"Beef, brisket, flat half, boneless, separable lean and fat, trimmed to 0"" fat, choice, raw",sr_legacy_food,13,2019-04-01,169.3,20.15,9.86,0.0
168744,"Beef, plate, inside skirt steak, separable lean only, trimmed to 0"" fat, all grades, cooked, broiled",sr_legacy_food,13,2019-04-01,197.2,26.66,10.06,0.0
168745,"Beef, plate, outside skirt steak, separable lean only, trimmed to 0"" fat, all grades, cooked, broiled",sr_legacy_food,13,2019-04-01,226.0,24.18,14.37,0.0
168746,"Alcoholic beverage, beer, regular, all",sr_legacy_food,14,2019-04-01,16.0,0.46,0.0,3.55
168747,"Alcoholic beverage, beer, regular, BUDWEISER",sr_legacy_food,14,2019-04-01,13.3,0.36,0.0,2.97
168748,"Alcoholic beverage, beer, light, BUDWEISER SELECT",sr_legacy_food,14,2019-04-01,4.3,0.2,0.0,0.87
168749,"Alcoholic beverage, beer, light",sr_legacy_food,14,2019-04-01,7.5,0.24,0.0,1.64
168750,"Alcoholic beverage, pina colada, canned",sr_legacy_food,14,2019-04-01,181.2,0.6,7.6,27.6
168751,"Beverages, almond milk, sweetened, vanilla flavor, ready-to-drink",sr_legacy_food,14,2019-04-01,37.4,0.42,1.04,6.59
168752,"Alcoholic beverage, pina colada, prepared-from-recipe",sr_legacy_food,14,2019-04-01,109.2,0.42,1.88,22.66
168753,"Alcoholic beverage, tequila sunrise, canned",sr_legacy_food,14,2019-04-01,47.3,0.3,0.1,11.3
168754,"Candies, milk chocolate, with almonds",sr_legacy_food,19,2019-04-01,559.2,9.0,34.4,53.4
168755,"Candies, milk chocolate, with rice cereal",sr_legacy_food,19,2019-04-01,533.6,7.64,29.37,59.67
168756,"Candies, MARS SNACKFOOD US, MILKY WAY Bar",sr_legacy_food,19,2019-04-01,455.8,4.01,17.23,71.17
168757,"Candies, HERSHEY'S SKOR Toffee Bar",sr_legacy_food,19,2019-04-01,540.8,3.13,30.37,63.73
168758,"Toppings, strawberry",sr_legacy_food,19,2019-04-01,266.9,0.2,0.1,66.3
168759,"Candies, MOUNDS Candy Bar",sr_legacy_food,19,2019-04-01,493.3,4.6,26.6,58.88
168760,"Candies, MR. GOODBAR Chocolate Bar",sr_legacy_food,19,2019-04-01,557.1,10.22,33.21,54.34
168761,"Candies, NESTLE, 100 GRAND Bar",sr_legacy_food,19,2019-04-01,467.8,2.5,19.33,70.97
168762,"Candies, NESTLE, CRUNCH Bar and Dessert Topping",sr_legacy_food,19,2019-04-01,522.0,5.0,26.0,67.0
168763,"Candies, REESE'S Peanut Butter Cups",sr_legacy_food,19,2019-04-01,537.2,10.24,30.53,55.36
168764,"Candies, REESE'S PIECES Candy",sr_legacy_food,19,2019-04-01,512.2,12.46,24.77,59.86
168765,"Candies, ROLO Caramels in Milk Chocolate",sr_legacy_food,19,2019-04-01,480.5,5.08,20.93,67.95
168766,"Candies, NESTLE, AFTER EIGHT Mints",sr_legacy_food,19,2019-04-01,431.9,1.67,11.9,79.53
168767,"Candies, MARS SNACKFOOD US, 3 MUSKETEERS Bar",sr_legacy_food,19,2019-04-01,436.2,2.6,12.75,77.77
168768,"Candies, MARS SNACKFOOD US, TWIX Caramel Cookie Bars",sr_legacy_food,19,2019-04-01,502.5,4.91,24.85,64.8
168769,"Candies, MARS SNACKFOOD US, TWIX Peanut Butter Cookie Bars",sr_legacy_food,19,2019-04-01,547.3,9.18,32.67,54.14
168770,"Candies, WHATCHAMACALLIT Candy Bar",sr_legacy_food,19,2019-04-01,498.2,8.04,23.68,63.23
168771,Chewing gum,sr_legacy_food,19,2019-04-01,389.5,0.0,0.3,96.7
168772,"Egg custards, dry mix",sr_legacy_food,19,2019-04-01,416.4,6.9,6.4,82.8
168773,"Egg custards, dry mix, prepared with whole milk",sr_legacy_food,19,2019-04-01,122.4,3.99,4.0,17.6
168774,"Cocoa, dry powder, unsweetened, HERSHEY'S European Style Cocoa",sr_legacy_food,19,2019-04-01,410.0,20.0,10.0,60.0
168775,"Gelatin desserts, dry mix",sr_legacy_food,19,2019-04-01,393.2,7.8,0.0,90.5
168776,"Candies, YORK BITES",sr_legacy_food,19,2019-04-01,399.6,1.78,7.32,81.64
168777,"Desserts, mousse, chocolate, prepared-from-recipe",sr_legacy_food,19,2019-04-01,224.8,4.14,16.0,16.07
168778,"Puddings, chocolate, ready-to-eat",sr_legacy_food,19,2019-04-01,141.8,2.09,4.6,23.01
168779,"Puddings, chocolate, dry mix, instant",sr_legacy_food,19,2019-04-01,377.9,2.3,1.9,87.9
168780,"Puddings, chocolate, dry mix, regular, prepared with 2% milk",sr_legacy_food,19,2019-04-01,110.7,3.28,2.06,19.76
168781,"Puddings, coconut cream, dry mix, instant, prepared with 2% milk",sr_legacy_food,19,2019-04-01,109.1,2.9,2.3,19.2
168782,"Puddings, rice, ready-to-eat",sr_legacy_food,19,2019-04-01,105.8,3.23,2.15,18.39
168783,"Puddings, rice, dry mix",sr_legacy_food,19,2019-04-01,376.5,2.7,0.1,91.2
168784,"Puddings, vanilla, dry mix, instant",sr_legacy_food,19,2019-04-01,377.0,0.0,0.6,92.9
168785,"Puddings, vanilla, dry mix, instant, prepared with whole milk",sr_legacy_food,19,2019-04-01,115.7,2.7,2.9,19.7
168786,"Puddings, lemon, dry mix, instant, prepared with 2% milk",sr_legacy_food,19,2019-04-01,107.2,2.76,1.71,20.2
168787,"Egg custards, dry mix, prepared with 2% milk",sr_legacy_food,19,2019-04-01,112.4,4.13,2.83,17.61
168788,"Puddings, vanilla, dry mix, regular, prepared with 2% milk",sr_legacy_food,19,2019-04-01,101.4,2.94,1.73,18.53
168789,"Rennin, chocolate, dry mix, prepared with 2% milk",sr_legacy_food,19,2019-04-01,85.4,3.24,2.06,13.47
168790,"Rennin, vanilla, dry mix, prepared with 2% milk",sr_legacy_food,19,2019-04-01,77.5,3.06,1.77,12.34
168791,"Candies, praline, prepared-from-recipe",sr_legacy_food,19,2019-04-01,484.7,3.3,25.9,59.59
168792,"Desserts, rennin, vanilla, dry mix",sr_legacy_food,19,2019-04-01,396.0,0.0,0.0,99.0
168793,"Rennin, vanilla, dry mix, prepared with whole milk",sr_legacy_food,19,2019-04-01,88.6,3.03,3.07,12.21
168794,"Desserts, rennin, tablets, unsweetened",sr_legacy_food,19,2019-04-01,84.1,1.0,0.1,19.8
168795,"Frostings, chocolate, creamy, ready-to-eat",sr_legacy_food,19,2019-04-01,415.6,1.1,17.6,63.2
168796,"Flan, caramel custard, dry mix, prepared with whole milk",sr_legacy_food,19,2019-04-01,113.5,2.95,3.0,18.68
168797,"Puddings, vanilla, ready-to-eat, fat free",sr_legacy_food,19,2019-04-01,88.7,2.02,0.0,20.16
168798,"Puddings, tapioca, ready-to-eat, fat free",sr_legacy_food,19,2019-04-01,94.1,1.44,0.35,21.31
168799,"Puddings, chocolate, ready-to-eat, fat free",sr_legacy_food,19,2019-04-01,93.9,1.93,0.3,20.87
168800,"Frostings, chocolate, creamy, dry mix, prepared with butter",sr_legacy_food,19,2019-04-01,409.2,1.11,13.06,71.8
168801,"Candies, HEATH BITES",sr_legacy_food,19,2019-04-01,542.7,3.94,30.38,63.39
168802,"Frostings, vanilla, creamy, dry mix",sr_legacy_food,19,2019-04-01,420.5,0.3,4.9,93.8
168803,"Frostings, white, fluffy, dry mix",sr_legacy_food,19,2019-04-01,388.8,2.3,0.0,94.9
168804,"Candies, MARS SNACKFOOD US, DOVE Milk Chocolate",sr_legacy_food,19,2019-04-01,548.4,5.94,31.72,59.78
168805,"Candies, MARS SNACKFOOD US, DOVE Dark Chocolate",sr_legacy_food,19,2019-04-01,550.4,5.19,32.45,59.4
168806,"Candies, MARS SNACKFOOD US, MILKY WAY Caramels, milk chocolate covered",sr_legacy_food,19,2019-04-01,463.6,4.28,19.17,68.49
168807,"Candies, MARS SNACKFOOD US, MILKY WAY Caramels. dark chocolate covered",sr_legacy_food,19,2019-04-01,469.3,3.82,20.42,67.56
168808,"Snacks, GENERAL MILLS, BETTY CROCKER Fruit Roll Ups, berry flavored, with vitamin C",sr_legacy_food,23,2019-04-01,372.7,0.1,3.5,85.2
168809,"Ice creams, chocolate",sr_legacy_food,19,2019-04-01,227.0,3.8,11.0,28.2
168810,"Ice creams, strawberry",sr_legacy_food,19,2019-04-01,198.8,3.2,8.4,27.6
168811,"Snacks, FARLEY CANDY, FARLEY Fruit Snacks, with vitamins A, C, and E",sr_legacy_food,23,2019-04-01,341.2,4.4,0.0,80.9
168812,"Frozen novelties, ice type, italian, restaurant-prepared",sr_legacy_food,19,2019-04-01,54.3,0.03,0.02,13.5
168813,"Frozen novelties, ice type, pop",sr_legacy_food,19,2019-04-01,79.1,0.0,0.24,19.23
168814,"Candies, MARS SNACKFOOD US, M&M's Crispy Chocolate Candies",sr_legacy_food,19,2019-04-01,480.6,4.28,19.32,72.4
168815,"Frozen yogurts, vanilla, soft-serve",sr_legacy_food,19,2019-04-01,163.2,4.0,5.6,24.2
168816,"Fruit butters, apple",sr_legacy_food,19,2019-04-01,174.1,0.39,0.3,42.47
168817,"Candies, fudge, chocolate marshmallow, with nuts, prepared-by-recipe",sr_legacy_food,19,2019-04-01,473.7,3.24,21.11,67.69
168818,"Candies, MARS SNACKFOOD US, SNICKERS Almond bar",sr_legacy_food,19,2019-04-01,481.9,5.4,22.4,64.67
168819,"Marmalade, orange",sr_legacy_food,19,2019-04-01,266.4,0.3,0.0,66.3
168820,Molasses,sr_legacy_food,19,2019-04-01,299.8,0.0,0.1,74.73
168821,"Pectin, unsweetened, dry mix",sr_legacy_food,19,2019-04-01,365.5,0.3,0.3,90.4
168822,"Pie fillings, apple, canned",sr_legacy_food,19,2019-04-01,105.7,0.1,0.1,26.1
168823,"Candies, MARS SNACKFOOD US, STARBURST Fruit Chews, Tropical fruits",sr_legacy_food,19,2019-04-01,407.5,0.41,8.31,82.76
168824,"Pie fillings, canned, cherry",sr_legacy_food,19,2019-04-01,114.1,0.37,0.07,28.0
168825,"Puddings, banana, dry mix, regular, prepared with whole milk",sr_legacy_food,19,2019-04-01,110.7,2.74,2.89,18.44
168826,"Puddings, coconut cream, dry mix, instant",sr_legacy_food,19,2019-04-01,427.6,0.9,10.0,83.5
168827,"Puddings, coconut cream, dry mix, instant, prepared with whole milk",sr_legacy_food,19,2019-04-01,119.5,2.9,3.5,19.1
168828,"Puddings, coconut cream, dry mix, regular",sr_legacy_food,19,2019-04-01,433.6,1.0,11.36,81.84
168829,"Puddings, coconut cream, dry mix, regular, prepared with whole milk",sr_legacy_food,19,2019-04-01,117.0,3.0,3.8,17.7
168830,"Puddings, lemon, dry mix, instant, prepared with whole milk",sr_legacy_food,19,2019-04-01,117.3,2.7,2.9,20.1
168831,"Puddings, lemon, dry mix, regular",sr_legacy_food,19,2019-04-01,372.1,0.1,0.5,91.8
168832,"Pudding, lemon, dry mix, regular, prepared with sugar, egg yolk and water",sr_legacy_food,19,2019-04-01,109.5,0.65,1.12,24.2
168833,"Sugars, brown",sr_legacy_food,19,2019-04-01,392.8,0.12,0.0,98.09
168834,"Syrups, chocolate, HERSHEY'S Genuine Chocolate Flavored Lite Syrup",sr_legacy_food,19,2019-04-01,152.6,1.4,0.97,34.56
168835,"Syrups, chocolate, fudge-type",sr_legacy_food,19,2019-04-01,350.1,4.6,8.9,62.9
168836,"Syrups, corn, dark",sr_legacy_food,19,2019-04-01,310.4,0.0,0.0,77.59
168837,"Syrups, corn, light",sr_legacy_food,19,2019-04-01,309.0,0.0,0.2,76.79
168838,"Syrups, table blends, pancake, with 2% maple",sr_legacy_food,19,2019-04-01,279.3,0.0,0.1,69.6
168839,"Syrups, table blends, corn, refiner, and sugar",sr_legacy_food,19,2019-04-01,335.6,0.0,0.0,83.9
168840,"Candies, MARS SNACKFOOD US, SKITTLES Wild Berry Bite Size Candies",sr_legacy_food,19,2019-04-01,402.0,0.19,4.25,90.76
168841,"Toppings, butterscotch or caramel",sr_legacy_food,19,2019-04-01,232.9,1.21,0.0,57.01
168842,"Candies, MARS SNACKFOOD US, SKITTLES Sours Original",sr_legacy_food,19,2019-04-01,400.8,0.18,4.0,91.02
168843,"Candies, MARS SNACKFOOD US, SKITTLES Original Bite Size Candies",sr_legacy_food,19,2019-04-01,403.2,0.19,4.37,90.78
168844,"Frostings, vanilla, creamy, dry mix, prepared with margarine",sr_legacy_food,19,2019-04-01,413.1,0.34,12.74,74.28
168845,"Frostings, chocolate, creamy, dry mix, prepared with margarine",sr_legacy_food,19,2019-04-01,404.3,1.1,12.87,71.02
168846,"Candies, divinity, prepared-from-recipe",sr_legacy_food,19,2019-04-01,362.0,1.32,0.06,89.05
168847,"Frozen novelties, ice type, pineapple-coconut",sr_legacy_food,19,2019-04-01,119.0,0.0,2.6,23.9
168848,"Frozen yogurts, chocolate, soft-serve",sr_legacy_food,19,2019-04-01,169.6,4.0,6.0,24.9
168849,"Snacks, banana chips",sr_legacy_food,23,2019-04-01,545.2,2.3,33.6,58.4
168850,"Snacks, beef sticks, smoked",sr_legacy_food,23,2019-04-01,554.0,21.5,49.6,5.4
168851,"Snacks, pork skins, barbecue-flavor",sr_legacy_food,23,2019-04-01,524.2,57.9,31.8,1.6
168852,"Frostings, glaze, chocolate, prepared-from-recipe, with butter, NFSMI Recipe No. C-32",sr_legacy_food,19,2019-04-01,358.9,1.42,7.17,72.18
168853,"Snack, potato chips, made from dried potatoes, plain",sr_legacy_food,23,2019-04-01,557.5,4.62,35.28,55.38
168854,"Snacks, potato sticks",sr_legacy_food,23,2019-04-01,549.6,6.7,34.4,53.3
168855,"Snacks, rice cakes, brown rice, rye",sr_legacy_food,23,2019-04-01,386.2,8.1,3.8,79.9
168856,"Snacks, sesame sticks, wheat-based, salted",sr_legacy_food,23,2019-04-01,559.9,10.9,36.7,46.5
168857,"Snacks, corn cakes",sr_legacy_food,23,2019-04-01,387.6,8.1,2.4,83.4
168858,"Snacks, tortilla chips, nacho-flavor, reduced fat",sr_legacy_food,23,2019-04-01,458.0,8.7,15.2,71.6
168859,"Tortilla chips, low fat, baked without fat",sr_legacy_food,23,2019-04-01,416.1,11.0,5.7,80.2
168860,"Cheese puffs and twists, corn based, baked, low fat",sr_legacy_food,23,2019-04-01,432.3,8.5,12.1,72.35
168861,"Snacks, granola bar, fruit-filled, nonfat",sr_legacy_food,23,2019-04-01,342.1,5.9,0.9,77.6
168862,"Snacks, KELLOGG, KELLOGG'S, NUTRI-GRAIN Cereal Bars, fruit",sr_legacy_food,23,2019-04-01,365.4,4.22,8.67,67.61
168863,"Snacks, tortilla chips, low fat, made with olestra, nacho cheese",sr_legacy_food,23,2019-04-01,326.4,8.44,3.53,65.22
168864,"Snacks, potato chips, made from dried potatoes, fat-free, made with olestra",sr_legacy_food,23,2019-04-01,252.6,5.06,0.93,56.0
168865,"Snacks, taro chips",sr_legacy_food,23,2019-04-01,505.7,2.3,24.9,68.1
168866,"Puddings, banana, dry mix, instant, with added oil",sr_legacy_food,19,2019-04-01,395.6,0.0,4.4,89.0
168867,"Cornmeal, degermed, enriched, yellow",sr_legacy_food,20,2019-04-01,362.0,7.11,1.75,79.45
168868,"Cornmeal, yellow, self-rising, bolted, plain, enriched",sr_legacy_food,20,2019-04-01,344.8,8.28,3.4,70.28
168869,"Cornmeal, yellow, self-rising, bolted, with wheat flour added, enriched",sr_legacy_food,20,2019-04-01,353.0,8.41,2.85,73.43
168870,"Cornmeal, yellow, self-rising, degermed, enriched",sr_legacy_food,20,2019-04-01,348.3,8.41,1.72,74.79
168871,"Millet, cooked",sr_legacy_food,20,2019-04-01,117.7,3.51,1.0,23.67
168872,"Oat bran, raw",sr_legacy_food,20,2019-04-01,397.4,17.3,7.03,66.22
168873,"Oat bran, cooked",sr_legacy_food,20,2019-04-01,66.3,3.21,0.86,11.44
168874,"Quinoa, uncooked",sr_legacy_food,20,2019-04-01,367.8,14.12,6.07,64.16
168875,"Rice, brown, medium-grain, cooked (Includes foods for USDA's Food Distribution Program)",sr_legacy_food,20,2019-04-01,110.8,2.32,0.83,23.51
168876,"Rice, brown, parboiled, dry, UNCLE BEN'S",sr_legacy_food,20,2019-04-01,369.9,7.6,2.75,78.68
168877,"Rice, white, long-grain, regular, raw, enriched",sr_legacy_food,20,2019-04-01,354.3,7.13,0.66,79.95
168878,"Rice, white, long-grain, regular, enriched, cooked",sr_legacy_food,20,2019-04-01,126.0,2.69,0.28,28.17
168879,"Rice, white, medium-grain, raw, enriched",sr_legacy_food,20,2019-04-01,349.0,6.61,0.58,79.34
168880,"Rice, white, medium-grain, enriched, cooked",sr_legacy_food,20,2019-04-01,125.8,2.38,0.21,28.59
168881,"Rice, white, short-grain, enriched, uncooked",sr_legacy_food,20,2019-04-01,347.3,6.5,0.52,79.15
168882,"Rice, white, short-grain, enriched, cooked",sr_legacy_food,20,2019-04-01,126.1,2.36,0.19,28.73
168883,"Rice, white, glutinous, unenriched, uncooked",sr_legacy_food,20,2019-04-01,358.9,6.81,0.55,81.68
168884,Rye grain,sr_legacy_food,20,2019-04-01,359.5,10.34,1.63,75.86
168885,"Rye flour, dark",sr_legacy_food,20,2019-04-01,358.1,15.91,2.22,68.63
168886,"Rye flour, medium",sr_legacy_food,20,2019-04-01,358.9,10.88,1.52,75.43
168887,"Rye flour, light",sr_legacy_food,20,2019-04-01,358.0,9.82,1.33,76.68
168888,"Triticale flour, whole-grain",sr_legacy_food,20,2019-04-01,361.6,13.18,1.81,73.14
168889,"Wheat, hard red spring",sr_legacy_food,20,2019-04-01,351.0,15.4,1.92,68.03
168890,"Wheat, hard red winter",sr_legacy_food,20,2019-04-01,349.0,12.61,1.54,71.18
168891,"Wheat, soft red winter",sr_legacy_food,20,2019-04-01,352.4,10.35,1.56,74.24
168892,"Wheat germ, crude",sr_legacy_food,20,2019-04-01,387.3,23.15,9.72,51.8
168893,"Wheat flour, whole-grain (Includes foods for USDA's Food Distribution Program)",sr_legacy_food,20,2019-04-01,363.2,13.21,2.5,71.97
168894,"Wheat flour, white, all-purpose, enriched, bleached",sr_legacy_food,20,2019-04-01,355.4,10.33,0.98,76.31
168895,"Wheat flour, white, all-purpose, self-rising, enriched",sr_legacy_food,20,2019-04-01,345.2,9.89,0.97,74.22
168896,"Wheat flour, white, bread, enriched",sr_legacy_food,20,2019-04-01,353.0,11.98,1.66,72.53
168897,"Wild rice, cooked",sr_legacy_food,20,2019-04-01,104.4,3.99,0.34,21.34
168898,"Rice flour, brown",sr_legacy_food,20,2019-04-01,359.9,7.23,2.78,76.48
168899,"Pasta, gluten-free, corn, dry",sr_legacy_food,20,2019-04-01,365.6,7.46,2.08,79.26
168900,"Pasta, gluten-free, corn, cooked",sr_legacy_food,20,2019-04-01,128.7,2.63,0.73,27.91
168901,"Pasta, homemade, made with egg, cooked",sr_legacy_food,20,2019-04-01,130.9,5.28,1.74,23.54
168902,"Pasta, homemade, made without egg, cooked",sr_legacy_food,20,2019-04-01,126.8,4.37,0.98,25.12
168903,"Macaroni, vegetable, enriched, dry",sr_legacy_food,20,2019-04-01,361.4,13.14,1.04,74.88
168904,"Macaroni, vegetable, enriched, cooked",sr_legacy_food,20,2019-04-01,125.6,4.53,0.11,26.61
168905,"Noodles, chinese, chow mein",sr_legacy_food,20,2019-04-01,489.2,10.88,21.24,63.64
168906,"Noodles, japanese, soba, dry",sr_legacy_food,20,2019-04-01,362.4,14.38,0.71,74.62
168907,"Noodles, japanese, soba, cooked",sr_legacy_food,20,2019-04-01,106.9,5.06,0.1,21.44
168908,"Noodles, japanese, somen, dry",sr_legacy_food,20,2019-04-01,349.1,11.35,0.81,74.1
168909,"Noodles, japanese, somen, cooked",sr_legacy_food,20,2019-04-01,127.8,4.0,0.18,27.54
168910,"Pasta, whole-wheat, cooked (Includes foods for USDA's Food Distribution Program)",sr_legacy_food,20,2019-04-01,159.6,5.99,1.71,30.07
168911,"Spaghetti, spinach, dry",sr_legacy_food,20,2019-04-01,366.8,13.35,1.57,74.81
168912,"Spaghetti, spinach, cooked",sr_legacy_food,20,2019-04-01,128.6,4.58,0.63,26.15
168913,"Wheat flours, bread, unenriched",sr_legacy_food,20,2019-04-01,353.0,11.98,1.66,72.53
168914,"Rice noodles, cooked",sr_legacy_food,20,2019-04-01,105.0,1.79,0.2,24.01
168915,"Pasta, whole grain, 51% whole wheat, remaining unenriched semolina, dry",sr_legacy_food,20,2019-04-01,370.6,13.51,2.68,73.1
168916,"Pasta, whole grain, 51% whole wheat, remaining unenriched semolina, cooked",sr_legacy_food,20,2019-04-01,162.8,5.82,1.5,31.51
168917,"Quinoa, cooked",sr_legacy_food,20,2019-04-01,120.1,4.4,1.92,21.3
168918,"Teff, cooked",sr_legacy_food,20,2019-04-01,100.8,3.87,0.65,19.86
168919,"Noodles, egg, cooked, enriched, with added salt",sr_legacy_food,20,2019-04-01,137.4,4.54,2.07,25.16
168920,"Corn grain, white",sr_legacy_food,20,2019-04-01,377.4,9.42,4.74,74.26
168921,"Corn flour, whole-grain, blue (harina de maiz morado)",sr_legacy_food,20,2019-04-01,376.4,8.75,5.09,73.89
168922,"Cornmeal, degermed, enriched, white",sr_legacy_food,20,2019-04-01,362.0,7.11,1.75,79.45
168923,"Cornmeal, white, self-rising, bolted, plain, enriched",sr_legacy_food,20,2019-04-01,344.8,8.28,3.4,70.28
168924,"Cornmeal, white, self-rising, bolted, with wheat flour added, enriched",sr_legacy_food,20,2019-04-01,353.0,8.41,2.85,73.43
168925,"Cornmeal, white, self-rising, degermed, enriched",sr_legacy_food,20,2019-04-01,348.3,8.41,1.72,74.79
168926,"Noodles, egg, unenriched, cooked, without added salt",sr_legacy_food,20,2019-04-01,137.4,4.54,2.07,25.16
168927,"Pasta, dry, unenriched",sr_legacy_food,20,2019-04-01,364.4,13.04,1.51,74.67
168928,"Pasta, cooked, unenriched, without added salt",sr_legacy_food,20,2019-04-01,155.0,5.8,0.93,30.86
168929,"Cornmeal, degermed, unenriched, yellow",sr_legacy_food,20,2019-04-01,362.0,7.11,1.75,79.45
168930,"Rice, white, medium-grain, cooked, unenriched",sr_legacy_food,20,2019-04-01,125.8,2.38,0.21,28.59
168931,"Rice, white, short-grain, raw, unenriched",sr_legacy_food,20,2019-04-01,347.3,6.5,0.52,79.15
168932,"Rice, white, short-grain, cooked, unenriched",sr_legacy_food,20,2019-04-01,126.1,2.36,0.19,28.73
168933,"Semolina, unenriched",sr_legacy_food,20,2019-04-01,351.5,12.68,1.05,72.83
168934,"Spaghetti, protein-fortified, cooked, enriched (n x 6.25)",sr_legacy_food,20,2019-04-01,160.8,8.86,0.21,30.88
168935,"Rice, white, long-grain, regular, cooked, unenriched, with salt",sr_legacy_food,20,2019-04-01,126.0,2.69,0.28,28.17
168936,"Wheat flour, white, all-purpose, enriched, unbleached",sr_legacy_food,20,2019-04-01,355.4,10.33,0.98,76.31
168937,"Spaghetti, protein-fortified, dry, enriched (n x 6.25)",sr_legacy_food,20,2019-04-01,369.8,21.78,2.23,65.65
168938,"Wheat flour, white (industrial), 10% protein, unbleached, enriched",sr_legacy_food,20,2019-04-01,357.0,9.71,1.48,76.22
168939,"Wheat flour, white (industrial), 11.5% protein, bleached, enriched",sr_legacy_food,20,2019-04-01,354.3,11.5,1.45,73.81
168940,"Wheat flour, white (industrial), 11.5% protein, bleached, unenriched",sr_legacy_food,20,2019-04-01,354.3,11.5,1.45,73.81
168941,"Wheat flour, white (industrial), 11.5% protein, unbleached, enriched",sr_legacy_food,20,2019-04-01,354.3,11.5,1.45,73.81
168942,"Wheat flour, white (industrial), 13% protein, bleached, enriched",sr_legacy_food,20,2019-04-01,353.5,13.07,1.38,72.2
168943,"Sorghum flour, whole-grain",sr_legacy_food,20,2019-04-01,370.3,8.43,3.34,76.64
168944,"Wheat flour, whole-grain, soft wheat",sr_legacy_food,20,2019-04-01,353.9,9.61,1.95,74.48
168945,"Potatoes, yellow fleshed, hash brown, shredded, salt added in processing, frozen, unprepared",sr_legacy_food,11,2019-04-01,80.7,2.04,0.07,17.98
168946,"Potatoes, french fried, wedge cut, frozen, unprepared",sr_legacy_food,11,2019-04-01,166.4,2.56,7.47,22.22
168947,"Potatoes, french fried, steak cut, salt not added in processing, frozen, unprepared",sr_legacy_food,11,2019-04-01,137.6,2.4,3.42,24.31
168948,"Potatoes, french fried, cross cut, frozen, unprepared",sr_legacy_food,11,2019-04-01,192.6,2.7,10.0,22.95
168949,"Rice and vermicelli mix, beef flavor, unprepared",sr_legacy_food,22,2019-04-01,358.9,10.84,1.27,76.02
168950,"Rice and vermicelli mix, beef flavor, prepared with 80% margarine",sr_legacy_food,22,2019-04-01,128.2,2.82,3.2,22.03
168951,"Rice and vermicelli mix, rice pilaf flavor, unprepared",sr_legacy_food,22,2019-04-01,359.2,10.42,1.37,76.31
168952,"Rice and vermicelli mix, rice pilaf flavor, prepared with 80% margarine",sr_legacy_food,22,2019-04-01,147.7,2.94,3.7,25.67
168953,"Pasta mix, classic cheeseburger macaroni, unprepared",sr_legacy_food,22,2019-04-01,349.4,11.6,1.88,71.51
168954,"Pasta mix, classic beef, unprepared",sr_legacy_food,22,2019-04-01,354.1,12.32,1.78,72.2
168955,"Pasta mix, Italian lasagna, unprepared",sr_legacy_food,22,2019-04-01,356.4,10.9,1.97,73.77
168956,"Yellow rice with seasoning, dry packet mix, unprepared",sr_legacy_food,22,2019-04-01,342.6,7.02,1.75,74.68
168957,"Pizza rolls, frozen, unprepared",sr_legacy_food,22,2019-04-01,327.6,8.73,9.98,50.72
168958,"Pasta mix, Italian four cheese lasagna, unprepared",sr_legacy_food,22,2019-04-01,355.5,12.53,2.7,70.26
168959,"Spanish rice mix, dry mix, unprepared",sr_legacy_food,22,2019-04-01,362.9,10.62,1.62,76.45
168960,"Lasagna, cheese, frozen, unprepared",sr_legacy_food,22,2019-04-01,144.7,5.06,4.22,21.61
168961,"Chicken, thighs, frozen, breaded, reheated",sr_legacy_food,22,2019-04-01,333.6,18.66,22.45,14.23
168962,"Turnover, meat- and cheese-filled, tomato-based sauce, reduced fat, frozen",sr_legacy_food,22,2019-04-01,215.0,9.45,5.51,31.89
168963,"Turnover, filled with egg, meat and cheese, frozen",sr_legacy_food,22,2019-04-01,227.6,7.87,12.6,20.67
168964,"Rice mix, white and wild, flavored, unprepared",sr_legacy_food,22,2019-04-01,142.2,3.49,2.57,26.28
168965,"Salisbury steak with gravy, frozen",sr_legacy_food,22,2019-04-01,149.3,6.98,10.47,6.78
168966,"Infant Formula, MEAD JOHNSON, ENFAMIL, Newborn, with ARA and DHA, powder",sr_legacy_food,3,2019-04-01,516.2,10.7,27.0,57.6
168967,"Infant Formula, MEAD JOHNSON, ENFAMIL, Premium LIPIL, Infant, powder",sr_legacy_food,3,2019-04-01,514.2,10.8,27.0,57.0
168968,"Infant Formula, MEAD JOHNSON, ENFAMIL, Premium LIPIL, Infant, Liquid concentrate, not reconstituted",sr_legacy_food,3,2019-04-01,130.1,2.73,6.83,14.42
168969,"Infant Formula, MEAD JOHNSON, ENFAMIL, Premium, Infant, Liquid concentrate, not reconstituted",sr_legacy_food,3,2019-04-01,132.1,2.72,7.1,14.34
168970,"Infant formula, MEAD JOHNSON, ENFAMIL, ENFAGROW, GENTLEASE, Toddler transitions, with ARA and DHA, powder",sr_legacy_food,3,2019-04-01,499.6,12.9,26.0,53.5
168971,"Infant formula, ABBOTT NUTRITION, SIMILAC, GO AND GROW, powder, with ARA and DHA",sr_legacy_food,3,2019-04-01,519.1,15.36,27.65,52.2
168972,"Infant formula, GERBER, GOOD START 2 SOY, with iron, powder",sr_legacy_food,3,2019-04-01,502.8,12.5,25.6,55.6
168973,"Infant formula, MEAD JOHNSON, ENFAMIL, NUTRAMIGEN, PurAmino, powder, not reconstituted",sr_legacy_food,3,2019-04-01,512.3,13.9,26.0,55.68
168974,"Infant formula, MEAD JOHNSON, ENFAMIL, Premature, 20 calories ready-to-feed Low iron",sr_legacy_food,3,2019-04-01,66.8,1.97,3.34,7.21
168975,"Babyfood, rice cereal, dry, EARTHS BEST ORGANIC WHOLE GRAIN, fortified only with iron",sr_legacy_food,3,2019-04-01,386.3,7.5,4.9,78.06
168976,"Agutuk, fish/berry with seal oil (Alaskan ice cream) (Alaska Native)",sr_legacy_food,24,2019-04-01,353.4,3.4,31.8,13.4
168977,"Agutuk, meat-caribou (Alaskan ice cream) (Alaska Native)",sr_legacy_food,24,2019-04-01,257.8,21.7,18.6,0.9
168978,Ascidians (tunughnak) (Alaska Native),sr_legacy_food,24,2019-04-01,19.7,3.8,0.5,0.0
168979,"Whale, beluga, flipper, raw (Alaska Native)",sr_legacy_food,24,2019-04-01,271.3,19.0,21.7,0.0
168980,"Whale, beluga, liver, raw (Alaska Native)",sr_legacy_food,24,2019-04-01,116.7,18.4,3.9,2.0
168981,"Oil, beluga, whale (Alaska Native)",sr_legacy_food,24,2019-04-01,900.0,0.0,100.0,0.0
168982,"Blackberries, wild, raw (Alaska Native)",sr_legacy_food,24,2019-04-01,52.4,0.84,1.07,9.84
168983,"Caribou, liver, raw (Alaska Native)",sr_legacy_food,24,2019-04-01,122.3,15.0,3.9,6.8
168984,"Stew/soup, caribou (Alaska Native)",sr_legacy_food,24,2019-04-01,40.7,3.8,0.7,4.8
168985,"Caribou, tongue, raw (Alaska Native)",sr_legacy_food,24,2019-04-01,260.0,13.7,22.8,0.0
168986,"Chiton, leathery, gumboots (Alaska Native)",sr_legacy_food,24,2019-04-01,82.8,17.1,1.6,0.0
168987,"Fish, devilfish, meat (Alaska Native)",sr_legacy_food,24,2019-04-01,94.5,11.7,5.3,0.0
168988,"Fireweed, young leaves, raw (Alaska Native)",sr_legacy_food,24,2019-04-01,44.4,3.0,0.8,6.3
168989,"Fish, herring eggs on giant kelp, Pacific (Alaska Native)",sr_legacy_food,24,2019-04-01,62.8,11.3,0.8,2.6
168990,"Fish, herring eggs, Pacific, dry (Alaska Native)",sr_legacy_food,24,2019-04-01,312.2,60.4,6.6,2.8
168991,"Stew, moose (Alaska Native)",sr_legacy_food,24,2019-04-01,54.9,6.6,0.5,6.0
168992,"Agave, cooked (Southwest)",sr_legacy_food,24,2019-04-01,134.6,0.99,0.29,32.0
168993,"Agave, dried (Southwest)",sr_legacy_food,24,2019-04-01,341.0,1.71,0.69,81.98
168994,"Cattail, Narrow Leaf Shoots (Northern Plains Indians)",sr_legacy_food,24,2019-04-01,25.3,1.18,0.0,5.14
168995,"Lambsquarters, raw (Northern Plains Indians)",sr_legacy_food,24,2019-04-01,47.2,4.21,0.28,6.96
168996,"Prairie Turnips, boiled (Northern Plains Indians)",sr_legacy_food,24,2019-04-01,129.4,1.64,0.32,29.99
168997,"Raspberries, wild (Northern Plains Indians)",sr_legacy_food,24,2019-04-01,62.4,1.12,0.28,13.85
168998,"Rose Hips, wild (Northern Plains Indians)",sr_legacy_food,24,2019-04-01,162.3,1.6,0.34,38.22
168999,"Chokecherries, raw, pitted (Northern Plains Indians)",sr_legacy_food,24,2019-04-01,161.8,3.04,1.69,33.62
169000,"Sea lion, Steller, liver (Alaska Native)",sr_legacy_food,24,2019-04-01,136.6,22.9,5.0,0.0
169001,"Sea lion, Steller, kidney (Alaska Native)",sr_legacy_food,24,2019-04-01,93.3,18.1,1.7,1.4
169002,"Sea lion, Steller, heart (Alaska Native)",sr_legacy_food,24,2019-04-01,101.7,17.0,3.3,1.0
169003,"Sea lion, Steller, meat (Alaska Native)",sr_legacy_food,24,2019-04-01,120.3,25.85,1.88,0.0
169004,"Piki bread, made from blue cornmeal (Hopi)",sr_legacy_food,24,2019-04-01,389.6,9.06,7.16,72.22
169005,"Wocas, tuber, cooked, Oregon, yellow pond lily (Klamath)",sr_legacy_food,24,2019-04-01,34.2,0.69,0.35,7.06
169006,"Stew, pinto bean and hominy, badufsuki (Hopi)",sr_legacy_food,24,2019-04-01,32.1,1.42,0.54,5.38
169007,"Tamales, masa and pork filling (Hopi)",sr_legacy_food,24,2019-04-01,168.2,13.19,4.7,18.28
169008,"APPLEBEE'S, Double Crunch Shrimp",sr_legacy_food,25,2019-04-01,323.2,12.31,18.9,25.96
169009,"APPLEBEE'S, french fries",sr_legacy_food,25,2019-04-01,289.8,3.31,13.17,39.5
169010,"APPLEBEE'S, KRAFT, Macaroni & Cheese, from kid's menu",sr_legacy_food,25,2019-04-01,143.4,5.01,4.34,21.08
169011,"APPLEBEE'S, mozzarella sticks",sr_legacy_food,25,2019-04-01,316.3,14.87,18.37,22.87
169012,"APPLEBEE'S, chicken tenders, from kids' menu",sr_legacy_food,25,2019-04-01,295.8,19.25,16.15,18.36
169013,"T.G.I. FRIDAY'S, chicken fingers, from kids' menu",sr_legacy_food,25,2019-04-01,330.3,18.11,20.78,17.72
169014,"T.G.I. FRIDAY'S, classic sirloin steak (10 oz)",sr_legacy_food,25,2019-04-01,196.4,31.02,7.83,0.47
169015,"Restaurant, family style, fried mozzarella sticks",sr_legacy_food,25,2019-04-01,324.5,14.75,18.33,25.14
169016,"Restaurant, family style, sirloin steak",sr_legacy_food,25,2019-04-01,195.5,29.8,8.48,0.0
169017,"APPLEBEE'S, fish, hand battered",sr_legacy_food,25,2019-04-01,201.8,13.23,9.14,16.65
169018,"APPLEBEE'S, chili",sr_legacy_food,25,2019-04-01,156.6,12.56,9.79,4.57
169019,"T.G.I. FRIDAY'S, chicken fingers",sr_legacy_food,25,2019-04-01,324.9,18.68,20.31,16.84
169020,"APPLEBEE'S, coleslaw",sr_legacy_food,25,2019-04-01,119.6,0.79,7.09,13.17
169021,"CRACKER BARREL, onion rings, thick-cut",sr_legacy_food,25,2019-04-01,326.9,4.78,16.0,40.95
169022,"DENNY'S, chicken strips",sr_legacy_food,25,2019-04-01,295.3,19.17,14.5,22.03
169023,"DENNY'S, coleslaw",sr_legacy_food,25,2019-04-01,182.7,0.97,15.03,10.88
169024,"DENNY'S, fish fillet, battered or breaded, fried",sr_legacy_food,25,2019-04-01,234.1,13.75,12.16,17.41
169025,"DENNY'S, hash browns",sr_legacy_food,25,2019-04-01,197.2,2.49,8.99,26.59
169026,"Restaurant, family style, coleslaw",sr_legacy_food,25,2019-04-01,158.9,0.88,11.78,12.35
169027,"Restaurant, family style, onion rings",sr_legacy_food,25,2019-04-01,356.0,4.89,19.28,40.72
169028,"Restaurant, family style, chili with meat and beans",sr_legacy_food,25,2019-04-01,156.6,12.56,9.79,4.57
169029,"Restaurant, family style, spaghetti and meatballs",sr_legacy_food,25,2019-04-01,170.1,7.84,8.52,15.51
169030,"CARRABBA'S ITALIAN GRILL, lasagne",sr_legacy_food,25,2019-04-01,190.9,10.48,11.06,12.36
169031,"ON THE BORDER, Mexican rice",sr_legacy_food,25,2019-04-01,194.6,3.56,4.86,34.15
169032,"ON THE BORDER, refried beans",sr_legacy_food,25,2019-04-01,144.3,7.3,5.0,17.52
169033,"Restaurant, Italian, spaghetti with pomodoro sauce (no meat)",sr_legacy_food,25,2019-04-01,103.7,3.9,1.89,17.77
169034,"ON THE BORDER, cheese quesadilla",sr_legacy_food,25,2019-04-01,394.0,16.87,25.5,24.25
169035,"Restaurant, Mexican, cheese quesadilla",sr_legacy_food,25,2019-04-01,367.9,15.93,23.08,24.11
169036,"CARRABBA'S ITALIAN GRILL, cheese ravioli with marinara sauce",sr_legacy_food,25,2019-04-01,156.3,7.96,6.0,17.62
169037,"OLIVE GARDEN, cheese ravioli with marinara sauce",sr_legacy_food,25,2019-04-01,158.8,7.44,5.61,19.64
169038,"Restaurant, Italian, cheese ravioli with marinara sauce",sr_legacy_food,25,2019-04-01,153.6,7.07,5.7,18.5
169039,"Cereals ready-to-eat, frosted oat cereal with marshmallows",sr_legacy_food,8,2019-04-01,397.2,7.1,3.33,84.7
169040,"Cereals ready-to-eat, WEETABIX whole grain cereal",sr_legacy_food,8,2019-04-01,397.5,11.43,2.86,81.5
169041,"Cereals ready-to-eat, POST, GREAT GRAINS, Raisin, Date & Pecan",sr_legacy_food,8,2019-04-01,392.7,7.9,7.1,74.3
169042,"Babyfood, juice, apple-sweet potato",sr_legacy_food,3,2019-04-01,47.7,0.3,0.1,11.4
169043,"Babyfood, juice, orange-carrot",sr_legacy_food,3,2019-04-01,42.5,0.5,0.1,9.9
169044,"Beverages, Orange juice drink",sr_legacy_food,14,2019-04-01,54.4,0.2,0.0,13.41
169045,"Gums, seed gums (includes locust bean, guar)",sr_legacy_food,19,2019-04-01,332.1,4.6,0.5,77.3
169046,"Snacks, potato chips, white, restructured, baked",sr_legacy_food,23,2019-04-01,469.4,5.0,18.2,71.4
169047,"Babyfood, baked product, finger snacks cereal fortified",sr_legacy_food,3,2019-04-01,421.4,6.4,9.9,76.68
169048,"Babyfood, cereal, brown rice, dry, instant",sr_legacy_food,3,2019-04-01,405.7,8.7,3.0,85.98
169049,"Babyfood, green beans and turkey, strained",sr_legacy_food,3,2019-04-01,51.3,4.1,1.5,5.35
169050,"Cheese, muenster, low fat",sr_legacy_food,1,2019-04-01,271.2,24.7,17.6,3.5
169051,"Cheese, mozzarella, nonfat",sr_legacy_food,1,2019-04-01,140.8,31.7,0.0,3.5
169052,"Margarine-like, butter-margarine blend, 80% fat, stick, without salt",sr_legacy_food,4,2019-04-01,732.3,0.9,80.7,0.6
169053,"Margarine-like, vegetable oil-butter spread, reduced calorie, tub, with salt",sr_legacy_food,4,2019-04-01,458.0,1.0,50.0,1.0
169054,"Babyfood, dinner, chicken and rice",sr_legacy_food,3,2019-04-01,51.3,1.6,0.9,9.2
169055,"Salad dressing, caesar dressing, regular",sr_legacy_food,4,2019-04-01,542.5,2.17,57.85,3.3
169056,"Salad dressing, coleslaw",sr_legacy_food,4,2019-04-01,403.8,0.85,34.53,22.4
169057,"Salad dressing, green goddess, regular",sr_legacy_food,4,2019-04-01,427.0,1.9,43.33,7.36
169058,"Jams and preserves, no sugar (with sodium saccharin), any flavor",sr_legacy_food,19,2019-04-01,217.6,0.3,0.3,53.42
169059,"Candies, chocolate covered, caramel with nuts",sr_legacy_food,19,2019-04-01,469.7,9.5,21.0,60.67
169060,"Candies, nougat, with almonds",sr_legacy_food,19,2019-04-01,397.9,3.33,1.67,92.39
169061,"Candies, gum drops, no sugar or low calorie (sorbitol)",sr_legacy_food,19,2019-04-01,354.2,0.0,0.2,88.1
169062,"Pie fillings, cherry, low calorie",sr_legacy_food,19,2019-04-01,52.6,0.82,0.16,11.98
169063,"Breakfast bars, oats, sugar, raisins, coconut (include granola bar)",sr_legacy_food,23,2019-04-01,464.4,9.8,17.6,66.7
169064,"Pretzels, soft",sr_legacy_food,23,2019-04-01,338.3,8.2,3.1,69.39
169065,"Beans, chili, barbecue, ranch style, cooked",sr_legacy_food,16,2019-04-01,96.6,5.0,1.0,16.9
169066,"Luncheon slices, meatless",sr_legacy_food,16,2019-04-01,188.9,17.78,11.11,4.44
169067,"Meatballs, meatless",sr_legacy_food,16,2019-04-01,197.0,21.0,9.0,8.0
169068,Vegetarian fillets,sr_legacy_food,16,2019-04-01,290.0,23.0,18.0,9.0
169069,"Sandwich spread, meatless",sr_legacy_food,16,2019-04-01,149.0,8.0,9.0,9.0
169070,"Alcoholic beverage, wine, cooking",sr_legacy_food,14,2019-04-01,27.2,0.5,0.0,6.3
169071,"Alcoholic beverage, wine, light",sr_legacy_food,14,2019-04-01,5.0,0.07,0.0,1.17
169072,"Sweeteners, tabletop, saccharin (sodium saccharin)",sr_legacy_food,19,2019-04-01,360.2,0.94,0.0,89.11
169073,"Beverage, instant breakfast powder, chocolate, not reconstituted",sr_legacy_food,1,2019-04-01,357.0,19.9,1.4,66.2
169074,"Tomato sauce, canned, no salt added",sr_legacy_food,11,2019-04-01,28.7,1.2,0.3,5.31
169075,"Cereals ready-to-eat, ALPEN",sr_legacy_food,8,2019-04-01,377.3,11.2,3.3,75.7
169076,"Cereals ready-to-eat, FAMILIA",sr_legacy_food,8,2019-04-01,389.9,9.5,6.3,73.8
169077,"Cereals ready-to-eat, wheat and bran, presweetened with nuts and fruits",sr_legacy_food,8,2019-04-01,383.6,7.1,5.6,76.2
169078,"Cheese, cottage, with vegetables",sr_legacy_food,1,2019-04-01,93.4,10.9,4.2,3.0
169079,"Cheese, cream, low fat",sr_legacy_food,1,2019-04-01,208.4,7.85,16.67,6.73
169080,"Cheese, pasteurized process, American, low fat",sr_legacy_food,1,2019-04-01,175.4,24.6,7.0,3.5
169081,"Cheese spread, cream cheese base",sr_legacy_food,1,2019-04-01,299.8,7.1,28.6,3.5
169082,"Pork, oriental style, dehydrated",sr_legacy_food,10,2019-04-01,614.4,11.8,62.4,1.4
169083,"Soybean, curd cheese",sr_legacy_food,16,2019-04-01,150.5,12.5,8.1,6.9
169084,"Potatoes, canned, drained solids, no salt added",sr_legacy_food,11,2019-04-01,61.8,1.4,0.2,13.6
169085,"Vegetables, mixed (corn, lima beans, peas, green beans, carrots) canned, no salt added",sr_legacy_food,11,2019-04-01,36.6,1.4,0.2,7.31
169086,"Litchis, raw",sr_legacy_food,9,2019-04-01,73.4,0.83,0.44,16.53
169087,"Litchis, dried",sr_legacy_food,9,2019-04-01,308.8,3.8,1.2,70.7
169088,"Loganberries, frozen",sr_legacy_food,9,2019-04-01,61.0,1.52,0.31,13.02
169089,"Longans, raw",sr_legacy_food,9,2019-04-01,66.7,1.31,0.1,15.14
169090,"Mangosteen, canned, syrup pack",sr_legacy_food,9,2019-04-01,78.5,0.41,0.58,17.91
169091,"Mango, dried, sweetened",sr_legacy_food,9,2019-04-01,334.7,2.45,1.18,78.58
169092,"Melons, cantaloupe, raw",sr_legacy_food,9,2019-04-01,37.7,0.84,0.19,8.16
169093,"Melons, casaba, raw",sr_legacy_food,9,2019-04-01,31.7,1.11,0.1,6.58
169094,"Olives, ripe, canned (small-extra large)",sr_legacy_food,9,2019-04-01,125.6,0.84,10.9,6.04
169095,"Olives, ripe, canned (jumbo-super colossal)",sr_legacy_food,9,2019-04-01,88.1,0.97,6.87,5.61
169096,"Olives, pickled, canned or bottled, green",sr_legacy_food,9,2019-04-01,157.4,1.03,15.32,3.84
169097,"Oranges, raw, all commercial varieties",sr_legacy_food,9,2019-04-01,51.8,0.94,0.12,11.75
169098,"Orange juice, raw (Includes foods for USDA's Food Distribution Program)",sr_legacy_food,9,2019-04-01,46.2,0.7,0.2,10.4
169099,"Orange juice, canned, unsweetened",sr_legacy_food,9,2019-04-01,48.1,0.68,0.15,11.01
169100,"Orange juice, chilled, includes from concentrate",sr_legacy_food,9,2019-04-01,50.0,0.68,0.12,11.54
169101,"Orange juice, chilled, includes from concentrate, with added calcium and vitamin D",sr_legacy_food,9,2019-04-01,48.9,0.68,0.12,11.27
169102,"Orange juice, frozen concentrate, unsweetened, diluted with 3 volume water",sr_legacy_food,9,2019-04-01,38.1,0.6,0.06,8.8
169103,"Orange peel, raw",sr_legacy_food,9,2019-04-01,107.8,1.5,0.2,25.0
169104,"Orange-grapefruit juice, canned or bottled, unsweetened",sr_legacy_food,9,2019-04-01,44.4,0.6,0.1,10.28
169105,"Tangerines, (mandarin oranges), raw",sr_legacy_food,9,2019-04-01,59.4,0.81,0.31,13.34
169106,"Tangerines, (mandarin oranges), canned, juice pack",sr_legacy_food,9,2019-04-01,41.0,0.62,0.03,9.57
169107,"Papaya nectar, canned",sr_legacy_food,9,2019-04-01,60.1,0.17,0.15,14.51
169108,"Passion-fruit, (granadilla), purple, raw",sr_legacy_food,9,2019-04-01,108.6,2.2,0.7,23.38
169109,"Passion-fruit juice, purple, raw",sr_legacy_food,9,2019-04-01,56.4,0.39,0.05,13.6
169110,"Passion-fruit juice, yellow, raw",sr_legacy_food,9,2019-04-01,62.1,0.67,0.18,14.45
169111,"Peaches, canned, light syrup pack, solids and liquids",sr_legacy_food,9,2019-04-01,60.3,0.45,0.03,14.55
169112,"Peaches, canned, heavy syrup pack, solids and liquids",sr_legacy_food,9,2019-04-01,82.5,0.45,0.1,19.94
169113,"Peaches, canned, extra heavy syrup pack, solids and liquids",sr_legacy_food,9,2019-04-01,106.4,0.47,0.03,26.06
169114,"Peaches, spiced, canned, heavy syrup pack, solids and liquids",sr_legacy_food,9,2019-04-01,82.9,0.41,0.1,20.08
169115,"Peaches, dried, sulfured, stewed, with added sugar",sr_legacy_food,9,2019-04-01,112.6,1.06,0.22,26.6
169116,"Peaches, frozen, sliced, sweetened",sr_legacy_food,9,2019-04-01,99.6,0.63,0.13,23.98
169117,"Peach nectar, canned, with sucralose, without added ascorbic acid",sr_legacy_food,9,2019-04-01,52.0,0.1,0.57,11.61
169118,"Pears, raw",sr_legacy_food,9,2019-04-01,63.6,0.36,0.14,15.23
169119,"Pears, canned, water pack, solids and liquids",sr_legacy_food,9,2019-04-01,32.3,0.19,0.03,7.81
169120,"Pears, canned, extra heavy syrup pack, solids and liquids",sr_legacy_food,9,2019-04-01,102.9,0.19,0.13,25.25
169121,"Pears, dried, sulfured, uncooked",sr_legacy_food,9,2019-04-01,292.0,1.87,0.63,69.7
169122,"Pears, dried, sulfured, stewed, without added sugar",sr_legacy_food,9,2019-04-01,141.7,0.91,0.31,33.81
169123,"Pears, dried, sulfured, stewed, with added sugar",sr_legacy_food,9,2019-04-01,154.6,0.86,0.29,37.14
169124,"Pineapple, raw, all varieties",sr_legacy_food,9,2019-04-01,55.7,0.54,0.12,13.12
169125,"Pineapple, canned, water pack, solids and liquids",sr_legacy_food,9,2019-04-01,35.7,0.43,0.09,8.3
169126,"Pineapple, canned, juice pack, solids and liquids",sr_legacy_food,9,2019-04-01,65.2,0.42,0.08,15.7
169127,"Pineapple, canned, light syrup pack, solids and liquids",sr_legacy_food,9,2019-04-01,56.3,0.36,0.12,13.45
169128,"Pineapple juice, frozen concentrate, unsweetened, diluted with 3 volume water",sr_legacy_food,9,2019-04-01,52.6,0.4,0.03,12.67
169129,"Pitanga, (surinam-cherry), raw",sr_legacy_food,9,2019-04-01,36.8,0.8,0.4,7.49
169130,"Plantains, yellow, raw",sr_legacy_food,9,2019-04-01,135.9,1.3,0.35,31.89
169131,"Plantains, yellow, baked",sr_legacy_food,9,2019-04-01,173.0,1.52,0.16,41.37
169132,"Plums, canned, purple, heavy syrup pack, solids and liquids",sr_legacy_food,9,2019-04-01,95.3,0.36,0.1,23.24
169133,"Plums, canned, purple, extra heavy syrup pack, solids and liquids",sr_legacy_food,9,2019-04-01,107.6,0.36,0.1,26.31
169134,"Pomegranates, raw",sr_legacy_food,9,2019-04-01,92.0,1.67,1.17,18.7
169135,"Lima beans, immature seeds, cooked, boiled, drained, without salt",sr_legacy_food,11,2019-04-01,124.7,6.81,0.32,23.64
169136,"Lima beans, immature seeds, canned, regular pack, solids and liquids",sr_legacy_food,11,2019-04-01,72.2,4.07,0.29,13.33
169137,"Mung beans, mature seeds, sprouted, cooked, boiled, drained, without salt",sr_legacy_food,11,2019-04-01,25.7,2.03,0.09,4.19
169138,"Mung beans, mature seeds, sprouted, cooked, stir-fried",sr_legacy_food,11,2019-04-01,61.4,4.3,0.21,10.59
169139,"Beans, navy, mature seeds, sprouted, raw",sr_legacy_food,11,2019-04-01,83.1,6.15,0.7,13.05
169140,"Beans, navy, mature seeds, sprouted, cooked, boiled, drained, without salt",sr_legacy_food,11,2019-04-01,95.6,7.07,0.81,15.01
169141,"Beans, snap, green, cooked, boiled, drained, without salt",sr_legacy_food,11,2019-04-01,41.6,1.89,0.28,7.88
169142,"Beans, snap, green, canned, regular pack, solids and liquids",sr_legacy_food,11,2019-04-01,17.5,0.72,0.17,3.27
169143,"Beans, snap, green, canned, regular pack, drained solids",sr_legacy_food,11,2019-04-01,24.7,1.05,0.41,4.19
169144,"Beans, snap, canned, all styles, seasoned, solids and liquids",sr_legacy_food,11,2019-04-01,19.1,0.83,0.2,3.49
169145,"Beets, raw",sr_legacy_food,11,2019-04-01,46.2,1.61,0.17,9.56
169146,"Beets, cooked, boiled, drained",sr_legacy_food,11,2019-04-01,48.2,1.68,0.18,9.96
169147,"Beets, canned, regular pack, solids and liquids",sr_legacy_food,11,2019-04-01,32.3,0.73,0.09,7.14
169148,"Pork, cured, ham -- water added, whole, boneless, separable lean only, heated, roasted",sr_legacy_food,10,2019-04-01,117.8,17.99,4.39,1.57
169149,"Pork, cured, ham -- water added, whole, boneless, separable lean only, unheated",sr_legacy_food,10,2019-04-01,110.9,17.34,3.97,1.45
169150,"Pork, cured, ham and water product, shank, bone-in, separable lean only, heated, roasted",sr_legacy_food,10,2019-04-01,131.8,21.69,4.45,1.26
169151,"Pork, cured, ham -- water added, slice, bone-in, separable lean only, unheated",sr_legacy_food,10,2019-04-01,95.0,17.38,2.29,1.23
169152,"Pork, cured, ham and water product, rump, bone-in, separable lean only, unheated",sr_legacy_food,10,2019-04-01,107.1,17.93,3.38,1.24
169153,"Pork, cured, ham and water product, slice, bone-in, separable lean only, unheated",sr_legacy_food,10,2019-04-01,103.2,14.47,3.78,2.82
169154,"Pork, cured, ham and water product, shank, bone-in, unheated, separable lean only",sr_legacy_food,10,2019-04-01,112.5,17.53,4.18,1.2
169155,"Pork, cured, ham, separable fat, boneless, heated",sr_legacy_food,10,2019-04-01,507.2,8.77,51.57,2.0
169156,"Pork, cured, ham, separable fat, boneless, unheated",sr_legacy_food,10,2019-04-01,514.5,7.5,53.0,1.87
169157,"Pork, pickled pork hocks",sr_legacy_food,10,2019-04-01,171.3,19.11,10.54,0.0
169158,"Pork, cured, ham, slice, bone-in, separable lean only, heated, pan-broil",sr_legacy_food,10,2019-04-01,148.5,27.18,4.09,0.74
169159,"Pork, cured, ham with natural juices, whole, boneless, separable lean and fat, unheated",sr_legacy_food,10,2019-04-01,112.5,19.38,3.43,1.02
169160,"Pork, cured, ham and water product, whole, boneless, separable lean and fat, unheated",sr_legacy_food,10,2019-04-01,118.0,14.05,4.99,4.21
169161,"Pork, cured, ham and water product, slice, bone-in, separable lean and fat, unheated",sr_legacy_food,10,2019-04-01,149.2,13.69,9.29,2.72
169162,"Pork, cured, ham and water product, shank, bone-in, separable lean and fat, unheated",sr_legacy_food,10,2019-04-01,242.8,14.28,20.0,1.42
169163,"Pork, cured, ham and water product, rump, bone-in, separable lean and fat, unheated",sr_legacy_food,10,2019-04-01,178.9,16.09,12.13,1.35
169164,"Pork, cured, ham -- water added, rump, bone-in, separable lean and fat, heated, roasted",sr_legacy_food,10,2019-04-01,161.4,20.1,8.56,0.99
169165,"Pork, cured, ham -- water added, shank, bone-in, separable lean and fat, heated, roasted",sr_legacy_food,10,2019-04-01,200.2,18.62,13.37,1.35
169166,"Pork, cured, ham -- water added, slice, bone-in, separable lean and fat, heated, pan-broil",sr_legacy_food,10,2019-04-01,167.9,20.8,8.73,1.54
169167,"Pork, cured, ham -- water added, slice, boneless, separable lean and fat, heated, pan-broil",sr_legacy_food,10,2019-04-01,126.8,18.62,5.05,1.72
169168,"Pork, cured, ham and water product, slice, boneless, separable lean and fat, heated, pan-broil",sr_legacy_food,10,2019-04-01,125.3,15.08,5.13,4.69
169169,"Pork, cured, ham and water product, whole, boneless, separable lean and fat, heated, roasted",sr_legacy_food,10,2019-04-01,123.1,13.88,5.46,4.61
169170,"Pork, cured, ham with natural juices, rump, bone-in, separable lean and fat, heated, roasted",sr_legacy_food,10,2019-04-01,176.8,22.47,9.39,0.6
169171,"Pork, cured, ham with natural juices, shank, bone-in, separable lean and fat, heated, roasted",sr_legacy_food,10,2019-04-01,191.2,22.88,10.93,0.33
169172,"Pork, cured, ham with natural juices, slice, bone-in, separable lean and fat, heated, pan-broil",sr_legacy_food,10,2019-04-01,179.9,26.18,8.28,0.17
169173,"Pork, cured, ham, rump, bone-in, separable lean only, heated, roasted",sr_legacy_food,10,2019-04-01,134.4,26.02,3.07,0.68
169174,"Pork, cured, ham, rump, bone-in, separable lean only, unheated",sr_legacy_food,10,2019-04-01,125.4,24.46,2.92,0.32
169175,"Pork, cured, ham, shank, bone-in, separable lean only, heated, roasted",sr_legacy_food,10,2019-04-01,141.8,26.49,3.68,0.68
169176,"Pork, cured, ham, shank, bone-in, separable lean only, unheated",sr_legacy_food,10,2019-04-01,124.6,23.79,3.19,0.18
169177,"Pork, cured, ham, slice, bone-in, separable lean and fat, unheated",sr_legacy_food,10,2019-04-01,173.2,22.45,9.17,0.21
169178,"Pork, fresh, spareribs, separable lean and fat, cooked, roasted",sr_legacy_food,10,2019-04-01,361.3,20.89,30.86,0.0
169179,"Pork, fresh, composite of separable fat, with added solution, raw",sr_legacy_food,10,2019-04-01,508.0,9.27,52.33,0.0
169180,"Pork, fresh, loin, tenderloin, separable lean only, with added solution, cooked, roasted",sr_legacy_food,10,2019-04-01,116.0,21.61,3.15,0.31
169181,"Pork, fresh, loin, top loin (chops), boneless, separable lean only, with added solution, raw",sr_legacy_food,10,2019-04-01,116.6,21.09,3.48,0.22
169182,"Pork, fresh, loin, top loin (chops), boneless, separable lean and fat, with added solution, raw",sr_legacy_food,10,2019-04-01,170.1,19.45,10.26,0.0
169183,"Pork, fresh, loin, top loin (chops), boneless, separable lean and fat, with added solution, cooked, broiled",sr_legacy_food,10,2019-04-01,198.2,28.33,9.42,0.02
169184,"Pork, fresh, loin, tenderloin, separable lean and fat, with added solution, raw",sr_legacy_food,10,2019-04-01,108.9,20.16,3.14,0.0
169185,"Pork, fresh, loin, tenderloin, separable lean and fat, with added solution, cooked, roasted",sr_legacy_food,10,2019-04-01,120.5,21.5,3.7,0.31
169186,"Pork, Leg Cap Steak, boneless, separable lean and fat, raw",sr_legacy_food,10,2019-04-01,117.1,21.64,3.39,0.0
169187,"Pork, Shoulder breast, boneless, separable lean and fat, raw",sr_legacy_food,10,2019-04-01,120.8,22.54,3.4,0.0
169188,"Pork, Shoulder breast, boneless, separable lean and fat, cooked, broiled",sr_legacy_food,10,2019-04-01,154.3,28.47,4.49,0.0
169189,"Pork, shoulder, petite tender, boneless, separable lean and fat, cooked, broiled",sr_legacy_food,10,2019-04-01,148.0,27.47,4.23,0.0
169190,"Pork, ground, 96% lean / 4% fat, raw",sr_legacy_food,10,2019-04-01,121.2,21.1,4.0,0.21
169191,"Pork, ground, 72% lean / 28% fat, cooked, crumbles",sr_legacy_food,10,2019-04-01,393.2,22.83,32.93,1.39
169192,"Pork, ground, 84% lean / 16% fat, cooked, crumbles",sr_legacy_food,10,2019-04-01,289.4,26.69,20.04,0.58
169193,"Pork, ground, 96% lean / 4% fat, cooked, crumbles",sr_legacy_food,10,2019-04-01,186.6,30.55,7.15,0.0
169194,"Pork, fresh, loin, blade (chops or roasts), boneless, separable lean only, raw",sr_legacy_food,10,2019-04-01,122.7,21.35,3.78,0.82
169195,"Pork, fresh, loin, blade (roasts), boneless, separable lean only, cooked, roasted",sr_legacy_food,10,2019-04-01,174.6,27.58,7.14,0.0
169196,"Pork, fresh, loin, blade (chops), boneless, separable lean only, boneless, cooked, broiled",sr_legacy_food,10,2019-04-01,168.8,26.14,6.74,0.89
169197,"Pork, fresh, loin, country-style ribs, separable lean only, boneless, cooked, broiled",sr_legacy_food,10,2019-04-01,216.2,27.83,11.65,0.0
169198,"Pork, fresh, loin, blade (roasts), boneless, separable lean and fat, cooked, roasted",sr_legacy_food,10,2019-04-01,198.8,26.48,10.32,0.0
169199,"Pork, fresh, loin, country-style ribs, separable lean and fat, boneless, cooked, broiled",sr_legacy_food,10,2019-04-01,246.7,26.28,15.73,0.0
169200,"Pork, fresh, loin, country-style ribs, separable lean and fat, bone-in, cooked, broiled",sr_legacy_food,10,2019-04-01,260.4,25.58,17.56,0.0
169201,"Pork, fresh, loin, country-style ribs, separable lean and fat, boneless, cooked, roasted",sr_legacy_food,10,2019-04-01,270.4,26.4,18.31,0.0
169202,"Amaranth leaves, cooked, boiled, drained, without salt",sr_legacy_food,11,2019-04-01,26.5,2.11,0.18,4.11
169203,"Arrowhead, raw",sr_legacy_food,11,2019-04-01,104.8,5.33,0.29,20.23
169204,"Arrowhead, cooked, boiled, drained, without salt",sr_legacy_food,11,2019-04-01,83.4,4.49,0.1,16.14
169205,"Artichokes, (globe or french), raw",sr_legacy_food,11,2019-04-01,56.5,3.27,0.15,10.51
169206,"Asparagus, canned, regular pack, solids and liquids",sr_legacy_food,11,2019-04-01,18.7,1.8,0.18,2.48
169207,"Asparagus, canned, drained solids",sr_legacy_food,11,2019-04-01,24.2,2.14,0.65,2.46
169208,"Asparagus, frozen, unprepared",sr_legacy_food,11,2019-04-01,31.4,3.23,0.23,4.1
169209,"Asparagus, frozen, cooked, boiled, drained, without salt",sr_legacy_food,11,2019-04-01,23.3,2.95,0.42,1.92
169210,"Bamboo shoots, raw",sr_legacy_food,11,2019-04-01,33.9,2.6,0.3,5.2
169211,"Bamboo shoots, cooked, boiled, drained, without salt",sr_legacy_food,11,2019-04-01,15.8,1.53,0.22,1.92
169212,"Bamboo shoots, canned, drained solids",sr_legacy_food,11,2019-04-01,23.4,1.72,0.4,3.22
169213,"Beans, kidney, mature seeds, sprouted, raw",sr_legacy_food,11,2019-04-01,37.7,4.2,0.5,4.1
169214,"Corn, sweet, yellow, canned, whole kernel, drained solids",sr_legacy_food,11,2019-04-01,77.5,2.29,1.22,14.34
169215,"Corn, sweet, yellow, canned, cream style, regular pack",sr_legacy_food,11,2019-04-01,83.3,1.74,0.42,18.13
169216,"Corn, sweet, yellow, canned, vacuum pack, regular pack",sr_legacy_food,11,2019-04-01,91.9,2.41,0.5,19.44
169217,"Corn, yellow, whole kernel, frozen, microwaved",sr_legacy_food,11,2019-04-01,130.7,3.62,1.42,25.87
169218,"Corn with red and green peppers, canned, solids and liquids",sr_legacy_food,11,2019-04-01,87.0,2.33,0.55,18.17
169219,"Cornsalad, raw",sr_legacy_food,11,2019-04-01,26.0,2.0,0.4,3.6
169220,"Cowpeas (blackeyes), immature seeds, raw",sr_legacy_food,11,2019-04-01,90.3,2.95,0.35,18.83
169221,"Cowpeas, young pods with seeds, cooked, boiled, drained, without salt",sr_legacy_food,11,2019-04-01,41.1,2.6,0.3,7.0
169222,"Yardlong bean, raw",sr_legacy_food,11,2019-04-01,48.2,2.8,0.4,8.35
169223,"Yardlong bean, cooked, boiled, drained, without salt",sr_legacy_food,11,2019-04-01,47.7,2.53,0.1,9.18
169224,"Cowpeas, leafy tips, raw",sr_legacy_food,11,2019-04-01,37.9,4.1,0.25,4.82
169225,"Cucumber, peeled, raw",sr_legacy_food,11,2019-04-01,12.4,0.59,0.16,2.16
169226,"Dandelion greens, raw",sr_legacy_food,11,2019-04-01,53.9,2.7,0.7,9.2
169227,"Dandelion greens, cooked, boiled, drained, without salt",sr_legacy_food,11,2019-04-01,39.0,2.0,0.6,6.4
169228,"Eggplant, raw",sr_legacy_food,11,2019-04-01,29.1,0.98,0.18,5.88
169229,"Eggplant, cooked, boiled, drained, without salt",sr_legacy_food,11,2019-04-01,40.3,0.83,0.23,8.73
169230,"Garlic, raw",sr_legacy_food,11,2019-04-01,162.2,6.36,0.5,33.06
169231,"Ginger root, raw",sr_legacy_food,11,2019-04-01,85.1,1.82,0.75,17.77
169232,"Gourd, white-flowered (calabash), raw",sr_legacy_food,11,2019-04-01,16.2,0.62,0.02,3.39
169233,"Gourd, white-flowered (calabash), cooked, boiled, drained, without salt",sr_legacy_food,11,2019-04-01,17.3,0.6,0.02,3.69
169234,"Hyacinth-beans, immature seeds, raw",sr_legacy_food,11,2019-04-01,47.0,2.1,0.2,9.19
169235,"Hyacinth-beans, immature seeds, cooked, boiled, drained, without salt",sr_legacy_food,11,2019-04-01,51.0,2.95,0.27,9.2
169236,"Jerusalem-artichokes, raw",sr_legacy_food,11,2019-04-01,77.9,2.0,0.01,17.44
169237,"Jew's ear, (pepeao), raw",sr_legacy_food,11,2019-04-01,29.3,0.48,0.04,6.75
169238,"Kale, cooked, boiled, drained, without salt",sr_legacy_food,11,2019-04-01,43.8,2.94,1.21,5.3
169239,"Kale, frozen, unprepared",sr_legacy_food,11,2019-04-01,34.3,2.66,0.46,4.88
169240,"Kale, frozen, cooked, boiled, drained, without salt",sr_legacy_food,11,2019-04-01,43.8,2.94,1.21,5.3
169241,"Kanpyo, (dried gourd strips)",sr_legacy_food,11,2019-04-01,299.5,8.58,0.56,65.03
169242,"Mushrooms, shiitake, raw",sr_legacy_food,11,2019-04-01,40.5,2.24,0.49,6.79
169243,"Mushrooms, portabella, grilled",sr_legacy_food,11,2019-04-01,36.1,3.28,0.58,4.44
169244,"Lambsquarters, raw",sr_legacy_food,11,2019-04-01,53.2,4.2,0.8,7.3
169245,"Lambsquarters, cooked, boiled, drained, without salt",sr_legacy_food,11,2019-04-01,39.1,3.2,0.7,5.0
169246,"Leeks, (bulb and lower leaf-portion), raw",sr_legacy_food,11,2019-04-01,65.3,1.5,0.3,14.15
169247,"Lettuce, cos or romaine, raw",sr_legacy_food,11,2019-04-01,20.8,1.23,0.3,3.29
169248,"Lettuce, iceberg (includes crisphead types), raw",sr_legacy_food,11,2019-04-01,16.7,0.9,0.14,2.97
169249,"Lettuce, green leaf, raw",sr_legacy_food,11,2019-04-01,18.3,1.36,0.15,2.87
169250,"Lotus root, raw",sr_legacy_food,11,2019-04-01,80.2,2.6,0.1,17.23
169251,"Mushrooms, white, raw",sr_legacy_food,11,2019-04-01,28.5,3.09,0.34,3.26
169252,"Mushrooms, white, cooked, boiled, drained, without salt",sr_legacy_food,11,2019-04-01,34.1,2.17,0.47,5.29
169253,"Mushrooms, white, stir-fried",sr_legacy_food,11,2019-04-01,33.4,3.58,0.33,4.04
169254,"Mushrooms, canned, drained solids",sr_legacy_food,11,2019-04-01,30.4,1.87,0.29,5.09
169255,"Mushrooms, portabella, raw",sr_legacy_food,11,2019-04-01,27.1,2.11,0.35,3.87
169256,"Mustard greens, raw",sr_legacy_food,11,2019-04-01,33.9,2.86,0.42,4.67
169257,"Mustard greens, cooked, boiled, drained, without salt",sr_legacy_food,11,2019-04-01,32.5,2.56,0.47,4.51
169258,"Mustard greens, frozen, unprepared",sr_legacy_food,11,2019-04-01,26.0,2.49,0.27,3.41
169259,"Mustard greens, frozen, cooked, boiled, drained, without salt",sr_legacy_food,11,2019-04-01,23.8,2.27,0.25,3.11
169260,"Okra, raw",sr_legacy_food,11,2019-04-01,39.2,1.93,0.19,7.45
169261,"Okra, cooked, boiled, drained, without salt",sr_legacy_food,11,2019-04-01,27.4,1.87,0.21,4.51
169262,"Okra, frozen, unprepared",sr_legacy_food,11,2019-04-01,35.5,1.69,0.25,6.63
169263,"Okra, frozen, cooked, boiled, drained, without salt",sr_legacy_food,11,2019-04-01,34.3,1.63,0.24,6.41
169264,"Potatoes, french fried, all types, salt added in processing, frozen, home-prepared, oven heated",sr_legacy_food,11,2019-04-01,162.5,2.75,5.48,25.55
169265,"Potatoes, french fried, cottage-cut, salt not added in processing, frozen, as purchased",sr_legacy_food,11,2019-04-01,157.6,2.42,5.78,23.98
169266,"Potatoes, french fried, cottage-cut, salt not added in processing, frozen, oven-heated",sr_legacy_food,11,2019-04-01,223.7,3.44,8.2,34.03
169267,"Potatoes, frozen, french fried, par fried, extruded, unprepared",sr_legacy_food,11,2019-04-01,266.5,2.83,14.95,30.15
169268,"Potatoes, frozen, french fried, par fried, extruded, prepared, heated in oven, without salt",sr_legacy_food,11,2019-04-01,341.3,3.55,18.71,39.68
169269,"Potato salad, home-prepared",sr_legacy_food,11,2019-04-01,129.2,2.68,8.2,11.17
169270,"Pumpkin flowers, raw",sr_legacy_food,11,2019-04-01,17.9,1.03,0.07,3.28
169271,"Pumpkin flowers, cooked, boiled, drained, without salt",sr_legacy_food,11,2019-04-01,18.3,1.09,0.08,3.3
169272,"Pumpkin leaves, raw",sr_legacy_food,11,2019-04-01,25.5,3.15,0.4,2.33
169273,"Pumpkin pie mix, canned",sr_legacy_food,11,2019-04-01,111.1,1.09,0.13,26.39
169274,"Purslane, raw",sr_legacy_food,11,2019-04-01,24.9,2.03,0.36,3.39
169275,"Purslane, cooked, boiled, drained, without salt",sr_legacy_food,11,2019-04-01,21.9,1.49,0.19,3.55
169276,"Radishes, raw",sr_legacy_food,11,2019-04-01,17.2,0.68,0.1,3.4
169277,"Salsify, (vegetable oyster), raw",sr_legacy_food,11,2019-04-01,89.4,3.3,0.2,18.6
169278,"Salsify, cooked, boiled, drained, without salt",sr_legacy_food,11,2019-04-01,73.9,2.73,0.17,15.36
169279,"Sauerkraut, canned, solids and liquids",sr_legacy_food,11,2019-04-01,22.0,0.91,0.14,4.28
169280,"Seaweed, agar, raw",sr_legacy_food,11,2019-04-01,29.4,0.54,0.03,6.75
169281,"Sesbania flower, cooked, steamed, without salt",sr_legacy_food,11,2019-04-01,25.9,1.14,0.05,5.23
169282,"Soybeans, green, raw",sr_legacy_food,11,2019-04-01,157.2,12.95,6.8,11.05
169283,"Soybeans, green, cooked, boiled, drained, without salt",sr_legacy_food,11,2019-04-01,151.2,12.35,6.4,11.05
169284,"Soybeans, mature seeds, sprouted, raw",sr_legacy_food,11,2019-04-01,150.9,13.09,6.7,9.57
169285,"Spinach, canned, regular pack, solids and liquids",sr_legacy_food,11,2019-04-01,23.4,2.11,0.37,2.92
169286,"Spinach, canned, regular pack, drained solids",sr_legacy_food,11,2019-04-01,29.3,2.81,0.5,3.4
169287,"Spinach, frozen, chopped or leaf, unprepared (Includes foods for USDA's Food Distribution Program)",sr_legacy_food,11,2019-04-01,36.5,3.63,0.57,4.21
169288,"Spinach, frozen, chopped or leaf, cooked, boiled, drained, without salt",sr_legacy_food,11,2019-04-01,43.1,4.01,0.87,4.8
169289,"Squash, summer, scallop, raw",sr_legacy_food,11,2019-04-01,22.0,1.2,0.2,3.84
169290,"Squash, summer, scallop, cooked, boiled, drained, without salt",sr_legacy_food,11,2019-04-01,18.8,1.03,0.17,3.3
169291,"Squash, summer, zucchini, includes skin, raw",sr_legacy_food,11,2019-04-01,20.2,1.21,0.32,3.11
169292,"Squash, summer, zucchini, includes skin, cooked, boiled, drained, without salt",sr_legacy_food,11,2019-04-01,18.6,1.14,0.36,2.69
169293,"Squash, winter, acorn, cooked, baked, without salt",sr_legacy_food,11,2019-04-01,64.1,1.12,0.14,14.58
169294,"Squash, winter, acorn, cooked, boiled, mashed, without salt",sr_legacy_food,11,2019-04-01,38.6,0.67,0.08,8.79
169295,"Squash, winter, butternut, raw",sr_legacy_food,11,2019-04-01,51.7,1.0,0.1,11.69
169296,"Squash, winter, butternut, cooked, baked, without salt",sr_legacy_food,11,2019-04-01,46.4,0.9,0.09,10.49
169297,"Squash, winter, hubbard, cooked, boiled, mashed, without salt",sr_legacy_food,11,2019-04-01,35.1,1.48,0.37,6.46
169298,"Squash, winter, spaghetti, raw",sr_legacy_food,11,2019-04-01,35.3,0.64,0.57,6.91
169299,"Squash, winter, spaghetti, cooked, boiled, drained, or baked, without salt",sr_legacy_food,11,2019-04-01,30.8,0.66,0.26,6.46
169300,"Succotash, (corn and limas), raw",sr_legacy_food,11,2019-04-01,107.7,5.03,1.02,19.59
169301,"Water convolvulus,raw",sr_legacy_food,11,2019-04-01,24.7,2.6,0.2,3.13
169302,"Water convolvulus, cooked, boiled, drained, without salt",sr_legacy_food,11,2019-04-01,25.3,2.08,0.24,3.7
169303,"Sweet potato leaves, raw",sr_legacy_food,11,2019-04-01,49.8,2.49,0.51,8.82
169304,"Sweet potato leaves, cooked, steamed, without salt",sr_legacy_food,11,2019-04-01,41.3,2.18,0.34,7.38
169305,"Sweet potato, canned, mashed",sr_legacy_food,11,2019-04-01,102.5,1.98,0.2,23.19
169306,"Sweet potato, frozen, unprepared (Includes foods for USDA's Food Distribution Program)",sr_legacy_food,11,2019-04-01,97.3,1.71,0.18,22.22
169307,"Sweet potato, frozen, cooked, baked, without salt",sr_legacy_food,11,2019-04-01,101.5,1.71,0.12,23.4
169308,"Taro, raw",sr_legacy_food,11,2019-04-01,113.6,1.5,0.2,26.46
169309,"Taro shoots, cooked, without salt",sr_legacy_food,11,2019-04-01,16.4,0.73,0.08,3.2
169310,"Taro, tahitian, raw",sr_legacy_food,11,2019-04-01,47.5,2.79,0.97,6.91
169311,"Artichokes, (globe or french), cooked, boiled, drained, with salt",sr_legacy_food,11,2019-04-01,60.2,2.89,0.34,11.39
169312,"Artichokes, (globe or french), frozen, cooked, boiled, drained, with salt",sr_legacy_food,11,2019-04-01,53.7,3.11,0.5,9.18
169313,"Asparagus, cooked, boiled, drained, with salt",sr_legacy_food,11,2019-04-01,28.0,2.4,0.22,4.11
169314,"Asparagus, canned, no salt added, solids and liquids",sr_legacy_food,11,2019-04-01,18.7,1.8,0.18,2.48
169315,"Beans, kidney, mature seeds, sprouted, cooked, boiled, drained, with salt",sr_legacy_food,11,2019-04-01,43.4,4.83,0.58,4.72
169316,"Lima beans, immature seeds, cooked, boiled, drained, with salt",sr_legacy_food,11,2019-04-01,124.7,6.81,0.32,23.64
169317,"Lima beans, immature seeds, canned, no salt added, solids and liquids",sr_legacy_food,11,2019-04-01,72.2,4.07,0.29,13.33
169318,"Lima beans, immature seeds, frozen, baby, cooked, boiled, drained, with salt",sr_legacy_food,11,2019-04-01,107.1,6.65,0.3,19.45
169319,"Beans, pinto, mature seeds, sprouted, cooked, boiled, drained, with salt",sr_legacy_food,11,2019-04-01,24.3,1.86,0.32,3.5
169320,"Beans, snap, yellow, raw",sr_legacy_food,11,2019-04-01,36.9,1.82,0.12,7.13
169321,"Beans, snap, green, cooked, boiled, drained, with salt",sr_legacy_food,11,2019-04-01,41.6,1.89,0.28,7.88
169322,"Beans, snap, yellow, cooked, boiled, drained, without salt",sr_legacy_food,11,2019-04-01,41.6,1.89,0.28,7.88
169323,"Beans, snap, yellow, cooked, boiled, drained, with salt",sr_legacy_food,11,2019-04-01,41.6,1.89,0.28,7.88
169324,"Beans, snap, yellow, frozen, all styles, unprepared",sr_legacy_food,11,2019-04-01,39.4,1.8,0.21,7.58
169325,"Beans, snap, green, frozen, cooked, boiled, drained, with salt",sr_legacy_food,11,2019-04-01,33.3,1.49,0.17,6.45
169326,"Beans, snap, yellow, frozen, cooked, boiled, drained, without salt",sr_legacy_food,11,2019-04-01,33.3,1.49,0.17,6.45
169327,"Beans, snap, yellow, frozen, cooked, boiled, drained, with salt",sr_legacy_food,11,2019-04-01,33.3,1.49,0.17,6.45
169328,"Broadbeans, immature seeds, cooked, boiled, drained, with salt",sr_legacy_food,11,2019-04-01,64.1,4.8,0.5,10.1
169329,"Broccoli, leaves, raw",sr_legacy_food,11,2019-04-01,35.3,2.98,0.35,5.06
169330,"Broccoli, flower clusters, raw",sr_legacy_food,11,2019-04-01,35.3,2.98,0.35,5.06
169331,"Broccoli, stalks, raw",sr_legacy_food,11,2019-04-01,36.0,2.98,0.35,5.24
169332,"Brussels sprouts, frozen, cooked, boiled, drained, with salt",sr_legacy_food,11,2019-04-01,51.4,3.64,0.39,8.32
169333,"Burdock root, cooked, boiled, drained, with salt",sr_legacy_food,11,2019-04-01,94.2,2.09,0.14,21.15
169334,"Butterbur, cooked, boiled, drained, with salt",sr_legacy_food,11,2019-04-01,9.7,0.23,0.02,2.16
169335,"Cabbage, common (danish, domestic, and pointed types), freshly harvest, raw",sr_legacy_food,11,2019-04-01,27.9,1.21,0.18,5.37
169336,"Cabbage, common (danish, domestic, and pointed types), stored, raw",sr_legacy_food,11,2019-04-01,27.9,1.21,0.18,5.37
169337,"Cabbage, chinese (pe-tsai), cooked, boiled, drained, with salt",sr_legacy_food,11,2019-04-01,17.2,1.5,0.17,2.41
169338,"Cardoon, cooked, boiled, drained, with salt",sr_legacy_food,11,2019-04-01,23.0,0.76,0.11,4.74
169339,"Carrots, cooked, boiled, drained, with salt",sr_legacy_food,11,2019-04-01,37.5,0.76,0.18,8.22
169340,"Carrots, canned, no salt added, solids and liquids",sr_legacy_food,11,2019-04-01,25.1,0.59,0.14,5.36
169341,"Celeriac, cooked, boiled, drained, with salt",sr_legacy_food,11,2019-04-01,29.2,0.96,0.19,5.9
169342,"Celery, cooked, boiled, drained, with salt",sr_legacy_food,11,2019-04-01,20.8,0.83,0.16,4.0
169343,"Chard, swiss, cooked, boiled, drained, with salt",sr_legacy_food,11,2019-04-01,24.8,1.88,0.08,4.13
169344,"Chayote, fruit, cooked, boiled, drained, with salt",sr_legacy_food,11,2019-04-01,24.8,0.62,0.48,4.5
169345,"Corn, sweet, yellow, canned, no salt added, solids and liquids (Includes foods for USDA's Food Distribution Program)",sr_legacy_food,11,2019-04-01,70.2,1.95,0.77,13.86
169346,"Corn, sweet, yellow, canned, cream style, no salt added",sr_legacy_food,11,2019-04-01,83.3,1.74,0.42,18.13
169347,"Corn, sweet, yellow, canned, vacuum pack, no salt added",sr_legacy_food,11,2019-04-01,91.9,2.41,0.5,19.44
169348,"Corn, sweet, yellow, frozen, kernels, cut off cob, boiled, drained, with salt",sr_legacy_food,11,2019-04-01,91.1,2.55,0.67,18.71
169349,"Corn, sweet, yellow, frozen, kernels on cob, cooked, boiled, drained, with salt",sr_legacy_food,11,2019-04-01,108.4,3.11,0.74,22.33
169350,"Cress, garden, cooked, boiled, drained, with salt",sr_legacy_food,11,2019-04-01,28.2,1.9,0.6,3.8
169351,"Dandelion greens, cooked, boiled, drained, with salt",sr_legacy_food,11,2019-04-01,39.0,2.0,0.6,6.4
169352,"Eggplant, cooked, boiled, drained, with salt",sr_legacy_food,11,2019-04-01,38.0,0.83,0.23,8.14
169353,"Gourd, white-flowered (calabash), cooked, boiled, drained, with salt",sr_legacy_food,11,2019-04-01,15.0,0.6,0.02,3.1
169354,"Jute, potherb, cooked, boiled, drained, with salt",sr_legacy_food,11,2019-04-01,45.7,3.68,0.2,7.29
169355,"Kale, cooked, boiled, drained, with salt",sr_legacy_food,11,2019-04-01,43.8,2.94,1.21,5.3
169356,"Kale, frozen, cooked, boiled, drained, with salt",sr_legacy_food,11,2019-04-01,43.8,2.94,1.21,5.3
169357,"Kohlrabi, cooked, boiled, drained, with salt",sr_legacy_food,11,2019-04-01,35.0,1.8,0.11,6.69
169358,"Yambean (jicama), cooked, boiled, drained, with salt",sr_legacy_food,11,2019-04-01,36.6,0.72,0.09,8.23
169359,"Yardlong bean, cooked, boiled, drained, with salt",sr_legacy_food,11,2019-04-01,47.7,2.53,0.1,9.17
169360,"Corn, sweet, white, canned, whole kernel, no salt added, solids and liquids",sr_legacy_food,11,2019-04-01,73.9,1.95,0.5,15.41
169361,"Corn, sweet, white, canned, whole kernel, drained solids",sr_legacy_food,11,2019-04-01,77.5,2.29,1.22,14.34
169362,"Corn, sweet, white, canned, cream style, regular pack",sr_legacy_food,11,2019-04-01,85.2,1.74,0.42,18.62
169363,"Corn, sweet, white, canned, cream style, no salt added",sr_legacy_food,11,2019-04-01,83.3,1.74,0.42,18.13
169364,"Corn, sweet, white, frozen, kernels cut off cob, boiled, drained, with salt",sr_legacy_food,11,2019-04-01,93.1,2.75,0.43,19.56
169365,"Corn, sweet, white, frozen, kernels on cob, unprepared",sr_legacy_food,11,2019-04-01,114.1,3.28,0.78,23.5
169366,"Corn, sweet, white, frozen, kernels on cob, cooked, boiled, drained, without salt",sr_legacy_food,11,2019-04-01,108.4,3.11,0.74,22.33
169367,"Corn, sweet, white, frozen, kernels on cob, cooked, boiled, drained, with salt",sr_legacy_food,11,2019-04-01,108.4,3.11,0.74,22.33
169368,"Sesbania flower, cooked, steamed, with salt",sr_legacy_food,11,2019-04-01,25.4,1.14,0.05,5.1
169369,"Soybeans, mature seeds, sprouted, cooked, steamed, with salt",sr_legacy_food,11,2019-04-01,100.1,8.47,4.45,6.53
169370,"Soybeans, mature seeds, sprouted, cooked, stir-fried, with salt",sr_legacy_food,11,2019-04-01,153.9,13.1,7.1,9.4
169371,"Dock, cooked, boiled, drained, with salt",sr_legacy_food,11,2019-04-01,24.8,1.83,0.64,2.93
169372,"Potatoes, mashed, dehydrated, prepared from flakes without milk, whole milk and margarine added",sr_legacy_food,11,2019-04-01,118.1,1.9,5.6,15.02
169373,"Peppers, sweet, red, freeze-dried",sr_legacy_food,11,2019-04-01,373.4,17.9,3.0,68.7
169374,"Beans, snap, yellow, canned, regular pack, drained solids",sr_legacy_food,11,2019-04-01,23.5,1.15,0.1,4.5
169375,"Beans, snap, yellow, canned, no salt added, drained solids",sr_legacy_food,11,2019-04-01,23.5,1.15,0.1,4.5
169376,"Mushroom, white, exposed to ultraviolet light, raw",sr_legacy_food,11,2019-04-01,28.5,3.09,0.34,3.26
169377,"Mushrooms, portabella, exposed to ultraviolet light, grilled",sr_legacy_food,11,2019-04-01,36.1,3.28,0.58,4.44
169378,"Pickles, cucumber, sweet (includes bread and butter pickles)",sr_legacy_food,11,2019-04-01,90.6,0.58,0.41,21.15
169379,"Pickles, cucumber, sour",sr_legacy_food,11,2019-04-01,12.2,0.33,0.2,2.26
169380,"Pickles, cucumber, sweet, low sodium (includes bread and butter pickles)",sr_legacy_food,11,2019-04-01,138.7,0.37,0.26,33.73
169381,"Catsup, low sodium",sr_legacy_food,11,2019-04-01,114.7,1.04,0.1,27.4
169382,"Mushrooms, enoki, raw",sr_legacy_food,11,2019-04-01,44.5,2.66,0.29,7.81
169383,"Peppers, sweet, yellow, raw",sr_legacy_food,11,2019-04-01,31.2,1.0,0.21,6.32
169384,"Tomatoes, sun-dried, packed in oil, drained",sr_legacy_food,11,2019-04-01,240.3,5.06,14.08,23.33
169385,"Fennel, bulb, raw",sr_legacy_food,11,2019-04-01,36.0,1.24,0.2,7.3
169386,"Pickle relish, hamburger",sr_legacy_food,11,2019-04-01,145.3,0.63,0.54,34.48
169387,"Arugula, raw",sr_legacy_food,11,2019-04-01,30.9,2.58,0.66,3.65
169388,"Nopales, cooked, without salt",sr_legacy_food,11,2019-04-01,19.0,1.35,0.05,3.28
169389,"Cauliflower, green, raw",sr_legacy_food,11,2019-04-01,38.9,2.95,0.3,6.09
169390,"Cauliflower, green, cooked, no salt added",sr_legacy_food,11,2019-04-01,40.1,3.04,0.31,6.28
169391,"Cauliflower, green, cooked, with salt",sr_legacy_food,11,2019-04-01,40.1,3.04,0.31,6.28
169392,"Broccoli, chinese, cooked",sr_legacy_food,11,2019-04-01,26.3,1.14,0.72,3.81
169393,"Grape leaves, canned",sr_legacy_food,11,2019-04-01,81.6,4.27,1.97,11.71
169394,"Pepper, banana, raw",sr_legacy_food,11,2019-04-01,32.1,1.66,0.45,5.35
169395,"Peppers, serrano, raw",sr_legacy_food,11,2019-04-01,37.7,1.74,0.44,6.7
169396,"Peppers, ancho, dried",sr_legacy_food,11,2019-04-01,326.9,11.86,8.2,51.42
169397,"Pickles, chowchow, with cauliflower onion mustard, sweet",sr_legacy_food,11,2019-04-01,120.7,1.5,0.9,26.64
169398,"Epazote, raw",sr_legacy_food,11,2019-04-01,35.8,0.33,0.52,7.44
169399,"Fireweed, leaves, raw",sr_legacy_food,11,2019-04-01,120.5,4.71,2.75,19.22
169400,"Malabar spinach, cooked",sr_legacy_food,11,2019-04-01,29.8,2.98,0.78,2.71
169401,"Yautia (tannier), raw",sr_legacy_food,11,2019-04-01,104.0,1.46,0.4,23.63
169402,"Mushrooms, white, microwaved",sr_legacy_food,11,2019-04-01,43.9,3.91,0.46,6.04
169403,"Mushrooms, maitake, raw",sr_legacy_food,11,2019-04-01,37.3,1.94,0.19,6.97
169404,"Broccoli, chinese, raw",sr_legacy_food,11,2019-04-01,30.3,1.2,0.76,4.67
169405,"Fiddlehead ferns, raw",sr_legacy_food,11,2019-04-01,44.0,4.55,0.4,5.54
169406,"Seeds, sesame butter, tahini, from unroasted kernels (non-chemically removed seed coat)",sr_legacy_food,12,2019-04-01,651.3,17.95,56.44,17.89
169407,"Seeds, watermelon seed kernels, dried",sr_legacy_food,12,2019-04-01,600.9,28.33,47.37,15.31
169408,"Nuts, chestnuts, japanese, dried",sr_legacy_food,12,2019-04-01,357.9,5.25,1.24,81.43
169409,"Nuts, coconut milk, frozen (liquid expressed from grated meat and water)",sr_legacy_food,12,2019-04-01,216.0,1.61,20.8,5.58
169410,"Seeds, sesame butter, tahini, from raw and stone ground kernels",sr_legacy_food,12,2019-04-01,608.0,17.81,48.0,26.19
169411,"Nuts, formulated, wheat-based, all flavors except macadamia, without salt",sr_legacy_food,12,2019-04-01,696.3,13.11,62.3,20.79
169412,"Seeds, sesame seed kernels, dried (decorticated)",sr_legacy_food,12,2019-04-01,679.6,20.45,61.21,11.73
169413,"Nuts, chestnuts, japanese, raw",sr_legacy_food,12,2019-04-01,153.4,2.25,0.53,34.91
169414,"Seeds, flaxseed",sr_legacy_food,12,2019-04-01,568.1,18.29,42.16,28.88
169415,"Seeds, pumpkin and squash seed kernels, roasted, with salt added",sr_legacy_food,12,2019-04-01,619.6,29.84,49.05,14.71
169416,"Seeds, sesame seed kernels, toasted, with salt added (decorticated)",sr_legacy_food,12,2019-04-01,604.0,16.96,48.0,26.04
169417,"Seeds, sunflower seed kernels from shell, dry roasted, with salt added",sr_legacy_food,12,2019-04-01,586.8,19.33,49.8,15.31
169418,"Seeds, sunflower seed kernels, dry roasted, with salt added",sr_legacy_food,12,2019-04-01,621.8,19.33,49.8,24.07
169419,"Nuts, almonds, oil roasted, with salt added",sr_legacy_food,12,2019-04-01,652.2,21.23,55.17,17.68
169420,"Nuts, almonds, oil roasted, with salt added, smoke flavor",sr_legacy_food,12,2019-04-01,660.2,21.43,55.89,17.86
169421,"Nuts, cashew nuts, dry roasted, with salt added",sr_legacy_food,12,2019-04-01,609.2,15.31,46.35,32.69
169422,"Nuts, cashew nuts, oil roasted, with salt added",sr_legacy_food,12,2019-04-01,617.9,16.84,47.77,30.16
169423,"Nuts, mixed nuts, oil roasted, without peanuts, with salt added",sr_legacy_food,12,2019-04-01,656.7,15.52,56.17,22.27
169424,"Nuts, pecans, dry roasted, with salt added",sr_legacy_food,12,2019-04-01,760.6,9.5,74.27,13.55
169425,"Nuts, pecans, oil roasted, with salt added",sr_legacy_food,12,2019-04-01,765.9,9.2,75.23,13.01
169426,"Nuts, pistachio nuts, dry roasted, with salt added",sr_legacy_food,12,2019-04-01,606.8,21.05,45.82,27.55
169427,"Nuts, mixed nuts, oil roasted, with peanuts, lightly salted",sr_legacy_food,12,2019-04-01,649.9,20.04,53.95,21.05
169428,"Nuts, mixed nuts, oil roasted, without peanuts, lightly salted",sr_legacy_food,12,2019-04-01,621.4,17.86,50.0,25.0
169429,"Beef, grass-fed, strip steaks, lean only, raw",sr_legacy_food,13,2019-04-01,116.5,23.07,2.69,0.0
169430,"Beef, carcass, separable lean and fat, choice, raw",sr_legacy_food,13,2019-04-01,285.7,17.32,24.05,0.0
169431,"Beef, carcass, separable lean and fat, select, raw",sr_legacy_food,13,2019-04-01,272.9,17.48,22.55,0.0
169432,"Beef, brisket, flat half, separable lean and fat, trimmed to 1/8"" fat, select, cooked, braised",sr_legacy_food,13,2019-04-01,272.2,28.97,17.37,0.0
169433,"Beef, flank, steak, separable lean and fat, trimmed to 0"" fat, choice, raw",sr_legacy_food,13,2019-04-01,159.5,21.22,8.29,0.0
169434,"Beef, flank, steak, separable lean and fat, trimmed to 0"" fat, choice, cooked, braised",sr_legacy_food,13,2019-04-01,255.9,26.98,16.44,0.0
169435,"Beef, flank, steak, separable lean and fat, trimmed to 0"" fat, choice, cooked, broiled",sr_legacy_food,13,2019-04-01,194.0,27.55,9.31,0.0
169436,"Beef, rib, eye, small end (ribs 10-12), separable lean and fat, trimmed to 0"" fat, choice, cooked, broiled",sr_legacy_food,13,2019-04-01,257.2,26.58,16.76,0.0
169437,"Beef, rib, eye, small end (ribs 10-12), separable lean only, trimmed to 0"" fat, choice, raw",sr_legacy_food,13,2019-04-01,155.2,20.13,8.3,0.0
169438,"Beef, rib, eye, small end (ribs 10-12), separable lean only, trimmed to 0"" fat, choice, cooked, broiled",sr_legacy_food,13,2019-04-01,196.6,28.88,9.01,0.0
169439,"Beef, rib, shortribs, separable lean and fat, choice, raw",sr_legacy_food,13,2019-04-01,385.3,14.4,36.23,0.4
169440,"Beef, brisket, flat half, separable lean and fat, trimmed to 0"" fat, choice, cooked, braised",sr_legacy_food,13,2019-04-01,212.0,32.21,9.24,0.0
169441,"Beef, shank crosscuts, separable lean only, trimmed to 1/4"" fat, choice, raw",sr_legacy_food,13,2019-04-01,121.6,21.75,3.85,0.0
169442,"Beef, shank crosscuts, separable lean only, trimmed to 1/4"" fat, choice, cooked, simmered",sr_legacy_food,13,2019-04-01,192.0,33.68,6.36,0.0
169443,"Beef, short loin, porterhouse steak, separable lean only, trimmed to 1/8"" fat, choice, raw",sr_legacy_food,13,2019-04-01,155.0,22.13,7.39,0.0
169444,"Beef, chuck, under blade pot roast, boneless, separable lean only, trimmed to 0"" fat, all grades, cooked, braised",sr_legacy_food,13,2019-04-01,216.3,30.54,10.46,0.0
169445,"Beef, chuck, under blade pot roast or steak, boneless, separable lean only, trimmed to 0"" fat, all grades, raw",sr_legacy_food,13,2019-04-01,140.4,21.13,6.07,0.31
169446,"Beef, chuck, under blade pot roast or steak, boneless, separable lean only, trimmed to 0"" fat, choice, raw",sr_legacy_food,13,2019-04-01,144.9,21.19,6.51,0.39
169447,"Beef, ground, patties, frozen, cooked, broiled",sr_legacy_food,13,2019-04-01,288.7,23.05,21.83,0.0
169448,"Beef, variety meats and by-products, heart, cooked, simmered",sr_legacy_food,13,2019-04-01,157.1,28.48,4.73,0.15
169449,"Beef, variety meats and by-products, kidneys, raw",sr_legacy_food,13,2019-04-01,98.6,17.4,3.09,0.29
169450,"Beef, variety meats and by-products, kidneys, cooked, simmered",sr_legacy_food,13,2019-04-01,150.9,27.27,4.65,0.0
169451,"Beef, variety meats and by-products, liver, raw",sr_legacy_food,13,2019-04-01,129.7,20.36,3.63,3.89
169452,"Beef, variety meats and by-products, pancreas, raw",sr_legacy_food,13,2019-04-01,230.2,15.7,18.6,0.0
169453,"Beef, variety meats and by-products, pancreas, cooked, braised",sr_legacy_food,13,2019-04-01,263.2,27.1,17.2,0.0
169454,"Beef, variety meats and by-products, spleen, raw",sr_legacy_food,13,2019-04-01,100.2,18.3,3.0,0.0
169455,"Beef, loin, top loin steak, boneless, lip off, separable lean only, trimmed to 0"" fat, choice, cooked, grilled",sr_legacy_food,13,2019-04-01,202.6,29.22,9.52,0.0
169456,"Beef, loin, top loin steak, boneless, lip off, separable lean only, trimmed to 0"" fat, select, cooked, grilled",sr_legacy_food,13,2019-04-01,180.6,29.99,6.74,0.0
169457,"Beef, top sirloin, steak, separable lean and fat, trimmed to 0"" fat, all grades, cooked, broiled",sr_legacy_food,13,2019-04-01,204.4,29.33,9.67,0.0
169458,"Beef, top sirloin, steak, separable lean and fat, trimmed to 0"" fat, choice, cooked, broiled",sr_legacy_food,13,2019-04-01,210.9,29.02,10.54,0.0
169459,"Beef, short loin, porterhouse steak, separable lean and fat, trimmed to 0"" fat, all grades, cooked, broiled",sr_legacy_food,13,2019-04-01,269.3,23.96,19.27,0.0
169460,"Beef, short loin, porterhouse steak, separable lean and fat, trimmed to 0"" fat, USDA choice, cooked, broiled",sr_legacy_food,13,2019-04-01,275.8,23.61,20.15,0.0
169461,"Beef, short loin, porterhouse steak, separable lean and fat, trimmed to 0"" fat, USDA select, cooked, broiled",sr_legacy_food,13,2019-04-01,259.7,24.47,17.98,0.0
169462,"Beef, short loin, porterhouse steak, separable lean only, trimmed to 1/8"" fat, all grades, raw",sr_legacy_food,13,2019-04-01,148.7,22.32,6.6,0.0
169463,"Beef, short loin, porterhouse steak, separable lean only, trimmed to 0"" fat, select, cooked, broiled",sr_legacy_food,13,2019-04-01,186.9,26.89,8.81,0.0
169464,"Beef, short loin, t-bone steak, separable lean and fat, trimmed to 0"" fat, all grades, cooked, broiled",sr_legacy_food,13,2019-04-01,240.1,24.18,15.93,0.0
169465,"Beef, short loin, t-bone steak, separable lean and fat, trimmed to 0"" fat, USDA choice, cooked, broiled",sr_legacy_food,13,2019-04-01,251.5,24.05,17.26,0.0
169466,"Beef, short loin, t-bone steak, separable lean and fat, trimmed to 0"" fat, USDA select, cooked, broiled",sr_legacy_food,13,2019-04-01,223.5,24.38,14.0,0.0
169467,"Beef, short loin, t-bone steak, bone-in, separable lean only, trimmed to 1/8"" fat, select, cooked, grilled",sr_legacy_food,13,2019-04-01,198.0,28.45,9.35,0.0
169468,"Beef, short loin, t-bone steak, separable lean only, trimmed to 0"" fat, select, cooked, broiled",sr_legacy_food,13,2019-04-01,170.2,26.0,7.36,0.0
169469,"Beef, brisket, flat half, separable lean only, trimmed to 0"" fat, select, cooked, braised",sr_legacy_food,13,2019-04-01,188.9,33.9,5.92,0.0
169470,"Beef, round, tip round, roast, separable lean and fat, trimmed to 0"" fat, all grades, raw",sr_legacy_food,13,2019-04-01,145.0,20.48,7.01,0.0
169471,"Beef, round, top round steak, boneless, separable lean only, trimmed to 0"" fat, choice, cooked, grilled",sr_legacy_food,13,2019-04-01,158.0,30.24,4.11,0.0
169472,"Beef, round, top round steak, boneless, separable lean only, trimmed to 0"" fat, select, cooked, grilled",sr_legacy_food,13,2019-04-01,149.6,29.81,3.37,0.0
169473,"Beef, ground, 70% lean meat / 30% fat, crumbles, cooked, pan-browned",sr_legacy_food,13,2019-04-01,263.0,25.56,17.86,0.0
169474,"Beef, ground, 70% lean meat / 30% fat, loaf, cooked, baked",sr_legacy_food,13,2019-04-01,233.8,23.87,15.37,0.0
169475,"Beef, shoulder top blade steak, boneless, separable lean only, trimmed to 0"" fat, choice, cooked, grilled",sr_legacy_food,13,2019-04-01,201.6,28.28,9.83,0.0
169476,"Beef, shoulder top blade steak, boneless, separable lean only, trimmed to 0"" fat, select, cooked, grilled",sr_legacy_food,13,2019-04-01,186.9,27.96,8.34,0.0
169477,"Beef, shoulder top blade steak, boneless, separable lean only, trimmed to 0"" fat, all grades, raw",sr_legacy_food,13,2019-04-01,139.2,20.36,6.42,0.0
169478,"Beef, shoulder top blade steak, boneless, separable lean only, trimmed to 0"" fat, choice, raw",sr_legacy_food,13,2019-04-01,143.3,20.35,6.88,0.0
169479,"Beef, shoulder top blade steak, boneless, separable lean and fat, trimmed to 0"" fat, all grades, cooked, grilled",sr_legacy_food,13,2019-04-01,210.0,27.59,11.07,0.0
169480,"Beef, shoulder pot roast or steak, boneless, separable lean only, trimmed to 0"" fat, all grades, raw",sr_legacy_food,13,2019-04-01,123.4,21.64,4.09,0.0
169481,"Beef, shoulder pot roast or steak, boneless, separable lean only, trimmed to 0"" fat, choice, raw",sr_legacy_food,13,2019-04-01,125.4,21.45,4.35,0.11
169482,"Beef, shoulder pot roast or steak, boneless, separable lean only, trimmed to 0"" fat, select, raw",sr_legacy_food,13,2019-04-01,121.0,21.93,3.7,0.0
169483,"Beef, composite of trimmed retail cuts, separable lean and fat, trimmed to 1/8"" fat, all grades, raw",sr_legacy_food,13,2019-04-01,209.8,20.01,14.42,0.0
169484,"Beef, composite of trimmed retail cuts, separable lean and fat, trimmed to 1/8"" fat, all grades, cooked",sr_legacy_food,13,2019-04-01,253.8,26.11,16.59,0.0
169485,"Beef, composite of trimmed retail cuts, separable lean and fat, trimmed to 1/8"" fat, choice, raw",sr_legacy_food,13,2019-04-01,217.9,19.79,15.42,0.0
169486,"Beef, composite of trimmed retail cuts, separable lean and fat, trimmed to 1/8"" fat, choice, cooked",sr_legacy_food,13,2019-04-01,262.5,25.85,17.68,0.0
169487,"Beef, composite of trimmed retail cuts, separable lean and fat, trimmed to 1/8"" fat, select, raw",sr_legacy_food,13,2019-04-01,187.8,19.06,12.4,0.0
169488,"Beef, brisket, flat half, separable lean and fat, trimmed to 1/8"" fat, all grades, cooked, braised",sr_legacy_food,13,2019-04-01,281.1,28.82,18.42,0.0
169489,"Beef, brisket, point half, separable lean and fat, trimmed to 1/8"" fat, all grades, raw",sr_legacy_food,13,2019-04-01,261.8,17.65,20.98,0.59
169490,"Beef, brisket, point half, separable lean and fat, trimmed to 1/8"" fat, all grades, cooked, braised",sr_legacy_food,13,2019-04-01,342.1,24.4,27.17,0.0
169491,"Beef, chuck, arm pot roast, separable lean and fat, trimmed to 1/8"" fat, all grades, raw",sr_legacy_food,13,2019-04-01,238.7,19.23,17.98,0.0
169492,"Beef, chuck, arm pot roast, separable lean and fat, trimmed to 1/8"" fat, select, cooked, braised",sr_legacy_food,13,2019-04-01,286.7,30.05,18.5,0.0
169493,"Beef, chuck, blade roast, separable lean and fat, trimmed to 1/8"" fat, all grades, raw",sr_legacy_food,13,2019-04-01,243.3,17.16,19.41,0.0
169494,"Beef, chuck, blade roast, separable lean and fat, trimmed to 1/8"" fat, all grades, cooked, braised",sr_legacy_food,13,2019-04-01,333.2,26.78,25.12,0.0
169495,"Beef, chuck, blade roast, separable lean and fat, trimmed to 1/8"" fat, choice, raw",sr_legacy_food,13,2019-04-01,263.6,16.98,21.31,0.97
169496,"Beef, chuck eye roast, boneless, America's Beef Roast, separable lean only, trimmed to 0"" fat, choice, cooked, roasted",sr_legacy_food,13,2019-04-01,189.9,26.41,9.36,0.0
169497,"Beef, chuck eye roast, boneless, America's Beef Roast, separable lean only, trimmed to 0"" fat, select, cooked, roasted",sr_legacy_food,13,2019-04-01,172.2,27.02,7.12,0.0
169498,"Beef, rib, whole (ribs 6-12), separable lean and fat, trimmed to 1/8"" fat, all grades, raw",sr_legacy_food,13,2019-04-01,301.0,16.53,26.1,0.0
169499,"Beef, rib, whole (ribs 6-12), separable lean and fat, trimmed to 1/8"" fat, all grades, cooked, broiled",sr_legacy_food,13,2019-04-01,330.4,22.42,26.75,0.0
169500,"Beef, rib, whole (ribs 6-12), separable lean and fat, trimmed to 1/8"" fat, all grades, cooked, roasted",sr_legacy_food,13,2019-04-01,344.1,22.77,28.11,0.0
169501,"Beef, rib, whole (ribs 6-12), separable lean and fat, trimmed to 1/8"" fat, select, cooked, broiled",sr_legacy_food,13,2019-04-01,308.7,22.73,24.2,0.0
169502,"Beef, rib, whole (ribs 6-12), separable lean and fat, trimmed to 1/8"" fat, select, cooked, roasted",sr_legacy_food,13,2019-04-01,323.1,23.1,25.63,0.0
169503,"Beef, rib, whole (ribs 6-12), separable lean and fat, trimmed to 1/8"" fat, prime, raw",sr_legacy_food,13,2019-04-01,349.5,16.15,31.66,0.0
169504,"Beef, rib, whole (ribs 6-12), separable lean and fat, trimmed to 1/8"" fat, prime, cooked, broiled",sr_legacy_food,13,2019-04-01,379.2,21.95,32.38,0.0
169505,"Beef, rib, large end (ribs 6-9), separable lean and fat, trimmed to 1/8"" fat, choice, raw",sr_legacy_food,13,2019-04-01,328.2,16.03,29.34,0.0
169506,"Beef, rib, large end (ribs 6-9), separable lean and fat, trimmed to 1/8"" fat, choice, cooked, broiled",sr_legacy_food,13,2019-04-01,364.1,20.86,31.18,0.0
169507,"Beef, rib, large end (ribs 6-9), separable lean and fat, trimmed to 1/8"" fat, choice, cooked, roasted",sr_legacy_food,13,2019-04-01,371.5,22.5,31.28,0.0
169508,"Beef, rib, large end (ribs 6-9), separable lean and fat, trimmed to 1/8"" fat, select, raw",sr_legacy_food,13,2019-04-01,289.7,16.52,24.85,0.0
169509,"Beef, rib, small end (ribs 10-12), separable lean and fat, trimmed to 1/8"" fat, all grades, raw",sr_legacy_food,13,2019-04-01,248.9,19.33,19.06,0.0
169510,"Beef, rib, small end (ribs 10-12), separable lean and fat, trimmed to 1/8"" fat, all grades, cooked, broiled",sr_legacy_food,13,2019-04-01,283.8,25.85,20.04,0.0
169511,"Beef, rib, small end (ribs 10-12), separable lean and fat, trimmed to 1/8"" fat, all grades, cooked, roasted",sr_legacy_food,13,2019-04-01,334.4,22.54,27.14,0.0
169512,"Beef, rib, small end (ribs 10-12), separable lean and fat, trimmed to 1/8"" fat, choice, raw",sr_legacy_food,13,2019-04-01,257.5,19.09,20.13,0.0
169513,"Beef, rib, small end (ribs 10-12), separable lean and fat, trimmed to 1/8"" fat, select, cooked, roasted",sr_legacy_food,13,2019-04-01,316.2,22.76,25.02,0.0
169514,"Beef, rib, small end (ribs 10-12), separable lean and fat, trimmed to 1/8"" fat, prime, raw",sr_legacy_food,13,2019-04-01,329.8,16.74,29.18,0.06
169515,"Beef, rib, small end (ribs 10-12), separable lean and fat, trimmed to 1/8"" fat, prime, cooked, broiled",sr_legacy_food,13,2019-04-01,347.3,24.13,27.86,0.0
169516,"Beef, rib, small end (ribs 10-12), separable lean and fat, trimmed to 1/8"" fat, prime, cooked, roasted",sr_legacy_food,13,2019-04-01,404.7,22.15,35.12,0.0
169517,"Beef, round, full cut, separable lean and fat, trimmed to 1/8"" fat, select, raw",sr_legacy_food,13,2019-04-01,178.4,20.56,10.68,0.0
169518,"Beef, round, full cut, separable lean and fat, trimmed to 1/8"" fat, select, cooked, broiled",sr_legacy_food,13,2019-04-01,210.0,27.58,11.08,0.0
169519,"Beef, round, bottom round, steak, separable lean and fat, trimmed to 1/8"" fat, all grades, raw",sr_legacy_food,13,2019-04-01,186.7,20.7,11.54,0.0
169520,"Beef, round, bottom round, steak, separable lean and fat, trimmed to 1/8"" fat, all grades, cooked, braised",sr_legacy_food,13,2019-04-01,237.9,32.76,11.87,0.0
169521,"Beef, round, bottom round, steak, separable lean and fat, trimmed to 1/8"" fat, select, cooked, braised",sr_legacy_food,13,2019-04-01,231.4,32.67,11.19,0.0
169522,"Beef, round, bottom round, roast, separable lean and fat, trimmed to 1/8"" fat, select, cooked, roasted",sr_legacy_food,13,2019-04-01,204.7,26.77,10.85,0.0
169523,"Beef, round, eye of round, roast, separable lean and fat, trimmed to 1/8"" fat, all grades, raw",sr_legacy_food,13,2019-04-01,160.1,21.49,8.24,0.0
169524,"Beef, round, eye of round, roast, separable lean and fat, trimmed to 1/8"" fat, all grades, cooked, roasted",sr_legacy_food,13,2019-04-01,200.1,28.31,9.65,0.0
169525,"Beef, round, tip round, separable lean and fat, trimmed to 1/8"" fat, all grades, raw",sr_legacy_food,13,2019-04-01,183.4,19.6,11.67,0.0
169526,"Beef, round, tip round, roast, separable lean and fat, trimmed to 1/8"" fat, all grades, cooked, roasted",sr_legacy_food,13,2019-04-01,211.9,27.45,11.34,0.0
169527,"Beef, round, tip round, separable lean and fat, trimmed to 1/8"" fat, choice, raw",sr_legacy_food,13,2019-04-01,193.4,19.48,12.83,0.0
169528,"Beef, round, tip round, roast, separable lean and fat, trimmed to 1/8"" fat, choice, cooked, roasted",sr_legacy_food,13,2019-04-01,220.1,27.27,12.34,0.0
169529,"Beef, round, top round, steak, separable lean and fat, trimmed to 1/8"" fat, all grades, raw",sr_legacy_food,13,2019-04-01,159.6,22.06,7.93,0.0
169530,"Beef, round, top round, separable lean and fat, trimmed to 1/8"" fat, all grades, cooked, braised",sr_legacy_food,13,2019-04-01,228.5,34.34,10.13,0.0
169531,"Beef, round, top round steak, separable lean and fat, trimmed to 1/8"" fat, all grades, cooked, broiled",sr_legacy_food,13,2019-04-01,203.7,30.67,9.0,0.0
169532,"Beef, round, top round, steak, separable lean and fat, trimmed to 1/8"" fat, choice, raw",sr_legacy_food,13,2019-04-01,161.5,21.94,8.19,0.0
169533,"Beef, round, top round, steak, separable lean and fat, trimmed to 1/8"" fat, select, cooked, broiled",sr_legacy_food,13,2019-04-01,192.1,30.63,7.73,0.0
169534,"Beef, round, top round, separable lean and fat, trimmed to 1/8"" fat, prime, raw",sr_legacy_food,13,2019-04-01,167.0,22.24,8.67,0.0
169535,"Beef, round, top round, steak, separable lean and fat, trimmed to 1/8"" fat, prime, cooked, broiled",sr_legacy_food,13,2019-04-01,216.0,31.27,10.1,0.0
169536,"Beef, shoulder top blade steak, boneless, separable lean and fat, trimmed to 0"" fat, select, raw",sr_legacy_food,13,2019-04-01,137.0,20.28,6.21,0.0
169537,"Beef, short loin, t-bone steak, separable lean and fat, trimmed to 1/8"" fat, choice, cooked, grilled",sr_legacy_food,13,2019-04-01,287.0,24.21,21.13,0.0
169538,"Beef, short loin, top loin, steak, separable lean and fat, trimmed to 1/8"" fat, all grades, raw",sr_legacy_food,13,2019-04-01,221.8,20.61,15.49,0.0
169539,"Beef, loin, top loin, separable lean and fat, trimmed to 1/8"" fat, all grades, cooked, grilled",sr_legacy_food,13,2019-04-01,256.8,26.44,16.78,0.0
169540,"Beef, loin, top loin, separable lean and fat, trimmed to 1/8"" fat, choice, raw",sr_legacy_food,13,2019-04-01,231.2,19.32,17.1,0.0
169541,"Beef, short loin, top loin, separable lean and fat, trimmed to 1/8"" fat, prime, cooked, broiled",sr_legacy_food,13,2019-04-01,302.8,25.92,22.12,0.0
169542,"Beef, tenderloin, steak, separable lean and fat, trimmed to 1/8"" fat, all grades, raw",sr_legacy_food,13,2019-04-01,241.9,19.61,18.16,0.0
169543,"Beef, tenderloin, steak, separable lean and fat, trimmed to 1/8"" fat, all grades, cooked, broiled",sr_legacy_food,13,2019-04-01,259.9,26.46,17.12,0.0
169544,"Beef, tenderloin, roast, separable lean and fat, trimmed to 1/8"" fat, all grades, cooked, roasted",sr_legacy_food,13,2019-04-01,317.0,23.9,24.6,0.0
169545,"Beef, tenderloin, steak, separable lean and fat, trimmed to 1/8"" fat, choice, raw",sr_legacy_food,13,2019-04-01,240.2,19.82,17.88,0.0
169546,"Beef, tenderloin, roast, separable lean and fat, trimmed to 1/8"" fat, select, cooked, roasted",sr_legacy_food,13,2019-04-01,308.9,23.9,23.7,0.0
169547,"Beef, tenderloin, separable lean and fat, trimmed to 1/8"" fat, prime, raw",sr_legacy_food,13,2019-04-01,269.1,18.15,21.83,0.0
169548,"Beef, tenderloin, steak, separable lean and fat, trimmed to 1/8"" fat, prime, cooked, broiled",sr_legacy_food,13,2019-04-01,300.9,25.26,22.21,0.0
169549,"Beef, tenderloin, roast, separable lean and fat, trimmed to 1/8"" fat, prime, cooked, roasted",sr_legacy_food,13,2019-04-01,336.2,24.04,26.67,0.0
169550,"Beef, top sirloin, steak, separable lean and fat, trimmed to 1/8"" fat, choice, cooked, pan-fried",sr_legacy_food,13,2019-04-01,304.6,28.77,21.06,0.0
169551,"Beef, top sirloin, steak, separable lean and fat, trimmed to 1/8"" fat, select, raw",sr_legacy_food,13,2019-04-01,182.9,20.68,11.13,0.0
169552,"Beef, top sirloin, steak, separable lean and fat, trimmed to 1/8"" fat, select, cooked, broiled",sr_legacy_food,13,2019-04-01,222.9,27.12,12.71,0.0
169553,"Beef, chuck, clod roast, separable lean only, trimmed to 0"" fat, choice, cooked, roasted",sr_legacy_food,13,2019-04-01,164.0,25.95,6.69,0.0
169554,"Beef, flank, steak, separable lean and fat, trimmed to 0"" fat, select, cooked, broiled",sr_legacy_food,13,2019-04-01,175.5,27.78,7.15,0.0
169555,"Beef, brisket, flat half, separable lean and fat, trimmed to 0"" fat, select, cooked, braised",sr_legacy_food,13,2019-04-01,195.3,33.59,6.77,0.0
169556,"Beef, rib eye, small end (ribs 10-12), separable lean and fat, trimmed to 0"" fat, select, cooked, broiled",sr_legacy_food,13,2019-04-01,226.2,27.95,12.71,0.0
169557,"Beef, rib eye, small end (ribs 10-12), separable lean and fat, trimmed to 0"" fat, all grades, cooked, broiled",sr_legacy_food,13,2019-04-01,241.7,27.27,14.74,0.0
169558,"Beef, bottom sirloin, tri-tip roast, separable lean and fat, trimmed to 0"" fat, all grades, cooked, roasted",sr_legacy_food,13,2019-04-01,203.8,26.05,11.07,0.0
169559,"Beef, bottom sirloin, tri-tip roast, separable lean and fat, trimmed to 0"" fat, select, raw",sr_legacy_food,13,2019-04-01,151.7,20.64,7.68,0.0
169560,"Beef, round, top round steak, boneless, separable lean and fat, trimmed to 0"" fat, all grades, cooked, grilled",sr_legacy_food,13,2019-04-01,158.4,29.96,4.28,0.0
169561,"Beef, chuck, mock tender steak, separable lean only, trimmed to 0"" fat, choice, cooked, broiled",sr_legacy_food,13,2019-04-01,154.2,25.74,5.69,0.0
169562,"Beef, chuck, mock tender steak, separable lean only, trimmed to 0"" fat, select, cooked, broiled",sr_legacy_food,13,2019-04-01,149.7,26.13,5.02,0.0
169563,"Beef, flank, steak, separable lean and fat, trimmed to 0"" fat, all grades, raw",sr_legacy_food,13,2019-04-01,149.4,21.22,7.17,0.0
169564,"Beef, flank, steak, separable lean and fat, trimmed to 0"" fat, select, raw",sr_legacy_food,13,2019-04-01,139.4,21.22,6.06,0.0
169565,"Beef, chuck eye roast, boneless, America's Beef Roast, separable lean only, trimmed to 0"" fat, all grades, raw",sr_legacy_food,13,2019-04-01,136.5,20.61,6.01,0.0
169566,"Beef, chuck eye roast, boneless, America's Beef Roast, separable lean only, trimmed to 0"" fat, choice, raw",sr_legacy_food,13,2019-04-01,138.6,20.67,6.21,0.0
169567,"Beef, chuck, short ribs, boneless, separable lean only, trimmed to 0"" fat, choice, cooked, braised",sr_legacy_food,13,2019-04-01,249.9,28.84,14.95,0.0
169568,"Beef, chuck, short ribs, boneless, separable lean only, trimmed to 0"" fat, select, cooked, braised",sr_legacy_food,13,2019-04-01,223.9,28.79,12.08,0.0
169569,"Beef, chuck, short ribs, boneless, separable lean only, trimmed to 0"" fat, all grades, cooked, braised",sr_legacy_food,13,2019-04-01,239.5,28.82,13.8,0.0
169570,"Beef, brisket, flat half, boneless, separable lean and fat, trimmed to 0"" fat, select, raw",sr_legacy_food,13,2019-04-01,158.3,20.57,8.45,0.0
169571,"Beef, loin, bottom sirloin butt, tri-tip roast, separable lean only, trimmed to 0"" fat, all grades, cooked, roasted",sr_legacy_food,13,2019-04-01,182.1,26.75,8.34,0.0
169572,"Alcoholic beverage, beer, light, BUD LIGHT",sr_legacy_food,14,2019-04-01,6.2,0.25,0.0,1.3
169573,"Alcoholic beverage, daiquiri, canned",sr_legacy_food,14,2019-04-01,62.8,0.0,0.0,15.7
169574,"Alcoholic beverage, daiquiri, prepared-from-recipe",sr_legacy_food,14,2019-04-01,28.5,0.06,0.06,6.94
169575,"Alcoholic beverage, beer, light, low carb",sr_legacy_food,14,2019-04-01,3.6,0.17,0.0,0.73
169576,"Candies, milk chocolate coated raisins",sr_legacy_food,19,2019-04-01,423.2,4.1,14.8,68.4
169577,"Syrups, table blends, pancake, reduced-calorie",sr_legacy_food,19,2019-04-01,178.2,0.0,0.0,44.55
169578,"Syrups, table blends, pancake",sr_legacy_food,19,2019-04-01,245.9,0.0,0.0,61.47
169579,"Candies, HERSHEY'S POT OF GOLD Almond Bar",sr_legacy_food,19,2019-04-01,577.0,12.82,38.46,44.89
169580,"Candies, truffles, prepared-from-recipe",sr_legacy_food,19,2019-04-01,508.2,6.21,33.76,44.88
169581,"Baking chocolate, MARS SNACKFOOD US, M&M's Semisweet Chocolate Mini Baking Bits",sr_legacy_food,19,2019-04-01,516.9,4.44,26.15,65.96
169582,"Candies, MARS SNACKFOOD US, M&M's Peanut Chocolate Candies",sr_legacy_food,19,2019-04-01,515.4,9.57,26.13,60.48
169583,"Candies, MARS SNACKFOOD US, M&M's Milk Chocolate Candies",sr_legacy_food,19,2019-04-01,492.2,4.33,21.13,71.19
169584,"Baking chocolate, MARS SNACKFOOD US, M&M's Milk Chocolate Mini Baking Bits",sr_legacy_food,19,2019-04-01,503.0,4.78,23.36,68.4
169585,"Candies, peanut bar",sr_legacy_food,19,2019-04-01,554.9,15.5,33.7,47.4
169586,"Candies, peanut brittle, prepared-from-recipe",sr_legacy_food,19,2019-04-01,486.1,7.57,18.98,71.24
169587,"Candies, NESTLE, RAISINETS Chocolate Covered Raisins",sr_legacy_food,19,2019-04-01,454.6,4.4,17.0,71.0
169588,"Candies, sesame crunch",sr_legacy_food,19,2019-04-01,547.3,11.6,33.3,50.3
169589,"Candies, MARS SNACKFOOD US, SNICKERS Bar",sr_legacy_food,19,2019-04-01,490.8,7.53,23.85,61.51
169590,"Candies, MARS SNACKFOOD US, STARBURST Fruit Chews, Original fruits",sr_legacy_food,19,2019-04-01,405.8,0.41,8.21,82.57
169591,"Candies, MARS SNACKFOOD US, M&M's MINIs Milk Chocolate Candies",sr_legacy_food,19,2019-04-01,503.0,4.78,23.36,68.4
169592,"Candies, SPECIAL DARK Chocolate Bar",sr_legacy_food,19,2019-04-01,555.7,5.54,32.4,60.49
169593,"Cocoa, dry powder, unsweetened",sr_legacy_food,19,2019-04-01,433.3,19.6,13.7,57.9
169594,"Cocoa, dry powder, unsweetened, processed with alkali",sr_legacy_food,19,2019-04-01,423.5,18.1,13.1,58.3
169595,"Desserts, egg custard, baked, prepared-from-recipe",sr_legacy_food,19,2019-04-01,105.3,5.02,4.58,11.0
169596,"Gelatin desserts, dry mix, prepared with water",sr_legacy_food,19,2019-04-01,61.6,1.22,0.0,14.19
169597,"Gelatin desserts, dry mix, reduced calorie, with aspartame",sr_legacy_food,19,2019-04-01,383.5,15.67,0.0,80.21
169598,"Gelatin desserts, dry mix, reduced calorie, with aspartame, prepared with water",sr_legacy_food,19,2019-04-01,20.2,0.83,0.0,4.22
169599,"Gelatins, dry powder, unsweetened",sr_legacy_food,19,2019-04-01,343.3,85.6,0.1,0.0
169600,"Puddings, chocolate, dry mix, instant, prepared with whole milk",sr_legacy_food,19,2019-04-01,115.5,3.1,3.1,18.8
169601,"Desserts, apple crisp, prepared-from-recipe",sr_legacy_food,19,2019-04-01,161.2,1.75,3.43,30.84
169602,"Flan, caramel custard, dry mix",sr_legacy_food,19,2019-04-01,366.4,0.0,0.0,91.6
169603,"Puddings, chocolate, dry mix, regular",sr_legacy_food,19,2019-04-01,386.5,2.6,2.1,89.3
169604,"Puddings, chocolate, dry mix, regular, prepared with whole milk",sr_legacy_food,19,2019-04-01,119.6,3.16,3.15,19.64
169605,"Puddings, rice, dry mix, prepared with whole milk",sr_legacy_food,19,2019-04-01,121.1,3.25,2.82,20.68
169606,"Puddings, tapioca, dry mix",sr_legacy_food,19,2019-04-01,378.5,0.1,0.1,94.3
169607,"Puddings, tapioca, dry mix, prepared with whole milk",sr_legacy_food,19,2019-04-01,115.1,2.84,2.89,19.43
169608,"Puddings, vanilla, ready-to-eat",sr_legacy_food,19,2019-04-01,130.2,1.45,3.78,22.6
169609,"Puddings, vanilla, dry mix, regular",sr_legacy_food,19,2019-04-01,378.8,0.3,0.4,93.5
169610,"Puddings, vanilla, dry mix, regular, prepared with whole milk",sr_legacy_food,19,2019-04-01,113.0,2.8,2.9,18.92
169611,"Puddings, rice, dry mix, prepared with 2% milk",sr_legacy_food,19,2019-04-01,111.1,3.29,1.63,20.81
169612,"Puddings, tapioca, dry mix, prepared with 2% milk",sr_legacy_food,19,2019-04-01,104.8,2.88,1.67,19.56
169613,"Frozen novelties, ice type, fruit, no sugar added",sr_legacy_food,19,2019-04-01,27.7,0.5,0.1,6.2
169614,"Puddings, tapioca, ready-to-eat",sr_legacy_food,19,2019-04-01,129.5,1.95,3.88,21.69
169615,"Puddings, coconut cream, dry mix, regular, prepared with 2% milk",sr_legacy_food,19,2019-04-01,106.1,3.1,2.5,17.8
169616,"Desserts, rennin, chocolate, dry mix",sr_legacy_food,19,2019-04-01,405.3,2.4,3.3,91.5
169617,"Rennin, chocolate, dry mix, prepared with whole milk",sr_legacy_food,19,2019-04-01,96.2,3.2,3.34,13.34
169618,"Frostings, coconut-nut, ready-to-eat",sr_legacy_food,19,2019-04-01,432.8,1.5,24.0,52.7
169619,"Frostings, cream cheese-flavor, ready-to-eat",sr_legacy_food,19,2019-04-01,425.4,0.1,17.3,67.32
169620,"Frostings, vanilla, creamy, ready-to-eat",sr_legacy_food,19,2019-04-01,417.6,0.0,16.23,67.89
169621,"Flan, caramel custard, dry mix, prepared with 2% milk",sr_legacy_food,19,2019-04-01,102.7,2.99,1.72,18.82
169622,"Candies, HERSHEY'S MILK CHOCOLATE WITH ALMOND BITES",sr_legacy_food,19,2019-04-01,567.5,9.76,35.73,51.72
169623,"Candies, REESE'S BITES",sr_legacy_food,19,2019-04-01,534.7,11.34,29.85,55.18
169624,"Candies, REESE'S NUTRAGEOUS Candy Bar",sr_legacy_food,19,2019-04-01,545.1,11.28,32.09,52.8
169625,"Frostings, chocolate, creamy, dry mix",sr_legacy_food,19,2019-04-01,420.0,1.3,5.2,92.0
169626,"Frostings, white, fluffy, dry mix, prepared with water",sr_legacy_food,19,2019-04-01,256.4,1.5,0.0,62.6
169627,"Candies, HERSHEY'S, ALMOND JOY BITES",sr_legacy_food,19,2019-04-01,563.0,5.58,34.5,57.54
169628,"Candies, HERSHEY, REESESTICKS crispy wafers, peanut butter, milk chocolate",sr_legacy_food,19,2019-04-01,541.7,9.53,31.34,55.38
169629,"Candies, HERSHEY, KIT KAT BIG KAT Bar",sr_legacy_food,19,2019-04-01,530.1,6.24,27.84,63.64
169630,"Candies, REESE'S, FAST BREAK, milk chocolate peanut butter and soft nougats",sr_legacy_food,19,2019-04-01,491.8,8.66,23.42,61.6
169631,"Ice creams, vanilla, light, no sugar added",sr_legacy_food,19,2019-04-01,168.6,3.97,7.45,21.42
169632,"Frozen novelties, fruit and juice bars",sr_legacy_food,19,2019-04-01,86.5,1.2,0.1,20.2
169633,"Ice creams, chocolate, light, no sugar added",sr_legacy_food,19,2019-04-01,173.0,3.54,5.74,26.79
169634,"Candies, dark chocolate coated coffee beans",sr_legacy_food,19,2019-04-01,539.8,7.5,30.0,59.95
169635,"Snacks, SUNKIST, SUNKIST Fruit Roll, strawberry, with vitamins A, C, and E",sr_legacy_food,23,2019-04-01,342.2,0.6,1.0,82.7
169636,"Snacks, fruit leather, pieces, with vitamin C",sr_legacy_food,23,2019-04-01,372.7,0.1,3.5,85.2
169637,"Candies, milk chocolate coated coffee beans",sr_legacy_food,19,2019-04-01,549.3,7.41,33.18,55.25
169638,"Frozen novelties, ice type, lime",sr_legacy_food,19,2019-04-01,132.0,0.4,0.0,32.6
169639,"Candies, MARS SNACKFOOD US, SNICKERS MUNCH bar",sr_legacy_food,19,2019-04-01,561.5,15.25,36.22,43.64
169640,Honey,sr_legacy_food,19,2019-04-01,330.8,0.3,0.0,82.4
169641,Jams and preserves,sr_legacy_food,19,2019-04-01,277.6,0.37,0.07,68.86
169642,Jellies,sr_legacy_food,19,2019-04-01,280.6,0.15,0.02,69.95
169643,"Candies, MARS SNACKFOOD US, POP'ABLES SNICKERS Brand Bite Size Candies",sr_legacy_food,19,2019-04-01,491.8,7.15,24.32,61.07
169644,"Candies, MARS SNACKFOOD US, POP'ABLES MILKY WAY Brand Bite Size Candies",sr_legacy_food,19,2019-04-01,462.6,3.3,18.0,71.85
169645,"Candies, MARS SNACKFOOD US, POP'ABLES 3 MUSKETEERS Brand Bite Size Candies",sr_legacy_food,19,2019-04-01,450.6,2.59,15.17,75.94
169646,"Candies, MARS SNACKFOOD US, STARBURST Fruit Chews, Fruit and Creme",sr_legacy_food,19,2019-04-01,406.6,0.41,8.36,82.43
169647,"Candies, MARS SNACKFOOD US, STARBURST Sour Fruit Chews",sr_legacy_food,19,2019-04-01,390.5,0.39,7.78,79.73
169648,"Puddings, banana, dry mix, instant",sr_legacy_food,19,2019-04-01,376.2,0.0,0.6,92.7
169649,"Puddings, banana, dry mix, instant, prepared with whole milk",sr_legacy_food,19,2019-04-01,114.7,2.62,2.8,19.76
169650,"Puddings, banana, dry mix, regular",sr_legacy_food,19,2019-04-01,375.6,0.0,0.4,93.0
169651,"Candies, MARS SNACKFOOD US, COCOAVIA Chocolate Bar",sr_legacy_food,19,2019-04-01,538.9,5.81,29.3,62.99
169652,"Candies, MARS SNACKFOOD US, COCOAVIA Blueberry and Almond Chocolate Bar",sr_legacy_food,19,2019-04-01,525.0,6.35,28.68,60.37
169653,"Candies, MARS SNACKFOOD US, COCOAVIA Crispy Chocolate Bar",sr_legacy_food,19,2019-04-01,517.2,8.21,26.23,62.06
169654,"Puddings, lemon, dry mix, instant",sr_legacy_food,19,2019-04-01,387.9,0.0,0.7,95.4
169655,"Sugars, granulated",sr_legacy_food,19,2019-04-01,399.9,0.0,0.0,99.98
169656,"Sugars, powdered",sr_legacy_food,19,2019-04-01,399.1,0.0,0.0,99.77
169657,"Sweeteners, tabletop, aspartame, EQUAL, packets",sr_legacy_food,19,2019-04-01,365.0,2.17,0.0,89.08
169658,"Sugars, maple",sr_legacy_food,19,2019-04-01,365.8,0.1,0.2,90.9
169659,"Syrups, corn, high-fructose",sr_legacy_food,19,2019-04-01,304.0,0.0,0.0,76.0
169660,"Syrups, malt",sr_legacy_food,19,2019-04-01,310.0,6.2,0.0,71.3
169661,"Syrups, maple",sr_legacy_food,19,2019-04-01,268.9,0.04,0.06,67.04
169662,"Syrups, sorghum",sr_legacy_food,19,2019-04-01,299.6,0.0,0.0,74.9
169663,"Candies, MARS SNACKFOOD US, SNICKERS CRUNCHER",sr_legacy_food,19,2019-04-01,498.3,6.86,24.38,62.85
169664,"Toppings, marshmallow cream",sr_legacy_food,19,2019-04-01,321.9,0.8,0.3,79.0
169665,"Toppings, pineapple",sr_legacy_food,19,2019-04-01,266.9,0.1,0.1,66.4
169666,"Toppings, nuts in syrup",sr_legacy_food,19,2019-04-01,448.3,4.5,22.0,58.08
169667,"Candies, MARS SNACKFOOD US, SKITTLES Tropical Bite Size Candies",sr_legacy_food,19,2019-04-01,402.9,0.19,4.34,90.77
169668,"Frostings, glaze, prepared-from-recipe",sr_legacy_food,19,2019-04-01,341.1,0.44,0.53,83.65
169669,"Candies, fudge, chocolate marshmallow, prepared-from-recipe",sr_legacy_food,19,2019-04-01,451.7,2.26,17.48,71.34
169670,"Candies, taffy, prepared-from-recipe",sr_legacy_food,19,2019-04-01,396.3,0.03,3.33,91.56
169671,"Candies, toffee, prepared-from-recipe",sr_legacy_food,19,2019-04-01,557.9,1.07,32.75,64.72
169672,"Snacks, cornnuts, barbecue-flavor",sr_legacy_food,23,2019-04-01,451.5,9.0,14.3,71.7
169673,"Snacks, crisped rice bar, almond",sr_legacy_food,23,2019-04-01,470.0,7.0,20.4,64.6
169674,"Snacks, granola bars, soft, uncoated, chocolate chip",sr_legacy_food,23,2019-04-01,452.5,5.65,16.57,70.2
169675,"Snacks, granola bars, soft, uncoated, chocolate chip, graham and marshmallow",sr_legacy_food,23,2019-04-01,447.1,6.1,15.5,70.8
169676,"Snacks, granola bars, soft, uncoated, nut and raisin",sr_legacy_food,23,2019-04-01,470.0,8.0,20.4,63.6
169677,"Snacks, potato chips, plain, salted",sr_legacy_food,23,2019-04-01,546.7,6.39,33.98,53.83
169678,"Snacks, potato chips, made from dried potatoes, cheese-flavor",sr_legacy_food,23,2019-04-01,563.4,7.0,37.0,50.6
169679,"Snacks, rice cakes, brown rice, corn",sr_legacy_food,23,2019-04-01,387.2,8.4,3.2,81.2
169680,"Snacks, rice cakes, brown rice, multigrain",sr_legacy_food,23,2019-04-01,385.9,8.5,3.5,80.1
169681,"Snacks, granola bars, hard, peanut butter",sr_legacy_food,23,2019-04-01,502.6,9.8,23.8,62.3
169682,"Snacks, potato chips, cheese-flavor",sr_legacy_food,23,2019-04-01,509.6,8.5,27.2,57.7
169683,"Snacks, potato chips, reduced fat",sr_legacy_food,23,2019-04-01,483.2,7.1,20.8,66.9
169684,"Snacks, potato chips, fat-free, made with olestra",sr_legacy_food,23,2019-04-01,297.3,7.74,0.7,65.0
169685,"Popcorn, sugar syrup/caramel, fat-free",sr_legacy_food,23,2019-04-01,380.8,2.0,1.4,90.06
169686,"Snacks, potato chips, fat free, salted",sr_legacy_food,23,2019-04-01,379.0,9.64,0.6,83.76
169687,"Snacks, KELLOGG, KELLOGG'S RICE KRISPIES TREATS Squares",sr_legacy_food,23,2019-04-01,416.6,3.4,9.0,80.5
169688,"Snacks, KELLOGG, KELLOGG'S Low Fat Granola Bar, Crunchy Almond/Brown Sugar",sr_legacy_food,23,2019-04-01,410.6,8.0,7.4,78.0
169689,"Snacks, M&M MARS, KUDOS Whole Grain Bar, chocolate chip",sr_legacy_food,23,2019-04-01,424.3,4.47,13.02,72.31
169690,"Candies, semisweet chocolate, made with butter",sr_legacy_food,19,2019-04-01,537.7,4.2,29.7,63.4
169691,"Gelatin desserts, dry mix, with added ascorbic acid, sodium-citrate and salt",sr_legacy_food,19,2019-04-01,393.2,7.8,0.0,90.5
169692,"Gelatin desserts, dry mix, reduced calorie, with aspartame, added phosphorus, potassium, sodium, vitamin C",sr_legacy_food,19,2019-04-01,354.4,55.3,0.0,33.3
169693,"Gelatin desserts, dry mix, reduced calorie, with aspartame, no added sodium",sr_legacy_food,19,2019-04-01,354.4,55.3,0.0,33.3
169694,"Corn flour, masa, enriched, white",sr_legacy_food,20,2019-04-01,373.4,8.46,3.69,76.59
169695,"Corn flour, yellow, degermed, unenriched",sr_legacy_food,20,2019-04-01,365.9,5.59,1.39,82.75
169696,"Corn flour, masa, unenriched, white",sr_legacy_food,20,2019-04-01,373.4,8.46,3.69,76.59
169697,"Cornmeal, whole-grain, yellow",sr_legacy_food,20,2019-04-01,372.4,8.12,3.59,76.89
169698,Cornstarch,sr_legacy_food,20,2019-04-01,366.6,0.26,0.05,91.27
169699,"Couscous, dry",sr_legacy_food,20,2019-04-01,366.5,12.76,0.64,77.43
169700,"Couscous, cooked",sr_legacy_food,20,2019-04-01,109.5,3.79,0.16,23.22
169701,"Hominy, canned, white",sr_legacy_food,20,2019-04-01,70.9,1.48,0.88,14.26
169702,"Millet, raw",sr_legacy_food,20,2019-04-01,373.5,11.02,4.22,72.85
169703,"Rice, brown, long-grain, raw (Includes foods for USDA's Food Distribution Program)",sr_legacy_food,20,2019-04-01,364.0,7.54,3.2,76.25
169704,"Rice, brown, long-grain, cooked (Includes foods for USDA's Food Distribution Program)",sr_legacy_food,20,2019-04-01,122.0,2.74,0.97,25.58
169705,Oats (Includes foods for USDA's Food Distribution Program),sr_legacy_food,20,2019-04-01,394.7,16.89,6.9,66.27
169706,"Rice, brown, medium-grain, raw (Includes foods for USDA's Food Distribution Program)",sr_legacy_food,20,2019-04-01,358.8,7.5,2.68,76.17
169707,"Rice, white, long-grain, parboiled, enriched, dry",sr_legacy_food,20,2019-04-01,362.9,7.51,1.03,80.89
169708,"Rice, white, long-grain, parboiled, enriched, cooked",sr_legacy_food,20,2019-04-01,119.2,2.91,0.37,26.05
169709,"Rice, white, long-grain, precooked or instant, enriched, dry",sr_legacy_food,20,2019-04-01,369.0,7.82,0.94,82.32
169710,"Rice, white, long-grain, precooked or instant, enriched, prepared",sr_legacy_food,20,2019-04-01,120.3,2.18,0.5,26.76
169711,"Rice, white, glutinous, unenriched, cooked",sr_legacy_food,20,2019-04-01,94.2,2.02,0.19,21.09
169712,"Rice, white, steamed, Chinese restaurant",sr_legacy_food,20,2019-04-01,150.8,3.2,0.27,33.88
169713,"Rice bran, crude",sr_legacy_food,20,2019-04-01,439.8,13.35,20.85,49.69
169714,"Rice flour, white, unenriched",sr_legacy_food,20,2019-04-01,357.1,5.95,1.42,80.13
169715,"Semolina, enriched",sr_legacy_food,20,2019-04-01,351.5,12.68,1.05,72.83
169716,Sorghum grain,sr_legacy_food,20,2019-04-01,362.0,10.62,3.46,72.09
169717,"Tapioca, pearl, dry",sr_legacy_food,20,2019-04-01,355.7,0.19,0.02,88.69
169718,Triticale,sr_legacy_food,20,2019-04-01,359.5,13.05,2.09,72.13
169719,"Wheat, hard white",sr_legacy_food,20,2019-04-01,364.2,11.31,1.71,75.9
169720,"Wheat, soft white",sr_legacy_food,20,2019-04-01,362.1,10.69,1.99,75.36
169721,"Wheat, durum",sr_legacy_food,20,2019-04-01,361.5,13.68,2.47,71.13
169722,"Wheat bran, crude",sr_legacy_food,20,2019-04-01,358.5,15.55,4.25,64.51
169723,"Wheat flour, white, cake, enriched",sr_legacy_food,20,2019-04-01,352.7,8.2,0.86,78.03
169724,"Wheat flour, white, tortilla mix, enriched",sr_legacy_food,20,2019-04-01,402.9,9.66,10.63,67.14
169725,"Wheat, sprouted",sr_legacy_food,20,2019-04-01,211.5,7.49,1.27,42.53
169726,"Wild rice, raw",sr_legacy_food,20,2019-04-01,368.2,14.73,1.08,74.9
169727,"Pasta, fresh-refrigerated, plain, as purchased",sr_legacy_food,20,2019-04-01,284.9,11.31,2.3,54.73
169728,"Pasta, fresh-refrigerated, plain, cooked",sr_legacy_food,20,2019-04-01,129.8,5.15,1.05,24.93
169729,"Pasta, fresh-refrigerated, spinach, as purchased",sr_legacy_food,20,2019-04-01,286.8,11.26,2.1,55.72
169730,"Pasta, fresh-refrigerated, spinach, cooked",sr_legacy_food,20,2019-04-01,128.9,5.06,0.94,25.04
169731,"Noodles, egg, dry, enriched",sr_legacy_food,20,2019-04-01,381.7,14.16,4.44,71.27
169732,"Noodles, egg, enriched, cooked",sr_legacy_food,20,2019-04-01,137.4,4.54,2.07,25.16
169733,"Noodles, egg, spinach, enriched, dry",sr_legacy_food,20,2019-04-01,380.7,14.61,4.55,70.32
169734,"Noodles, egg, spinach, enriched, cooked",sr_legacy_food,20,2019-04-01,131.3,5.04,1.57,24.25
169735,"Noodles, flat, crunchy, Chinese restaurant",sr_legacy_food,20,2019-04-01,534.4,10.33,31.72,51.9
169736,"Pasta, dry, enriched",sr_legacy_food,20,2019-04-01,364.4,13.04,1.51,74.67
169737,"Pasta, cooked, enriched, without added salt",sr_legacy_food,20,2019-04-01,155.0,5.8,0.93,30.86
169738,"Pasta, whole-wheat, dry (Includes foods for USDA's Food Distribution Program)",sr_legacy_food,20,2019-04-01,375.3,13.87,2.93,73.37
169739,Barley flour or meal,sr_legacy_food,20,2019-04-01,354.5,10.5,1.6,74.52
169740,Barley malt flour,sr_legacy_food,20,2019-04-01,370.9,10.28,1.84,78.3
169741,"Oat flour, partially debranned",sr_legacy_food,20,2019-04-01,403.5,14.66,9.12,65.7
169742,"Rice noodles, dry",sr_legacy_food,20,2019-04-01,349.6,5.95,0.56,80.18
169743,"Wheat, KAMUT khorasan, uncooked",sr_legacy_food,20,2019-04-01,359.6,14.54,2.13,70.58
169744,"Wheat, KAMUT khorasan, cooked",sr_legacy_food,20,2019-04-01,140.7,5.71,0.83,27.6
169745,"Spelt, uncooked",sr_legacy_food,20,2019-04-01,360.9,14.57,2.43,70.19
169746,"Spelt, cooked",sr_legacy_food,20,2019-04-01,135.4,5.5,0.85,26.44
169747,"Teff, uncooked",sr_legacy_food,20,2019-04-01,367.1,13.3,2.38,73.13
169748,"Corn flour, whole-grain, white",sr_legacy_food,20,2019-04-01,369.9,6.93,3.86,76.85
169749,"Corn flour, yellow, masa, enriched",sr_legacy_food,20,2019-04-01,373.4,8.46,3.69,76.59
169750,"Cornmeal, whole-grain, white",sr_legacy_food,20,2019-04-01,372.4,8.12,3.59,76.89
169751,"Pasta, cooked, enriched, with added salt",sr_legacy_food,20,2019-04-01,153.9,5.8,0.93,30.59
169752,"Hominy, canned, yellow",sr_legacy_food,20,2019-04-01,70.9,1.48,0.88,14.26
169753,"Rice, white, long-grain, regular, cooked, enriched, with salt",sr_legacy_food,20,2019-04-01,126.0,2.69,0.28,28.17
169754,"Wheat flour, white, all-purpose, enriched, calcium-fortified",sr_legacy_food,20,2019-04-01,355.4,10.33,0.98,76.31
169755,"Noodles, egg, dry, unenriched",sr_legacy_food,20,2019-04-01,381.7,14.16,4.44,71.27
169756,"Rice, white, long-grain, regular, raw, unenriched",sr_legacy_food,20,2019-04-01,354.3,7.13,0.66,79.95
169757,"Rice, white, long-grain, regular, unenriched, cooked without salt",sr_legacy_food,20,2019-04-01,126.0,2.69,0.28,28.17
169758,"Rice, white, long-grain, parboiled, unenriched, dry",sr_legacy_food,20,2019-04-01,362.9,7.51,1.03,80.89
169759,"Rice, white, long-grain, parboiled, unenriched, cooked",sr_legacy_food,20,2019-04-01,119.2,2.91,0.37,26.05
169760,"Rice, white, medium-grain, raw, unenriched",sr_legacy_food,20,2019-04-01,349.0,6.61,0.58,79.34
169761,"Wheat flour, white, all-purpose, unenriched",sr_legacy_food,20,2019-04-01,355.4,10.33,0.98,76.31
169762,"Noodles, egg, cooked, unenriched, with added salt",sr_legacy_food,20,2019-04-01,137.4,4.54,2.07,25.16
169763,"Potatoes, yellow fleshed, roasted, salt added in processing, frozen, unprepared",sr_legacy_food,11,2019-04-01,118.4,1.99,1.85,23.44
169764,"Potatoes, yellow fleshed, french fried, frozen, unprepared",sr_legacy_food,11,2019-04-01,162.5,2.47,5.84,25.01
169765,"Ginger root, pickled, canned, with artificial sweetener",sr_legacy_food,11,2019-04-01,21.5,0.33,0.1,4.83
169766,"Peppers, hot pickled, canned",sr_legacy_food,11,2019-04-01,25.0,0.8,0.4,4.56
169767,"Vegetable juice, BOLTHOUSE FARMS, DAILY GREENS",sr_legacy_food,11,2019-04-01,34.8,0.49,0.04,8.13
169768,"Potatoes, mashed, ready-to-eat",sr_legacy_food,11,2019-04-01,106.1,1.97,5.01,13.29
169769,"Macaroni and cheese, box mix with cheese sauce, unprepared",sr_legacy_food,22,2019-04-01,333.6,12.73,10.67,46.66
169770,"Macaroni and cheese, box mix with cheese sauce, prepared",sr_legacy_food,22,2019-04-01,164.0,6.68,4.99,23.1
169771,"Taquitos, frozen, chicken and cheese, oven-heated",sr_legacy_food,22,2019-04-01,284.2,9.21,12.54,33.63
169772,"Taquitos, frozen, beef and cheese, oven-heated",sr_legacy_food,22,2019-04-01,286.5,9.4,12.79,33.46
169773,"Potsticker or wonton, pork and vegetable, frozen, unprepared",sr_legacy_food,22,2019-04-01,135.9,8.28,5.52,13.28
169774,"Macaroni or noodles with cheese, made from reduced fat packaged mix, unprepared",sr_legacy_food,22,2019-04-01,296.9,13.1,4.03,52.06
169775,"Turnover, cheese-filled, tomato-based sauce, frozen, unprepared",sr_legacy_food,22,2019-04-01,235.2,10.24,9.45,27.29
169776,"Macaroni or noodles with cheese, microwaveable, unprepared",sr_legacy_food,22,2019-04-01,388.0,11.48,6.56,70.75
169777,"Spanish rice mix, dry mix, prepared (with canola/vegetable oil blend or diced tomatoes and margarine)",sr_legacy_food,22,2019-04-01,125.5,3.27,2.38,22.74
169778,"Rice mix, cheese flavor, dry mix, unprepared",sr_legacy_food,22,2019-04-01,362.2,8.77,3.51,73.88
169779,"Dumpling, potato- or cheese-filled, frozen",sr_legacy_food,22,2019-04-01,194.9,5.26,6.14,29.64
169780,"Turnover, chicken- or turkey-, and vegetable-filled, reduced fat, frozen",sr_legacy_food,22,2019-04-01,168.0,7.87,5.51,21.74
169781,"Sausage, egg and cheese breakfast biscuit",sr_legacy_food,22,2019-04-01,323.6,9.54,22.13,21.57
169782,"HUNGRY MAN, Salisbury Steak With Gravy, frozen, unprepared",sr_legacy_food,22,2019-04-01,136.4,7.96,8.53,6.96
169783,"BANQUET, Salisbury Steak With Gravy, family size, frozen, unprepared",sr_legacy_food,22,2019-04-01,155.3,6.89,11.1,6.96
169784,"JIMMY DEAN, Sausage, Egg, and Cheese Breakfast Biscuit, frozen, unprepared",sr_legacy_food,22,2019-04-01,327.5,9.29,22.9,21.07
169785,"Infant formula, GERBER, GOOD START, PROTECT PLUS, powder",sr_legacy_food,3,2019-04-01,508.1,11.3,26.1,57.0
169786,"Infant Formula, GERBER GOOD START 2, GENTLE PLUS, powder",sr_legacy_food,3,2019-04-01,497.5,10.8,25.1,57.1
169787,"Infant formula, GERBER, GOOD START 2, PROTECT PLUS, powder",sr_legacy_food,3,2019-04-01,500.9,11.1,25.7,56.3
169788,"Infant formula, MEAD JOHNSON, ENFAMIL, ENFAGROW, Soy, Toddler transitions, with ARA and DHA,  powder",sr_legacy_food,3,2019-04-01,475.8,15.7,21.0,56.0
169789,"Infant formula, MEAD JOHNSON, ENFAMIL, Premature, 24 calories ready-to-feed Low iron",sr_legacy_food,3,2019-04-01,66.7,1.97,3.34,7.19
169790,"Infant Formula, MEAD JOHNSON, ENFAMIL, Premium, Infant, ready-to-feed",sr_legacy_food,3,2019-04-01,66.4,1.38,3.48,7.39
169791,"Infant Formula, MEAD JOHNSON, ENFAMIL, Premium, Infant, powder",sr_legacy_food,3,2019-04-01,514.2,10.8,27.0,57.0
169792,"Babyfood, GERBER, Banana with orange medley",sr_legacy_food,3,2019-04-01,85.9,1.06,0.0,20.41
169793,"Bear, black, meat (Alaska Native)",sr_legacy_food,24,2019-04-01,155.1,20.1,8.3,0.0
169794,"Bear, polar, meat, raw (Alaska Native)",sr_legacy_food,24,2019-04-01,130.3,25.6,3.1,0.0
169795,"Whale, beluga, meat, dried (Alaska Native)",sr_legacy_food,24,2019-04-01,327.5,69.86,5.34,0.0
169796,"Whale, beluga, eyes (Alaska Native)",sr_legacy_food,24,2019-04-01,288.1,19.6,23.3,0.0
169797,"Whale, beluga, meat, raw (Alaska Native)",sr_legacy_food,24,2019-04-01,110.5,26.5,0.5,0.0
169798,"Fish, blackfish, whole (Alaska Native)",sr_legacy_food,24,2019-04-01,77.8,15.5,1.75,0.0
169799,"Blueberries, wild, frozen (Alaska Native)",sr_legacy_food,24,2019-04-01,44.4,0.7,0.0,10.4
169800,"Caribou, bone marrow, raw (Alaska Native)",sr_legacy_food,24,2019-04-01,786.4,6.7,84.4,0.0
169801,"Caribou, eye, raw (Alaska Native)",sr_legacy_food,24,2019-04-01,325.8,10.8,31.4,0.0
169802,"Cloudberries, raw (Alaska Native)",sr_legacy_food,24,2019-04-01,51.2,2.4,0.8,8.6
169803,"Cockles, raw (Alaska Native)",sr_legacy_food,24,2019-04-01,79.1,13.5,0.7,4.7
169804,"Cranberries, wild, bush, raw (Alaska Native)",sr_legacy_food,24,2019-04-01,55.4,1.1,0.2,12.3
169805,"Cranberry, low bush or lingenberry, raw (Alaska Native)",sr_legacy_food,24,2019-04-01,54.9,0.4,0.5,12.2
169806,"Fish, herring eggs, Pacific, plain (Alaska Native)",sr_legacy_food,24,2019-04-01,73.6,9.6,1.93,4.47
169807,"Fish, herring, Pacific, flesh, air-dried, packed in oil (Alaska Native)",sr_legacy_food,24,2019-04-01,489.4,44.5,34.6,0.0
169808,"Huckleberries, raw (Alaska Native)",sr_legacy_food,24,2019-04-01,37.3,0.4,0.1,8.7
169809,"Fish, lingcod, meat, raw (Alaska Native)",sr_legacy_food,24,2019-04-01,78.8,17.9,0.8,0.0
169810,"Fish, lingcod, liver (Alaska Native)",sr_legacy_food,24,2019-04-01,424.4,5.6,42.0,6.0
169811,"Tennis Bread, plain (Apache)",sr_legacy_food,24,2019-04-01,258.5,9.0,1.05,53.26
169812,"Fish, halibut, cooked, with skin (Alaska Native)",sr_legacy_food,24,2019-04-01,113.1,22.13,2.73,0.0
169813,"Salmon, red (sockeye), filets with skin, smoked (Alaska Native)",sr_legacy_food,24,2019-04-01,345.4,60.62,11.43,0.0
169814,"Agave, raw (Southwest)",sr_legacy_food,24,2019-04-01,68.4,0.52,0.15,16.23
169815,"Lambsquarters, steamed (Northern Plains Indians)",sr_legacy_food,24,2019-04-01,47.6,4.06,0.16,7.47
169816,"Prickly pears, raw (Northern Plains Indians)",sr_legacy_food,24,2019-04-01,42.2,0.12,0.11,10.17
169817,"Prickly pears, broiled (Northern Plains Indians)",sr_legacy_food,24,2019-04-01,90.6,0.39,0.31,21.57
169818,"Prairie Turnips, raw (Northern Plains Indians)",sr_legacy_food,24,2019-04-01,156.4,2.62,0.36,35.67
169819,"Stinging Nettles, blanched (Northern Plains Indians)",sr_legacy_food,24,2019-04-01,41.8,2.71,0.11,7.49
169820,"Plums, wild (Northern Plains Indians)",sr_legacy_food,24,2019-04-01,91.0,0.43,0.17,21.95
169821,"Pinon Nuts, roasted (Navajo)",sr_legacy_food,24,2019-04-01,540.6,7.41,34.08,51.06
169822,"Caribou, hind quarter, meat, cooked (Alaska Native)",sr_legacy_food,24,2019-04-01,158.6,28.81,4.82,0.0
169823,"Agutuk, fish with shortening (Alaskan ice cream) (Alaska Native)",sr_legacy_food,24,2019-04-01,469.5,9.0,43.5,10.5
169824,"Sea lion, Steller, meat with fat (Alaska Native)",sr_legacy_food,24,2019-04-01,242.4,22.1,14.65,5.55
169825,"Sea lion, Steller, fat (Alaska Native)",sr_legacy_food,24,2019-04-01,849.6,0.9,94.0,0.0
169826,"Wocas, dried seeds, Oregon, yellow pond lily (Klamath)",sr_legacy_food,24,2019-04-01,361.3,7.9,1.07,80.02
169827,"Hazelnuts, beaked (Northern Plains Indians)",sr_legacy_food,24,2019-04-01,628.4,14.89,52.99,22.98
169828,"Tea, herbal, brewed, Hohoysi (Hopi)",sr_legacy_food,24,2019-04-01,2.3,0.12,0.2,0.0
169829,"Tortilla, blue corn, Sakwavikaviki (Hopi)",sr_legacy_food,24,2019-04-01,276.4,7.83,1.4,58.12
169830,"Bread, blue corn, somiviki (Hopi)",sr_legacy_food,24,2019-04-01,185.5,3.1,1.53,39.84
169831,"APPLEBEE'S, 9 oz house sirloin steak",sr_legacy_food,25,2019-04-01,189.1,26.85,9.08,0.0
169832,"T.G.I. FRIDAY'S, FRIDAY'S Shrimp, breaded",sr_legacy_food,25,2019-04-01,302.1,11.87,19.02,20.87
169833,"T.G.I. FRIDAY'S, french fries",sr_legacy_food,25,2019-04-01,295.9,3.74,14.82,36.9
169834,"T.G.I. FRIDAY'S, fried mozzarella",sr_legacy_food,25,2019-04-01,333.4,15.82,18.76,25.33
169835,"T.G.I. FRIDAY'S, macaroni & cheese, from kid's menu",sr_legacy_food,25,2019-04-01,120.8,5.03,3.45,17.4
169836,"Restaurant, family style, french fries",sr_legacy_food,25,2019-04-01,289.1,3.49,14.04,37.2
169837,"Restaurant, family style, chicken fingers, from kid's menu",sr_legacy_food,25,2019-04-01,306.8,18.68,17.45,18.77
169838,"Restaurant, family style, shrimp, breaded and fried",sr_legacy_food,25,2019-04-01,307.9,12.67,18.67,22.29
169839,"Restaurant, family style, macaroni & cheese, from kids' menu",sr_legacy_food,25,2019-04-01,151.4,5.42,6.06,18.8
169840,"APPLEBEE'S, crunchy onion rings",sr_legacy_food,25,2019-04-01,355.5,4.58,19.61,40.17
169841,"APPLEBEE'S, chicken tenders platter",sr_legacy_food,25,2019-04-01,296.6,19.62,16.24,17.98
169842,"CRACKER BARREL, chicken tenderloin platter, fried",sr_legacy_food,25,2019-04-01,292.7,18.06,15.48,20.29
169843,"CRACKER BARREL, coleslaw",sr_legacy_food,25,2019-04-01,174.6,0.89,13.22,13.01
169844,"DENNY'S, onion rings",sr_legacy_food,25,2019-04-01,385.4,5.29,22.23,41.05
169845,"DENNY'S, spaghetti and meatballs",sr_legacy_food,25,2019-04-01,170.1,7.84,8.52,15.51
169846,"Restaurant, family style, fish fillet, battered or breaded, fried",sr_legacy_food,25,2019-04-01,218.6,13.49,10.79,16.89
169847,"Restaurant, family style, chicken tenders",sr_legacy_food,25,2019-04-01,302.4,18.88,16.63,19.29
169848,"Restaurant, family style, hash browns",sr_legacy_food,25,2019-04-01,197.2,2.49,8.99,26.59
169849,"CRACKER BARREL, macaroni n' cheese",sr_legacy_food,25,2019-04-01,194.2,6.49,11.75,15.61
169850,"Restaurant, Italian, lasagna with meat",sr_legacy_food,25,2019-04-01,185.0,10.83,10.69,11.36
169851,"OLIVE GARDEN, lasagna classico",sr_legacy_food,25,2019-04-01,184.0,11.28,10.84,10.33
169852,"OLIVE GARDEN, spaghetti with pomodoro sauce",sr_legacy_food,25,2019-04-01,102.2,4.26,1.85,17.14
169853,"CARRABBA'S ITALIAN GRILL, spaghetti with pomodoro sauce",sr_legacy_food,25,2019-04-01,104.0,3.42,1.75,18.63
169854,"ON THE BORDER, cheese enchilada",sr_legacy_food,25,2019-04-01,271.1,11.67,17.74,16.2
169855,"Restaurant, Mexican, cheese enchilada",sr_legacy_food,25,2019-04-01,273.0,11.24,18.47,15.45
169856,"Restaurant, Mexican, cheese tamales",sr_legacy_food,25,2019-04-01,215.8,8.99,11.99,17.97
169857,"CARRABBA'S ITALIAN GRILL, chicken parmesan without cavatappi pasta",sr_legacy_food,25,2019-04-01,205.8,19.0,10.95,7.8
169858,"OLIVE GARDEN, chicken parmigiana without pasta",sr_legacy_food,25,2019-04-01,211.5,15.33,11.23,12.28
169859,"Cereals ready-to-eat, POST, HONEY BUNCHES OF OATS, with almonds",sr_legacy_food,8,2019-04-01,414.9,7.7,7.3,79.6
169860,"Margarine-like, vegetable oil spread, stick or tub, sweetened",sr_legacy_food,4,2019-04-01,534.8,0.0,52.0,16.7
169861,"Snacks, popcorn, home-prepared, oil-popped, unsalted",sr_legacy_food,23,2019-04-01,521.3,9.0,28.1,58.1
169862,"Cereals ready-to-eat, POST, GREAT GRAINS Crunchy Pecan Cereal",sr_legacy_food,8,2019-04-01,422.5,9.0,10.5,73.0
169863,"Snacks, granola bar, with coconut, chocolate coated",sr_legacy_food,23,2019-04-01,531.4,5.2,32.2,55.2
169864,"Babyfood, vegetable and brown rice, strained",sr_legacy_food,3,2019-04-01,69.5,1.9,1.5,12.1
169865,"Babyfood, peas and brown rice",sr_legacy_food,3,2019-04-01,64.1,3.4,0.5,11.49
169866,"Frankfurter, meat and poultry, low fat",sr_legacy_food,7,2019-04-01,120.8,15.5,2.8,8.4
169867,"Oil, corn and canola",sr_legacy_food,4,2019-04-01,900.0,0.0,100.0,0.0
169868,"Milk, fluid, nonfat, calcium fortified (fat free or skim)",sr_legacy_food,1,2019-04-01,34.6,3.4,0.18,4.85
169869,"Peanut butter, reduced sodium",sr_legacy_food,16,2019-04-01,632.4,24.0,49.9,21.83
169870,"Cereals ready-to-eat, POST GREAT GRAINS Banana Nut Crunch",sr_legacy_food,8,2019-04-01,402.0,9.8,8.8,70.9
169871,"Babyfood, carrots, toddler",sr_legacy_food,3,2019-04-01,26.0,0.6,0.3,5.23
169872,"Babyfood, dessert, banana pudding, strained",sr_legacy_food,3,2019-04-01,67.8,1.0,0.8,14.14
169873,"Babyfood, fruit, tutti frutti, strained",sr_legacy_food,3,2019-04-01,66.2,0.4,0.3,15.48
169874,"Babyfood, fruit, tutti frutti, junior",sr_legacy_food,3,2019-04-01,69.2,0.4,0.4,16.0
169875,"Salad dressing, sweet and sour",sr_legacy_food,4,2019-04-01,15.2,0.1,0.0,3.7
169876,"Salad dressing, blue or roquefort cheese, low calorie",sr_legacy_food,4,2019-04-01,96.8,5.1,7.2,2.9
169877,"Salad dressing, caesar, low calorie",sr_legacy_food,4,2019-04-01,115.2,0.3,4.4,18.6
169878,"Syrups, sugar free",sr_legacy_food,19,2019-04-01,51.2,0.8,0.0,11.99
169879,"Jellies, no sugar (with sodium saccharin), any flavors",sr_legacy_food,19,2019-04-01,120.6,0.55,0.0,29.6
169880,"Candies, hard, dietetic or low calorie (sorbitol)",sr_legacy_food,19,2019-04-01,394.4,0.0,0.0,98.6
169881,"Candies, chocolate covered, low sugar or low calorie",sr_legacy_food,19,2019-04-01,589.7,12.39,43.27,37.68
169882,"Chewing gum, sugarless",sr_legacy_food,19,2019-04-01,382.8,0.0,0.4,94.8
169883,"Fluid replacement, electrolyte solution (include PEDIALYTE)",sr_legacy_food,3,2019-04-01,9.8,0.0,0.0,2.45
169884,"Vermicelli, made from soy",sr_legacy_food,16,2019-04-01,330.6,0.1,0.1,82.32
169885,"Beans, liquid from stewed kidney beans",sr_legacy_food,16,2019-04-01,47.2,1.8,3.2,2.8
169886,"Chicken, meatless",sr_legacy_food,16,2019-04-01,223.7,23.64,12.73,3.64
169887,"Frankfurter, meatless",sr_legacy_food,16,2019-04-01,232.8,19.61,13.73,7.7
169888,Vegetarian meatloaf or patties,sr_legacy_food,16,2019-04-01,197.0,21.0,9.0,8.0
169889,"Radishes, hawaiian style, pickled",sr_legacy_food,11,2019-04-01,27.9,1.1,0.3,5.2
169890,"Cabbage, japanese style, fresh, pickled",sr_legacy_food,11,2019-04-01,30.0,1.6,0.1,5.67
169891,"Cabbage, mustard, salted",sr_legacy_food,11,2019-04-01,27.8,1.1,0.1,5.63
169892,"Eggplant, pickled",sr_legacy_food,11,2019-04-01,49.0,0.9,0.7,9.77
169893,"Bacon bits, meatless",sr_legacy_food,16,2019-04-01,475.5,32.0,25.9,28.6
169894,"Butter replacement, without fat, powder",sr_legacy_food,4,2019-04-01,373.0,2.0,1.0,89.0
169895,"Salad dressing, buttermilk, lite",sr_legacy_food,4,2019-04-01,202.1,1.25,12.42,21.33
169896,"Sweeteners, tabletop, fructose, dry, powder",sr_legacy_food,19,2019-04-01,400.0,0.0,0.0,100.0
169897,"Beverage, instant breakfast powder, chocolate, sugar-free, not reconstituted",sr_legacy_food,1,2019-04-01,353.1,35.8,5.1,41.0
169898,"Yogurt, fruit variety, nonfat",sr_legacy_food,1,2019-04-01,95.4,4.4,0.2,19.0
169899,"Whipped cream substitute, dietetic, made from powdered mix",sr_legacy_food,1,2019-04-01,100.0,0.9,6.0,10.6
169900,"Frozen novelties, ice cream type, sundae, prepackaged",sr_legacy_food,19,2019-04-01,189.8,4.3,6.0,29.64
169901,"Cheese, american cheddar, imitation",sr_legacy_food,1,2019-04-01,239.2,16.7,14.0,11.6
169902,"Quail, cooked, total edible",sr_legacy_food,5,2019-04-01,227.3,25.1,14.1,0.0
169903,"Pheasant, cooked, total edible",sr_legacy_food,5,2019-04-01,238.5,32.4,12.1,0.0
169904,"Eggs, scrambled, frozen mixture",sr_legacy_food,1,2019-04-01,132.8,13.1,5.6,7.5
169905,"Dove, cooked (includes squab)",sr_legacy_food,5,2019-04-01,212.6,23.9,13.0,0.0
169906,"Pork, cured, ham, boneless, low sodium, extra lean and regular, roasted",sr_legacy_food,10,2019-04-01,159.3,22.0,7.7,0.5
169907,"Longans, dried",sr_legacy_food,9,2019-04-01,319.2,4.9,0.4,74.0
169908,"Loquats, raw",sr_legacy_food,9,2019-04-01,52.1,0.43,0.2,12.14
169909,"Mammy-apple, (mamey), raw",sr_legacy_food,9,2019-04-01,56.5,0.5,0.5,12.5
169910,"Mangos, raw",sr_legacy_food,9,2019-04-01,66.6,0.82,0.38,14.98
169911,"Melons, honeydew, raw",sr_legacy_food,9,2019-04-01,39.8,0.54,0.14,9.09
169912,"Melon balls, frozen",sr_legacy_food,9,2019-04-01,37.4,0.84,0.25,7.94
169913,"Mulberries, raw",sr_legacy_food,9,2019-04-01,48.5,1.44,0.39,9.8
169914,"Nectarines, raw",sr_legacy_food,9,2019-04-01,49.3,1.06,0.32,10.55
169915,"Oheloberries, raw",sr_legacy_food,9,2019-04-01,30.9,0.38,0.22,6.84
169916,"Oranges, raw, California, valencias",sr_legacy_food,9,2019-04-01,54.4,1.04,0.3,11.89
169917,"Oranges, raw, navels (Includes foods for USDA's Food Distribution Program)",sr_legacy_food,9,2019-04-01,55.2,0.91,0.15,12.54
169918,"Oranges, raw, Florida",sr_legacy_food,9,2019-04-01,50.8,0.7,0.21,11.54
169919,"Oranges, raw, with peel",sr_legacy_food,9,2019-04-01,69.9,1.3,0.3,15.5
169920,"Orange juice, chilled, includes from concentrate, with added calcium",sr_legacy_food,9,2019-04-01,48.9,0.68,0.12,11.27
169921,"Orange juice, frozen concentrate, unsweetened, diluted with 3 volume water, with added calcium",sr_legacy_food,9,2019-04-01,36.8,0.6,0.06,8.47
169922,"Orange juice, frozen concentrate, unsweetened, undiluted, with added calcium",sr_legacy_food,9,2019-04-01,147.3,2.4,0.25,33.86
169923,"Orange juice, frozen concentrate, unsweetened, undiluted",sr_legacy_food,9,2019-04-01,152.6,2.4,0.25,35.19
169924,"Tangerines, (mandarin oranges), canned, light syrup pack",sr_legacy_food,9,2019-04-01,67.5,0.45,0.1,16.19
169925,"Tangerine juice, raw",sr_legacy_food,9,2019-04-01,44.2,0.5,0.2,10.1
169926,"Papayas, raw",sr_legacy_food,9,2019-04-01,47.5,0.47,0.26,10.82
169927,"Papaya, canned, heavy syrup, drained",sr_legacy_food,9,2019-04-01,228.8,0.14,0.55,55.83
169928,"Peaches, yellow, raw",sr_legacy_food,9,2019-04-01,44.0,0.91,0.25,9.54
169929,"Peaches, canned, water pack, solids and liquids",sr_legacy_food,9,2019-04-01,26.7,0.44,0.06,6.11
169930,"Peaches, canned, juice pack, solids and liquids",sr_legacy_food,9,2019-04-01,49.1,0.63,0.03,11.57
169931,"Peaches, canned, extra light syrup, solids and liquids (Includes foods for USDA's Food Distribution Program)",sr_legacy_food,9,2019-04-01,46.9,0.4,0.1,11.1
169932,"Peaches, dehydrated (low-moisture), sulfured, uncooked",sr_legacy_food,9,2019-04-01,361.6,4.89,1.03,83.18
169933,"Peaches, dehydrated (low-moisture), sulfured, stewed",sr_legacy_food,9,2019-04-01,148.4,2.01,0.42,34.14
169934,"Peaches, dried, sulfured, uncooked",sr_legacy_food,9,2019-04-01,266.6,3.61,0.76,61.33
169935,"Peaches, dried, sulfured, stewed, without added sugar",sr_legacy_food,9,2019-04-01,85.6,1.16,0.25,19.69
169936,"Pears, canned, juice pack, solids and liquids",sr_legacy_food,9,2019-04-01,53.8,0.34,0.07,12.94
169937,"Pears, canned, extra light syrup pack, solids and liquids (Includes foods for USDA's Food Distribution Program)",sr_legacy_food,9,2019-04-01,50.9,0.3,0.1,12.2
169938,"Pears, canned, light syrup pack, solids and liquids",sr_legacy_food,9,2019-04-01,61.7,0.19,0.03,15.17
169939,"Pears, canned, heavy syrup pack, solids and liquids",sr_legacy_food,9,2019-04-01,78.6,0.2,0.13,19.17
169940,"Pear nectar, canned, without added ascorbic acid",sr_legacy_food,9,2019-04-01,63.6,0.11,0.01,15.76
169941,"Persimmons, japanese, raw",sr_legacy_food,9,2019-04-01,78.4,0.58,0.19,18.59
169942,"Persimmons, japanese, dried",sr_legacy_food,9,2019-04-01,304.6,1.38,0.59,73.43
169943,"Persimmons, native, raw",sr_legacy_food,9,2019-04-01,140.8,0.8,0.4,33.5
169944,"Pineapple, canned, heavy syrup pack, solids and liquids",sr_legacy_food,9,2019-04-01,83.2,0.35,0.11,20.2
169945,"Pineapple, canned, extra heavy syrup pack, solids and liquids",sr_legacy_food,9,2019-04-01,88.4,0.34,0.11,21.5
169946,"Pineapple, frozen, chunks, sweetened",sr_legacy_food,9,2019-04-01,91.3,0.4,0.1,22.2
169947,"Pineapple juice, canned or bottled, unsweetened, without added ascorbic acid",sr_legacy_food,9,2019-04-01,54.0,0.36,0.12,12.87
169948,"Pineapple juice, frozen concentrate, unsweetened, undiluted",sr_legacy_food,9,2019-04-01,183.3,1.3,0.1,44.3
169949,"Plums, raw",sr_legacy_food,9,2019-04-01,51.0,0.7,0.28,11.42
169950,"Plums, canned, purple, water pack, solids and liquids",sr_legacy_food,9,2019-04-01,45.8,0.39,0.01,11.03
169951,"Plums, canned, purple, juice pack, solids and liquids",sr_legacy_food,9,2019-04-01,62.8,0.51,0.02,15.15
169952,"Plums, canned, purple, light syrup pack, solids and liquids",sr_legacy_food,9,2019-04-01,67.5,0.37,0.1,16.28
169953,"Lima beans, immature seeds, frozen, fordhook, unprepared",sr_legacy_food,11,2019-04-01,108.1,6.4,0.35,19.83
169954,"Lima beans, immature seeds, frozen, fordhook, cooked, boiled, drained, without salt",sr_legacy_food,11,2019-04-01,104.6,6.07,0.34,19.32
169955,"Lima beans, immature seeds, frozen, baby, unprepared",sr_legacy_food,11,2019-04-01,134.9,7.59,0.44,25.14
169956,"Lima beans, immature seeds, frozen, baby, cooked, boiled, drained, without salt",sr_legacy_food,11,2019-04-01,107.1,6.65,0.3,19.45
169957,"Mung beans, mature seeds, sprouted, raw",sr_legacy_food,11,2019-04-01,37.5,3.04,0.18,5.94
169958,"Beans, pinto, immature seeds, frozen, unprepared",sr_legacy_food,11,2019-04-01,173.7,9.8,0.5,32.5
169959,"Beans, pinto, immature seeds, frozen, cooked, boiled, drained, without salt",sr_legacy_food,11,2019-04-01,165.0,9.31,0.48,30.87
169960,"Beans, shellie, canned, solids and liquids",sr_legacy_food,11,2019-04-01,33.5,1.76,0.19,6.19
169961,"Beans, snap, green, raw",sr_legacy_food,11,2019-04-01,37.2,1.83,0.22,6.97
169962,"Beans, snap, green, frozen, all styles, unprepared (Includes foods for USDA's Food Distribution Program)",sr_legacy_food,11,2019-04-01,39.2,1.79,0.21,7.54
169963,"Beans, snap, green, frozen, cooked, boiled, drained without salt",sr_legacy_food,11,2019-04-01,33.3,1.49,0.17,6.45
169964,"Beans, snap, green, frozen, all styles, microwaved",sr_legacy_food,11,2019-04-01,39.5,1.98,0.41,6.98
169965,"Beans, snap, green, microwaved",sr_legacy_food,11,2019-04-01,39.4,2.31,0.5,6.41
169966,"Beets, canned, drained solids",sr_legacy_food,11,2019-04-01,33.7,0.91,0.14,7.21
169967,"Broccoli, cooked, boiled, drained, without salt",sr_legacy_food,11,2019-04-01,41.9,2.38,0.41,7.18
169968,"Broccoli, frozen, chopped, unprepared",sr_legacy_food,11,2019-04-01,33.0,2.81,0.29,4.78
169969,"Broccoli, frozen, chopped, cooked, boiled, drained, without salt",sr_legacy_food,11,2019-04-01,34.9,3.1,0.12,5.35
169970,"Broccoli, frozen, spears, unprepared (Includes foods for USDA's Food Distribution Program)",sr_legacy_food,11,2019-04-01,36.7,3.06,0.34,5.35
169971,"Brussels sprouts, cooked, boiled, drained, without salt",sr_legacy_food,11,2019-04-01,43.1,2.55,0.5,7.1
169972,"Brussels sprouts, frozen, unprepared",sr_legacy_food,11,2019-04-01,50.2,3.78,0.41,7.86
169973,"Brussels sprouts, frozen, cooked, boiled, drained, without salt",sr_legacy_food,11,2019-04-01,51.4,3.64,0.39,8.32
169974,"Burdock root, raw",sr_legacy_food,11,2019-04-01,76.8,1.53,0.15,17.34
169975,"Cabbage, raw",sr_legacy_food,11,2019-04-01,29.2,1.28,0.1,5.8
169976,"Cabbage, cooked, boiled, drained, without salt",sr_legacy_food,11,2019-04-01,27.7,1.27,0.06,5.51
169977,"Cabbage, red, raw",sr_legacy_food,11,2019-04-01,36.6,1.43,0.16,7.37
169978,"Cabbage, red, cooked, boiled, drained, without salt",sr_legacy_food,11,2019-04-01,34.6,1.51,0.09,6.94
169979,"Cabbage, chinese (pe-tsai), raw",sr_legacy_food,11,2019-04-01,19.5,1.2,0.2,3.23
169980,"Cabbage, chinese (pe-tsai), cooked, boiled, drained, without salt",sr_legacy_food,11,2019-04-01,17.2,1.5,0.17,2.41
169981,"Cardoon, raw",sr_legacy_food,11,2019-04-01,20.0,0.7,0.1,4.07
169982,"Cardoon, cooked, boiled, drained, without salt",sr_legacy_food,11,2019-04-01,25.4,0.76,0.11,5.33
169983,"Carrots, frozen, unprepared (Includes foods for USDA's Food Distribution Program)",sr_legacy_food,11,2019-04-01,38.9,0.78,0.46,7.9
169984,"Carrots, frozen, cooked, boiled, drained, without salt",sr_legacy_food,11,2019-04-01,39.4,0.58,0.68,7.73
169985,"Cassava, raw",sr_legacy_food,11,2019-04-01,160.2,1.36,0.28,38.06
169986,"Cauliflower, raw",sr_legacy_food,11,2019-04-01,30.1,1.92,0.28,4.97
169987,"Celeriac, cooked, boiled, drained, without salt",sr_legacy_food,11,2019-04-01,29.2,0.96,0.19,5.9
169988,"Celery, raw",sr_legacy_food,11,2019-04-01,16.2,0.69,0.17,2.97
169989,"Celery, cooked, boiled, drained, without salt",sr_legacy_food,11,2019-04-01,20.8,0.83,0.16,4.0
169990,"Celtuce, raw",sr_legacy_food,11,2019-04-01,20.7,0.85,0.3,3.65
169991,"Chard, swiss, raw",sr_legacy_food,11,2019-04-01,24.0,1.8,0.2,3.74
169992,"Chicory greens, raw",sr_legacy_food,11,2019-04-01,28.3,1.7,0.3,4.7
169993,"Chicory roots, raw",sr_legacy_food,11,2019-04-01,77.4,1.4,0.2,17.51
169994,"Chives, raw",sr_legacy_food,11,2019-04-01,37.0,3.27,0.73,4.35
169995,"Chrysanthemum, garland, raw",sr_legacy_food,11,2019-04-01,30.6,3.36,0.56,3.02
169996,"Collards, frozen, chopped, cooked, boiled, drained, without salt",sr_legacy_food,11,2019-04-01,44.0,2.97,0.41,7.1
169997,"Coriander (cilantro) leaves, raw",sr_legacy_food,11,2019-04-01,27.9,2.13,0.52,3.67
169998,"Corn, sweet, yellow, raw",sr_legacy_food,11,2019-04-01,100.0,3.27,1.35,18.7
169999,"Corn, sweet, yellow, cooked, boiled, drained, without salt",sr_legacy_food,11,2019-04-01,111.1,3.41,1.5,20.98
170000,"Onions, raw",sr_legacy_food,11,2019-04-01,42.7,1.1,0.1,9.34
170001,"Onions, cooked, boiled, drained, without salt",sr_legacy_food,11,2019-04-01,47.8,1.36,0.19,10.15
170002,"Onions, dehydrated flakes",sr_legacy_food,11,2019-04-01,373.1,8.95,0.46,83.28
170003,"Onions, canned, solids and liquids",sr_legacy_food,11,2019-04-01,20.3,0.85,0.09,4.02
170004,"Onions, yellow, sauteed",sr_legacy_food,11,2019-04-01,132.4,0.95,10.8,7.86
170005,"Onions, spring or scallions (includes tops and bulb), raw",sr_legacy_food,11,2019-04-01,38.4,1.83,0.19,7.34
170006,"Onions, young green, tops only",sr_legacy_food,11,2019-04-01,31.1,0.97,0.47,5.74
170007,"Onions, welsh, raw",sr_legacy_food,11,2019-04-01,37.2,1.9,0.4,6.5
170008,"Onions, sweet, raw",sr_legacy_food,11,2019-04-01,34.1,0.8,0.08,7.55
170009,"Parsnips, cooked, boiled, drained, without salt",sr_legacy_food,11,2019-04-01,76.0,1.32,0.3,17.01
170010,"Peas, edible-podded, raw",sr_legacy_food,11,2019-04-01,43.2,2.8,0.2,7.55
170011,"Peas, edible-podded, boiled, drained, without salt",sr_legacy_food,11,2019-04-01,43.4,3.27,0.23,7.05
170012,"Peas, edible-podded, frozen, unprepared",sr_legacy_food,11,2019-04-01,42.7,2.8,0.3,7.2
170013,"Peas, green (includes baby and lesuer types), canned, drained solids, unprepared",sr_legacy_food,11,2019-04-01,70.5,4.47,0.8,11.36
170014,"Peas, green, canned, seasoned, solids and liquids",sr_legacy_food,11,2019-04-01,51.8,3.09,0.27,9.25
170015,"Peas, green, canned, drained solids, rinsed in tap water",sr_legacy_food,11,2019-04-01,73.2,4.33,0.95,11.82
170016,"Peas, green, frozen, unprepared (Includes foods for USDA's Food Distribution Program)",sr_legacy_food,11,2019-04-01,79.0,5.22,0.4,13.62
170017,"Peas, green, frozen, cooked, boiled, drained, without salt",sr_legacy_food,11,2019-04-01,80.1,5.15,0.27,14.26
170018,"Peas and carrots, frozen, cooked, boiled, drained, without salt",sr_legacy_food,11,2019-04-01,56.6,3.09,0.42,10.12
170019,"Peas and onions, canned, solids and liquids",sr_legacy_food,11,2019-04-01,50.8,3.28,0.38,8.57
170020,"Peas and onions, frozen, unprepared",sr_legacy_food,11,2019-04-01,72.8,3.98,0.32,13.51
170021,"Peas and onions, frozen, cooked, boiled, drained, without salt",sr_legacy_food,11,2019-04-01,46.5,2.54,0.2,8.63
170022,"Peppers, sweet, green, frozen, chopped, unprepared",sr_legacy_food,11,2019-04-01,24.0,1.08,0.21,4.45
170023,"Peppers, sweet, green, frozen, chopped, boiled, drained, without salt",sr_legacy_food,11,2019-04-01,21.0,0.95,0.18,3.9
170024,"Peppers, sweet, green, sauteed",sr_legacy_food,11,2019-04-01,126.6,0.78,11.85,4.22
170025,"Pigeonpeas, immature seeds, raw",sr_legacy_food,11,2019-04-01,139.1,7.2,1.64,23.88
170026,"Potatoes, flesh and skin, raw",sr_legacy_food,11,2019-04-01,79.0,2.05,0.09,17.49
170027,"Potatoes, russet, flesh and skin, raw (Includes foods for USDA's Food Distribution Program)",sr_legacy_food,11,2019-04-01,81.6,2.14,0.08,18.07
170028,"Potatoes, white, flesh and skin, raw",sr_legacy_food,11,2019-04-01,70.5,1.68,0.1,15.71
170029,"Potatoes, red, flesh and skin, raw",sr_legacy_food,11,2019-04-01,72.4,1.89,0.14,15.9
170030,"Potatoes, Russet, flesh and skin, baked",sr_legacy_food,11,2019-04-01,97.4,2.63,0.13,21.44
170031,"Potatoes, roasted, salt added in processing, frozen, unprepared",sr_legacy_food,11,2019-04-01,129.8,2.22,1.81,26.15
170032,"Potatoes, raw, skin",sr_legacy_food,11,2019-04-01,60.9,2.57,0.1,12.44
170033,"Potatoes, baked, flesh, without salt",sr_legacy_food,11,2019-04-01,94.9,1.96,0.1,21.55
170034,"Potatoes, baked, skin, without salt",sr_legacy_food,11,2019-04-01,202.3,4.29,0.1,46.06
170035,"Potatoes, microwaved, cooked in skin, skin, without salt",sr_legacy_food,11,2019-04-01,137.0,4.39,0.1,29.63
170036,"Potatoes, hash brown, home-prepared",sr_legacy_food,11,2019-04-01,265.1,3.0,12.52,35.11
170037,"Potatoes, mashed, home-prepared, whole milk and margarine added",sr_legacy_food,11,2019-04-01,113.4,1.96,4.2,16.94
170038,"Potatoes, scalloped, home-prepared with butter",sr_legacy_food,11,2019-04-01,87.7,2.87,3.68,10.78
170039,"Potatoes, mashed, dehydrated, granules without milk, dry form",sr_legacy_food,11,2019-04-01,379.8,8.22,0.54,85.51
170040,"Potatoes, mashed, dehydrated, prepared from granules without milk, whole milk and butter added",sr_legacy_food,11,2019-04-01,110.3,2.05,4.96,14.36
170041,"Potatoes, mashed, dehydrated, granules with milk, dry form",sr_legacy_food,11,2019-04-01,364.3,10.9,1.1,77.7
170042,"Potatoes, mashed, dehydrated, prepared from granules with milk, water and margarine added",sr_legacy_food,11,2019-04-01,116.2,2.13,4.8,16.13
170043,"Potatoes, hash brown, frozen, plain, unprepared",sr_legacy_food,11,2019-04-01,84.7,2.06,0.62,17.72
170044,"Potatoes, hash brown, frozen, plain, prepared, pan fried in canola oil",sr_legacy_food,11,2019-04-01,229.0,2.65,11.59,28.51
170045,"Potatoes, hash brown, frozen, with butter sauce, unprepared",sr_legacy_food,11,2019-04-01,140.5,1.87,6.66,18.28
170046,"Potatoes, hash brown, frozen, with butter sauce, prepared",sr_legacy_food,11,2019-04-01,185.5,2.46,8.79,24.13
170047,"Potato puffs, frozen, unprepared",sr_legacy_food,11,2019-04-01,185.3,1.93,8.71,24.8
170048,"Potato puffs, frozen, oven-heated",sr_legacy_food,11,2019-04-01,199.1,2.13,9.05,27.29
170049,"Potatoes, frozen, whole, cooked, boiled, drained, without salt",sr_legacy_food,11,2019-04-01,67.2,1.98,0.13,14.52
170050,"Tomatoes, red, ripe, cooked",sr_legacy_food,11,2019-04-01,20.8,0.95,0.11,4.01
170051,"Tomatoes, red, ripe, canned, packed in tomato juice",sr_legacy_food,11,2019-04-01,19.3,0.79,0.25,3.47
170052,"Tomatoes, red, ripe, canned, stewed",sr_legacy_food,11,2019-04-01,30.1,0.91,0.19,6.19
170053,"Tomatoes, red, ripe, canned, with green chilies",sr_legacy_food,11,2019-04-01,18.0,0.69,0.08,3.62
170054,"Tomato products, canned, sauce",sr_legacy_food,11,2019-04-01,28.7,1.2,0.3,5.31
170055,"Tomato products, canned, sauce, with mushrooms",sr_legacy_food,11,2019-04-01,40.7,1.45,0.13,8.43
170056,"Tomato products, canned, sauce, with onions",sr_legacy_food,11,2019-04-01,47.7,1.56,0.19,9.94
170057,"Tomato products, canned, sauce, with herbs and cheese",sr_legacy_food,11,2019-04-01,66.8,2.13,1.93,10.24
170058,"Turnips, cooked, boiled, drained, without salt",sr_legacy_food,11,2019-04-01,23.8,0.71,0.08,5.06
170059,"Turnips, frozen, unprepared",sr_legacy_food,11,2019-04-01,17.4,1.04,0.16,2.94
170060,"Turnips, frozen, cooked, boiled, drained, without salt",sr_legacy_food,11,2019-04-01,25.7,1.53,0.24,4.35
170061,"Turnip greens, raw",sr_legacy_food,11,2019-04-01,37.2,1.5,0.3,7.13
170062,"Turnip greens and turnips, frozen, cooked, boiled, drained, without salt",sr_legacy_food,11,2019-04-01,34.8,2.99,0.38,4.85
170063,"Vegetable juice cocktail, canned",sr_legacy_food,11,2019-04-01,22.0,0.93,0.31,3.87
170064,"Vegetables, mixed, canned, solids and liquids",sr_legacy_food,11,2019-04-01,36.4,1.42,0.25,7.13
170065,"Vegetables, mixed, canned, drained solids",sr_legacy_food,11,2019-04-01,49.6,2.59,0.25,9.26
170066,"Waterchestnuts, chinese, (matai), raw",sr_legacy_food,11,2019-04-01,102.3,1.4,0.1,23.94
170067,"Waterchestnuts, chinese, canned, solids and liquids",sr_legacy_food,11,2019-04-01,53.3,0.88,0.06,12.3
170068,"Watercress, raw",sr_legacy_food,11,2019-04-01,15.3,2.3,0.1,1.29
170069,"Waxgourd, (chinese preserving melon), raw",sr_legacy_food,11,2019-04-01,15.4,0.4,0.2,3.0
170070,"Winged bean tuber, raw",sr_legacy_food,11,2019-04-01,166.9,11.6,0.9,28.1
170071,"Yam, raw",sr_legacy_food,11,2019-04-01,119.2,1.53,0.17,27.88
170072,"Yam, cooked, boiled, drained, or baked, without salt",sr_legacy_food,11,2019-04-01,117.1,1.49,0.14,27.48
170073,"Yambean (jicama), raw",sr_legacy_food,11,2019-04-01,39.0,0.72,0.09,8.82
170074,"Yambean (jicama), cooked, boiled, drained, without salt",sr_legacy_food,11,2019-04-01,39.0,0.72,0.09,8.82
170075,"Chives, freeze-dried",sr_legacy_food,11,2019-04-01,373.5,21.2,3.5,64.29
170076,"Dock, raw",sr_legacy_food,11,2019-04-01,27.1,2.0,0.7,3.2
170077,"Dock, cooked, boiled, drained, without salt",sr_legacy_food,11,2019-04-01,24.8,1.83,0.64,2.93
170078,"Eppaw, raw",sr_legacy_food,11,2019-04-01,161.3,4.6,1.8,31.68
170079,"Beans, mung, mature seeds, sprouted, canned, drained solids",sr_legacy_food,11,2019-04-01,14.7,1.4,0.06,2.14
170080,"Peppers, jalapeno, canned, solids and liquids",sr_legacy_food,11,2019-04-01,31.1,0.92,0.94,4.74
170081,"Radishes, white icicle, raw",sr_legacy_food,11,2019-04-01,15.8,1.1,0.1,2.63
170082,"Shallots, freeze-dried",sr_legacy_food,11,2019-04-01,376.5,12.3,0.5,80.7
170083,"Sweet potato, canned, syrup pack, solids and liquids",sr_legacy_food,11,2019-04-01,89.4,0.98,0.2,20.93
170084,"Sweet potato, canned, syrup pack, drained solids",sr_legacy_food,11,2019-04-01,109.4,1.28,0.32,25.36
170085,"Tomato products, canned, sauce, spanish style",sr_legacy_food,11,2019-04-01,37.2,1.44,0.27,7.24
170086,"Beans, pinto, mature seeds, sprouted, raw",sr_legacy_food,11,2019-04-01,75.5,5.25,0.9,11.6
170087,"Beans, pinto, mature seeds, sprouted, cooked, boiled, drained, without salt",sr_legacy_food,11,2019-04-01,26.7,1.86,0.32,4.1
170088,"Sweet potato, cooked, candied, home-prepared",sr_legacy_food,11,2019-04-01,163.9,0.89,3.54,32.12
170089,"Tomatoes, red, ripe, cooked, stewed",sr_legacy_food,11,2019-04-01,84.2,1.96,2.68,13.05
170090,"Seaweed, agar, dried",sr_legacy_food,11,2019-04-01,351.1,6.21,0.3,80.88
170091,"Seaweed, spirulina, raw",sr_legacy_food,11,2019-04-01,36.9,5.92,0.39,2.42
170092,Potato pancakes,sr_legacy_food,11,2019-04-01,268.4,6.08,14.76,27.81
170093,"Potatoes, baked, flesh and skin, without salt",sr_legacy_food,11,2019-04-01,95.8,2.5,0.13,21.15
170094,"Potatoes, microwaved, cooked in skin, flesh and skin, without salt",sr_legacy_food,11,2019-04-01,107.6,2.44,0.1,24.24
170095,"Radish seeds, sprouted, raw",sr_legacy_food,11,2019-04-01,52.4,3.81,2.53,3.6
170096,"Tomatoes, yellow, raw",sr_legacy_food,11,2019-04-01,18.2,0.98,0.26,2.98
170097,"Mushrooms, shiitake, cooked, with salt",sr_legacy_food,11,2019-04-01,65.8,1.56,0.22,14.39
170098,"Okra, cooked, boiled, drained, with salt",sr_legacy_food,11,2019-04-01,27.4,1.87,0.21,4.51
170099,"Okra, frozen, cooked, boiled, drained, with salt",sr_legacy_food,11,2019-04-01,34.3,1.63,0.24,6.41
170100,"Onions, cooked, boiled, drained, with salt",sr_legacy_food,11,2019-04-01,45.4,1.36,0.19,9.56
170101,"Onions, frozen, chopped, cooked, boiled, drained, with salt",sr_legacy_food,11,2019-04-01,28.0,0.77,0.1,6.0
170102,"Peas, green, cooked, boiled, drained, with salt",sr_legacy_food,11,2019-04-01,85.9,5.36,0.22,15.63
170103,"Peas, green, canned, no salt added, solids and liquids",sr_legacy_food,11,2019-04-01,54.5,3.19,0.3,9.75
170104,"Peas, green, canned, no salt added, drained solids",sr_legacy_food,11,2019-04-01,71.2,4.42,0.35,12.58
170105,"Peas, green, frozen, cooked, boiled, drained, with salt",sr_legacy_food,11,2019-04-01,80.1,5.15,0.27,14.26
170106,"Peppers, hot chili, red, raw",sr_legacy_food,11,2019-04-01,46.7,1.87,0.44,8.81
170107,"Peppers, hot chili, red, canned, excluding seeds, solids and liquids",sr_legacy_food,11,2019-04-01,24.9,0.9,0.1,5.1
170108,"Peppers, sweet, red, raw",sr_legacy_food,11,2019-04-01,30.8,0.99,0.3,6.03
170109,"Peppers, sweet, green, cooked, boiled, drained, with salt",sr_legacy_food,11,2019-04-01,29.9,0.92,0.2,6.11
170110,"Peppers, sweet, red, cooked, boiled, drained, without salt",sr_legacy_food,11,2019-04-01,32.3,0.92,0.2,6.7
170111,"Potatoes, baked, flesh and skin, with salt",sr_legacy_food,11,2019-04-01,95.8,2.5,0.13,21.15
170112,"Potatoes, baked, flesh, with salt",sr_legacy_food,11,2019-04-01,94.9,1.96,0.1,21.55
170113,"Potatoes, baked, skin only, with salt",sr_legacy_food,11,2019-04-01,202.3,4.29,0.1,46.06
170114,"Potatoes, boiled, cooked in skin, flesh, with salt",sr_legacy_food,11,2019-04-01,88.9,1.87,0.1,20.13
170115,"Potatoes, microwaved, cooked, in skin, skin with salt",sr_legacy_food,11,2019-04-01,137.0,4.39,0.1,29.63
170116,"Potatoes, frozen, whole, cooked, boiled, drained, with salt",sr_legacy_food,11,2019-04-01,64.8,1.98,0.13,13.93
170117,"Potatoes, frozen, french fried, par fried, cottage-cut, prepared, heated in oven, with salt",sr_legacy_food,11,2019-04-01,223.7,3.44,8.2,34.03
170118,"Potatoes, french fried, all types, salt not added in processing, frozen, oven-heated",sr_legacy_food,11,2019-04-01,172.5,2.66,5.22,28.71
170119,"Pumpkin, flowers, cooked, boiled, drained, with salt",sr_legacy_food,11,2019-04-01,17.8,1.09,0.08,3.18
170120,"Pumpkin leaves, cooked, boiled, drained, with salt",sr_legacy_food,11,2019-04-01,26.4,2.72,0.22,3.39
170121,"Purslane, cooked, boiled, drained, with salt",sr_legacy_food,11,2019-04-01,21.9,1.49,0.19,3.55
170122,"Radishes, oriental, cooked, boiled, drained, with salt",sr_legacy_food,11,2019-04-01,18.6,0.67,0.24,3.43
170123,"Spinach, canned, no salt added, solids and liquids",sr_legacy_food,11,2019-04-01,23.4,2.11,0.37,2.92
170124,"Spinach, frozen, chopped or leaf, cooked, boiled, drained, with salt",sr_legacy_food,11,2019-04-01,43.1,4.01,0.87,4.8
170125,"Squash, summer, all varieties, cooked, boiled, drained, with salt",sr_legacy_food,11,2019-04-01,23.7,0.91,0.31,4.31
170126,"Squash, summer, crookneck and straightneck, cooked, boiled, drained, with salt",sr_legacy_food,11,2019-04-01,22.8,1.04,0.39,3.79
170127,"Squash, winter, all varieties, cooked, baked, with salt",sr_legacy_food,11,2019-04-01,42.1,0.89,0.35,8.85
170128,"Squash, winter, acorn, cooked, baked, with salt",sr_legacy_food,11,2019-04-01,64.1,1.12,0.14,14.58
170129,"Squash, winter, acorn, cooked, boiled, mashed, with salt",sr_legacy_food,11,2019-04-01,38.6,0.67,0.08,8.79
170130,"Squash, winter, butternut, cooked, baked, with salt",sr_legacy_food,11,2019-04-01,46.4,0.9,0.09,10.49
170131,"Succotash, (corn and limas), frozen, cooked, boiled, drained, with salt",sr_legacy_food,11,2019-04-01,105.0,4.31,0.89,19.95
170132,"Water convolvulus, cooked, boiled, drained, with salt",sr_legacy_food,11,2019-04-01,25.3,2.08,0.24,3.7
170133,"Sweet potato leaves, cooked, steamed, with salt",sr_legacy_food,11,2019-04-01,41.3,2.18,0.34,7.38
170134,"Sweet potato, cooked, baked in skin, flesh, with salt",sr_legacy_food,11,2019-04-01,92.2,2.01,0.15,20.71
170135,"Taro, shoots, cooked, with salt",sr_legacy_food,11,2019-04-01,16.4,0.73,0.08,3.19
170136,"Taro, tahitian, cooked, with salt",sr_legacy_food,11,2019-04-01,50.2,4.16,0.68,6.85
170137,"Tomatoes, red, ripe, cooked, with salt",sr_legacy_food,11,2019-04-01,20.8,0.95,0.11,4.01
170138,"Tomatoes, red, ripe, canned, packed in tomato juice, no salt added",sr_legacy_food,11,2019-04-01,19.3,0.79,0.25,3.47
170139,"Turnip greens, cooked, boiled, drained, with salt",sr_legacy_food,11,2019-04-01,24.1,1.14,0.23,4.36
170140,"Turnip greens, frozen, cooked, boiled, drained, with salt",sr_legacy_food,11,2019-04-01,37.1,3.35,0.42,4.98
170141,"Turnip greens and turnips, frozen, cooked, boiled, drained, with salt",sr_legacy_food,11,2019-04-01,34.3,2.99,0.38,4.74
170142,"Vegetables, mixed, frozen, cooked, boiled, drained, with salt",sr_legacy_food,11,2019-04-01,65.2,2.86,0.15,13.09
170143,"Mushrooms, portabella, exposed to ultraviolet light, raw",sr_legacy_food,11,2019-04-01,27.1,2.11,0.35,3.87
170144,"Seeds, breadfruit seeds, raw",sr_legacy_food,12,2019-04-01,196.9,7.4,5.59,29.24
170145,"Seeds, breadfruit seeds, boiled",sr_legacy_food,12,2019-04-01,169.9,5.3,2.3,32.0
170146,"Seeds, cottonseed flour, low fat (glandless)",sr_legacy_food,12,2019-04-01,356.4,49.83,1.41,36.1
170147,"Seeds, cottonseed meal, partially defatted (glandless)",sr_legacy_food,12,2019-04-01,393.0,49.1,4.77,38.43
170148,"Seeds, hemp seed, hulled",sr_legacy_food,12,2019-04-01,599.7,31.56,48.75,8.67
170149,"Seeds, lotus seeds, dried",sr_legacy_food,12,2019-04-01,337.2,15.41,1.97,64.47
170150,"Seeds, sesame seeds, whole, dried",sr_legacy_food,12,2019-04-01,611.8,17.73,49.67,23.45
170151,"Seeds, sesame seeds, whole, roasted and toasted",sr_legacy_food,12,2019-04-01,602.8,16.96,48.0,25.74
170152,"Seeds, sesame seed kernels, toasted, without salt added (decorticated)",sr_legacy_food,12,2019-04-01,604.0,16.96,48.0,26.04
170153,"Seeds, sesame flour, partially defatted",sr_legacy_food,12,2019-04-01,408.8,40.32,11.89,35.14
170154,"Seeds, sunflower seed kernels, toasted, without salt",sr_legacy_food,12,2019-04-01,662.4,17.21,56.8,20.59
170155,"Seeds, sunflower seed butter, without salt",sr_legacy_food,12,2019-04-01,659.2,17.28,55.2,23.32
170156,"Seeds, sunflower seed flour, partially defatted",sr_legacy_food,12,2019-04-01,350.0,48.06,1.61,35.83
170157,"Nuts, acorns, raw",sr_legacy_food,12,2019-04-01,402.3,6.15,23.86,40.75
170158,"Nuts, almonds, dry roasted, without salt added",sr_legacy_food,12,2019-04-01,640.7,20.96,52.54,21.01
170159,"Nuts, almonds, oil roasted, without salt added",sr_legacy_food,12,2019-04-01,652.2,21.23,55.17,17.68
170160,"Nuts, almond paste",sr_legacy_food,12,2019-04-01,476.9,9.0,27.74,47.81
170161,"Nuts, beechnuts, dried",sr_legacy_food,12,2019-04-01,608.8,6.2,50.0,33.5
170162,"Nuts, cashew nuts, raw",sr_legacy_food,12,2019-04-01,588.3,18.22,43.85,30.19
170163,"Nuts, cashew butter, plain, without salt added",sr_legacy_food,12,2019-04-01,625.2,17.56,49.41,27.57
170164,"Nuts, chestnuts, chinese, raw",sr_legacy_food,12,2019-04-01,223.1,4.2,1.11,49.07
170165,"Nuts, chestnuts, chinese, dried",sr_legacy_food,12,2019-04-01,362.6,6.82,1.81,79.76
170166,"Nuts, chestnuts, chinese, boiled and steamed",sr_legacy_food,12,2019-04-01,152.9,2.88,0.76,33.64
170167,"Nuts, chestnuts, european, dried, peeled",sr_legacy_food,12,2019-04-01,369.0,5.01,3.91,78.43
170168,"Nuts, chestnuts, european, boiled and steamed",sr_legacy_food,12,2019-04-01,131.5,2.0,1.38,27.76
170169,"Nuts, coconut meat, raw",sr_legacy_food,12,2019-04-01,375.7,3.33,33.49,15.23
170170,"Nuts, coconut meat, dried (desiccated), not sweetened",sr_legacy_food,12,2019-04-01,702.9,6.88,64.53,23.65
170171,"Nuts, coconut cream, canned, sweetened",sr_legacy_food,12,2019-04-01,364.3,1.17,16.31,53.21
170172,"Nuts, coconut milk, raw (liquid expressed from grated meat and water)",sr_legacy_food,12,2019-04-01,245.9,2.29,23.84,5.54
170173,"Nuts, coconut milk, canned (liquid expressed from grated meat and water)",sr_legacy_food,12,2019-04-01,211.3,2.02,21.33,2.81
170174,"Nuts, coconut water (liquid from coconuts)",sr_legacy_food,12,2019-04-01,19.5,0.72,0.2,3.71
170175,"Nuts, ginkgo nuts, dried",sr_legacy_food,12,2019-04-01,349.2,10.35,2.0,72.45
170176,"Nuts, ginkgo nuts, canned",sr_legacy_food,12,2019-04-01,112.1,2.29,1.62,22.1
170177,"Nuts, hickorynuts, dried",sr_legacy_food,12,2019-04-01,703.2,12.72,64.37,18.25
170178,"Nuts, macadamia nuts, raw",sr_legacy_food,12,2019-04-01,768.8,7.91,75.77,13.82
170179,"Nuts, macadamia nuts, dry roasted, without salt added",sr_legacy_food,12,2019-04-01,769.4,7.79,76.08,13.38
170180,"Nuts, formulated, wheat-based, unflavored, with salt added",sr_legacy_food,12,2019-04-01,669.3,13.82,57.7,23.68
170181,"Nuts, mixed nuts, dry roasted, with peanuts, salt added, CHOSEN ROASTER",sr_legacy_food,12,2019-04-01,649.3,18.0,53.2,24.62
170182,"Nuts, pecans",sr_legacy_food,12,2019-04-01,739.8,9.17,71.97,13.86
170183,"Nuts, pecans, dry roasted, without salt added",sr_legacy_food,12,2019-04-01,760.6,9.5,74.27,13.55
170184,"Nuts, pistachio nuts, raw",sr_legacy_food,12,2019-04-01,597.2,20.16,45.32,27.17
170185,"Nuts, pistachio nuts, dry roasted, without salt added",sr_legacy_food,12,2019-04-01,609.7,21.05,45.82,28.28
170186,"Nuts, walnuts, black, dried",sr_legacy_food,12,2019-04-01,668.5,24.06,59.33,9.58
170187,"Nuts, walnuts, english",sr_legacy_food,12,2019-04-01,702.6,15.23,65.21,13.71
170188,"Seeds, pumpkin and squash seeds, whole, roasted, without salt",sr_legacy_food,12,2019-04-01,463.8,18.55,19.4,53.75
170189,"Seeds, sesame butter, tahini, from roasted and toasted kernels (most common type)",sr_legacy_food,12,2019-04-01,636.6,17.0,53.76,21.19
170190,"Nuts, chestnuts, european, roasted",sr_legacy_food,12,2019-04-01,244.3,3.17,2.2,52.96
170191,"Seeds, sesame butter, paste",sr_legacy_food,12,2019-04-01,626.4,18.08,50.87,24.05
170192,"Seeds, sesame flour, high-fat",sr_legacy_food,12,2019-04-01,563.5,30.78,37.1,26.62
170193,"Beef, variety meats and by-products, suet, raw",sr_legacy_food,13,2019-04-01,852.0,1.5,94.0,0.0
170194,"Beef, variety meats and by-products, thymus, raw",sr_legacy_food,13,2019-04-01,231.9,12.18,20.35,0.0
170195,"Beef, variety meats and by-products, thymus, cooked, braised",sr_legacy_food,13,2019-04-01,312.2,21.85,24.98,0.0
170196,"Beef, variety meats and by-products, tongue, raw",sr_legacy_food,13,2019-04-01,219.1,14.9,16.09,3.68
170197,"Beef, cured, breakfast strips, raw or unheated",sr_legacy_food,13,2019-04-01,402.0,12.5,38.8,0.7
170198,"Beef, cured, breakfast strips, cooked",sr_legacy_food,13,2019-04-01,440.4,31.3,34.4,1.4
170199,"Beef, cured, corned beef, brisket, raw",sr_legacy_food,13,2019-04-01,193.4,14.68,14.9,0.14
170200,"Beef, cured, corned beef, brisket, cooked",sr_legacy_food,13,2019-04-01,245.4,18.17,18.98,0.47
170201,"Beef, chuck, under blade center steak, boneless, Denver Cut, separable lean only, trimmed to 0"" fat, choice, cooked, grilled",sr_legacy_food,13,2019-04-01,227.9,26.49,13.42,0.28
170202,"Beef, cured, luncheon meat, jellied",sr_legacy_food,7,2019-04-01,105.7,19.0,3.3,0.0
170203,"Beef, chuck, under blade center steak, boneless, Denver Cut, separable lean only, trimmed to 0"" fat, select, cooked, grilled",sr_legacy_food,13,2019-04-01,209.3,26.53,11.46,0.0
170204,"Beef, cured, pastrami",sr_legacy_food,7,2019-04-01,141.0,21.8,5.82,0.36
170205,"Beef, chuck, under blade center steak, boneless, Denver Cut, separable lean only, trimmed to 0"" fat, all grades, raw",sr_legacy_food,13,2019-04-01,169.6,19.42,9.99,0.49
170206,"Beef, composite of trimmed retail cuts, separable lean and fat, trimmed to 0"" fat, choice, cooked",sr_legacy_food,13,2019-04-01,225.4,28.17,12.53,0.0
170207,"Beef, composite of trimmed retail cuts, separable lean and fat, trimmed to 0"" fat, select, cooked",sr_legacy_food,13,2019-04-01,197.1,28.61,9.18,0.0
170208,"Beef, composite of trimmed retail cuts, separable lean only, trimmed to 0"" fat, all grades, cooked",sr_legacy_food,13,2019-04-01,194.9,29.9,8.37,0.0
170209,"Beef, composite of trimmed retail cuts, separable lean only, trimmed to 0"" fat, choice, cooked",sr_legacy_food,13,2019-04-01,197.9,29.51,8.87,0.0
170210,"Beef, brisket, flat half, separable lean only, trimmed to 0"" fat, all grades, cooked, braised",sr_legacy_food,13,2019-04-01,196.0,33.26,6.99,0.0
170211,"Beef, brisket, point half, separable lean and fat, trimmed to 0"" fat, all grades, cooked, braised",sr_legacy_food,13,2019-04-01,350.6,23.53,28.5,0.0
170212,"Beef, brisket, point half, separable lean only, trimmed to 0"" fat, all grades, cooked, braised",sr_legacy_food,13,2019-04-01,236.4,28.05,13.8,0.0
170213,"Beef, chuck, arm pot roast, separable lean and fat, trimmed to 0"" fat, all grades, cooked, braised",sr_legacy_food,13,2019-04-01,288.3,28.94,19.17,0.0
170214,"Beef, chuck, under blade pot roast, boneless, separable lean and fat, trimmed to 0"" fat, select, cooked, braised",sr_legacy_food,13,2019-04-01,279.9,27.17,19.02,0.0
170215,"Beef, chuck, blade roast, separable lean only, trimmed to 0"" fat, all grades, cooked, braised",sr_legacy_food,13,2019-04-01,243.9,31.06,13.3,0.0
170216,"Beef, chuck, under blade pot roast, boneless, separable lean only, trimmed to 0"" fat, choice, cooked, braised",sr_legacy_food,13,2019-04-01,222.1,30.45,11.14,0.0
170217,"Beef, chuck, under blade pot roast, boneless, separable lean only, trimmed to 0"" fat, select, cooked, braised",sr_legacy_food,13,2019-04-01,207.7,30.68,9.44,0.0
170218,"Beef, rib, large end (ribs 6-9), separable lean only, trimmed to 0"" fat, select, cooked, roasted",sr_legacy_food,13,2019-04-01,212.7,27.53,11.4,0.0
170219,"Beef, rib, small end (ribs 10-12), separable lean and fat, trimmed to 0"" fat, all grades, cooked, broiled",sr_legacy_food,13,2019-04-01,241.7,27.27,14.74,0.0
170220,"Beef, rib, small end (ribs 10-12), separable lean and fat, trimmed to 0"" fat, choice, cooked, broiled",sr_legacy_food,13,2019-04-01,304.5,24.73,22.84,0.0
170221,"Beef, rib, small end (ribs 10-12), separable lean and fat, trimmed to 0"" fat, select, cooked, broiled",sr_legacy_food,13,2019-04-01,277.8,24.91,19.79,0.0
170222,"Beef, round, bottom round, roast, separable lean and fat, trimmed to 0"" fat, all grades, cooked, roasted",sr_legacy_food,13,2019-04-01,179.2,27.42,7.72,0.0
170223,"Beef, round, bottom round, steak, separable lean and fat, trimmed to 0"" fat, choice, cooked, braised",sr_legacy_food,13,2019-04-01,220.9,32.73,10.0,0.0
170224,"Beef, round, bottom round, roast, separable lean and fat, trimmed to 0"" fat, choice, cooked, roasted",sr_legacy_food,13,2019-04-01,191.4,26.76,9.37,0.0
170225,"Beef, round, bottom round, steak, separable lean and fat, trimmed to 0"" fat, select, cooked, braised",sr_legacy_food,13,2019-04-01,207.0,34.39,7.72,0.0
170226,"Beef, round, bottom round, steak, separable lean only, trimmed to 0"" fat, select, cooked, braised",sr_legacy_food,13,2019-04-01,196.4,34.93,6.3,0.0
170227,"Beef, round, bottom round roast, separable lean only, trimmed to 0"" fat, select, cooked, roasted",sr_legacy_food,13,2019-04-01,161.1,28.29,5.33,0.0
170228,"Beef, round, eye of round roast, boneless, separable lean and fat, trimmed to 0"" fat, all grades, cooked, roasted",sr_legacy_food,13,2019-04-01,158.8,29.66,4.46,0.0
170229,"Beef, round, eye of round roast, boneless, separable lean and fat, trimmed to 0"" fat, choice, cooked, roasted",sr_legacy_food,13,2019-04-01,162.6,29.79,4.83,0.0
170230,"Beef, round, tip round, roast, separable lean and fat, trimmed to 0"" fat, all grades, cooked, roasted",sr_legacy_food,13,2019-04-01,181.0,26.79,8.21,0.0
170231,"Beef, round, tip round, roast, separable lean and fat, trimmed to 0"" fat, choice, cooked, roasted",sr_legacy_food,13,2019-04-01,188.1,27.01,8.9,0.0
170232,"Beef, round, tip round, roast, separable lean and fat, trimmed to 0"" fat, select, cooked, roasted",sr_legacy_food,13,2019-04-01,174.0,26.57,7.53,0.0
170233,"Beef, round, tip round, roast, separable lean only, trimmed to 0"" fat, all grades, cooked, roasted",sr_legacy_food,13,2019-04-01,165.9,27.53,6.2,0.0
170234,"Beef, round, top round, separable lean and fat, trimmed to 0"" fat, select, cooked, braised",sr_legacy_food,13,2019-04-01,190.4,35.62,5.33,0.0
170235,"Beef, round, top round, separable lean only, trimmed to 0"" fat, choice, cooked, braised",sr_legacy_food,13,2019-04-01,196.7,36.12,5.8,0.0
170236,"Beef, round, top round, separable lean only, trimmed to 0"" fat, select, cooked, braised",sr_legacy_food,13,2019-04-01,180.5,36.12,4.0,0.0
170237,"Beef, loin, tenderloin steak, boneless, separable lean and fat, trimmed to 0"" fat, all grades, cooked, grilled",sr_legacy_food,13,2019-04-01,202.2,30.5,8.91,0.0
170238,"Beef, loin, tenderloin steak, boneless, separable lean and fat, trimmed to 0"" fat, choice, cooked, grilled",sr_legacy_food,13,2019-04-01,208.2,30.21,9.71,0.0
170239,"Beef, loin, top loin steak, boneless, lip off, separable lean and fat, trimmed to 0"" fat, all grades, cooked, grilled",sr_legacy_food,13,2019-04-01,214.6,28.57,11.15,0.0
170240,"Beef, loin, top loin steak, boneless, lip off, separable lean and fat, trimmed to 0"" fat, choice, cooked, grilled",sr_legacy_food,13,2019-04-01,225.4,28.19,12.51,0.0
170241,"Puddings, banana, dry mix, regular, with added oil",sr_legacy_food,19,2019-04-01,398.6,0.0,5.0,88.4
170242,"Puddings, lemon, dry mix, regular, with added oil, potassium, sodium",sr_legacy_food,19,2019-04-01,375.1,0.1,1.5,90.3
170243,"Puddings, tapioca, dry mix, with no added salt",sr_legacy_food,19,2019-04-01,378.5,0.1,0.1,94.3
170244,"Snacks, corn-based, extruded, puffs or twists, cheese-flavor, unenriched",sr_legacy_food,23,2019-04-01,561.3,5.76,35.76,54.1
170245,"Snacks, corn-based, extruded, chips, barbecue-flavor, made with enriched masa flour",sr_legacy_food,23,2019-04-01,547.1,7.0,32.7,56.2
170246,"Snacks, popcorn, air-popped (Unsalted)",sr_legacy_food,23,2019-04-01,397.4,12.0,4.2,77.9
170247,"Snacks, popcorn, oil-popped, white popcorn, salt added",sr_legacy_food,23,2019-04-01,517.7,9.0,28.1,57.2
170248,"Snacks, potato chips, plain, made with partially hydrogenated soybean oil, salted",sr_legacy_food,23,2019-04-01,551.0,7.0,34.6,52.9
170249,"Snacks, pretzels, hard, plain, made with enriched flour, unsalted",sr_legacy_food,23,2019-04-01,384.7,9.1,3.5,79.2
170250,"Snacks, rice cakes, brown rice, plain, unsalted",sr_legacy_food,23,2019-04-01,384.0,8.2,2.8,81.5
170251,"Snacks, rice cakes, brown rice, buckwheat, unsalted",sr_legacy_food,23,2019-04-01,387.9,9.0,3.5,80.1
170252,"Snacks, rice cakes, brown rice, multigrain, unsalted",sr_legacy_food,23,2019-04-01,385.9,8.5,3.5,80.1
170253,"Potato chips, without salt, reduced fat",sr_legacy_food,23,2019-04-01,486.8,7.1,20.8,67.8
170254,"Snacks, tortilla chips, low fat, unsalted",sr_legacy_food,23,2019-04-01,415.7,11.0,5.7,80.1
170255,"Frozen novelties, juice type, POPSICLE SCRIBBLERS",sr_legacy_food,19,2019-04-01,80.9,0.0,0.24,19.68
170256,"Snacks, tortilla chips, nacho-flavor, made with enriched masa flour",sr_legacy_food,23,2019-04-01,510.8,7.8,25.6,62.3
170257,"Sweeteners, tabletop, sucralose, SPLENDA packets",sr_legacy_food,19,2019-04-01,364.7,0.0,0.0,91.17
170258,"Frozen novelties, No Sugar Added, FUDGSICLE pops",sr_legacy_food,19,2019-04-01,124.0,3.67,1.87,23.11
170259,"Frozen novelties, ice type, sugar free, orange, cherry, and grape POPSICLE pops",sr_legacy_food,19,2019-04-01,20.6,0.0,0.0,5.14
170260,"Frozen novelties, KLONDIKE, SLIM-A-BEAR Fudge Bar, 98% fat free, no sugar added",sr_legacy_food,19,2019-04-01,154.4,4.31,1.88,30.07
170261,"Ice creams, BREYERS, All Natural Light Vanilla",sr_legacy_food,19,2019-04-01,161.9,4.84,4.59,25.3
170262,"Ice creams, BREYERS, No Sugar Added, Butter Pecan",sr_legacy_food,19,2019-04-01,193.9,3.99,10.3,21.3
170263,"Ice creams, BREYERS, No Sugar Added, French Vanilla",sr_legacy_food,19,2019-04-01,164.4,4.5,7.05,20.75
170264,"Ice creams, BREYERS, No Sugar Added, Vanilla",sr_legacy_food,19,2019-04-01,158.2,3.68,6.2,21.92
170265,"Ice creams, BREYERS, No Sugar Added, Vanilla Fudge Twirl",sr_legacy_food,19,2019-04-01,167.8,3.53,5.68,25.63
170266,"Frozen novelties, No Sugar Added CREAMSICLE Pops",sr_legacy_food,19,2019-04-01,71.8,3.69,0.61,12.88
170267,"Frozen novelties, Sugar Free, CREAMSICLE Pops",sr_legacy_food,19,2019-04-01,74.2,1.37,2.33,11.95
170268,"Ice creams, BREYERS, All Natural Light French Chocolate",sr_legacy_food,19,2019-04-01,205.4,5.3,7.28,29.68
170269,"Ice creams, BREYERS, 98% Fat Free Chocolate",sr_legacy_food,19,2019-04-01,155.8,3.89,2.17,30.18
170270,"Ice creams, regular, low carbohydrate, chocolate",sr_legacy_food,19,2019-04-01,236.7,3.8,12.7,26.8
170271,"Chocolate, dark, 45- 59% cacao solids",sr_legacy_food,19,2019-04-01,545.7,4.88,31.28,61.17
170272,"Chocolate, dark, 60-69% cacao solids",sr_legacy_food,19,2019-04-01,579.0,6.12,38.31,52.42
170273,"Chocolate, dark, 70-85% cacao solids",sr_legacy_food,19,2019-04-01,598.4,7.79,42.63,45.9
170274,"Candies, chocolate, dark, NFS (45-59% cacao solids 90%; 60-69% cacao solids 5%; 70-85% cacao solids 5%)",sr_legacy_food,19,2019-04-01,550.0,5.09,32.2,59.97
170275,"Candies, crispy bar with peanut butter filling",sr_legacy_food,19,2019-04-01,542.3,9.53,31.34,55.53
170276,"Syrup, maple, Canadian",sr_legacy_food,19,2019-04-01,269.5,0.0,0.0,67.38
170277,"Sweetener, syrup, agave",sr_legacy_food,19,2019-04-01,309.9,0.09,0.45,76.37
170278,"Candies, NESTLE, BUTTERFINGER Crisp",sr_legacy_food,19,2019-04-01,465.4,6.67,18.33,68.45
170279,"Candies, fruit snacks, with high vitamin C",sr_legacy_food,19,2019-04-01,352.2,0.08,0.0,87.97
170280,"Jams, preserves, marmalades, sweetened with fruit juice",sr_legacy_food,19,2019-04-01,211.7,0.0,0.0,52.93
170281,"Candies, Tamarind",sr_legacy_food,19,2019-04-01,367.8,0.0,0.0,91.96
170282,"Candies, coconut bar, not chocolate covered",sr_legacy_food,19,2019-04-01,480.8,2.13,27.65,55.87
170283,"Barley, hulled",sr_legacy_food,20,2019-04-01,364.5,12.48,2.3,73.48
170284,"Barley, pearled, raw",sr_legacy_food,20,2019-04-01,361.0,9.91,1.16,77.72
170285,"Barley, pearled, cooked",sr_legacy_food,20,2019-04-01,125.9,2.26,0.44,28.22
170286,Buckwheat,sr_legacy_food,20,2019-04-01,369.6,13.25,3.4,71.5
170287,"Bulgur, cooked",sr_legacy_food,20,2019-04-01,88.8,3.08,0.24,18.58
170288,"Corn grain, yellow",sr_legacy_food,20,2019-04-01,377.4,9.42,4.74,74.26
170289,"Corn bran, crude",sr_legacy_food,20,2019-04-01,384.3,8.36,0.92,85.64
170290,"Corn flour, whole-grain, yellow",sr_legacy_food,20,2019-04-01,369.9,6.93,3.86,76.85
170291,"Fast foods, nachos, with cheese",sr_legacy_food,21,2019-04-01,350.4,4.32,21.5,34.91
170292,"Fast foods, nachos, with cheese, beans, ground beef, and tomatoes",sr_legacy_food,21,2019-04-01,222.7,6.21,12.48,21.39
170293,"Fast foods, cheeseburger, double, regular patty and bun, with condiments",sr_legacy_food,21,2019-04-01,282.5,16.24,16.18,17.97
170294,"Fast foods, cheeseburger; single, large patty; plain",sr_legacy_food,21,2019-04-01,309.2,17.29,15.97,24.07
170295,"Fast foods, chicken fillet sandwich, plain with pickles",sr_legacy_food,21,2019-04-01,249.4,16.28,11.19,20.89
170296,"Fast foods, fish sandwich, with tartar sauce",sr_legacy_food,21,2019-04-01,260.0,10.29,12.45,26.69
170297,"Fast foods, fish sandwich, with tartar sauce and cheese",sr_legacy_food,21,2019-04-01,282.4,11.26,14.64,26.39
170298,"Fast foods, submarine sandwich, roast beef on white bread with lettuce and tomato",sr_legacy_food,21,2019-04-01,154.6,12.17,2.73,20.34
170299,"Fast foods, submarine sandwich, tuna on white bread with lettuce and tomato",sr_legacy_food,21,2019-04-01,221.5,12.33,12.04,15.95
170300,"Fast foods, coleslaw",sr_legacy_food,21,2019-04-01,152.6,0.95,9.91,14.89
170301,"Fast foods, hush puppies",sr_legacy_food,21,2019-04-01,304.7,6.16,13.25,40.21
170302,"Fast food, biscuit",sr_legacy_food,21,2019-04-01,369.9,7.08,18.92,42.82
170303,"CHICK-FIL-A, Chick-n-Strips",sr_legacy_food,21,2019-04-01,228.0,21.4,11.2,10.39
170304,"CHICK-FIL-A, hash browns",sr_legacy_food,21,2019-04-01,300.5,3.0,18.5,30.51
170305,"School Lunch, pizza, BIG DADDY'S LS 16"" 51% Whole Grain Rolled Edge Cheese Pizza, frozen",sr_legacy_food,21,2019-04-01,243.3,13.89,8.81,27.1
170306,"Fast foods, submarine sandwich, sweet onion chicken teriyaki on white bread with lettuce, tomato and sweet onion sauce",sr_legacy_food,21,2019-04-01,155.1,10.91,2.37,22.54
170307,"SUBWAY, SUBWAY CLUB sub on white bread with lettuce and tomato",sr_legacy_food,21,2019-04-01,145.9,10.66,2.42,20.36
170308,"Fast foods, submarine sandwich, turkey, roast beef and ham on white bread with lettuce and tomato",sr_legacy_food,21,2019-04-01,145.9,10.66,2.42,20.36
170309,"Fast foods, submarine sandwich, oven roasted chicken on white bread with lettuce and tomato",sr_legacy_food,21,2019-04-01,157.1,10.84,3.15,21.35
170310,"SUBWAY, steak & cheese sub on white bread with American cheese, lettuce and tomato",sr_legacy_food,21,2019-04-01,183.2,12.29,5.34,21.49
170311,"Fast foods, submarine sandwich, steak and cheese on white bread with cheese, lettuce and tomato",sr_legacy_food,21,2019-04-01,183.2,12.29,5.34,21.49
170312,"SUBWAY, B.L.T. sub on white bread with bacon, lettuce and tomato",sr_legacy_food,21,2019-04-01,204.6,10.06,6.41,26.66
170313,"Fast foods, submarine sandwich, bacon, lettuce, and tomato on white bread",sr_legacy_food,21,2019-04-01,204.6,10.06,6.41,26.66
170314,"SUBWAY, oven roasted chicken sub on white bread with lettuce and tomato",sr_legacy_food,21,2019-04-01,157.1,10.84,3.15,21.35
170315,"SUBWAY, cold cut sub on white bread with lettuce and tomato",sr_legacy_food,21,2019-04-01,214.2,10.52,10.04,20.43
170316,"SUBWAY, tuna sub on white bread with lettuce and tomato",sr_legacy_food,21,2019-04-01,221.5,12.33,12.04,15.95
170317,"Pizza, cheese topping, regular crust, frozen, cooked",sr_legacy_food,21,2019-04-01,268.0,10.36,12.28,29.02
170318,"Fast Foods, crispy chicken filet sandwich, with lettuce and mayonnaise",sr_legacy_food,21,2019-04-01,275.7,10.94,13.59,27.4
170319,"McDONALD'S, FILET-O-FISH",sr_legacy_food,21,2019-04-01,282.4,11.26,14.64,26.39
170320,"McDONALD'S, Cheeseburger",sr_legacy_food,21,2019-04-01,269.2,12.97,11.79,27.81
170321,"McDONALD'S, QUARTER POUNDER",sr_legacy_food,21,2019-04-01,249.0,14.1,11.55,22.17
170322,"WENDY'S, CLASSIC SINGLE Hamburger, with cheese",sr_legacy_food,21,2019-04-01,220.7,14.87,11.6,14.2
170323,"WENDY'S, Jr. Hamburger, without cheese",sr_legacy_food,21,2019-04-01,243.0,12.62,8.75,28.45
170324,"WENDY'S, Jr. Hamburger, with cheese",sr_legacy_food,21,2019-04-01,255.6,13.06,11.5,24.97
170325,"WENDY'S, CLASSIC DOUBLE, with cheese",sr_legacy_food,21,2019-04-01,240.7,16.52,14.2,11.71
170326,"WENDY'S, Frosty Dairy Dessert",sr_legacy_food,21,2019-04-01,131.8,3.49,2.6,23.62
170327,"BURGER KING, french fries",sr_legacy_food,21,2019-04-01,280.0,3.23,12.48,38.7
170328,"BURGER KING, Hamburger",sr_legacy_food,21,2019-04-01,261.4,14.85,10.55,26.76
170329,"BURGER KING, Cheeseburger",sr_legacy_food,21,2019-04-01,286.4,14.57,14.81,23.71
170330,"BURGER KING, Premium Fish Sandwich",sr_legacy_food,21,2019-04-01,260.0,10.29,12.45,26.69
170331,"BURGER KING, Original Chicken Sandwich",sr_legacy_food,21,2019-04-01,285.6,12.14,14.69,26.22
170332,"TACO BELL, Original Taco with beef, cheese and lettuce",sr_legacy_food,21,2019-04-01,229.1,8.86,12.7,19.85
170333,"TACO BELL, Soft Taco with beef, cheese and lettuce",sr_legacy_food,21,2019-04-01,205.7,9.25,9.75,20.23
170334,"TACO BELL, BURRITO SUPREME with chicken",sr_legacy_food,21,2019-04-01,179.2,9.84,6.42,20.51
170335,"TACO BELL, BURRITO SUPREME with steak",sr_legacy_food,21,2019-04-01,183.2,9.13,7.27,20.32
170336,"TACO BELL, Nachos",sr_legacy_food,21,2019-04-01,350.4,4.32,21.5,34.91
170337,"TACO BELL, Nachos Supreme",sr_legacy_food,21,2019-04-01,222.7,6.21,12.48,21.39
170338,"POPEYES, Spicy Chicken Strips, analyzed 2006",sr_legacy_food,21,2019-04-01,253.3,19.61,11.2,18.52
170339,"KFC, biscuit",sr_legacy_food,21,2019-04-01,357.6,7.5,17.05,43.55
170340,"KFC, Coleslaw",sr_legacy_food,21,2019-04-01,144.0,0.91,8.64,15.65
170341,"KFC, Crispy Chicken Strips",sr_legacy_food,21,2019-04-01,274.4,20.25,15.42,13.66
170342,"KFC, Fried Chicken, ORIGINAL RECIPE, Wing, meat only, skin and breading removed",sr_legacy_food,21,2019-04-01,216.0,28.65,10.49,1.76
170343,"KFC, Fried Chicken, EXTRA CRISPY, Skin and Breading",sr_legacy_food,21,2019-04-01,463.5,10.96,36.61,22.54
170344,"KFC, Fried Chicken, EXTRA CRISPY, Breast, meat only, skin and breading removed",sr_legacy_food,21,2019-04-01,153.4,27.25,4.82,0.25
170345,"KFC, Fried Chicken, EXTRA CRISPY, Drumstick, meat only, skin and breading removed",sr_legacy_food,21,2019-04-01,170.5,25.9,7.43,0.0
170346,"KFC, Fried Chicken, ORIGINAL RECIPE, Thigh, meat and skin with breading",sr_legacy_food,21,2019-04-01,269.0,18.9,17.73,8.46
170347,"KFC, Fried Chicken, ORIGINAL RECIPE, Wing, meat and skin with breading",sr_legacy_food,21,2019-04-01,296.6,21.7,18.9,9.93
170348,"KFC, Fried Chicken, EXTRA CRISPY, Breast, meat and skin with breading",sr_legacy_food,21,2019-04-01,267.8,21.24,16.55,8.47
170349,"KFC, Fried Chicken, EXTRA CRISPY, Drumstick, meat and skin with breading",sr_legacy_food,21,2019-04-01,273.9,20.62,17.73,7.96
170350,"POPEYES, Fried Chicken, Mild, Skin and Breading",sr_legacy_food,21,2019-04-01,432.9,13.96,32.32,21.54
170351,"POPEYES, Fried Chicken, Mild, Thigh, meat only, skin and breading removed",sr_legacy_food,21,2019-04-01,187.6,24.31,9.66,0.85
170352,"POPEYES, Fried Chicken, Mild, Wing, meat only, skin and breading removed",sr_legacy_food,21,2019-04-01,212.1,28.94,9.42,2.9
170353,"POPEYES, Fried Chicken, Mild, Breast, meat and skin with breading",sr_legacy_food,21,2019-04-01,274.2,21.67,16.47,9.83
170354,"POPEYES, Fried Chicken, Mild, Drumstick, meat and skin with breading",sr_legacy_food,21,2019-04-01,293.4,20.44,19.14,9.84
170355,"Yogurt parfait, lowfat, with fruit and granola",sr_legacy_food,21,2019-04-01,86.0,3.36,1.01,15.86
170356,"Fast Foods, Fried Chicken, Breast, meat only, skin and breading removed",sr_legacy_food,21,2019-04-01,152.6,27.93,4.54,0.0
170357,"Fast Foods, Fried Chicken, Drumstick, meat only, skin and breading removed",sr_legacy_food,21,2019-04-01,171.6,26.24,7.41,0.0
170358,"Fast Foods, Fried Chicken, Thigh, meat only, skin and breading removed",sr_legacy_food,21,2019-04-01,178.5,23.21,9.41,0.24
170359,"Fast Foods, Fried Chicken, Thigh, meat and skin and breading",sr_legacy_food,21,2019-04-01,274.3,19.23,18.07,8.68
170360,"Fast Foods, Fried Chicken, Wing, meat and skin and breading",sr_legacy_food,21,2019-04-01,310.1,21.14,20.09,11.19
170361,"DIGIORNO Pizza, cheese topping, cheese stuffed crust, frozen, baked",sr_legacy_food,21,2019-04-01,278.5,13.48,11.68,29.86
170362,"DIGIORNO Pizza, cheese topping, rising crust, frozen, baked",sr_legacy_food,21,2019-04-01,255.7,12.8,8.6,31.78
170363,"DIGIORNO Pizza, supreme topping, rising crust, frozen, baked",sr_legacy_food,21,2019-04-01,254.8,11.74,10.68,27.93
170364,"DIGIORNO Pizza, supreme topping, thin crispy crust, frozen, baked",sr_legacy_food,21,2019-04-01,255.0,11.41,10.8,28.05
170365,"Fast Food, Pizza Chain, 14"" pizza, sausage topping, thick crust",sr_legacy_food,21,2019-04-01,282.1,11.06,12.94,30.36
170366,"Fast Food, Pizza Chain, 14"" pizza, sausage topping, thin crust",sr_legacy_food,21,2019-04-01,320.8,13.36,17.71,27.0
170367,"Fast Food, Pizza Chain, 14"" pizza, sausage topping, regular crust",sr_legacy_food,21,2019-04-01,279.6,11.5,12.35,30.62
170368,"Fast Foods, grilled chicken filet sandwich, with lettuce, tomato and spread",sr_legacy_food,21,2019-04-01,177.6,17.34,4.57,16.78
170369,"PIZZA HUT 14"" Pepperoni Pizza, THIN 'N CRISPY Crust",sr_legacy_food,21,2019-04-01,332.7,14.13,16.17,32.66
170370,"DOMINO'S 14"" Pepperoni Pizza, Crunchy Thin Crust",sr_legacy_food,21,2019-04-01,328.4,13.88,19.05,25.35
170371,"DOMINO'S 14"" Sausage Pizza, Crunchy Thin Crust",sr_legacy_food,21,2019-04-01,319.0,12.77,18.52,25.3
170372,"PIZZA HUT 14"" Sausage Pizza, Pan Crust",sr_legacy_food,21,2019-04-01,287.2,11.08,13.85,29.56
170373,"Pizza, cheese topping, thin crust, frozen, cooked",sr_legacy_food,21,2019-04-01,262.5,11.91,11.07,28.8
170374,"BURGER KING, Double Cheeseburger",sr_legacy_food,21,2019-04-01,282.2,16.83,16.13,17.43
170375,"Beet greens, raw",sr_legacy_food,11,2019-04-01,27.3,2.2,0.13,4.33
170376,"Beet greens, cooked, boiled, drained, without salt",sr_legacy_food,11,2019-04-01,33.9,2.57,0.2,5.46
170377,"Broadbeans, immature seeds, raw",sr_legacy_food,11,2019-04-01,74.6,5.6,0.6,11.7
170378,"Broadbeans, immature seeds, cooked, boiled, drained, without salt",sr_legacy_food,11,2019-04-01,64.1,4.8,0.5,10.1
170379,"Broccoli, raw",sr_legacy_food,11,2019-04-01,41.2,2.82,0.37,6.64
170380,"Broccoli, frozen, spears, cooked, boiled, drained, without salt",sr_legacy_food,11,2019-04-01,34.8,3.1,0.11,5.36
170381,"Broccoli raab, raw",sr_legacy_food,11,2019-04-01,28.5,3.17,0.49,2.85
170382,"Broccoli raab, cooked",sr_legacy_food,11,2019-04-01,32.5,3.83,0.52,3.12
170383,"Brussels sprouts, raw",sr_legacy_food,11,2019-04-01,52.0,3.38,0.3,8.95
170384,"Burdock root, cooked, boiled, drained, without salt",sr_legacy_food,11,2019-04-01,94.2,2.09,0.14,21.15
170385,"Butterbur, (fuki), raw",sr_legacy_food,11,2019-04-01,16.4,0.39,0.04,3.61
170386,"Butterbur, cooked, boiled, drained, without salt",sr_legacy_food,11,2019-04-01,9.7,0.23,0.02,2.16
170387,"Butterbur, canned",sr_legacy_food,11,2019-04-01,3.1,0.11,0.13,0.38
170388,"Cabbage, savoy, raw",sr_legacy_food,11,2019-04-01,33.3,2.0,0.1,6.1
170389,"Cabbage, savoy, cooked, boiled, drained, without salt",sr_legacy_food,11,2019-04-01,29.6,1.8,0.09,5.41
170390,"Cabbage, chinese (pak-choi), raw",sr_legacy_food,11,2019-04-01,16.5,1.5,0.2,2.18
170391,"Cabbage, chinese (pak-choi), cooked, boiled, drained, without salt",sr_legacy_food,11,2019-04-01,14.8,1.56,0.16,1.78
170392,"Cabbage, kimchi",sr_legacy_food,11,2019-04-01,18.5,1.1,0.5,2.4
170393,"Carrots, raw",sr_legacy_food,11,2019-04-01,44.2,0.93,0.24,9.58
170394,"Carrots, cooked, boiled, drained, without salt",sr_legacy_food,11,2019-04-01,37.5,0.76,0.18,8.22
170395,"Carrots, canned, regular pack, solids and liquids",sr_legacy_food,11,2019-04-01,25.1,0.58,0.14,5.37
170396,"Carrots, canned, regular pack, drained solids",sr_legacy_food,11,2019-04-01,26.4,0.64,0.19,5.54
170397,"Cauliflower, cooked, boiled, drained, without salt",sr_legacy_food,11,2019-04-01,27.8,1.84,0.45,4.11
170398,"Cauliflower, frozen, unprepared",sr_legacy_food,11,2019-04-01,29.2,2.01,0.27,4.68
170399,"Cauliflower, frozen, cooked, boiled, drained, without salt",sr_legacy_food,11,2019-04-01,23.4,1.61,0.22,3.75
170400,"Celeriac, raw",sr_legacy_food,11,2019-04-01,45.5,1.5,0.3,9.2
170401,"Chard, swiss, cooked, boiled, drained, without salt",sr_legacy_food,11,2019-04-01,24.8,1.88,0.08,4.13
170402,"Chayote, fruit, raw",sr_legacy_food,11,2019-04-01,22.5,0.82,0.13,4.51
170403,"Chayote, fruit, cooked, boiled, drained, without salt",sr_legacy_food,11,2019-04-01,27.2,0.62,0.48,5.09
170404,"Chicory, witloof, raw",sr_legacy_food,11,2019-04-01,20.5,0.9,0.1,4.0
170405,"Chrysanthemum, garland, cooked, boiled, drained, without salt",sr_legacy_food,11,2019-04-01,24.6,1.64,0.09,4.31
170406,"Collards, raw",sr_legacy_food,11,2019-04-01,39.2,3.02,0.61,5.42
170407,"Collards, cooked, boiled, drained, without salt",sr_legacy_food,11,2019-04-01,39.9,2.71,0.72,5.65
170408,"Collards, frozen, chopped, unprepared",sr_legacy_food,11,2019-04-01,39.9,2.69,0.37,6.46
170409,"Corn, sweet, yellow, canned, brine pack, regular pack, solids and liquids",sr_legacy_food,11,2019-04-01,70.2,1.95,0.77,13.86
170410,"Onions, frozen, chopped, unprepared",sr_legacy_food,11,2019-04-01,31.3,0.79,0.1,6.82
170411,"Onions, frozen, chopped, cooked, boiled, drained, without salt",sr_legacy_food,11,2019-04-01,30.3,0.77,0.1,6.59
170412,"Onions, frozen, whole, unprepared",sr_legacy_food,11,2019-04-01,37.9,0.89,0.06,8.45
170413,"Onions, frozen, whole, cooked, boiled, drained, without salt",sr_legacy_food,11,2019-04-01,30.1,0.71,0.05,6.7
170414,"Onion rings, breaded, par fried, frozen, unprepared",sr_legacy_food,11,2019-04-01,261.6,3.15,14.1,30.53
170415,"Onion rings, breaded, par fried, frozen, prepared, heated in oven",sr_legacy_food,11,2019-04-01,280.4,4.14,14.3,33.79
170416,"Parsley, fresh",sr_legacy_food,11,2019-04-01,44.3,2.97,0.79,6.33
170417,"Parsnips, raw",sr_legacy_food,11,2019-04-01,79.5,1.2,0.3,17.99
170418,"Peas, edible-podded, frozen, cooked, boiled, drained, without salt",sr_legacy_food,11,2019-04-01,53.5,3.5,0.38,9.02
170419,"Peas, green, raw",sr_legacy_food,11,2019-04-01,83.1,5.42,0.4,14.45
170420,"Peas, green, cooked, boiled, drained, without salt",sr_legacy_food,11,2019-04-01,85.9,5.36,0.22,15.63
170421,"Peas, green, canned, regular pack, solids and liquids",sr_legacy_food,11,2019-04-01,58.8,3.01,0.48,10.6
170422,"Peas, mature seeds, sprouted, raw",sr_legacy_food,11,2019-04-01,149.8,8.8,0.68,27.11
170423,"Peas, mature seeds, sprouted, cooked, boiled, drained, without salt",sr_legacy_food,11,2019-04-01,101.1,7.05,0.51,17.08
170424,"Peas and carrots, canned, regular pack, solids and liquids",sr_legacy_food,11,2019-04-01,45.0,2.17,0.27,8.48
170425,"Peas and carrots, frozen, unprepared",sr_legacy_food,11,2019-04-01,62.4,3.4,0.47,11.15
170426,"Peppers, hot chili, green, canned, pods, excluding seeds, solids and liquids",sr_legacy_food,11,2019-04-01,24.9,0.9,0.1,5.1
170427,"Peppers, sweet, green, raw",sr_legacy_food,11,2019-04-01,23.5,0.86,0.17,4.64
170428,"Peppers, sweet, green, cooked, boiled, drained, without salt",sr_legacy_food,11,2019-04-01,32.3,0.92,0.2,6.7
170429,"Peppers, sweet, green, canned, solids and liquids",sr_legacy_food,11,2019-04-01,21.5,0.8,0.3,3.9
170430,"Pigeonpeas, immature seeds, cooked, boiled, drained, without salt",sr_legacy_food,11,2019-04-01,114.0,5.96,1.36,19.49
170431,Poi,sr_legacy_food,11,2019-04-01,111.7,0.38,0.14,27.23
170432,"Pokeberry shoots, (poke), raw",sr_legacy_food,11,2019-04-01,28.8,2.6,0.4,3.7
170433,"Pokeberry shoots, (poke), cooked, boiled, drained, without salt",sr_legacy_food,11,2019-04-01,25.2,2.3,0.4,3.1
170434,"Potatoes, white, flesh and skin, baked",sr_legacy_food,11,2019-04-01,94.1,2.1,0.15,21.08
170435,"Potatoes, red, flesh and skin, baked",sr_legacy_food,11,2019-04-01,88.9,2.3,0.15,19.59
170436,"Potatoes, french fried, crinkle or regular cut, salt added in processing, frozen, as purchased",sr_legacy_food,11,2019-04-01,150.1,2.34,4.99,23.96
170437,"Potatoes, french fried, crinkle or regular cut, salt added in processing, frozen, oven-heated",sr_legacy_food,11,2019-04-01,166.2,2.51,5.13,27.5
170438,"Potatoes, boiled, cooked in skin, flesh, without salt",sr_legacy_food,11,2019-04-01,88.9,1.87,0.1,20.13
170439,"Potatoes, boiled, cooked in skin, skin, without salt",sr_legacy_food,11,2019-04-01,81.2,2.86,0.1,17.21
170440,"Potatoes, boiled, cooked without skin, flesh, without salt",sr_legacy_food,11,2019-04-01,87.8,1.71,0.1,20.01
170441,"Potatoes, microwaved, cooked in skin, flesh, without salt",sr_legacy_food,11,2019-04-01,102.4,2.1,0.1,23.28
170442,"Potatoes, au gratin, home-prepared from recipe using butter",sr_legacy_food,11,2019-04-01,133.6,5.06,7.59,11.26
170443,"Potatoes, canned, solids and liquids",sr_legacy_food,11,2019-04-01,45.4,1.2,0.11,9.89
170444,"Potatoes, canned, drained solids",sr_legacy_food,11,2019-04-01,62.0,1.41,0.21,13.61
170445,"Potatoes, mashed, dehydrated, flakes without milk, dry form",sr_legacy_food,11,2019-04-01,361.7,8.34,0.41,81.17
170446,"Potatoes, mashed, dehydrated, prepared from flakes without milk, whole milk and butter added",sr_legacy_food,11,2019-04-01,96.7,1.77,5.13,10.87
170447,"Potatoes, au gratin, dry mix, unprepared",sr_legacy_food,11,2019-04-01,366.1,8.9,3.7,74.31
170448,"Potatoes, au gratin, dry mix, prepared with water, whole milk and butter",sr_legacy_food,11,2019-04-01,97.6,2.3,4.12,12.84
170449,"Potatoes, scalloped, dry mix, unprepared",sr_legacy_food,11,2019-04-01,368.1,7.77,4.59,73.93
170450,"Potatoes, scalloped, dry mix, prepared with water, whole milk and butter",sr_legacy_food,11,2019-04-01,98.3,2.12,4.3,12.77
170451,"Potatoes, french fried, shoestring, salt added in processing, frozen, as purchased",sr_legacy_food,11,2019-04-01,167.2,2.16,6.24,25.59
170452,"Potatoes, french fried, shoestring, salt added in processing, frozen, oven-heated",sr_legacy_food,11,2019-04-01,199.1,2.9,6.76,31.66
170453,"Potatoes, o'brien, frozen, unprepared",sr_legacy_food,11,2019-04-01,78.5,1.83,0.14,17.47
170454,"Potatoes, o'brien, frozen, prepared",sr_legacy_food,11,2019-04-01,215.2,2.22,13.21,21.86
170455,"Taro, tahitian, cooked, without salt",sr_legacy_food,11,2019-04-01,50.2,4.16,0.68,6.85
170456,"Tomatoes, green, raw",sr_legacy_food,11,2019-04-01,27.0,1.2,0.2,5.1
170457,"Tomatoes, red, ripe, raw, year round average",sr_legacy_food,11,2019-04-01,20.9,0.88,0.2,3.89
170458,"Tomato juice, canned, with salt added",sr_legacy_food,11,2019-04-01,20.1,0.85,0.29,3.53
170459,"Tomato products, canned, paste, without salt added (Includes foods for USDA's Food Distribution Program)",sr_legacy_food,11,2019-04-01,97.2,4.32,0.47,18.91
170460,"Tomato products, canned, puree, without salt added",sr_legacy_food,11,2019-04-01,44.4,1.65,0.21,8.98
170461,Tomato powder,sr_legacy_food,11,2019-04-01,354.3,12.91,0.44,74.68
170462,"Tomato products, canned, sauce, with onions, green peppers, and celery",sr_legacy_food,11,2019-04-01,45.5,0.94,0.74,8.77
170463,"Tomato products, canned, sauce, with tomato tidbits",sr_legacy_food,11,2019-04-01,37.2,1.32,0.39,7.09
170464,"Tree fern, cooked, without salt",sr_legacy_food,11,2019-04-01,45.7,0.29,0.07,10.98
170465,"Turnips, raw",sr_legacy_food,11,2019-04-01,30.2,0.9,0.1,6.43
170466,"Turnip greens, cooked, boiled, drained, without salt",sr_legacy_food,11,2019-04-01,24.1,1.14,0.23,4.36
170467,"Turnip greens, canned, solids and liquids",sr_legacy_food,11,2019-04-01,17.8,1.36,0.3,2.42
170468,"Turnip greens, frozen, unprepared",sr_legacy_food,11,2019-04-01,27.4,2.47,0.31,3.67
170469,"Turnip greens, frozen, cooked, boiled, drained, without salt",sr_legacy_food,11,2019-04-01,37.1,3.35,0.42,4.98
170470,"Turnip greens and turnips, frozen, unprepared",sr_legacy_food,11,2019-04-01,25.1,2.46,0.19,3.39
170471,"Vegetables, mixed, frozen, unprepared",sr_legacy_food,11,2019-04-01,71.9,3.33,0.52,13.47
170472,"Vegetables, mixed, frozen, cooked, boiled, drained, without salt",sr_legacy_food,11,2019-04-01,65.2,2.86,0.15,13.09
170473,"Vegetable juice cocktail, low sodium, canned",sr_legacy_food,11,2019-04-01,21.8,0.91,0.32,3.83
170474,"Vinespinach, (basella), raw",sr_legacy_food,11,2019-04-01,23.5,1.8,0.3,3.4
170475,"Waxgourd, (chinese preserving melon), cooked, boiled, drained, without salt",sr_legacy_food,11,2019-04-01,15.6,0.4,0.2,3.04
170476,"Winged beans, immature seeds, raw",sr_legacy_food,11,2019-04-01,52.9,6.95,0.87,4.31
170477,"Winged beans, immature seeds, cooked, boiled, drained, without salt",sr_legacy_food,11,2019-04-01,40.0,5.31,0.66,3.21
170478,"Winged bean leaves, raw",sr_legacy_food,11,2019-04-01,89.7,5.85,1.1,14.1
170479,"Beets, harvard, canned, solids and liquids",sr_legacy_food,11,2019-04-01,76.6,0.84,0.06,18.18
170480,"Beets, pickled, canned, solids and liquids",sr_legacy_food,11,2019-04-01,69.0,0.8,0.08,16.28
170481,"Borage, raw",sr_legacy_food,11,2019-04-01,25.7,1.8,0.7,3.06
170482,"Borage, cooked, boiled, drained, without salt",sr_legacy_food,11,2019-04-01,29.8,2.09,0.81,3.55
170483,"Drumstick pods, raw",sr_legacy_food,11,2019-04-01,44.3,2.1,0.2,8.53
170484,"Drumstick pods, cooked, boiled, drained, without salt",sr_legacy_food,11,2019-04-01,42.8,2.09,0.19,8.18
170485,"Leeks, (bulb and lower-leaf portion), freeze-dried",sr_legacy_food,11,2019-04-01,378.3,15.2,2.1,74.65
170486,"Parsley, freeze-dried",sr_legacy_food,11,2019-04-01,341.5,31.3,5.2,42.38
170487,"Squash, summer, all varieties, raw",sr_legacy_food,11,2019-04-01,19.9,1.21,0.18,3.35
170488,"Squash, summer, all varieties, cooked, boiled, drained, without salt",sr_legacy_food,11,2019-04-01,23.7,0.91,0.31,4.31
170489,"Squash, winter, all varieties, raw",sr_legacy_food,11,2019-04-01,39.3,0.95,0.13,8.59
170490,"Squash, winter, all varieties, cooked, baked, without salt",sr_legacy_food,11,2019-04-01,42.1,0.89,0.35,8.85
170491,"Carrot juice, canned",sr_legacy_food,11,2019-04-01,42.3,0.95,0.15,9.28
170492,"Corn pudding, home prepared",sr_legacy_food,11,2019-04-01,130.9,4.42,5.04,16.97
170493,"Potatoes, mashed, home-prepared, whole milk added",sr_legacy_food,11,2019-04-01,83.0,1.91,0.57,17.57
170494,Spinach souffle,sr_legacy_food,11,2019-04-01,171.7,7.89,12.95,5.9
170495,"Seaweed, spirulina, dried",sr_legacy_food,11,2019-04-01,395.0,57.47,7.72,23.9
170496,"Seaweed, wakame, raw",sr_legacy_food,11,2019-04-01,54.4,3.03,0.64,9.14
170497,"Peppers, hot chili, green, raw",sr_legacy_food,11,2019-04-01,47.6,2.0,0.2,9.46
170498,"Potatoes, o'brien, home-prepared",sr_legacy_food,11,2019-04-01,82.8,2.35,1.28,15.47
170499,"Shallots, raw",sr_legacy_food,11,2019-04-01,78.1,2.5,0.1,16.8
170500,"Carrot, dehydrated",sr_legacy_food,11,2019-04-01,364.1,8.1,1.49,79.57
170501,"Tomatoes, crushed, canned",sr_legacy_food,11,2019-04-01,38.2,1.64,0.28,7.29
170502,"Tomatoes, orange, raw",sr_legacy_food,11,2019-04-01,19.1,1.16,0.19,3.18
170503,"Mustard greens, cooked, boiled, drained, with salt",sr_legacy_food,11,2019-04-01,32.5,2.56,0.47,4.51
170504,"Mustard greens, frozen, cooked, boiled, drained, with salt",sr_legacy_food,11,2019-04-01,23.8,2.27,0.25,3.11
170505,"Mustard spinach, (tendergreen), cooked, boiled, drained, with salt",sr_legacy_food,11,2019-04-01,19.8,1.7,0.2,2.8
170506,"New zealand spinach, cooked, boiled, drained, with salt",sr_legacy_food,11,2019-04-01,15.2,1.3,0.17,2.13
170507,"Onions, frozen, whole, cooked, boiled, drained, with salt",sr_legacy_food,11,2019-04-01,27.7,0.71,0.05,6.11
170508,"Parsnips, cooked, boiled, drained, with salt",sr_legacy_food,11,2019-04-01,76.0,1.32,0.3,17.01
170509,"Peas, edible-podded, cooked, boiled, drained, with salt",sr_legacy_food,11,2019-04-01,41.0,3.27,0.23,6.46
170510,"Peas, edible-podded, frozen, cooked, boiled, drained, with salt",sr_legacy_food,11,2019-04-01,51.1,3.5,0.38,8.43
170511,"Peas, mature seeds, sprouted, cooked, boiled, drained, with salt",sr_legacy_food,11,2019-04-01,101.1,7.05,0.51,17.08
170512,"Peas and carrots, canned, no salt added, solids and liquids",sr_legacy_food,11,2019-04-01,45.0,2.17,0.27,8.48
170513,"Peas and carrots, frozen, cooked, boiled, drained, with salt",sr_legacy_food,11,2019-04-01,56.6,3.09,0.42,10.12
170514,"Peas and onions, frozen, cooked, boiled, drained, with salt",sr_legacy_food,11,2019-04-01,46.5,2.54,0.2,8.63
170515,"Peppers, sweet, red, cooked, boiled, drained, with salt",sr_legacy_food,11,2019-04-01,29.9,0.92,0.2,6.11
170516,"Peppers, sweet, green, frozen, chopped, cooked, boiled, drained, with salt",sr_legacy_food,11,2019-04-01,18.7,0.95,0.18,3.31
170517,"Pigeonpeas, immature seeds, cooked, boiled, drained, with salt",sr_legacy_food,11,2019-04-01,114.0,5.96,1.36,19.49
170518,"Pokeberry shoots, (poke), cooked, boiled, drained, with salt",sr_legacy_food,11,2019-04-01,25.2,2.3,0.4,3.1
170519,"Potatoes, boiled, cooked in skin, skin, with salt",sr_legacy_food,11,2019-04-01,81.1,2.86,0.1,17.2
170520,"Potatoes, boiled, cooked without skin, flesh, with salt",sr_legacy_food,11,2019-04-01,87.8,1.71,0.1,20.01
170521,"Potatoes, microwaved, cooked, in skin, flesh and skin, with salt",sr_legacy_food,11,2019-04-01,107.6,2.44,0.1,24.24
170522,"Potatoes, microwaved, cooked in skin, flesh, with salt",sr_legacy_food,11,2019-04-01,102.4,2.1,0.1,23.28
170523,"Potatoes, french fried, all types, salt not added in processing, frozen, as purchased",sr_legacy_food,11,2019-04-01,150.1,2.24,4.66,24.81
170524,"Potatoes, au gratin, home-prepared from recipe using margarine",sr_legacy_food,11,2019-04-01,133.6,5.06,7.59,11.27
170525,"Potatoes, scalloped, home-prepared with margarine",sr_legacy_food,11,2019-04-01,87.7,2.87,3.68,10.78
170526,"Pumpkin, cooked, boiled, drained, with salt",sr_legacy_food,11,2019-04-01,20.8,0.72,0.07,4.31
170527,"Pumpkin, canned, with salt",sr_legacy_food,11,2019-04-01,39.3,1.1,0.28,8.09
170528,"Rutabagas, cooked, boiled, drained, with salt",sr_legacy_food,11,2019-04-01,32.7,0.93,0.18,6.84
170529,"Salsify, cooked, boiled, drained, with salt",sr_legacy_food,11,2019-04-01,73.9,2.73,0.17,15.36
170530,"Soybeans, green, cooked, boiled, drained, with salt",sr_legacy_food,11,2019-04-01,151.2,12.35,6.4,11.05
170531,"Spinach, cooked, boiled, drained, with salt",sr_legacy_food,11,2019-04-01,29.2,2.97,0.26,3.75
170532,"Squash, summer, crookneck and straightneck, frozen, cooked, boiled, drained, with salt",sr_legacy_food,11,2019-04-01,29.1,1.28,0.2,5.54
170533,"Squash, summer, scallop, cooked, boiled, drained, with salt",sr_legacy_food,11,2019-04-01,18.8,1.03,0.17,3.3
170534,"Squash, summer, zucchini, includes skin, cooked, boiled, drained, with salt",sr_legacy_food,11,2019-04-01,18.6,1.14,0.36,2.69
170535,"Squash, summer, zucchini, includes skin, frozen, cooked, boiled, drained, with salt",sr_legacy_food,11,2019-04-01,17.6,1.15,0.13,2.97
170536,"Squash, winter, butternut, frozen, cooked, boiled, with salt",sr_legacy_food,11,2019-04-01,45.7,1.23,0.07,10.04
170537,"Squash, winter, hubbard, baked, with salt",sr_legacy_food,11,2019-04-01,58.7,2.48,0.62,10.81
170538,"Squash, winter, hubbard, cooked, boiled, mashed, with salt",sr_legacy_food,11,2019-04-01,35.1,1.48,0.37,6.46
170539,"Squash, winter, spaghetti, cooked, boiled, drained, or baked, with salt",sr_legacy_food,11,2019-04-01,30.8,0.66,0.26,6.46
170540,"Succotash, (corn and limas), cooked, boiled, drained, with salt",sr_legacy_food,11,2019-04-01,125.0,5.07,0.8,24.37
170541,"Sweet potato, cooked, boiled, without skin, with salt",sr_legacy_food,11,2019-04-01,77.6,1.37,0.14,17.72
170542,"Sweet potato, frozen, cooked, baked, with salt",sr_legacy_food,11,2019-04-01,101.5,1.71,0.12,23.4
170543,"Taro, cooked, with salt",sr_legacy_food,11,2019-04-01,141.5,0.52,0.11,34.6
170544,"Taro, leaves, cooked, steamed, with salt",sr_legacy_food,11,2019-04-01,30.1,2.72,0.41,3.89
170545,"Tomato juice, canned, without salt added",sr_legacy_food,11,2019-04-01,20.1,0.85,0.29,3.53
170546,"Tomato products, canned, puree, with salt added",sr_legacy_food,11,2019-04-01,44.4,1.65,0.21,8.98
170547,"Turnips, cooked, boiled, drained, with salt",sr_legacy_food,11,2019-04-01,23.8,0.71,0.08,5.06
170548,"Turnips, frozen, cooked, boiled, drained, with salt",sr_legacy_food,11,2019-04-01,23.2,1.53,0.24,3.73
170549,"Waxgourd, (chinese preserving melon), cooked, boiled, drained, with salt",sr_legacy_food,11,2019-04-01,13.2,0.4,0.2,2.45
170550,"Winged bean, immature seeds, cooked, boiled, drained, with salt",sr_legacy_food,11,2019-04-01,40.0,5.31,0.66,3.21
170551,"Yam, cooked, boiled, drained, or baked, with salt",sr_legacy_food,11,2019-04-01,115.2,1.49,0.14,26.99
170552,"Seeds, breadnut tree seeds, raw",sr_legacy_food,12,2019-04-01,217.9,5.97,0.99,46.28
170553,"Seeds, breadnut tree seeds, dried",sr_legacy_food,12,2019-04-01,367.2,8.62,1.68,79.39
170554,"Seeds, chia seeds, dried",sr_legacy_food,12,2019-04-01,511.3,16.54,30.74,42.12
170555,"Seeds, cottonseed flour, partially defatted (glandless)",sr_legacy_food,12,2019-04-01,381.8,40.96,6.2,40.54
170556,"Seeds, pumpkin and squash seed kernels, dried",sr_legacy_food,12,2019-04-01,605.2,30.23,49.05,10.71
170557,"Seeds, pumpkin and squash seed kernels, roasted, without salt",sr_legacy_food,12,2019-04-01,619.6,29.84,49.05,14.71
170558,"Seeds, safflower seed kernels, dried",sr_legacy_food,12,2019-04-01,547.9,16.18,38.45,34.29
170559,"Seeds, safflower seed meal, partially defatted",sr_legacy_food,12,2019-04-01,358.9,35.62,2.39,48.73
170560,"Seeds, sesame flour, low-fat",sr_legacy_food,12,2019-04-01,358.4,50.14,1.75,35.51
170561,"Seeds, sesame meal, partially defatted",sr_legacy_food,12,2019-04-01,604.0,16.96,48.0,26.04
170562,"Seeds, sunflower seed kernels, dried",sr_legacy_food,12,2019-04-01,626.3,20.78,51.46,20.0
170563,"Seeds, sunflower seed kernels, dry roasted, without salt",sr_legacy_food,12,2019-04-01,621.8,19.33,49.8,24.07
170564,"Seeds, sunflower seed kernels, oil roasted, without salt",sr_legacy_food,12,2019-04-01,633.5,20.06,51.3,22.89
170565,"Nuts, acorns, dried",sr_legacy_food,12,2019-04-01,529.7,8.1,31.41,53.66
170566,"Nuts, acorn flour, full fat",sr_legacy_food,12,2019-04-01,520.1,7.49,30.17,54.65
170567,"Nuts, almonds",sr_legacy_food,12,2019-04-01,620.2,21.15,49.93,21.55
170568,"Nuts, almonds, blanched",sr_legacy_food,12,2019-04-01,633.0,21.4,52.52,18.67
170569,"Nuts, brazilnuts, dried, unblanched",sr_legacy_food,12,2019-04-01,708.1,14.32,67.1,11.74
170570,"Nuts, butternuts, dried",sr_legacy_food,12,2019-04-01,660.6,24.9,56.98,12.05
170571,"Nuts, cashew nuts, dry roasted, without salt added",sr_legacy_food,12,2019-04-01,609.2,15.31,46.35,32.69
170572,"Nuts, cashew nuts, oil roasted, without salt added",sr_legacy_food,12,2019-04-01,616.8,16.84,47.77,29.87
170573,"Nuts, chestnuts, chinese, roasted",sr_legacy_food,12,2019-04-01,238.1,4.48,1.19,52.36
170574,"Nuts, chestnuts, european, raw, unpeeled",sr_legacy_food,12,2019-04-01,212.2,2.42,2.26,45.54
170575,"Nuts, chestnuts, european, raw, peeled",sr_legacy_food,12,2019-04-01,194.5,1.63,1.25,44.17
170576,"Nuts, chestnuts, european, dried, unpeeled",sr_legacy_food,12,2019-04-01,374.8,6.39,4.45,77.31
170577,"Nuts, coconut meat, dried (desiccated), sweetened, flaked, packaged",sr_legacy_food,12,2019-04-01,471.8,3.13,27.99,51.85
170578,"Nuts, coconut meat, dried (desiccated), sweetened, flaked, canned",sr_legacy_food,12,2019-04-01,462.2,3.35,31.69,40.91
170579,"Nuts, coconut meat, dried (desiccated), toasted",sr_legacy_food,12,2019-04-01,621.8,5.3,47.0,44.4
170580,"Nuts, coconut cream, raw (liquid expressed from grated meat)",sr_legacy_food,12,2019-04-01,353.2,3.63,34.68,6.65
170581,"Nuts, hazelnuts or filberts",sr_legacy_food,12,2019-04-01,673.3,14.95,60.75,16.7
170582,"Nuts, hazelnuts or filberts, blanched",sr_legacy_food,12,2019-04-01,673.2,13.7,61.15,17.0
170583,"Nuts, hazelnuts or filberts, dry roasted, without salt added",sr_legacy_food,12,2019-04-01,692.1,15.03,62.4,17.6
170584,"Nuts, ginkgo nuts, raw",sr_legacy_food,12,2019-04-01,182.8,4.32,1.68,37.6
170585,"Nuts, mixed nuts, dry roasted, with peanuts, without salt added",sr_legacy_food,12,2019-04-01,649.2,19.5,53.5,22.42
170586,"Nuts, mixed nuts, dry roasted, with peanuts, salt added, PLANTERS pistachio blend",sr_legacy_food,12,2019-04-01,613.1,23.28,47.52,23.07
170587,"Nuts, mixed nuts, oil roasted, with peanuts, without salt added",sr_legacy_food,12,2019-04-01,649.9,20.04,53.95,21.05
170588,"Nuts, mixed nuts, oil roasted, without peanuts, without salt added",sr_legacy_food,12,2019-04-01,656.7,15.52,56.17,22.27
170589,"Nuts, pecans, oil roasted, without salt added",sr_legacy_food,12,2019-04-01,765.9,9.2,75.23,13.01
170590,"Nuts, pilinuts, dried",sr_legacy_food,12,2019-04-01,775.1,10.8,79.55,3.98
170591,"Nuts, pine nuts, dried",sr_legacy_food,12,2019-04-01,722.4,13.69,68.37,13.08
170592,"Nuts, pine nuts, pinyon, dried",sr_legacy_food,12,2019-04-01,672.3,11.57,60.98,19.3
170593,"Nuts, walnuts, glazed",sr_legacy_food,12,2019-04-01,544.9,8.28,35.71,47.59
170594,"Nuts, walnuts, dry roasted, with salt added",sr_legacy_food,12,2019-04-01,675.0,14.29,60.71,17.86
170595,"Seeds, breadfruit seeds, roasted",sr_legacy_food,12,2019-04-01,209.5,6.2,2.7,40.1
170596,"Seeds, cottonseed kernels, roasted (glandless)",sr_legacy_food,12,2019-04-01,544.6,32.59,36.29,21.9
170597,"Beef, variety meats and by-products, spleen, cooked, braised",sr_legacy_food,13,2019-04-01,138.2,25.1,4.2,0.0
170598,"Beef, variety meats and by-products, tongue, cooked, simmered",sr_legacy_food,13,2019-04-01,277.9,19.29,22.3,0.0
170599,"Beef, variety meats and by-products, tripe, raw",sr_legacy_food,13,2019-04-01,81.5,12.07,3.69,0.0
170600,"Beef, sandwich steaks, flaked, chopped, formed and thinly sliced, raw",sr_legacy_food,13,2019-04-01,309.0,16.5,27.0,0.0
170601,"Beef, brisket, flat half, separable lean only, trimmed to 0"" fat, choice, cooked, braised",sr_legacy_food,13,2019-04-01,203.1,32.62,8.07,0.0
170602,"Beef, cured, corned beef, canned",sr_legacy_food,7,2019-04-01,242.8,27.1,14.93,0.0
170603,"Beef, chuck, under blade pot roast or steak, boneless, separable lean only, trimmed to 0"" fat, select, raw",sr_legacy_food,13,2019-04-01,133.6,21.03,5.41,0.19
170604,"Beef, cured, dried",sr_legacy_food,7,2019-04-01,152.9,31.1,1.94,2.76
170605,"Beef, chuck, under blade center steak, boneless, Denver Cut, separable lean only, trimmed to 0"" fat, all grades, cooked, grilled",sr_legacy_food,13,2019-04-01,220.3,26.5,12.64,0.14
170606,"Sausage, beef, cured, cooked, smoked",sr_legacy_food,7,2019-04-01,308.3,14.11,26.91,2.42
170607,"Beef, chopped, cured, smoked",sr_legacy_food,7,2019-04-01,128.0,20.19,4.42,1.86
170608,"Beef, chuck, under blade center steak, boneless, Denver Cut, separable lean only, trimmed to 0"" fat, choice, raw",sr_legacy_food,13,2019-04-01,178.2,19.23,10.96,0.67
170609,"Beef, composite of trimmed retail cuts, separable lean and fat, trimmed to 0"" fat, all grades, cooked",sr_legacy_food,13,2019-04-01,225.4,28.4,12.42,0.0
170610,"Beef, composite of trimmed retail cuts, separable lean only, trimmed to 0"" fat, select, cooked",sr_legacy_food,13,2019-04-01,183.6,29.88,7.12,0.0
170611,"Beef, brisket, whole, separable lean and fat, trimmed to 0"" fat, all grades, cooked, braised",sr_legacy_food,13,2019-04-01,282.8,26.79,19.52,0.0
170612,"Beef, brisket, whole, separable lean only, trimmed to 0"" fat, all grades, cooked, braised",sr_legacy_food,13,2019-04-01,209.7,29.75,10.08,0.0
170613,"Beef, brisket, flat half, separable lean and fat, trimmed to 0"" fat, all grades, cooked, braised",sr_legacy_food,13,2019-04-01,203.7,32.9,8.01,0.0
170614,"Beef, chuck, arm pot roast, separable lean and fat, trimmed to 0"" fat, select, cooked, braised",sr_legacy_food,13,2019-04-01,275.0,29.23,17.56,0.0
170615,"Beef, chuck, arm pot roast, separable lean only, trimmed to 0"" fat, choice, cooked, braised",sr_legacy_food,13,2019-04-01,202.5,33.36,7.67,0.0
170616,"Beef, chuck, arm pot roast, separable lean only, trimmed to 0"" fat, select, cooked, braised",sr_legacy_food,13,2019-04-01,185.7,33.37,5.8,0.0
170617,"Beef, chuck, blade roast, separable lean and fat, trimmed to 0"" fat, all grades, cooked, braised",sr_legacy_food,13,2019-04-01,326.0,27.18,24.14,0.0
170618,"Beef, chuck, under blade pot roast, boneless, separable lean and fat, trimmed to 0"" fat, choice, cooked, braised",sr_legacy_food,13,2019-04-01,298.9,26.39,21.48,0.0
170619,"Beef, rib, large end (ribs 6-9), separable lean and fat, trimmed to 0"" fat, choice, cooked, roasted",sr_legacy_food,13,2019-04-01,365.6,22.8,30.49,0.0
170620,"Beef, rib, large end (ribs 6-9), separable lean and fat, trimmed to 0"" fat, select, cooked, roasted",sr_legacy_food,13,2019-04-01,323.8,23.48,25.54,0.0
170621,"Beef, rib, large end (ribs 6-9), separable lean only, trimmed to 0"" fat, all grades, cooked, roasted",sr_legacy_food,13,2019-04-01,230.7,27.53,13.4,0.0
170622,"Beef, rib, large end (ribs 6-9), separable lean only, trimmed to 0"" fat, choice, cooked, roasted",sr_legacy_food,13,2019-04-01,245.1,27.53,15.0,0.0
170623,"Beef, rib, small end (ribs 10-12), separable lean only, trimmed to 0"" fat, all grades, cooked, broiled",sr_legacy_food,13,2019-04-01,185.4,29.41,7.53,0.0
170624,"Beef, rib, small end (ribs 10-12), separable lean only, trimmed to 0"" fat, choice, cooked, broiled",sr_legacy_food,13,2019-04-01,217.5,28.04,11.7,0.0
170625,"Beef, rib, small end (ribs 10-12), separable lean only, trimmed to 0"" fat, select, cooked, broiled",sr_legacy_food,13,2019-04-01,190.5,28.04,8.7,0.0
170626,"Beef, round, bottom round, steak, separable lean and fat, trimmed to 0"" fat, all grades, cooked, braised",sr_legacy_food,13,2019-04-01,214.0,33.56,8.86,0.0
170627,"Beef, round, bottom round, roast, separable lean and fat, trimmed to 0"" fat, select, cooked, roasted",sr_legacy_food,13,2019-04-01,166.9,28.08,6.06,0.0
170628,"Beef, round, bottom round, steak, separable lean only, trimmed to 0"" fat, all grades, cooked, braised",sr_legacy_food,13,2019-04-01,205.0,34.0,7.67,0.0
170629,"Beef, round, bottom round, roast, separable lean only, trimmed to 0"" fat, all grades, cooked, roasted",sr_legacy_food,13,2019-04-01,169.4,27.76,6.48,0.0
170630,"Beef, round, bottom round, steak, separable lean only, trimmed to 0"" fat, choice, cooked, braised",sr_legacy_food,13,2019-04-01,213.6,33.08,9.03,0.0
170631,"Beef, round, bottom round, roast, separable lean only, trimmed to 0"" fat, choice, cooked, roasted",sr_legacy_food,13,2019-04-01,177.6,27.23,7.63,0.0
170632,"Beef, round, eye of round roast, boneless, separable lean and fat, trimmed to 0"" fat, select, cooked, roasted",sr_legacy_food,13,2019-04-01,153.5,29.45,3.97,0.0
170633,"Beef, round, eye of round roast, boneless, separable lean only, trimmed to 0"" fat, all grades, cooked, roasted",sr_legacy_food,13,2019-04-01,154.5,29.85,3.9,0.0
170634,"Beef, round, eye of round roast, boneless, separable lean only, trimmed to 0"" fat, choice, cooked, roasted",sr_legacy_food,13,2019-04-01,158.1,29.94,4.26,0.0
170635,"Beef, round, eye of round roast, boneless, separable lean only, trimmed to 0"" fat, select, cooked, roasted",sr_legacy_food,13,2019-04-01,149.0,29.52,3.43,0.0
170636,"Beef, round, tip round, roast, separable lean only, trimmed to 0"" fat, choice, cooked, roasted",sr_legacy_food,13,2019-04-01,168.5,27.68,6.42,0.0
170637,"Beef, round, tip round, roast, separable lean only, trimmed to 0"" fat, select, cooked, roasted",sr_legacy_food,13,2019-04-01,148.9,27.37,4.38,0.0
170638,"Beef, round, top round, separable lean and fat, trimmed to 0"" fat, all grades, cooked, braised",sr_legacy_food,13,2019-04-01,199.3,35.62,6.31,0.0
170639,"Beef, round, top round, separable lean and fat, trimmed to 0"" fat, choice, cooked, braised",sr_legacy_food,13,2019-04-01,206.3,35.62,7.09,0.0
170640,"Beef, loin, tenderloin steak, boneless, separable lean and fat, trimmed to 0"" fat, select, cooked, grilled",sr_legacy_food,13,2019-04-01,193.0,30.93,7.7,0.0
170641,"Beef, loin, tenderloin steak, boneless, separable lean only, trimmed to 0"" fat, all grades, cooked, grilled",sr_legacy_food,13,2019-04-01,197.7,30.7,8.32,0.0
170642,"Beef, loin, tenderloin steak, boneless, separable lean only, trimmed to 0"" fat, choice, cooked, grilled",sr_legacy_food,13,2019-04-01,203.1,30.45,9.03,0.0
170643,"Beef, loin, tenderloin steak, boneless, separable lean only, trimmed to 0"" fat, select, cooked, grilled",sr_legacy_food,13,2019-04-01,189.6,31.09,7.25,0.0
170644,"Puddings, vanilla, dry mix, regular, with added oil",sr_legacy_food,19,2019-04-01,380.7,0.3,1.1,92.4
170645,"Jams and preserves, apricot",sr_legacy_food,19,2019-04-01,262.2,0.7,0.2,64.4
170646,"Syrups, table blends, pancake, with 2% maple, with added potassium",sr_legacy_food,19,2019-04-01,279.3,0.0,0.1,69.6
170647,"Snacks, corn cakes, very low sodium",sr_legacy_food,23,2019-04-01,387.6,8.1,2.4,83.4
170648,"Snacks, potato chips, plain, made with partially hydrogenated soybean oil, unsalted",sr_legacy_food,23,2019-04-01,551.0,7.0,34.6,52.9
170649,"Snacks, potato chips, plain, unsalted",sr_legacy_food,23,2019-04-01,551.0,7.0,34.6,52.9
170650,"Snacks, pretzels, hard, plain, made with unenriched flour, salted",sr_legacy_food,23,2019-04-01,384.7,9.1,3.5,79.2
170651,"Snacks, pretzels, hard, plain, made with unenriched flour, unsalted",sr_legacy_food,23,2019-04-01,384.7,9.1,3.5,79.2
170652,"Snacks, rice cakes, brown rice, sesame seed, unsalted",sr_legacy_food,23,2019-04-01,390.6,7.6,3.8,81.5
170653,"Snacks, sesame sticks, wheat-based, unsalted",sr_legacy_food,23,2019-04-01,559.9,10.9,36.7,46.5
170654,"Snacks, trail mix, regular, unsalted",sr_legacy_food,23,2019-04-01,499.4,13.8,29.4,44.9
170655,"Snacks, trail mix, regular, with chocolate chips, unsalted nuts and seeds",sr_legacy_food,23,2019-04-01,523.5,14.2,31.9,44.9
170656,"Candies, sugar-coated almonds",sr_legacy_food,19,2019-04-01,474.4,10.0,17.93,68.26
170657,"Cocoa, dry powder, hi-fat or breakfast, processed with alkali",sr_legacy_food,19,2019-04-01,479.4,16.8,23.71,49.71
170658,"Candies, soft fruit and nut squares",sr_legacy_food,19,2019-04-01,390.2,2.31,9.52,73.81
170659,"Ice creams, vanilla, fat free",sr_legacy_food,19,2019-04-01,138.2,4.48,0.0,30.06
170660,"Ice creams, BREYERS, All Natural Light French Vanilla",sr_legacy_food,19,2019-04-01,173.4,4.82,5.56,26.03
170661,"Ice creams, BREYERS, 98% Fat Free Vanilla",sr_legacy_food,19,2019-04-01,155.0,3.3,2.2,30.51
170662,"Ice creams, BREYERS, All Natural Light Vanilla Chocolate Strawberry",sr_legacy_food,19,2019-04-01,162.1,4.69,4.35,26.06
170663,"Ice creams, BREYERS, All Natural Light Mint Chocolate Chip",sr_legacy_food,19,2019-04-01,196.1,4.69,7.09,28.39
170664,"Ice creams, BREYERS, No Sugar Added, Vanilla Chocolate Strawberry",sr_legacy_food,19,2019-04-01,158.0,3.71,6.26,21.7
170665,"Frozen novelties, KLONDIKE, SLIM-A-BEAR Chocolate Cone",sr_legacy_food,19,2019-04-01,234.5,4.09,4.1,45.32
170666,"Frozen novelties, KLONDIKE, SLIM-A-BEAR Vanilla Sandwich",sr_legacy_food,19,2019-04-01,239.2,3.9,5.85,42.75
170667,"Frozen novelties, KLONDIKE, SLIM-A-BEAR, No Sugar Added, Stickless Bar",sr_legacy_food,19,2019-04-01,241.7,5.2,13.0,25.98
170668,"Ice creams, BREYERS, No Sugar Added, Chocolate Caramel",sr_legacy_food,19,2019-04-01,167.0,3.54,5.8,25.17
170669,"Candies, REESE's Fast Break, milk chocolate, peanut butter, soft nougats, candy bar",sr_legacy_food,19,2019-04-01,500.2,8.93,23.21,63.9
170670,"Candies, MARS SNACKFOOD US, COCOAVIA Chocolate Covered Almonds",sr_legacy_food,19,2019-04-01,572.6,9.51,37.07,50.22
170671,"Ice creams, regular, low carbohydrate, vanilla",sr_legacy_food,19,2019-04-01,215.9,3.17,12.7,22.23
170672,"Sweeteners, for baking, brown, contains sugar and sucralose",sr_legacy_food,19,2019-04-01,388.4,0.0,0.0,97.11
170673,"Sweeteners, for baking, contains sugar and sucralose",sr_legacy_food,19,2019-04-01,398.1,0.0,0.0,99.53
170674,"Sugar, turbinado",sr_legacy_food,19,2019-04-01,399.2,0.0,0.0,99.8
170675,"Sweeteners, sugar substitute, granulated, brown",sr_legacy_food,19,2019-04-01,347.3,2.06,0.0,84.77
170676,"Candies, M&M MARS 3 MUSKETEERS Truffle Crisp",sr_legacy_food,19,2019-04-01,537.9,6.41,28.85,63.15
170677,"Syrups, chocolate, HERSHEY'S Sugar free, Genuine Chocolate Flavored, Lite Syrup",sr_legacy_food,19,2019-04-01,86.6,2.87,2.03,14.2
170678,"Candies, M&M MARS Pretzel Chocolate Candies",sr_legacy_food,19,2019-04-01,446.8,5.0,15.0,72.94
170679,"Sweetener, herbal extract powder from Stevia leaf",sr_legacy_food,19,2019-04-01,400.0,0.0,0.0,100.0
170680,"Candies, HERSHEYS, PAYDAY Bar",sr_legacy_food,19,2019-04-01,490.3,13.44,25.0,52.88
170681,"Syrup, NESTLE, chocolate",sr_legacy_food,19,2019-04-01,268.8,0.0,0.0,67.21
170682,"Amaranth grain, uncooked",sr_legacy_food,20,2019-04-01,378.4,13.56,7.02,65.25
170683,"Amaranth grain, cooked",sr_legacy_food,20,2019-04-01,104.2,3.8,1.58,18.69
170684,Arrowroot flour,sr_legacy_food,20,2019-04-01,354.7,0.3,0.1,88.15
170685,"Buckwheat groats, roasted, dry",sr_legacy_food,20,2019-04-01,371.1,11.73,2.71,74.95
170686,"Buckwheat groats, roasted, cooked",sr_legacy_food,20,2019-04-01,98.9,3.38,0.62,19.94
170687,"Buckwheat flour, whole-groat",sr_legacy_food,20,2019-04-01,360.7,12.62,3.1,70.59
170688,"Bulgur, dry",sr_legacy_food,20,2019-04-01,364.6,12.29,1.33,75.87
170689,"Fast foods, taco with beef, cheese and lettuce, hard shell",sr_legacy_food,21,2019-04-01,229.1,8.86,12.7,19.85
170690,"Fast foods, cheeseburger; single, regular patty; plain",sr_legacy_food,21,2019-04-01,310.6,16.51,14.72,28.03
170691,"Fast foods, cheeseburger; single, regular patty, with condiments",sr_legacy_food,21,2019-04-01,271.9,13.49,12.9,25.46
170692,"Fast foods, cheeseburger; single, regular patty, with condiments and vegetables",sr_legacy_food,21,2019-04-01,255.6,13.06,11.5,24.97
170693,"Fast foods, hamburger; single, regular patty; plain",sr_legacy_food,21,2019-04-01,300.2,16.52,12.01,31.5
170694,"Fast foods, hamburger; single, regular patty; with condiments",sr_legacy_food,21,2019-04-01,263.1,13.3,10.18,29.57
170695,"Fast foods, roast beef sandwich, plain",sr_legacy_food,21,2019-04-01,242.2,15.17,10.3,22.21
170696,"Fast foods, submarine sandwich, cold cut on white bread with lettuce and tomato",sr_legacy_food,21,2019-04-01,214.2,10.52,10.04,20.43
170697,"Fast foods, onion rings, breaded and fried",sr_legacy_food,21,2019-04-01,416.8,3.86,25.23,43.58
170698,"Fast foods, potato, french fried in vegetable oil",sr_legacy_food,21,2019-04-01,312.0,3.43,14.73,41.44
170699,"Fast foods, potato, mashed",sr_legacy_food,21,2019-04-01,90.6,1.65,2.82,14.65
170700,"BURGER KING, Vanilla Shake",sr_legacy_food,21,2019-04-01,167.5,3.19,8.74,19.03
170701,"School Lunch, pizza, BIG DADDY'S LS 16"" 51% Whole Grain Rolled Edge Turkey Pepperoni Pizza, frozen",sr_legacy_food,21,2019-04-01,247.9,13.63,9.33,27.35
170702,"School Lunch, pizza, TONY'S SMARTPIZZA Whole Grain 4x6 Cheese Pizza 50/50 Cheese, frozen",sr_legacy_food,21,2019-04-01,233.0,12.08,7.51,29.27
170703,"School Lunch, pizza, TONY'S SMARTPIZZA Whole Grain 4x6 Pepperoni Pizza 50/50 Cheese, frozen",sr_legacy_food,21,2019-04-01,237.6,12.14,8.19,28.84
170704,"School Lunch, pizza, TONY'S Breakfast Pizza Sausage, frozen",sr_legacy_food,21,2019-04-01,239.9,10.39,10.04,26.99
170705,"SUBWAY, sweet onion chicken teriyaki sub on white bread with lettuce, tomato and sweet onion sauce",sr_legacy_food,21,2019-04-01,155.1,10.91,2.37,22.54
170706,"Fast foods, submarine sandwich, turkey breast on white bread with lettuce and tomato",sr_legacy_food,21,2019-04-01,147.0,9.12,2.31,22.42
170707,"Fast foods, submarine sandwich, ham on white bread with lettuce and tomato",sr_legacy_food,21,2019-04-01,150.9,9.12,2.53,22.91
170708,"SUBWAY, meatball marinara sub on white bread (no toppings)",sr_legacy_food,21,2019-04-01,219.2,9.77,8.45,26.01
170709,"Fast foods, submarine sandwich, meatball marinara on white bread",sr_legacy_food,21,2019-04-01,219.2,9.77,8.45,26.01
170710,"Fast foods, hamburger, large, single patty, with condiments",sr_legacy_food,21,2019-04-01,255.7,15.68,11.6,22.14
170711,"SUBWAY, turkey breast sub on white bread with lettuce and tomato",sr_legacy_food,21,2019-04-01,147.0,9.12,2.31,22.42
170712,"SUBWAY, black forest ham sub on white bread with lettuce and tomato",sr_legacy_food,21,2019-04-01,150.9,9.12,2.53,22.91
170713,"SUBWAY, roast beef sub on white bread with lettuce and tomato",sr_legacy_food,21,2019-04-01,154.6,12.17,2.73,20.34
170714,"Pizza, cheese topping, rising crust, frozen, cooked",sr_legacy_food,21,2019-04-01,260.1,12.37,8.78,32.91
170715,"Pizza, meat and vegetable topping, regular crust, frozen, cooked",sr_legacy_food,21,2019-04-01,275.6,11.28,14.43,25.14
170716,"Pizza, meat and vegetable topping, rising crust, frozen, cooked",sr_legacy_food,21,2019-04-01,271.4,12.63,11.75,28.78
170717,"McDONALD'S, Hamburger",sr_legacy_food,21,2019-04-01,263.6,12.92,10.09,30.28
170718,"Fast foods, chicken, breaded and fried, boneless pieces, plain",sr_legacy_food,21,2019-04-01,306.6,15.92,20.36,14.93
170719,"McDONALD'S, QUARTER POUNDER with Cheese",sr_legacy_food,21,2019-04-01,266.1,14.59,14.22,19.95
170720,"McDONALD'S, BIG MAC",sr_legacy_food,21,2019-04-01,262.2,11.82,14.96,20.08
170721,"McDONALD'S, french fries",sr_legacy_food,21,2019-04-01,323.2,3.41,15.47,42.58
170722,"WENDY'S, CLASSIC SINGLE Hamburger, no cheese",sr_legacy_food,21,2019-04-01,213.2,12.63,10.6,16.82
170723,"WENDY'S, Homestyle Chicken Fillet Sandwich",sr_legacy_food,21,2019-04-01,214.2,13.78,8.1,21.55
170724,"WENDY'S, Ultimate Chicken Grill Sandwich",sr_legacy_food,21,2019-04-01,179.4,14.73,5.0,18.88
170725,"WENDY'S, Chicken Nuggets",sr_legacy_food,21,2019-04-01,326.0,16.46,22.55,14.31
170726,"WENDY'S, french fries",sr_legacy_food,21,2019-04-01,300.7,3.73,14.1,39.73
170727,"BURGER KING, WHOPPER, no cheese",sr_legacy_food,21,2019-04-01,232.7,10.74,12.84,18.55
170728,"BURGER KING, WHOPPER, with cheese",sr_legacy_food,21,2019-04-01,249.5,11.19,15.33,16.7
170729,"BURGER KING, DOUBLE WHOPPER, no cheese",sr_legacy_food,21,2019-04-01,251.7,13.94,15.66,13.74
170730,"BURGER KING, DOUBLE WHOPPER, with cheese",sr_legacy_food,21,2019-04-01,265.5,14.47,17.06,13.52
170731,"BURGER KING, Chicken Strips",sr_legacy_food,21,2019-04-01,292.0,18.2,15.25,20.49
170732,"TACO BELL, Soft Taco with chicken, cheese and lettuce",sr_legacy_food,21,2019-04-01,189.1,13.3,6.35,19.69
170733,"TACO BELL, Soft Taco with steak",sr_legacy_food,21,2019-04-01,225.0,11.81,12.1,17.22
170734,"TACO BELL, Bean Burrito",sr_legacy_food,21,2019-04-01,208.8,7.35,6.05,31.23
170735,"TACO BELL, BURRITO SUPREME with beef",sr_legacy_food,21,2019-04-01,182.8,7.03,6.8,23.37
170736,"TACO BELL, Taco Salad",sr_legacy_food,21,2019-04-01,169.7,6.69,9.17,15.1
170737,"KFC, Popcorn Chicken",sr_legacy_food,21,2019-04-01,351.1,17.67,21.74,21.18
170738,"KFC, Fried Chicken, ORIGINAL RECIPE, Skin and Breading",sr_legacy_food,21,2019-04-01,383.9,14.17,28.01,18.79
170739,"KFC, Fried Chicken, ORIGINAL RECIPE, Breast, meat only, skin and breading removed",sr_legacy_food,21,2019-04-01,148.6,26.89,4.56,0.0
170740,"KFC, Fried Chicken, ORIGINAL RECIPE, Drumstick, meat only, skin and breading removed",sr_legacy_food,21,2019-04-01,174.6,26.3,7.66,0.11
170741,"KFC, Fried Chicken, ORIGINAL RECIPE, Thigh, meat only, skin and breading removed",sr_legacy_food,21,2019-04-01,175.0,22.78,9.31,0.01
170742,"KFC, Fried Chicken, EXTRA CRISPY, Thigh, meat only, skin and breading removed",sr_legacy_food,21,2019-04-01,179.3,22.41,9.96,0.0
170743,"KFC, Fried Chicken, EXTRA CRISPY, Wing, meat only, skin and breading removed",sr_legacy_food,21,2019-04-01,235.7,28.67,12.13,2.97
170744,"KFC, Fried Chicken, ORIGINAL RECIPE, Breast, meat and skin with breading",sr_legacy_food,21,2019-04-01,230.9,21.94,13.11,6.28
170745,"KFC, Fried Chicken, ORIGINAL RECIPE, Drumstick, meat and skin with breading",sr_legacy_food,21,2019-04-01,238.7,22.3,14.22,5.39
170746,"KFC, Fried Chicken, EXTRA CRISPY, Thigh, meat and skin with breading",sr_legacy_food,21,2019-04-01,309.1,17.17,22.14,10.3
170747,"KFC, Fried Chicken, EXTRA CRISPY, Wing, meat and skin with breading",sr_legacy_food,21,2019-04-01,336.8,20.8,23.0,11.66
170748,"POPEYES, Fried Chicken, Mild, Breast, meat only, skin and breading removed",sr_legacy_food,21,2019-04-01,156.6,28.98,4.52,0.0
170749,"POPEYES, Fried Chicken, Mild, Drumstick, meat only, skin and breading removed",sr_legacy_food,21,2019-04-01,170.5,26.51,7.14,0.04
170750,"POPEYES, Fried Chicken, Mild, Thigh, meat and skin with breading",sr_legacy_food,21,2019-04-01,310.3,19.14,20.99,11.2
170751,"POPEYES, Fried Chicken, Mild, Wing, meat and skin with breading",sr_legacy_food,21,2019-04-01,338.0,20.4,22.48,13.52
170752,"Fast foods, grilled chicken, bacon and tomato club sandwich, with cheese, lettuce, and mayonnaise",sr_legacy_food,21,2019-04-01,220.7,17.19,8.05,19.87
170753,"Fast foods, crispy chicken, bacon, and tomato club sandwich, with cheese, lettuce, and mayonnaise",sr_legacy_food,21,2019-04-01,257.8,15.38,11.76,22.61
170754,"Fast Foods, Fried Chicken, Wing, meat only, skin and breading removed",sr_legacy_food,21,2019-04-01,215.4,28.77,10.2,2.13
170755,"Fast Foods, Fried Chicken, Skin and breading from all pieces",sr_legacy_food,21,2019-04-01,397.7,14.11,29.22,19.56
170756,"Fast Foods, Fried Chicken, Breast, meat and skin and breading",sr_legacy_food,21,2019-04-01,230.1,23.51,12.44,6.03
170757,"Fast Foods, Fried Chicken, Drumstick, meat and skin with breading",sr_legacy_food,21,2019-04-01,267.2,21.13,16.92,7.59
170758,"DIGIORNO Pizza, cheese topping, thin crispy crust, frozen, baked",sr_legacy_food,21,2019-04-01,246.9,12.96,9.91,26.47
170759,"DIGIORNO Pizza, pepperoni topping, cheese stuffed crust, frozen, baked",sr_legacy_food,21,2019-04-01,278.9,13.92,11.71,29.46
170760,"DIGIORNO Pizza, pepperoni topping, rising crust, frozen, baked",sr_legacy_food,21,2019-04-01,265.4,12.46,10.11,31.15
170761,"DIGIORNO Pizza, pepperoni topping, thin crispy crust, frozen, baked",sr_legacy_food,21,2019-04-01,283.3,13.22,12.86,28.67
170762,"Fast Food, Pizza Chain, 14"" pizza, pepperoni topping, thin crust",sr_legacy_food,21,2019-04-01,330.5,14.01,17.61,29.0
170763,"Fast foods, taco with beef, cheese and lettuce, soft",sr_legacy_food,21,2019-04-01,205.7,9.25,9.75,20.23
170764,"Fast foods, taco with chicken, lettuce and cheese, soft",sr_legacy_food,21,2019-04-01,189.1,13.3,6.35,19.69
170765,"Fast foods, quesadilla, with chicken",sr_legacy_food,21,2019-04-01,293.6,15.05,15.25,24.04
170766,"DOMINO'S 14"" Sausage Pizza, Classic Hand-Tossed Crust",sr_legacy_food,21,2019-04-01,272.5,11.08,11.2,31.84
170767,"DOMINO'S 14"" Sausage Pizza, Ultimate Deep Dish Crust",sr_legacy_food,21,2019-04-01,277.1,11.03,12.03,31.17
170768,"PIZZA HUT 14"" Sausage Pizza, THIN 'N CRISPY Crust",sr_legacy_food,21,2019-04-01,322.7,13.95,16.9,28.7
170769,"PIZZA HUT 14"" Sausage Pizza, Hand-Tossed Crust",sr_legacy_food,21,2019-04-01,286.7,11.92,13.5,29.39
170770,"WEND'YS, Crispy Chicken Sandwich",sr_legacy_food,21,2019-04-01,277.7,11.72,13.93,26.36
170771,"BURGER KING, Onion Rings",sr_legacy_food,21,2019-04-01,416.8,3.86,25.23,43.58
170772,"WENDY'S, DAVE'S Hot 'N Juicy 1/4 LB, single",sr_legacy_food,21,2019-04-01,267.9,13.69,15.8,17.73
170773,"Fast Food, Pizza Chain, 14"" pizza, cheese topping, stuffed crust",sr_legacy_food,21,2019-04-01,273.6,12.23,11.63,30.0
170774,"PIZZA HUT 14"" Cheese Pizza, Stuffed Crust",sr_legacy_food,21,2019-04-01,273.6,12.23,11.63,30.0
170775,"Fast foods, strawberry banana smoothie made with ice and low-fat yogurt",sr_legacy_food,21,2019-04-01,64.9,0.86,0.14,15.05
170776,"McDONALD'S, Southern Style Chicken Biscuit",sr_legacy_food,21,2019-04-01,304.3,11.93,14.93,30.56
170777,"McDONALD'S, RANCH SNACK WRAP, Crispy",sr_legacy_food,21,2019-04-01,274.7,11.48,15.1,23.22
170778,"McDONALD'S, RANCH SNACK WRAP, Grilled",sr_legacy_food,21,2019-04-01,221.6,13.77,10.31,18.43
170779,"School Lunch, pizza, cheese topping, thick crust, whole grain, frozen, cooked",sr_legacy_food,21,2019-04-01,254.2,14.62,9.27,28.08
170780,"School Lunch, pizza, pepperoni topping, thin crust, whole grain, frozen, cooked",sr_legacy_food,21,2019-04-01,253.7,12.78,8.62,31.24
170781,"School Lunch, pizza, pepperoni topping, thick crust, whole grain, frozen, cooked",sr_legacy_food,21,2019-04-01,259.0,14.35,9.82,28.3
170782,"School Lunch, pizza, sausage topping, thin crust, whole grain, frozen, cooked",sr_legacy_food,21,2019-04-01,250.0,12.63,7.83,32.24
170783,"Beef, chuck, short ribs, boneless, separable lean only, trimmed to 0"" fat, choice, raw",sr_legacy_food,13,2019-04-01,175.0,19.38,10.7,0.29
170784,"WENDY'S, Double Stack, with cheese",sr_legacy_food,21,2019-04-01,284.9,18.53,16.6,15.35
170785,"Fast foods, crispy chicken in tortilla, with lettuce, cheese, and ranch sauce",sr_legacy_food,21,2019-04-01,274.7,11.48,15.1,23.22
170786,"Fast foods, grilled chicken in tortilla, with lettuce, cheese, and ranch sauce",sr_legacy_food,21,2019-04-01,221.6,13.77,10.31,18.43
170787,"Fast foods, breakfast burrito, with egg, cheese, and sausage",sr_legacy_food,21,2019-04-01,277.0,11.1,15.63,22.97
170788,"Fast foods, breadstick, soft, prepared with garlic and parmesan cheese",sr_legacy_food,21,2019-04-01,342.6,12.2,12.88,44.48
170789,"PIZZA HUT, breadstick, parmesan garlic",sr_legacy_food,21,2019-04-01,342.6,12.2,12.88,44.48
170790,"CHICK-FIL-A, chicken sandwich",sr_legacy_food,21,2019-04-01,249.4,16.28,11.19,20.89
170791,"ARBY'S, roast beef sandwich, classic",sr_legacy_food,21,2019-04-01,242.2,15.17,10.3,22.21
170792,"School Lunch, pizza, cheese topping, thin crust, whole grain, frozen, cooked",sr_legacy_food,21,2019-04-01,247.3,12.72,7.91,31.31
170793,"School Lunch, pizza, sausage topping, thick crust, whole grain, frozen, cooked",sr_legacy_food,21,2019-04-01,257.0,13.26,9.07,30.58
170794,"School Lunch, chicken patty, whole grain breaded",sr_legacy_food,21,2019-04-01,245.9,17.64,13.93,12.5
170795,"School Lunch, chicken nuggets, whole grain breaded",sr_legacy_food,21,2019-04-01,270.2,15.67,12.9,22.86
170796,"Beef, chuck, short ribs, boneless, separable lean only, trimmed to 0"" fat, all grades, raw",sr_legacy_food,13,2019-04-01,169.1,19.68,10.02,0.05
170797,"Beef, chuck eye Country-Style ribs, boneless, separable lean only, trimmed to 0"" fat, choice, cooked, braised",sr_legacy_food,13,2019-04-01,233.8,30.95,12.22,0.0
170798,"Beef, chuck eye Country-Style ribs, boneless, separable lean only, trimmed to 0"" fat, select, cooked, braised",sr_legacy_food,13,2019-04-01,220.6,32.1,10.24,0.0
170799,"Beef, chuck eye Country-Style ribs, boneless, separable lean only, trimmed to 0"" fat, all grades, cooked, braised",sr_legacy_food,13,2019-04-01,228.5,31.41,11.43,0.0
170800,"Beef, chuck eye Country-Style ribs, boneless, separable lean only, trimmed to 0"" fat, choice, raw",sr_legacy_food,13,2019-04-01,152.5,20.87,7.67,0.0
170801,"Beef, chuck eye steak, boneless, separable lean only, trimmed to 0"" fat, all grades, cooked, grilled",sr_legacy_food,13,2019-04-01,208.9,27.94,10.79,0.0
170802,"Beef, chuck eye steak, boneless, separable lean only, trimmed to 0"" fat, choice, raw",sr_legacy_food,13,2019-04-01,159.8,21.31,8.29,0.0
170803,"Beef, chuck eye steak, boneless, separable lean only, trimmed to 0"" fat, select, raw",sr_legacy_food,13,2019-04-01,143.4,21.28,6.47,0.0
170804,"Beef, chuck eye steak, boneless, separable lean only, trimmed to 0"" fat, all grades, raw",sr_legacy_food,13,2019-04-01,153.2,21.29,7.56,0.0
170805,"Beef, chuck, mock tender steak, boneless, separable lean only, trimmed to 0"" fat, select, cooked, braised",sr_legacy_food,13,2019-04-01,180.8,32.96,5.44,0.0
170806,"Beef, chuck, mock tender steak, boneless, separable lean only, trimmed to 0"" fat, all grades, cooked, braised",sr_legacy_food,13,2019-04-01,190.3,33.31,6.34,0.0
170807,"Beef, chuck, mock tender steak, boneless, separable lean only, trimmed to 0"" fat, choice, raw",sr_legacy_food,13,2019-04-01,126.8,21.36,4.6,0.0
170808,"Beef, chuck, mock tender steak, boneless, separable lean only, trimmed to 0"" fat, select, raw",sr_legacy_food,13,2019-04-01,116.6,21.22,3.53,0.0
170809,"Beef, chuck for stew, separable lean and fat, select, raw",sr_legacy_food,13,2019-04-01,124.4,21.9,3.99,0.21
170810,"Beef, chuck for stew, separable lean and fat, choice, raw",sr_legacy_food,13,2019-04-01,130.3,21.64,4.81,0.12
170811,"Beef, chuck, under blade steak, boneless, separable lean only, trimmed to 0"" fat, choice, cooked, braised",sr_legacy_food,13,2019-04-01,221.8,30.91,10.91,0.0
170812,"Beef, chuck, under blade steak, boneless, separable lean only, trimmed to 0"" fat, select, cooked, braised",sr_legacy_food,13,2019-04-01,215.0,32.01,9.66,0.0
170813,"Beef, chuck, under blade pot roast or steak, boneless, separable lean and fat, trimmed to 0"" fat, all grades, raw",sr_legacy_food,13,2019-04-01,196.0,19.17,13.26,0.0
170814,"Beef, chuck, under blade pot roast or steak, boneless, separable lean and fat, trimmed to 0"" fat, choice, raw",sr_legacy_food,13,2019-04-01,202.0,19.15,13.93,0.0
170815,"Beef, chuck, under blade pot roast or steak, boneless, separable lean and fat, trimmed to 0"" fat, select, raw",sr_legacy_food,13,2019-04-01,187.2,19.2,12.27,0.0
170816,"Beef, chuck, under blade center steak, boneless, Denver Cut, separable lean and fat, trimmed to 0"" fat, all grades, cooked, grilled",sr_legacy_food,13,2019-04-01,227.4,26.18,13.54,0.21
170817,"Beef, chuck, under blade center steak, boneless, Denver Cut, separable lean and fat, trimmed to 0"" fat, select, raw",sr_legacy_food,13,2019-04-01,171.7,19.2,10.5,0.09
170818,"Beef, shoulder pot roast or steak, boneless, separable lean and fat, trimmed to 0"" fat, choice, raw",sr_legacy_food,13,2019-04-01,132.9,21.17,5.33,0.07
170819,"Beef, shoulder pot roast or steak, boneless, separable lean and fat, trimmed to 0"" fat, select, raw",sr_legacy_food,13,2019-04-01,126.8,21.72,4.44,0.0
170820,"Beef, chuck eye roast, boneless, America's Beef Roast, separable lean and fat, trimmed to 0"" fat, all grades, cooked, roasted",sr_legacy_food,13,2019-04-01,236.1,24.63,15.29,0.0
170821,"Beef, chuck, mock tender steak, boneless, separable lean and fat, trimmed to 0"" fat, all grades, cooked, braised",sr_legacy_food,13,2019-04-01,219.9,32.07,10.18,0.0
170822,"Beef, chuck, mock tender steak, boneless, separable lean and fat, trimmed to 0"" fat, choice, cooked, braised",sr_legacy_food,13,2019-04-01,225.5,32.21,10.74,0.0
170823,"Beef, chuck, mock tender steak, boneless, separable lean and fat, trimmed to 0"" fat, select, cooked, braised",sr_legacy_food,13,2019-04-01,211.5,31.86,9.34,0.0
170824,"Beef, chuck, mock tender steak, boneless, separable lean and fat, trimmed to 0"" fat, all grades, raw",sr_legacy_food,13,2019-04-01,127.6,21.13,4.79,0.0
170825,"Beef, chuck, short ribs, boneless, separable lean and fat, trimmed to 0"" fat, select, cooked, braised",sr_legacy_food,13,2019-04-01,286.7,25.81,20.38,0.0
170826,"Beef, chuck, short ribs, boneless, separable lean and fat, trimmed to 0"" fat, all grades, raw",sr_legacy_food,13,2019-04-01,234.9,17.48,18.33,0.0
170827,"Beef, chuck, short ribs, boneless, separable lean and fat, trimmed to 0"" fat, choice, raw",sr_legacy_food,13,2019-04-01,240.2,17.22,19.03,0.0
170828,"Beef, chuck, short ribs, boneless, separable lean and fat, trimmed to 0"" fat, select, raw",sr_legacy_food,13,2019-04-01,227.0,17.87,17.28,0.0
170829,"Beef, chuck eye Country-Style ribs, boneless, separable lean and fat, trimmed to 0"" fat, choice, cooked, braised",sr_legacy_food,13,2019-04-01,302.7,27.16,21.56,0.0
170830,"Beef, chuck eye Country-Style ribs, boneless, separable lean and fat, trimmed to 0"" fat, select, cooked, braised",sr_legacy_food,13,2019-04-01,285.2,28.47,19.03,0.0
170831,"Beef, chuck eye Country-Style ribs, boneless, separable lean and fat, trimmed to 0"" fat, all grades, raw",sr_legacy_food,13,2019-04-01,204.8,18.97,14.32,0.0
170832,"Beef, chuck eye Country-Style ribs, boneless, separable lean and fat, trimmed to 0"" fat, choice, raw",sr_legacy_food,13,2019-04-01,210.4,18.87,14.99,0.0
170833,"Beef, chuck eye Country-Style ribs, boneless, separable lean and fat, trimmed to 0"" fat, select, raw",sr_legacy_food,13,2019-04-01,196.4,19.1,13.33,0.0
170834,"Beef, chuck eye steak, boneless, separable lean and fat, trimmed to 0"" fat, choice, raw",sr_legacy_food,13,2019-04-01,227.1,18.86,16.85,0.0
170835,"Beef, chuck eye steak, boneless, separable lean and fat, trimmed to 0"" fat, select, raw",sr_legacy_food,13,2019-04-01,215.8,18.86,15.6,0.0
170836,"Beef, rib eye roast, bone-in, lip-on, separable lean only, trimmed to 1/8"" fat, all grades, cooked, roasted",sr_legacy_food,13,2019-04-01,231.2,27.12,13.64,0.0
170837,"Beef, rib eye roast, bone-in, lip-on, separable lean only, trimmed to 1/8"" fat, select, cooked, roasted",sr_legacy_food,13,2019-04-01,218.7,27.03,12.29,0.0
170838,"Beef, rib eye steak/roast, bone-in, lip-on, separable lean only, trimmed to 1/8"" fat, select, raw",sr_legacy_food,13,2019-04-01,155.4,21.65,7.64,0.0
170839,"Beef, rib eye steak/roast, boneless, lip-on, separable lean only, trimmed to 1/8"" fat, all grades, raw",sr_legacy_food,13,2019-04-01,155.8,21.99,7.54,0.0
170840,"Beef, rib eye steak/roast, boneless, lip-on, separable lean only, trimmed to 1/8"" fat, choice, raw",sr_legacy_food,13,2019-04-01,161.1,21.62,8.29,0.0
170841,"Beef, rib eye steak/roast, boneless, lip-on, separable lean only, trimmed to 1/8"" fat, select, raw",sr_legacy_food,13,2019-04-01,147.9,22.55,6.41,0.0
170842,"Beef, rib eye roast, boneless, lip-on, separable lean only, trimmed to 1/8"" fat, choice, cooked, roasted",sr_legacy_food,13,2019-04-01,228.6,27.87,13.01,0.0
170843,"Cheese, fontina",sr_legacy_food,1,2019-04-01,388.9,25.6,31.14,1.55
170844,"Cheese, monterey",sr_legacy_food,1,2019-04-01,373.2,24.48,30.28,0.68
170845,"Cheese, mozzarella, whole milk",sr_legacy_food,1,2019-04-01,297.5,22.17,22.14,2.4
170846,"Cheese, mozzarella, whole milk, low moisture",sr_legacy_food,1,2019-04-01,318.0,21.6,24.64,2.47
170847,"Cheese, mozzarella, part skim milk",sr_legacy_food,1,2019-04-01,251.4,24.26,15.92,2.77
170848,"Cheese, parmesan, hard",sr_legacy_food,1,2019-04-01,380.9,35.75,25.0,3.22
170849,"Cheese, port de salut",sr_legacy_food,1,2019-04-01,351.2,23.78,28.2,0.57
170850,"Cheese, provolone",sr_legacy_food,1,2019-04-01,350.5,25.58,26.62,2.14
170851,"Cheese, ricotta, whole milk",sr_legacy_food,1,2019-04-01,150.9,7.54,10.18,7.27
170852,"Cheese, tilsit",sr_legacy_food,1,2019-04-01,339.0,24.41,25.98,1.88
170853,"Cheese, pasteurized process, American, fortified with vitamin D",sr_legacy_food,1,2019-04-01,368.0,18.13,30.71,4.78
170854,"Cheese, pasteurized process, pimento",sr_legacy_food,1,2019-04-01,376.2,22.13,31.2,1.73
170855,"Cheese, pasteurized process, swiss",sr_legacy_food,1,2019-04-01,332.4,24.73,25.01,2.1
170856,"Cheese food, cold pack, American",sr_legacy_food,1,2019-04-01,332.1,19.66,24.46,8.32
170857,"Cream, fluid, light (coffee cream or table cream)",sr_legacy_food,1,2019-04-01,198.4,2.96,19.1,3.66
170858,"Cream, fluid, light whipping",sr_legacy_food,1,2019-04-01,298.7,2.17,30.91,2.96
170859,"Cream, fluid, heavy whipping",sr_legacy_food,1,2019-04-01,347.4,2.84,36.08,2.84
170860,"Cream, whipped, cream topping, pressurized",sr_legacy_food,1,2019-04-01,262.7,3.2,22.22,12.49
170861,"Milk, filled, fluid, with blend of hydrogenated vegetable oils",sr_legacy_food,1,2019-04-01,63.4,3.33,3.46,4.74
170862,"Milk, filled, fluid, with lauric acid oil",sr_legacy_food,1,2019-04-01,62.9,3.33,3.4,4.74
170863,"Cheese, American, nonfat or fat free",sr_legacy_food,1,2019-04-01,126.3,21.05,0.0,10.53
170864,"Yogurt, Greek, 2% fat, apricot, CHOBANI",sr_legacy_food,1,2019-04-01,92.9,7.22,1.71,12.15
170865,"Dessert topping, powdered",sr_legacy_food,1,2019-04-01,589.0,4.9,39.92,52.54
170866,"Dessert topping, powdered, 1.5 ounce prepared with 1/2 cup milk",sr_legacy_food,1,2019-04-01,197.4,3.61,12.72,17.13
170867,"Dessert topping, pressurized",sr_legacy_food,1,2019-04-01,268.9,0.98,22.3,16.07
170868,"Dessert topping, semi solid, frozen",sr_legacy_food,1,2019-04-01,325.0,1.25,25.31,23.05
170869,"Sour cream, imitation, cultured",sr_legacy_food,1,2019-04-01,211.8,2.4,19.52,6.63
170870,"Milk, reduced fat, fluid, 2% milkfat, with added nonfat milk solids and vitamin A and vitamin D",sr_legacy_food,1,2019-04-01,51.1,3.48,1.92,4.97
170871,"Milk, reduced fat, fluid, 2% milkfat, protein fortified, with added vitamin A and vitamin D",sr_legacy_food,1,2019-04-01,55.6,3.95,1.98,5.49
170872,"Milk, lowfat, fluid, 1% milkfat, with added vitamin A and vitamin D",sr_legacy_food,1,2019-04-01,42.2,3.37,0.97,4.99
170873,"Milk, lowfat, fluid, 1% milkfat, with added nonfat milk solids, vitamin A and vitamin D",sr_legacy_food,1,2019-04-01,42.5,3.48,0.97,4.97
170874,"Milk, buttermilk, fluid, cultured, lowfat",sr_legacy_food,1,2019-04-01,42.0,3.31,1.07,4.79
170875,"Milk, low sodium, fluid",sr_legacy_food,1,2019-04-01,61.4,3.1,3.46,4.46
170876,"Milk, dry, whole, with added vitamin D",sr_legacy_food,1,2019-04-01,499.4,26.32,26.71,38.42
170877,"Milk, dry, nonfat, regular, without added vitamin A and vitamin D",sr_legacy_food,1,2019-04-01,359.5,36.16,0.77,51.98
170878,"Milk, canned, evaporated, nonfat, with added vitamin A and vitamin D",sr_legacy_food,1,2019-04-01,77.4,7.55,0.2,11.35
170879,"Milk, chocolate, fluid, commercial, whole, with added vitamin A and vitamin D",sr_legacy_food,1,2019-04-01,84.6,3.17,3.39,10.34
170880,"Milk, chocolate, fluid, commercial, reduced fat, with added vitamin A and vitamin D",sr_legacy_food,1,2019-04-01,77.6,2.99,1.9,12.13
170881,"Milk, chocolate, lowfat, with added vitamin A and vitamin D",sr_legacy_food,1,2019-04-01,64.4,3.46,1.11,10.15
170882,"Milk, sheep, fluid",sr_legacy_food,1,2019-04-01,108.4,5.98,7.0,5.36
170883,"Milk shakes, thick chocolate",sr_legacy_food,1,2019-04-01,121.1,3.05,2.7,21.15
170884,"Milk shakes, thick vanilla",sr_legacy_food,1,2019-04-01,113.7,3.86,3.03,17.75
170885,"Whey, acid, fluid",sr_legacy_food,1,2019-04-01,24.3,0.76,0.09,5.12
170886,"Yogurt, plain, low fat",sr_legacy_food,1,2019-04-01,63.1,5.25,1.55,7.04
170887,"Yogurt, plain, skim milk",sr_legacy_food,1,2019-04-01,55.3,5.73,0.18,7.68
170888,"Yogurt, vanilla, low fat.",sr_legacy_food,1,2019-04-01,86.2,4.93,1.25,13.8
170889,"Yogurt, fruit, low fat,9 g protein/8 oz",sr_legacy_food,1,2019-04-01,100.8,3.98,1.15,18.64
170890,"Milk dessert bar, frozen, made from lowfat milk",sr_legacy_food,1,2019-04-01,158.9,4.41,1.47,32.0
170891,"Yogurt, Greek, 2% fat,mixed berry blend, CHOBANI",sr_legacy_food,1,2019-04-01,93.3,8.26,1.83,10.94
170892,"Nutritional supplement for people with diabetes, liquid",sr_legacy_food,1,2019-04-01,92.8,4.4,3.08,11.88
170893,"Egg, whole, raw, frozen, salted, pasteurized",sr_legacy_food,1,2019-04-01,137.8,10.97,10.07,0.83
170894,"Yogurt, Greek, plain, nonfat (Includes foods for USDA's Food Distribution Program)",sr_legacy_food,1,2019-04-01,58.7,10.19,0.39,3.6
170895,"Egg, white, dried, stabilized, glucose reduced",sr_legacy_food,1,2019-04-01,357.2,84.08,0.32,4.51
170896,"Cheese spread, American or Cheddar cheese base, reduced fat",sr_legacy_food,1,2019-04-01,176.4,13.41,8.88,10.71
170897,"Cheese, Swiss, nonfat or fat free",sr_legacy_food,1,2019-04-01,127.2,28.4,0.0,3.4
170898,"Cheese, mexican, queso cotija",sr_legacy_food,1,2019-04-01,365.9,20.0,30.0,3.97
170899,"Cheese, cheddar, sharp, sliced",sr_legacy_food,1,2019-04-01,409.9,24.25,33.82,2.13
170900,"Cheese, mozzarella, low moisture, part-skim, shredded",sr_legacy_food,1,2019-04-01,304.2,23.63,19.72,8.06
170901,"Yogurt, Greek, strawberry, nonfat",sr_legacy_food,1,2019-04-01,81.8,8.05,0.15,12.07
170902,"Yogurt, Greek, vanilla, nonfat",sr_legacy_food,1,2019-04-01,77.7,8.64,0.18,10.37
170903,"Yogurt, Greek, plain, lowfat",sr_legacy_food,1,2019-04-01,72.8,9.95,1.92,3.94
170904,"Kefir, lowfat, plain, LIFEWAY",sr_legacy_food,1,2019-04-01,43.4,3.79,1.02,4.77
170905,"Yogurt, Greek, fruit, whole milk",sr_legacy_food,1,2019-04-01,105.5,7.33,3.0,12.29
170906,"Yogurt, vanilla, non-fat",sr_legacy_food,1,2019-04-01,79.9,2.94,0.0,17.04
170907,"Yogurt, Greek, vanilla, lowfat",sr_legacy_food,1,2019-04-01,95.2,8.64,2.5,9.54
170908,"Yogurt, frozen, flavors other than chocolate, lowfat",sr_legacy_food,1,2019-04-01,138.5,8.0,2.5,21.0
170909,"Yogurt, Greek, 2% fat, pineapple, CHOBANI",sr_legacy_food,1,2019-04-01,93.7,7.05,1.82,12.27
170910,"Milk, chocolate, lowfat, reduced sugar",sr_legacy_food,1,2019-04-01,53.8,3.43,1.04,7.68
170911,"Ice cream, lowfat, no sugar added, cone, added peanuts and chocolate sauce",sr_legacy_food,1,2019-04-01,265.3,5.33,9.33,40.01
170912,"Yogurt, Greek, 2% fat, strawberry banana, CHOBANI",sr_legacy_food,1,2019-04-01,88.4,8.0,1.71,10.24
170913,"Yogurt, Greek, nonfat, Fruit on Bottom, Pomegranate, CHOBANI",sr_legacy_food,1,2019-04-01,79.9,7.45,0.18,12.13
170914,"Yogurt, Greek, Blueberry, CHOBANI",sr_legacy_food,1,2019-04-01,82.2,7.23,0.24,12.78
170915,"Yogurt, Greek, nonfat, Fruit on Bottom, Strawberry, CHOBANI",sr_legacy_food,1,2019-04-01,78.6,7.28,0.23,11.86
170916,"Yogurt, Greek, nonfat, Fruit on Bottom, Blackberry, CHOBANI",sr_legacy_food,1,2019-04-01,95.2,7.54,0.37,15.43
170917,"Spices, bay leaf",sr_legacy_food,2,2019-04-01,405.6,7.61,8.36,74.97
170918,"Spices, caraway seed",sr_legacy_food,2,2019-04-01,410.0,19.77,14.59,49.9
170919,"Spices, cardamom",sr_legacy_food,2,2019-04-01,377.2,10.76,6.7,68.47
170920,"Spices, celery seed",sr_legacy_food,2,2019-04-01,465.1,18.07,25.27,41.35
170921,"Spices, coriander leaf, dried",sr_legacy_food,2,2019-04-01,339.1,21.93,4.78,52.1
170922,"Spices, coriander seed",sr_legacy_food,2,2019-04-01,429.4,12.37,17.77,54.99
170923,"Spices, cumin seed",sr_legacy_food,2,2019-04-01,448.6,17.81,22.27,44.24
170924,"Spices, curry powder",sr_legacy_food,2,2019-04-01,406.6,14.29,14.01,55.83
170925,"Spices, dill seed",sr_legacy_food,2,2019-04-01,415.5,15.98,14.54,55.17
170926,"Spices, ginger, ground",sr_legacy_food,2,2019-04-01,360.6,8.98,4.24,71.62
170927,"Spices, mace, ground",sr_legacy_food,2,2019-04-01,520.3,6.71,32.38,50.5
170928,"Spices, marjoram, dried",sr_legacy_food,2,2019-04-01,356.2,12.66,7.04,60.56
170929,"Spices, mustard seed, ground",sr_legacy_food,2,2019-04-01,542.8,26.08,36.24,28.09
170930,"Spices, parsley, dried",sr_legacy_food,2,2019-04-01,358.4,26.63,5.48,50.64
170931,"Spices, pepper, black",sr_legacy_food,2,2019-04-01,326.7,10.39,3.26,63.95
170932,"Spices, pepper, red or cayenne",sr_legacy_food,2,2019-04-01,430.0,12.01,17.27,56.63
170933,"Spices, pepper, white",sr_legacy_food,2,2019-04-01,335.1,10.4,2.12,68.61
170934,"Spices, saffron",sr_legacy_food,2,2019-04-01,359.8,11.43,5.85,65.37
170935,"Spices, sage, ground",sr_legacy_food,2,2019-04-01,400.2,10.63,12.75,60.73
170936,"Spices, savory, ground",sr_legacy_food,2,2019-04-01,355.0,6.73,5.91,68.73
170937,"Spices, tarragon, dried",sr_legacy_food,2,2019-04-01,357.1,22.77,7.24,50.22
170938,"Spices, thyme, dried",sr_legacy_food,2,2019-04-01,359.1,9.11,7.43,63.94
170939,"Babyfood, vegetables, peas, strained",sr_legacy_food,3,2019-04-01,50.4,3.27,0.43,8.36
170940,"Babyfood, peas, dices, toddler",sr_legacy_food,3,2019-04-01,64.0,3.9,0.8,10.3
170941,"Babyfood, vegetables, spinach, creamed, strained",sr_legacy_food,3,2019-04-01,44.5,2.5,1.3,5.7
170942,"Babyfood, fruit, apricot with tapioca, junior",sr_legacy_food,3,2019-04-01,70.4,0.3,0.0,17.3
170943,"Babyfood, fruit, pears, junior",sr_legacy_food,3,2019-04-01,48.5,0.3,0.1,11.6
170944,"Babyfood, fruit, plums with tapioca, without ascorbic acid, strained",sr_legacy_food,3,2019-04-01,79.2,0.1,0.0,19.7
170945,"Babyfood, fruit, plums with tapioca, without ascorbic acid, junior",sr_legacy_food,3,2019-04-01,82.4,0.1,0.0,20.5
170946,"Babyfood, fruit, prunes with tapioca, without ascorbic acid, strained",sr_legacy_food,3,2019-04-01,77.3,0.6,0.1,18.5
170947,"Babyfood, fruit, applesauce and apricots, strained",sr_legacy_food,3,2019-04-01,49.2,0.2,0.2,11.64
170948,"Babyfood, fruit, applesauce and apricots, junior",sr_legacy_food,3,2019-04-01,52.2,0.2,0.2,12.4
170949,"Babyfood, fruit, applesauce and cherries, strained",sr_legacy_food,3,2019-04-01,56.4,0.0,0.0,14.1
170950,"Babyfood, fruit, applesauce and cherries, junior",sr_legacy_food,3,2019-04-01,56.4,0.0,0.0,14.1
170951,"Babyfood, fruit, applesauce with banana, junior",sr_legacy_food,3,2019-04-01,67.0,0.37,0.1,16.16
170952,"Babyfood, fruit and vegetable, apple and sweet potato",sr_legacy_food,3,2019-04-01,64.4,0.3,0.22,15.3
170953,"Babyfood, fruit, bananas and pineapple with tapioca, junior",sr_legacy_food,3,2019-04-01,75.3,0.2,0.1,18.4
170954,"Babyfood, fruit, bananas and pineapple with tapioca, strained",sr_legacy_food,3,2019-04-01,72.0,0.2,0.0,17.8
170955,"Babyfood, fruit, pears and pineapple, strained",sr_legacy_food,3,2019-04-01,45.7,0.3,0.1,10.9
170956,"Babyfood, fruit, bananas with apples and pears, strained",sr_legacy_food,3,2019-04-01,82.8,0.9,0.22,19.31
170957,"Babyfood, fruit, apple and blueberry, strained",sr_legacy_food,3,2019-04-01,67.8,0.2,0.2,16.3
170958,"Babyfood, fruit, apple and blueberry, junior",sr_legacy_food,3,2019-04-01,69.0,0.2,0.2,16.6
170959,"Babyfood, juice, apple",sr_legacy_food,3,2019-04-01,47.7,0.0,0.1,11.7
170960,"Babyfood, juice, orange and apple and banana",sr_legacy_food,3,2019-04-01,48.5,0.4,0.1,11.5
170961,"Babyfood, juice, orange and apricot",sr_legacy_food,3,2019-04-01,47.7,0.8,0.1,10.9
170962,"Babyfood, juice, orange and banana",sr_legacy_food,3,2019-04-01,51.3,0.7,0.1,11.9
170963,"Babyfood, juice, orange and pineapple",sr_legacy_food,3,2019-04-01,49.7,0.5,0.1,11.7
170964,"Babyfood, cereal, mixed, dry fortified",sr_legacy_food,3,2019-04-01,399.4,6.66,6.66,78.21
170965,"Babyfood, cereal, mixed, with bananas, dry",sr_legacy_food,3,2019-04-01,392.6,10.7,4.6,77.1
170966,"Babyfood, cereal, mixed, with applesauce and bananas, strained",sr_legacy_food,3,2019-04-01,80.9,0.71,0.51,18.38
170967,"Babyfood, cereal, mixed, with applesauce and bananas, junior, fortified",sr_legacy_food,3,2019-04-01,82.6,0.71,0.51,18.79
170968,"Babyfood, cereal, oatmeal, with honey, dry",sr_legacy_food,3,2019-04-01,394.2,13.5,7.0,69.3
170969,"Babyfood, cereal, rice, dry fortified",sr_legacy_food,3,2019-04-01,378.9,6.65,2.19,83.14
170970,"Babyfood, cereal, rice, with applesauce and bananas, strained",sr_legacy_food,3,2019-04-01,76.8,1.2,0.4,17.1
170971,"Babyfood, cereal, with egg yolks, strained",sr_legacy_food,3,2019-04-01,51.8,1.9,1.8,7.0
170972,"Babyfood, crackers, vegetable",sr_legacy_food,3,2019-04-01,477.4,8.4,19.6,66.85
170973,"Babyfood, cereal, high protein, with apple and orange, dry",sr_legacy_food,3,2019-04-01,390.5,25.4,6.5,57.6
170974,"Babyfood, cereal, rice, with bananas, dry",sr_legacy_food,3,2019-04-01,392.2,8.7,4.2,79.9
170975,"Babyfood, cookies",sr_legacy_food,3,2019-04-01,434.4,11.8,13.2,67.1
170976,"Babyfood, dessert, dutch apple, strained",sr_legacy_food,3,2019-04-01,83.4,0.2,0.4,19.74
170977,"Babyfood, dessert, dutch apple, junior",sr_legacy_food,3,2019-04-01,79.0,0.2,0.16,19.18
170978,"Babyfood, cherry cobbler, junior",sr_legacy_food,3,2019-04-01,78.9,0.3,0.1,19.2
170979,"Babyfood, dessert, cherry vanilla pudding, strained",sr_legacy_food,3,2019-04-01,74.7,0.2,0.3,17.8
170980,"Babyfood, dessert, peach melba, strained",sr_legacy_food,3,2019-04-01,66.8,0.2,0.0,16.5
170981,"Babyfood, dessert, peach melba, junior",sr_legacy_food,3,2019-04-01,66.8,0.3,0.0,16.4
170982,"Babyfood, dessert, fruit pudding, pineapple, strained",sr_legacy_food,3,2019-04-01,89.1,1.3,0.3,20.3
170983,"Babyfood, dessert, fruit dessert, without ascorbic acid, strained",sr_legacy_food,3,2019-04-01,65.2,0.3,0.0,16.0
170984,"Babyfood, juice, fruit punch, with calcium",sr_legacy_food,3,2019-04-01,52.5,0.2,0.1,12.7
170985,"Babyfood, juice, apple, with calcium",sr_legacy_food,3,2019-04-01,45.5,0.06,0.1,11.1
170986,"Infant Formula, MEAD JOHNSON, ENFAMIL, ENFACARE, ready-to-feed, with ARA and DHA",sr_legacy_food,3,2019-04-01,73.1,2.0,3.8,7.73
170987,"Babyfood, yogurt, whole milk, with fruit, multigrain cereal and added DHA fortified",sr_legacy_food,3,2019-04-01,98.2,3.4,3.53,13.22
170988,"Infant formula, ABBOTT NUTRITION, ALIMENTUM ADVANCE, with iron, powder, not reconstituted, with DHA and ARA",sr_legacy_food,3,2019-04-01,517.3,13.99,28.19,51.91
170989,"Babyfood, mashed cheddar potatoes and broccoli, toddlers",sr_legacy_food,3,2019-04-01,47.6,1.11,1.47,7.47
170990,"Babyfood, yogurt, whole milk, with fruit, multigrain cereal and added iron fortified",sr_legacy_food,3,2019-04-01,91.9,3.05,3.08,13.0
170991,"Infant formula, NESTLE, GOOD START SOY, with DHA and ARA, liquid concentrate",sr_legacy_food,3,2019-04-01,132.1,3.31,6.67,14.71
170992,"Toddler formula, MEAD JOHNSON, ENFAGROW, Toddler Transitions, with ARA and DHA, powder",sr_legacy_food,3,2019-04-01,504.9,12.9,26.9,52.8
170993,"Toddler formula, MEAD JOHNSON, ENFAGROW PREMIUM (formerly ENFAMIL, LIPIL, NEXT STEP), ready-to-feed",sr_legacy_food,3,2019-04-01,68.5,1.78,3.63,7.18
170994,"Infant Formula, MEAD JOHNSON, ENFAMIL, Newborn, with DHA and ARA, ready-to-feed",sr_legacy_food,3,2019-04-01,68.1,1.38,3.48,7.81
170995,"Infant formula, GERBER, GOOD START 2 Soy, with iron, ready-to-feed",sr_legacy_food,3,2019-04-01,65.5,1.84,3.28,7.15
170996,"Infant formula, GERBER, GOOD START, PROTECT PLUS, ready-to-feed",sr_legacy_food,3,2019-04-01,64.7,1.44,3.36,7.17
170997,"Infant Formula, GERBER GOOD START 2, GENTLE PLUS, ready-to-feed",sr_legacy_food,3,2019-04-01,66.3,1.44,3.34,7.61
170998,"Babyfood, fruit, banana and strawberry, junior",sr_legacy_food,3,2019-04-01,109.3,0.71,0.37,25.78
170999,"Babyfood, banana with mixed berries, strained",sr_legacy_food,3,2019-04-01,92.5,1.01,0.36,21.31
171000,"Babyfood, Multigrain whole grain cereal, dry fortified",sr_legacy_food,3,2019-04-01,407.0,6.67,6.67,80.06
171001,"Babyfood, Baby MUM MUM Rice Biscuits",sr_legacy_food,3,2019-04-01,390.7,12.5,0.87,83.21
171002,"Salad dressing, KRAFT Mayo Light Mayonnaise",sr_legacy_food,4,2019-04-01,332.5,0.6,32.9,8.5
171003,"Salad dressing, KRAFT Mayo Fat Free Mayonnaise Dressing",sr_legacy_food,4,2019-04-01,64.0,0.2,0.0,15.8
171004,"Salad dressing, KRAFT MIRACLE WHIP FREE Nonfat Dressing",sr_legacy_food,4,2019-04-01,87.1,0.2,2.7,15.5
171005,"Salad dressing, russian dressing",sr_legacy_food,4,2019-04-01,366.0,0.69,26.18,31.9
171006,"Salad dressing, sesame seed dressing, regular",sr_legacy_food,4,2019-04-01,453.6,3.1,45.2,8.6
171007,"Salad dressing, russian dressing, low calorie",sr_legacy_food,4,2019-04-01,148.4,0.5,4.0,27.6
171008,"Salad dressing, thousand island dressing, reduced fat",sr_legacy_food,4,2019-04-01,201.4,0.83,11.32,24.06
171009,"Salad dressing, mayonnaise, regular",sr_legacy_food,4,2019-04-01,679.8,0.96,74.85,0.57
171010,"Salad dressing, mayonnaise, soybean and safflower oil, with salt",sr_legacy_food,4,2019-04-01,729.8,1.1,79.4,2.7
171011,"Shortening, household, soybean (partially hydrogenated)-cottonseed (partially hydrogenated)",sr_legacy_food,4,2019-04-01,900.0,0.0,100.0,0.0
171012,"Oil, soybean, salad or cooking, (partially hydrogenated)",sr_legacy_food,4,2019-04-01,900.0,0.0,100.0,0.0
171013,"Oil, rice bran",sr_legacy_food,4,2019-04-01,900.0,0.0,100.0,0.0
171014,"Oil, wheat germ",sr_legacy_food,4,2019-04-01,900.0,0.0,100.0,0.0
171015,"Oil, palm",sr_legacy_food,4,2019-04-01,900.0,0.0,100.0,0.0
171016,"Oil, sesame, salad or cooking",sr_legacy_food,4,2019-04-01,900.0,0.0,100.0,0.0
171017,"Oil, sunflower, linoleic (less than 60%)",sr_legacy_food,4,2019-04-01,900.0,0.0,100.0,0.0
171018,"Margarine, regular, hard, soybean (hydrogenated)",sr_legacy_food,4,2019-04-01,731.7,0.9,80.5,0.9
171019,"Salad dressing, italian dressing, commercial, regular",sr_legacy_food,4,2019-04-01,240.2,0.41,21.12,12.12
171020,"Salad dressing, french dressing, commercial, regular, without salt",sr_legacy_food,4,2019-04-01,468.7,0.77,44.81,15.58
171021,"Salad dressing, french dressing, reduced fat, without salt",sr_legacy_food,4,2019-04-01,240.6,0.58,13.46,29.28
171022,"Salad dressing, italian dressing, commercial, regular, without salt",sr_legacy_food,4,2019-04-01,298.6,0.38,28.37,10.43
171023,"Salad dressing, italian dressing, reduced fat, without salt",sr_legacy_food,4,2019-04-01,77.6,0.47,6.38,4.57
171024,"Oil, cottonseed, salad or cooking",sr_legacy_food,4,2019-04-01,900.0,0.0,100.0,0.0
171025,"Oil, sunflower, linoleic, (approx. 65%)",sr_legacy_food,4,2019-04-01,900.0,0.0,100.0,0.0
171026,"Oil, safflower, salad or cooking, linoleic, (over 70%)",sr_legacy_food,4,2019-04-01,900.0,0.0,100.0,0.0
171027,"Oil, safflower, salad or cooking, high oleic (primary safflower oil of commerce)",sr_legacy_food,4,2019-04-01,900.0,0.0,100.0,0.0
171028,"Oil, grapeseed",sr_legacy_food,4,2019-04-01,900.0,0.0,100.0,0.0
171029,"Oil, corn, industrial and retail, all purpose salad or cooking",sr_legacy_food,4,2019-04-01,900.0,0.0,100.0,0.0
171030,"Oil, walnut",sr_legacy_food,4,2019-04-01,900.0,0.0,100.0,0.0
171031,"Oil, almond",sr_legacy_food,4,2019-04-01,900.0,0.0,100.0,0.0
171032,"Oil, apricot kernel",sr_legacy_food,4,2019-04-01,900.0,0.0,100.0,0.0
171033,"Oil, vegetable, Natreon canola, high stability, non trans, high oleic (70%)",sr_legacy_food,4,2019-04-01,900.0,0.0,100.0,0.0
171034,"Salad dressing, honey mustard dressing, reduced calorie",sr_legacy_food,4,2019-04-01,207.0,0.98,10.0,28.26
171035,"Margarine-like spread, BENECOL Light Spread",sr_legacy_food,4,2019-04-01,371.2,0.0,38.71,5.71
171036,"Salad dressing, spray-style dressing, assorted flavors",sr_legacy_food,4,2019-04-01,163.8,0.16,10.75,16.6
171037,"Salad Dressing, mayonnaise, light, SMART BALANCE, Omega Plus light",sr_legacy_food,4,2019-04-01,351.3,1.53,34.18,9.39
171038,"Margarine-like, vegetable oil spread, 60% fat, tub, with salt, with added vitamin D",sr_legacy_food,4,2019-04-01,542.4,0.17,59.81,0.86
171039,"Margarine-like vegetable-oil spread, stick/tub/bottle, 60% fat, with added vitamin D",sr_legacy_food,4,2019-04-01,534.9,0.6,59.17,0.0
171040,"Margarine, regular, 80% fat, composite, stick, without salt, with added vitamin D",sr_legacy_food,4,2019-04-01,729.8,0.16,80.71,0.7
171041,"Margarine-like, vegetable oil spread, 60% fat, stick/tub/bottle, without salt, with added vitamin D",sr_legacy_food,4,2019-04-01,542.4,0.17,59.81,0.86
171042,"Oil, industrial, canola, high oleic",sr_legacy_food,4,2019-04-01,900.0,0.0,100.0,0.0
171043,"Salad dressing, honey mustard, regular",sr_legacy_food,4,2019-04-01,464.3,0.87,40.83,23.33
171044,"Salad dressing, poppyseed, creamy",sr_legacy_food,4,2019-04-01,398.6,0.92,33.33,23.73
171045,"Salad dressing, caesar, fat-free",sr_legacy_food,4,2019-04-01,130.9,1.47,0.23,30.73
171046,"Dressing, honey mustard, fat-free",sr_legacy_food,4,2019-04-01,171.2,1.07,1.47,38.43
171047,"Chicken, broilers or fryers, meat and skin and giblets and neck, raw",sr_legacy_food,5,2019-04-01,207.3,18.33,14.83,0.13
171048,"Chicken, broilers or fryers, meat and skin and giblets and neck, cooked, fried, batter",sr_legacy_food,5,2019-04-01,285.2,22.84,17.53,9.03
171049,"Chicken, broilers or fryers, meat and skin and giblets and neck, cooked, fried, flour",sr_legacy_food,5,2019-04-01,264.8,28.57,15.27,3.27
171050,"Chicken, broilers or fryers, meat and skin and giblets and neck, roasted",sr_legacy_food,5,2019-04-01,226.8,26.78,13.27,0.06
171051,"Chicken, broilers or fryers, meat and skin, cooked, stewed",sr_legacy_food,5,2019-04-01,211.8,24.68,12.56,0.0
171052,"Chicken, broilers or fryers, meat only, raw",sr_legacy_food,5,2019-04-01,113.3,21.39,3.08,0.0
171053,"Chicken, broilers or fryers, meat only, cooked, fried",sr_legacy_food,5,2019-04-01,211.1,30.57,9.12,1.69
171054,"Chicken, broilers or fryers, meat only, cooked, roasted",sr_legacy_food,5,2019-04-01,182.4,28.93,7.41,0.0
171055,"Chicken, broilers or fryers, skin only, cooked, roasted",sr_legacy_food,5,2019-04-01,447.6,20.36,40.68,0.0
171056,"Chicken, broilers or fryers, skin only, cooked, stewed",sr_legacy_food,5,2019-04-01,358.2,15.22,33.04,0.0
171057,"Chicken, broilers or fryers, giblets, raw",sr_legacy_food,5,2019-04-01,119.0,17.88,4.47,1.8
171058,"Chicken, broilers or fryers, giblets, cooked, fried",sr_legacy_food,5,2019-04-01,268.7,32.54,13.46,4.35
171059,"Chicken, heart, all classes, cooked, simmered",sr_legacy_food,5,2019-04-01,177.3,26.41,7.92,0.1
171060,"Chicken, liver, all classes, raw",sr_legacy_food,5,2019-04-01,114.1,16.92,4.83,0.73
171061,"Chicken, liver, all classes, cooked, simmered",sr_legacy_food,5,2019-04-01,159.9,24.46,6.51,0.87
171062,"Chicken, broilers or fryers, light meat, meat and skin, raw",sr_legacy_food,5,2019-04-01,180.7,20.27,11.07,0.0
171063,"Chicken, broilers or fryers, dark meat, meat and skin, cooked, fried, batter",sr_legacy_food,5,2019-04-01,292.7,21.85,18.64,9.38
171064,"Chicken, broilers or fryers, dark meat, meat and skin, cooked, fried, flour",sr_legacy_food,5,2019-04-01,277.4,27.22,16.91,4.08
171065,"Chicken, broilers or fryers, dark meat, meat and skin, cooked, roasted",sr_legacy_food,5,2019-04-01,245.9,25.97,15.78,0.0
171066,"Chicken, broilers or fryers, dark meat, meat and skin, cooked, stewed",sr_legacy_food,5,2019-04-01,225.9,23.5,14.66,0.0
171067,"Chicken, broilers or fryers, dark meat, meat only, raw",sr_legacy_food,5,2019-04-01,119.1,20.08,4.31,0.0
171068,"Chicken, broilers or fryers, dark meat, meat only, cooked, fried",sr_legacy_food,5,2019-04-01,230.9,28.99,11.62,2.59
171069,"Chicken, broilers or fryers, dark meat, meat only, cooked, roasted",sr_legacy_food,5,2019-04-01,197.0,27.37,9.73,0.0
171070,"Chicken, broilers or fryers, dark meat, meat only, cooked, stewed",sr_legacy_food,5,2019-04-01,184.7,25.97,8.98,0.0
171071,"Chicken, broilers or fryers, back, meat and skin, cooked, roasted",sr_legacy_food,5,2019-04-01,292.5,25.95,20.97,0.0
171072,"Chicken, broilers or fryers, back, meat and skin, cooked, stewed",sr_legacy_food,5,2019-04-01,252.0,22.18,18.14,0.0
171073,"Chicken, broilers or fryers, back, meat only, raw",sr_legacy_food,5,2019-04-01,131.5,19.56,5.92,0.0
171074,"Chicken, broilers or fryers, back, meat only, cooked, fried",sr_legacy_food,5,2019-04-01,280.6,29.99,15.32,5.68
171075,"Chicken, broilers or fryers, breast, meat and skin, cooked, roasted",sr_legacy_food,5,2019-04-01,189.2,29.8,7.78,0.0
171076,"Chicken, broilers or fryers, breast, meat and skin, cooked, stewed",sr_legacy_food,5,2019-04-01,176.3,27.39,7.42,0.0
171077,"Chicken, broiler or fryers, breast, skinless, boneless, meat only, raw",sr_legacy_food,5,2019-04-01,113.6,22.5,2.62,0.0
171078,"Chicken, broilers or fryers, breast, meat only, cooked, fried",sr_legacy_food,5,2019-04-01,178.2,33.44,4.71,0.51
171079,"Squab, (pigeon), meat only, raw",sr_legacy_food,5,2019-04-01,137.5,17.5,7.5,0.0
171080,"Squab, (pigeon), light meat without skin, raw",sr_legacy_food,5,2019-04-01,127.7,21.76,4.52,0.0
171081,"Turkey, whole, meat and skin, raw",sr_legacy_food,5,2019-04-01,137.9,21.64,5.64,0.14
171082,"Turkey, whole, skin (light and dark), roasted",sr_legacy_food,5,2019-04-01,451.8,23.94,39.31,0.57
171083,"Turkey, whole, giblets, raw",sr_legacy_food,5,2019-04-01,118.8,18.18,5.09,0.07
171084,"Turkey, whole, giblets, cooked, simmered",sr_legacy_food,5,2019-04-01,165.2,26.44,6.61,0.0
171085,"Turkey, gizzard, all classes, raw",sr_legacy_food,5,2019-04-01,105.5,18.8,3.37,0.0
171086,"Turkey, whole, neck, meat only, raw",sr_legacy_food,5,2019-04-01,120.4,16.51,6.04,0.0
171087,"Turkey, whole, neck, meat only, cooked, simmered",sr_legacy_food,5,2019-04-01,156.2,22.48,7.36,0.0
171088,"Turkey, whole, light meat, meat and skin, raw",sr_legacy_food,5,2019-04-01,155.3,21.96,7.43,0.15
171089,"Turkey, whole, light meat, meat and skin, cooked, roasted",sr_legacy_food,5,2019-04-01,168.5,29.55,5.57,0.05
171090,"Turkey, whole, dark meat, meat only, raw",sr_legacy_food,5,2019-04-01,108.2,21.28,2.5,0.15
171091,"Turkey, whole, dark meat, cooked, roasted",sr_legacy_food,5,2019-04-01,165.2,27.71,6.04,0.0
171092,"Turkey, all classes, back, meat and skin, cooked, roasted",sr_legacy_food,5,2019-04-01,236.4,26.59,14.38,0.16
171093,"Turkey, all classes, breast, meat and skin, raw",sr_legacy_food,5,2019-04-01,150.7,21.89,7.02,0.0
171094,"Turkey, all classes, wing, meat and skin, cooked, roasted",sr_legacy_food,5,2019-04-01,221.4,27.38,12.43,0.0
171095,"Turkey, fryer-roasters, meat and skin, cooked, roasted",sr_legacy_food,5,2019-04-01,164.5,28.26,5.72,0.0
171096,"Turkey, whole, back, meat only, raw",sr_legacy_food,5,2019-04-01,108.2,21.28,2.5,0.15
171097,"Turkey, whole, back, meat only, cooked, roasted",sr_legacy_food,5,2019-04-01,165.2,27.71,6.04,0.0
171098,"Turkey, whole, breast, meat only, raw",sr_legacy_food,5,2019-04-01,108.5,23.66,1.48,0.14
171099,"Chicken, canned, meat only, with broth",sr_legacy_food,5,2019-04-01,158.6,21.77,7.95,0.0
171100,"Pate de foie gras, canned (goose liver pate), smoked",sr_legacy_food,5,2019-04-01,458.8,11.4,43.84,4.67
171101,"Turkey, canned, meat only, with broth",sr_legacy_food,5,2019-04-01,162.3,23.68,6.86,1.47
171102,"Turkey, diced, light and dark meat, seasoned",sr_legacy_food,5,2019-04-01,132.8,18.7,6.0,1.0
171103,"Turkey sticks, breaded, battered, fried",sr_legacy_food,5,2019-04-01,276.9,14.2,16.9,17.0
171104,"Poultry, mechanically deboned, from backs and necks with skin, raw",sr_legacy_food,5,2019-04-01,268.1,11.39,24.73,0.0
171105,"Poultry, mechanically deboned, from backs and necks without skin, raw",sr_legacy_food,5,2019-04-01,194.5,13.79,15.48,0.0
171106,"Poultry, mechanically deboned, from mature hens, raw",sr_legacy_food,5,2019-04-01,238.7,14.72,19.98,0.0
171107,"Chicken, cornish game hens, meat and skin, cooked, roasted",sr_legacy_food,5,2019-04-01,253.0,22.27,18.21,0.0
171108,"Chicken, cornish game hens, meat only, raw",sr_legacy_food,5,2019-04-01,110.1,20.04,3.33,0.0
171109,"Chicken, cornish game hens, meat only, cooked, roasted",sr_legacy_food,5,2019-04-01,128.0,23.3,3.87,0.0
171110,"Chicken, canned, no broth",sr_legacy_food,5,2019-04-01,177.7,25.3,8.1,0.9
171111,"Chicken, wing, frozen, glazed, barbecue flavored",sr_legacy_food,5,2019-04-01,206.1,19.67,12.67,3.34
171112,"Duck, young duckling, domesticated, White Pekin, leg, meat and skin, bone in, cooked, roasted",sr_legacy_food,5,2019-04-01,209.6,26.75,11.4,0.0
171113,"Duck, young duckling, domesticated, White Pekin, leg, meat only, bone in, cooked without skin, braised",sr_legacy_food,5,2019-04-01,170.0,29.1,5.96,0.0
171114,"Chicken, broiler, rotisserie, BBQ, drumstick, meat only",sr_legacy_food,5,2019-04-01,171.7,27.71,6.76,0.0
171115,"Chicken, wing, frozen, glazed, barbecue flavored, heated (conventional oven)",sr_legacy_food,5,2019-04-01,236.2,22.24,14.87,3.36
171116,"Chicken, ground, raw",sr_legacy_food,5,2019-04-01,142.8,17.44,8.1,0.04
171117,"Chicken, ground, crumbles, cooked, pan-browned",sr_legacy_food,5,2019-04-01,191.4,23.28,10.92,0.0
171118,"Chicken, broiler, rotisserie, BBQ, thigh, meat only",sr_legacy_food,5,2019-04-01,193.0,24.09,10.74,0.0
171119,"Chicken, feet, boiled",sr_legacy_food,5,2019-04-01,209.8,19.4,14.6,0.2
171120,"Chicken, broilers or fryers, rotisserie, original seasoning, thigh, meat only, cooked",sr_legacy_food,5,2019-04-01,196.0,24.06,11.09,0.0
171121,"Chicken, broilers or fryers, rotisserie, original seasoning, wing, meat only, cooked",sr_legacy_food,5,2019-04-01,196.5,27.69,9.53,0.0
171122,"Chicken, broilers or fryers, rotisserie, original seasoning, back, meat and skin, cooked",sr_legacy_food,5,2019-04-01,260.4,23.23,18.59,0.03
171123,"Chicken, broilers or fryers, rotisserie, original seasoning, breast, meat and skin, cooked",sr_legacy_food,5,2019-04-01,183.6,27.48,8.18,0.02
171124,"Chicken, broiler, rotisserie, BBQ, back, meat and skin",sr_legacy_food,5,2019-04-01,252.5,20.29,18.86,0.4
171125,"Chicken, broiler, rotisserie, BBQ, breast, meat and skin",sr_legacy_food,5,2019-04-01,174.9,26.37,7.67,0.09
171126,"Chicken, broiler, rotisserie, BBQ, drumstick, meat and skin",sr_legacy_food,5,2019-04-01,206.2,25.65,11.46,0.12
171127,"Chicken, broiler, rotisserie, BBQ, thigh, meat and skin",sr_legacy_food,5,2019-04-01,226.2,22.51,15.08,0.12
171128,"Turkey, drumstick, from whole bird, meat only, with added solution, roasted",sr_legacy_food,5,2019-04-01,158.4,26.1,6.0,0.0
171129,"Turkey, thigh, from whole bird, meat only, with added solution, raw",sr_legacy_food,5,2019-04-01,114.8,19.27,4.12,0.15
171130,"Turkey, retail parts, breast, meat and skin, with added solution, raw",sr_legacy_food,5,2019-04-01,144.0,20.79,6.75,0.03
171131,"Turkey, thigh, from whole bird, meat only, with added solution, roasted",sr_legacy_food,5,2019-04-01,158.4,26.1,6.0,0.0
171132,"Turkey, retail parts, wing, meat and skin, raw",sr_legacy_food,5,2019-04-01,202.4,19.53,13.79,0.05
171133,"Turkey, retail parts, wing, meat and skin, cooked, roasted",sr_legacy_food,5,2019-04-01,235.1,28.74,13.29,0.13
171134,"Turkey, retail parts, drumstick, meat and skin, raw",sr_legacy_food,5,2019-04-01,141.4,19.96,6.84,0.0
171135,"Turkey, retail parts, drumstick, meat and skin, cooked, roasted",sr_legacy_food,5,2019-04-01,197.2,28.21,9.37,0.0
171136,"Turkey, drumstick, from whole bird, meat only, raw",sr_legacy_food,5,2019-04-01,108.5,23.66,1.48,0.14
171137,"Turkey, retail parts, thigh, meat and skin, cooked, roasted",sr_legacy_food,5,2019-04-01,182.9,23.95,9.5,0.41
171138,"Turkey, back, from whole bird, meat and skin, with added solution, raw",sr_legacy_food,5,2019-04-01,206.7,16.86,15.41,0.15
171139,"Turkey, back, from whole bird, meat and skin, with added solution, roasted",sr_legacy_food,5,2019-04-01,205.4,25.8,11.36,0.0
171140,"Chicken, broiler or fryers, breast, skinless, boneless, meat only, cooked, braised",sr_legacy_food,5,2019-04-01,157.4,32.06,3.24,0.0
171141,"Soup, black bean, canned, condensed",sr_legacy_food,6,2019-04-01,92.9,4.83,1.32,15.42
171142,"Soup, bean with pork, canned, condensed",sr_legacy_food,6,2019-04-01,131.2,5.88,4.42,16.97
171143,"Soup, bean with frankfurters, canned, condensed",sr_legacy_food,6,2019-04-01,145.2,7.6,5.31,16.75
171144,"Soup, bean with ham, canned, chunky, ready-to-serve",sr_legacy_food,6,2019-04-01,96.9,5.19,3.5,11.16
171145,"Soup, chicken, canned, chunky, ready-to-serve",sr_legacy_food,6,2019-04-01,71.5,5.06,2.64,6.88
171146,"Soup, cream of chicken, canned, condensed",sr_legacy_food,6,2019-04-01,90.1,2.38,5.77,7.16
171147,"Soup, chicken gumbo, canned, condensed",sr_legacy_food,6,2019-04-01,45.3,2.1,1.14,6.67
171148,"Soup, chunky chicken noodle, canned, ready-to-serve",sr_legacy_food,6,2019-04-01,40.6,3.09,1.16,4.46
171149,"Soup, chicken vegetable, canned, condensed",sr_legacy_food,6,2019-04-01,60.7,2.94,2.32,7.01
171150,"Soup, chili beef, canned, condensed",sr_legacy_food,6,2019-04-01,118.6,5.09,2.53,18.86
171151,"Soup, clam chowder, manhattan style, canned, chunky, ready-to-serve",sr_legacy_food,6,2019-04-01,56.1,3.02,1.41,7.84
171152,"Soup, clam chowder, manhattan, canned, condensed",sr_legacy_food,6,2019-04-01,61.8,1.74,1.76,9.74
171153,"Soup, minestrone, canned, condensed",sr_legacy_food,6,2019-04-01,69.0,3.48,2.05,9.17
171154,"Soup, mushroom barley, canned, condensed",sr_legacy_food,6,2019-04-01,60.6,1.5,1.8,9.6
171155,"Soup, cream of mushroom, canned, condensed",sr_legacy_food,6,2019-04-01,80.3,1.35,5.3,6.8
171156,"Soup, mushroom with beef stock, canned, condensed",sr_legacy_food,6,2019-04-01,68.6,2.51,3.21,7.41
171157,"Soup, pea, split with ham, canned, condensed",sr_legacy_food,6,2019-04-01,143.5,7.68,3.28,20.81
171158,"Soup, cream of potato, canned, condensed",sr_legacy_food,6,2019-04-01,74.1,1.51,1.88,12.79
171159,"Soup, cream of shrimp, canned, condensed",sr_legacy_food,6,2019-04-01,72.3,2.22,4.14,6.53
171160,"Soup, tomato beef with noodle, canned, condensed",sr_legacy_food,6,2019-04-01,112.5,3.55,3.42,16.87
171161,"Soup, vegetarian vegetable, canned, condensed",sr_legacy_food,6,2019-04-01,60.2,1.72,1.58,9.78
171162,"Soup, chunky beef, canned, ready-to-serve",sr_legacy_food,6,2019-04-01,66.2,3.97,1.11,10.08
171163,"Soup, vegetable beef, canned, condensed",sr_legacy_food,6,2019-04-01,63.8,4.45,1.51,8.11
171164,"Soup, vegetable with beef broth, canned, condensed",sr_legacy_food,6,2019-04-01,66.5,2.42,1.56,10.7
171165,"Soup, onion, dry, mix",sr_legacy_food,6,2019-04-01,293.3,7.48,0.34,65.07
171166,"Soup, cream of vegetable, dry, powder",sr_legacy_food,6,2019-04-01,457.3,8.0,24.1,52.1
171167,"Sauce, teriyaki, ready-to-serve",sr_legacy_food,6,2019-04-01,86.1,5.93,0.02,15.56
171168,"Gravy, au jus, canned",sr_legacy_food,6,2019-04-01,16.6,1.2,0.2,2.5
171169,"Gravy, au jus, dry",sr_legacy_food,6,2019-04-01,313.4,9.2,9.63,47.49
171170,"Gravy, mushroom, canned",sr_legacy_food,6,2019-04-01,51.3,1.26,2.71,5.47
171171,"Gravy, mushroom, dry, powder",sr_legacy_food,6,2019-04-01,334.6,10.0,4.0,64.66
171172,"Gravy, onion, dry, mix",sr_legacy_food,6,2019-04-01,333.6,9.0,3.0,67.64
171173,"Gravy, pork, dry, powder",sr_legacy_food,6,2019-04-01,367.1,8.78,8.63,63.57
171174,"Sauce, sofrito, prepared from recipe",sr_legacy_food,6,2019-04-01,236.8,12.8,18.2,5.46
171175,"Soup, beef mushroom, canned, condensed",sr_legacy_food,6,2019-04-01,60.8,4.6,2.4,5.2
171176,"Soup, tomato, canned, prepared with equal volume water, commercial",sr_legacy_food,6,2019-04-01,34.5,0.71,0.21,7.45
171177,"Soup, ramen noodle, any flavor, dry",sr_legacy_food,6,2019-04-01,440.0,10.17,17.59,60.26
171178,"Soup, broccoli cheese, canned, condensed, commercial",sr_legacy_food,6,2019-04-01,86.9,2.1,5.3,7.7
171179,"Soup, SWANSON, beef broth, lower sodium",sr_legacy_food,6,2019-04-01,6.4,1.2,0.08,0.21
171180,"Soup, SWANSON, vegetable broth",sr_legacy_food,6,2019-04-01,5.6,0.23,0.07,1.02
171181,"SMART SOUP, Indian Bean Masala",sr_legacy_food,6,2019-04-01,63.1,3.3,0.88,10.5
171182,"SMART SOUP, Moroccan Chick Pea",sr_legacy_food,6,2019-04-01,56.3,2.0,1.06,9.7
171183,"SMART SOUP, Thai Coconut Curry",sr_legacy_food,6,2019-04-01,38.7,0.8,1.06,6.5
171184,"SMART SOUP, Vietnamese Carrot Lemongrass",sr_legacy_food,6,2019-04-01,47.5,1.3,1.06,8.2
171185,"Sauce, pesto, MEZZETTA, NAPA VALLEY BISTRO, basil pesto, ready-to-serve",sr_legacy_food,6,2019-04-01,496.2,6.69,49.88,5.12
171186,"Sauce, hot chile, sriracha",sr_legacy_food,6,2019-04-01,92.7,1.93,0.93,19.16
171187,"Sauce, hot chile, sriracha, CHA! BY TEXAS PETE",sr_legacy_food,6,2019-04-01,107.8,2.02,0.98,22.73
171188,"Sauce, hot chile, sriracha, TUONG OT SRIRACHA",sr_legacy_food,6,2019-04-01,79.0,1.86,0.9,15.87
171189,"Soup, vegetable beef, microwavable, ready-to-serve, single brand",sr_legacy_food,6,2019-04-01,44.3,6.2,0.7,3.3
171190,"Soup, beef and vegetables, canned, ready-to-serve",sr_legacy_food,6,2019-04-01,47.8,3.18,1.16,6.16
171191,"Sauce, cheese, ready-to-serve",sr_legacy_food,6,2019-04-01,173.8,6.71,13.29,6.83
171192,"Sauce, pasta, spaghetti/marinara, ready-to-serve",sr_legacy_food,6,2019-04-01,49.8,1.39,1.61,7.43
171193,"Beef, chuck, short ribs, boneless, separable lean only, trimmed to 0"" fat, select, raw",sr_legacy_food,13,2019-04-01,161.5,20.14,8.99,0.0
171194,"Beef, chuck eye Country-Style ribs, boneless, separable lean only, trimmed to 0"" fat, select, raw",sr_legacy_food,13,2019-04-01,137.4,21.1,5.89,0.0
171195,"Beef, chuck eye Country-Style ribs, boneless, separable lean only, trimmed to 0"" fat, all grades, raw",sr_legacy_food,13,2019-04-01,146.4,20.96,6.95,0.0
171196,"Beef, chuck eye steak, boneless, separable lean only, trimmed to 0"" fat, choice, cooked, grilled",sr_legacy_food,13,2019-04-01,215.1,27.97,11.47,0.0
171197,"Beef, chuck eye steak, boneless, separable lean only, trimmed to 0"" fat, select, cooked, grilled",sr_legacy_food,13,2019-04-01,199.4,27.88,9.77,0.0
171198,"Beef, shoulder pot roast, boneless, separable lean only, trimmed to 0"" fat, choice, cooked, braised",sr_legacy_food,13,2019-04-01,200.0,31.32,8.3,0.0
171199,"Beef, shoulder pot roast, boneless, separable lean only, trimmed to 0"" fat, select, cooked, braised",sr_legacy_food,13,2019-04-01,190.0,31.71,7.02,0.0
171200,"Beef, shoulder pot roast, boneless, separable lean only, trimmed to 0"" fat, all grades, cooked, braised",sr_legacy_food,13,2019-04-01,195.9,31.48,7.78,0.0
171201,"Beef, chuck, mock tender steak, boneless, separable lean only, trimmed to 0"" fat, choice, cooked, braised",sr_legacy_food,13,2019-04-01,196.7,33.55,6.94,0.0
171202,"Beef, chuck, mock tender steak, boneless, separable lean only, trimmed to 0"" fat, all grades, raw",sr_legacy_food,13,2019-04-01,122.7,21.3,4.17,0.0
171203,"Beef, chuck for stew, separable lean and fat, all grades, cooked, braised",sr_legacy_food,13,2019-04-01,191.0,32.41,6.82,0.0
171204,"Beef, chuck for stew, separable lean and fat, select, cooked, braised",sr_legacy_food,13,2019-04-01,186.2,32.29,6.34,0.0
171205,"Beef, chuck for stew, separable lean and fat, choice, cooked, braised",sr_legacy_food,13,2019-04-01,194.2,32.49,7.14,0.0
171206,"Beef, chuck for stew, separable lean and fat, all grades, raw",sr_legacy_food,13,2019-04-01,128.0,21.75,4.48,0.16
171207,"Beef, chuck, under blade steak, boneless, separable lean only, trimmed to 0"" fat, all grades, cooked, braised",sr_legacy_food,13,2019-04-01,219.1,31.35,10.41,0.0
171208,"Beef, chuck, under blade pot roast, boneless, separable lean and fat, trimmed to 0"" fat, all grades, cooked, braised",sr_legacy_food,13,2019-04-01,291.2,26.7,20.49,0.0
171209,"Beef, rib eye steak, boneless, lip-on, separable lean only, trimmed to 1/8"" fat, all grades, cooked, grilled",sr_legacy_food,13,2019-04-01,207.0,27.97,10.57,0.0
171210,"Beef, rib eye roast, bone-in, lip-on, separable lean only, trimmed to 1/8"" fat, choice, cooked, roasted",sr_legacy_food,13,2019-04-01,239.7,27.18,14.55,0.0
171211,"Beef, chuck, under blade center steak, boneless, Denver Cut, separable lean and fat, trimmed to 0"" fat, choice, cooked, grilled",sr_legacy_food,13,2019-04-01,235.7,26.1,14.41,0.4
171212,"Beef, chuck, under blade center steak, boneless, Denver Cut, separable lean and fat, trimmed to 0"" fat, select, cooked, grilled",sr_legacy_food,13,2019-04-01,215.4,26.3,12.25,0.0
171213,"Beef, chuck, under blade center steak, boneless, Denver Cut, separable lean and fat, trimmed to 0"" fat, all grades, raw",sr_legacy_food,13,2019-04-01,182.2,18.99,11.64,0.36
171214,"Beef, chuck, under blade center steak, boneless, Denver Cut, separable lean and fat, trimmed to 0"" fat, choice, raw",sr_legacy_food,13,2019-04-01,189.1,18.85,12.4,0.53
171215,"Beef, chuck eye roast, boneless, America's Beef Roast, separable lean and fat, trimmed to 0"" fat, choice, cooked, roasted",sr_legacy_food,13,2019-04-01,240.7,24.47,15.87,0.0
171216,"Beef, chuck eye roast, boneless, America's Beef Roast, separable lean and fat, trimmed to 0"" fat, select, cooked, roasted",sr_legacy_food,13,2019-04-01,229.1,24.86,14.41,0.0
171217,"Beef, chuck, under blade steak, boneless, separable lean and fat, trimmed to 0"" fat, all grades, cooked, braised",sr_legacy_food,13,2019-04-01,274.9,28.23,18.0,0.0
171218,"Beef, chuck, under blade steak, boneless, separable lean and fat, trimmed to 0"" fat, choice, cooked, braised",sr_legacy_food,13,2019-04-01,284.1,27.6,19.3,0.0
171219,"Beef, chuck, under blade steak, boneless, separable lean and fat, trimmed to 0"" fat, select, cooked, braised",sr_legacy_food,13,2019-04-01,261.2,29.18,16.05,0.0
171220,"Beef, chuck, mock tender steak, boneless, separable lean and fat, trimmed to 0"" fat, choice, raw",sr_legacy_food,13,2019-04-01,131.4,21.19,5.18,0.0
171221,"Beef, chuck, mock tender steak, boneless, separable lean and fat, trimmed to 0"" fat, select, raw",sr_legacy_food,13,2019-04-01,122.0,21.05,4.2,0.0
171222,"Beef, chuck, short ribs, boneless, separable lean and fat, trimmed to 0"" fat, all grades, cooked, braised",sr_legacy_food,13,2019-04-01,305.1,25.48,22.58,0.0
171223,"Beef, chuck, short ribs, boneless, separable lean and fat, trimmed to 0"" fat, choice, cooked, braised",sr_legacy_food,13,2019-04-01,317.5,25.26,24.05,0.0
171224,"Beef, shoulder pot roast, boneless, separable lean and fat, trimmed to 0"" fat, all grades, cooked, braised",sr_legacy_food,13,2019-04-01,204.4,31.03,8.92,0.0
171225,"Beef, shoulder pot roast, boneless, separable lean and fat, trimmed to 0"" fat, choice, cooked, braised",sr_legacy_food,13,2019-04-01,207.0,30.93,9.25,0.0
171226,"Beef, shoulder pot roast, boneless, separable lean and fat, trimmed to 0"" fat, select, cooked, braised",sr_legacy_food,13,2019-04-01,200.4,31.18,8.41,0.0
171227,"Beef, chuck eye Country-Style ribs, boneless, separable lean and fat, trimmed to 0"" fat, all grades, cooked, braised",sr_legacy_food,13,2019-04-01,295.7,27.69,20.55,0.0
171228,"Beef, chuck eye steak, boneless, separable lean and fat, trimmed to 0"" fat, all grades, cooked, grilled",sr_legacy_food,13,2019-04-01,276.7,24.98,19.64,0.0
171229,"Beef, chuck eye steak, boneless, separable lean and fat, trimmed to 0"" fat, choice, cooked, grilled",sr_legacy_food,13,2019-04-01,283.0,24.95,20.35,0.0
171230,"Beef, chuck eye steak, boneless, separable lean and fat, trimmed to 0"" fat, select, cooked, grilled",sr_legacy_food,13,2019-04-01,267.2,25.03,18.57,0.0
171231,"Beef, chuck eye steak, boneless, separable lean and fat, trimmed to 0"" fat, all grades, raw",sr_legacy_food,13,2019-04-01,222.6,18.86,16.35,0.0
171232,"Beef, rib eye steak, boneless, lip-on, separable lean only, trimmed to 1/8"" fat, choice, cooked, grilled",sr_legacy_food,13,2019-04-01,216.9,27.3,11.97,0.0
171233,"Beef, rib eye steak, boneless, lip-on, separable lean only, trimmed to 1/8"" fat, select, cooked, grilled",sr_legacy_food,13,2019-04-01,192.2,28.98,8.48,0.0
171234,"Beef, rib eye steak/roast, bone-in, lip-on, separable lean only, trimmed to 1/8"" fat, all grades, raw",sr_legacy_food,13,2019-04-01,166.2,21.22,9.04,0.0
171235,"Beef, rib eye steak/roast, bone-in, lip-on, separable lean only, trimmed to 1/8"" fat, choice, raw",sr_legacy_food,13,2019-04-01,173.4,20.93,9.97,0.0
171236,"Beef, rib eye steak, bone-in, lip-on, separable lean only, trimmed to 1/8"" fat, all grades, cooked, grilled",sr_legacy_food,13,2019-04-01,221.5,27.4,12.43,0.0
171237,"Beef, rib eye steak, bone-in, lip-on, separable lean only, trimmed to 1/8"" fat, choice, cooked, grilled",sr_legacy_food,13,2019-04-01,229.1,27.03,13.44,0.0
171238,"Beef, rib eye steak, bone-in, lip-on, separable lean only, trimmed to 1/8"" fat, select, cooked, grilled",sr_legacy_food,13,2019-04-01,210.0,27.96,10.91,0.0
171239,"Beef, rib eye roast, boneless, lip-on, separable lean only, trimmed to 1/8"" fat, all grades, cooked, roasted",sr_legacy_food,13,2019-04-01,218.0,28.21,11.68,0.0
171240,"Cheese, gjetost",sr_legacy_food,1,2019-04-01,474.8,9.65,29.51,42.65
171241,"Cheese, gouda",sr_legacy_food,1,2019-04-01,355.6,24.94,27.44,2.22
171242,"Cheese, gruyere",sr_legacy_food,1,2019-04-01,411.7,29.81,32.34,0.36
171243,"Cheese, limburger",sr_legacy_food,1,2019-04-01,327.4,20.05,27.25,0.49
171244,"Cheese, mozzarella, low moisture, part-skim",sr_legacy_food,1,2019-04-01,295.3,23.75,19.78,5.58
171245,"Cheese, muenster",sr_legacy_food,1,2019-04-01,368.5,23.41,30.04,1.12
171246,"Cheese, neufchatel",sr_legacy_food,1,2019-04-01,256.0,9.15,22.78,3.59
171247,"Cheese, parmesan, grated",sr_legacy_food,1,2019-04-01,419.9,28.42,27.84,13.91
171248,"Cheese, ricotta, part skim milk",sr_legacy_food,1,2019-04-01,137.3,11.39,7.91,5.14
171249,"Cheese, romano",sr_legacy_food,1,2019-04-01,384.2,31.8,26.94,3.63
171250,"Cheese, roquefort",sr_legacy_food,1,2019-04-01,369.9,21.54,30.64,2.0
171251,"Cheese, swiss",sr_legacy_food,1,2019-04-01,392.5,26.96,30.99,1.44
171252,"Cheese food, pasteurized process, American, vitamin D fortified",sr_legacy_food,1,2019-04-01,332.4,16.86,25.63,8.56
171253,"Cheese food, pasteurized process, swiss",sr_legacy_food,1,2019-04-01,322.9,21.92,24.14,4.5
171254,"Cheese spread, pasteurized process, American",sr_legacy_food,1,2019-04-01,291.6,16.41,21.23,8.73
171255,"Cream, fluid, half and half",sr_legacy_food,1,2019-04-01,133.2,3.13,11.5,4.3
171256,"Cream, sour, reduced fat, cultured",sr_legacy_food,1,2019-04-01,136.8,2.94,12.0,4.26
171257,"Cream, sour, cultured",sr_legacy_food,1,2019-04-01,202.4,2.44,19.35,4.63
171258,Eggnog,sr_legacy_food,1,2019-04-01,88.1,4.55,4.19,8.05
171259,"Sour dressing, non-butterfat, cultured, filled cream-type",sr_legacy_food,1,2019-04-01,180.8,3.25,16.57,4.68
171260,"Yogurt, Greek, 2%fat, coconut blend, CHOBANI",sr_legacy_food,1,2019-04-01,92.0,8.11,1.71,11.04
171261,"Cream substitute, liquid, with hydrogenated vegetable oil and soy protein",sr_legacy_food,1,2019-04-01,139.2,1.0,9.97,11.38
171262,"Cream substitute, liquid, with lauric acid oil and sodium caseinate",sr_legacy_food,1,2019-04-01,139.2,1.0,9.97,11.38
171263,"Cream substitute, powdered",sr_legacy_food,1,2019-04-01,543.4,2.48,32.92,59.29
171264,"Milk substitutes, fluid, with lauric acid oil",sr_legacy_food,1,2019-04-01,62.3,1.75,3.41,6.16
171265,"Milk, whole, 3.25% milkfat, with added vitamin D",sr_legacy_food,1,2019-04-01,61.0,3.15,3.25,4.8
171266,"Milk, producer, fluid, 3.7% milkfat",sr_legacy_food,1,2019-04-01,64.7,3.28,3.66,4.65
171267,"Milk, reduced fat, fluid, 2% milkfat, with added vitamin A and vitamin D",sr_legacy_food,1,2019-04-01,50.2,3.3,1.98,4.8
171268,"Milk, lowfat, fluid, 1% milkfat, protein fortified, with added vitamin A and vitamin D",sr_legacy_food,1,2019-04-01,48.3,3.93,1.17,5.52
171269,"Milk, nonfat, fluid, with added vitamin A and vitamin D (fat free or skim)",sr_legacy_food,1,2019-04-01,34.0,3.37,0.08,4.96
171270,"Milk, nonfat, fluid, with added nonfat milk solids, vitamin A and vitamin D (fat free or skim)",sr_legacy_food,1,2019-04-01,36.6,3.57,0.25,5.02
171271,"Milk, nonfat, fluid, protein fortified, with added vitamin A and vitamin D (fat free and skim)",sr_legacy_food,1,2019-04-01,40.3,3.96,0.25,5.56
171272,"Milk, dry, nonfat, instant, with added vitamin A and vitamin D",sr_legacy_food,1,2019-04-01,355.6,35.1,0.72,52.19
171273,"Milk, dry, nonfat, calcium reduced",sr_legacy_food,1,2019-04-01,351.0,35.5,0.2,51.8
171274,"Milk, buttermilk, dried",sr_legacy_food,1,2019-04-01,385.2,34.3,5.78,49.0
171275,"Milk, canned, condensed, sweetened",sr_legacy_food,1,2019-04-01,327.5,7.91,8.7,54.4
171276,"Milk, canned, evaporated, with added vitamin D and without added vitamin A",sr_legacy_food,1,2019-04-01,135.4,6.81,7.56,10.04
171277,"Milk, chocolate beverage, hot cocoa, homemade",sr_legacy_food,1,2019-04-01,78.1,3.52,2.34,10.74
171278,"Milk, goat, fluid, with added vitamin D",sr_legacy_food,1,2019-04-01,69.3,3.56,4.14,4.45
171279,"Milk, human, mature, fluid",sr_legacy_food,1,2019-04-01,71.1,1.03,4.38,6.89
171280,"Milk, indian buffalo, fluid",sr_legacy_food,1,2019-04-01,97.7,3.75,6.89,5.18
171281,"Whey, acid, dried",sr_legacy_food,1,2019-04-01,345.6,11.73,0.54,73.45
171282,"Whey, sweet, fluid",sr_legacy_food,1,2019-04-01,27.2,0.85,0.36,5.14
171283,"Whey, sweet, dried",sr_legacy_food,1,2019-04-01,359.2,12.93,1.07,74.46
171284,"Yogurt, plain, whole milk",sr_legacy_food,1,2019-04-01,61.8,3.47,3.25,4.66
171285,"Yogurt, fruit, low fat, 10 grams protein per 8 ounce",sr_legacy_food,1,2019-04-01,103.4,4.37,1.08,19.05
171286,"Yogurt, fruit, low fat, 11g protein/8 oz",sr_legacy_food,1,2019-04-01,106.5,4.86,1.41,18.6
171287,"Egg, whole, raw, fresh",sr_legacy_food,1,2019-04-01,138.7,12.56,9.51,0.72
171288,"Cheese, Mexican blend",sr_legacy_food,1,2019-04-01,383.9,23.54,32.14,0.13
171289,"Cheese product, pasteurized process, American, vitamin D fortified",sr_legacy_food,1,2019-04-01,307.3,16.09,23.06,8.85
171290,"Cheese, pasteurized process, American, without added vitamin D",sr_legacy_food,1,2019-04-01,373.4,18.13,31.79,3.7
171291,"Cheese food, pasteurized process, American, without added vitamin D",sr_legacy_food,1,2019-04-01,332.4,16.86,25.63,8.56
171292,"Cheese, cheddar, reduced fat (Includes foods for USDA's Food Distribution Program)",sr_legacy_food,1,2019-04-01,303.8,27.35,20.41,2.67
171293,"Ice cream, light, soft serve, chocolate",sr_legacy_food,1,2019-04-01,139.2,3.36,3.69,23.15
171294,"Ice cream bar, stick or nugget, with crunch coating",sr_legacy_food,1,2019-04-01,384.3,2.11,25.26,37.12
171295,"Cheese, cheddar, nonfat or fat free",sr_legacy_food,1,2019-04-01,157.1,32.14,0.0,7.14
171296,"Yogurt, Greek, nonfat, vanilla, CHOBANI",sr_legacy_food,1,2019-04-01,70.6,9.07,0.22,8.09
171297,"Yogurt, Greek, strawberry, DANNON OIKOS",sr_legacy_food,1,2019-04-01,106.0,8.25,2.92,11.67
171298,"Yogurt, Greek, nonfat, vanilla, DANNON OIKOS",sr_legacy_food,1,2019-04-01,84.6,8.12,0.14,12.72
171299,"Yogurt, Greek, nonfat, strawberry, DANNON OIKOS",sr_legacy_food,1,2019-04-01,84.2,8.03,0.22,12.53
171300,"Yogurt, Greek, strawberry, lowfat",sr_legacy_food,1,2019-04-01,105.0,8.17,2.57,12.29
171301,"Kefir, lowfat, strawberry, LIFEWAY",sr_legacy_food,1,2019-04-01,62.5,3.39,0.9,10.2
171302,"Milk, evaporated, 2% fat, with added vitamin A and vitamin D",sr_legacy_food,1,2019-04-01,107.6,6.67,2.0,15.74
171303,"Milk, chocolate, fat free, with added vitamin A and vitamin D",sr_legacy_food,1,2019-04-01,67.4,3.39,0.0,13.46
171304,"Yogurt, Greek, plain, whole milk",sr_legacy_food,1,2019-04-01,96.9,9.0,5.0,3.98
171305,"Ice cream bar, covered with chocolate and nuts",sr_legacy_food,1,2019-04-01,302.6,5.62,25.84,11.89
171306,Ice cream sundae cone,sr_legacy_food,1,2019-04-01,253.6,3.0,14.0,28.89
171307,"Light ice cream, Creamsicle",sr_legacy_food,1,2019-04-01,164.9,1.54,3.08,32.75
171308,"Cream, half and half, lowfat",sr_legacy_food,1,2019-04-01,71.6,3.33,5.0,3.33
171309,"Yogurt, Greek, whole, plain, CHOBANI",sr_legacy_food,1,2019-04-01,82.0,8.24,4.01,3.24
171310,"Yogurt, Greek, nonfat, lemon blend, CHOBANI",sr_legacy_food,1,2019-04-01,78.5,8.62,0.15,10.66
171311,"Yogurt, Greek, nonfat, peach, CHOBANI",sr_legacy_food,1,2019-04-01,79.6,7.76,0.11,11.9
171312,"Yogurt, Greek, nonfat, plain, CHOBANI",sr_legacy_food,1,2019-04-01,54.0,9.53,0.24,3.43
171313,"Yogurt, Greek, nonfat, raspberry, CHOBANI",sr_legacy_food,1,2019-04-01,80.5,7.65,0.22,11.98
171314,"Butter, Clarified butter (ghee)",sr_legacy_food,1,2019-04-01,900.0,0.0,100.0,0.0
171315,"Spices, allspice, ground",sr_legacy_food,2,2019-04-01,391.0,6.09,8.69,72.12
171316,"Spices, anise seed",sr_legacy_food,2,2019-04-01,413.6,17.6,15.9,50.02
171317,"Spices, basil, dried",sr_legacy_food,2,2019-04-01,319.6,22.98,4.07,47.75
171318,"Spices, chervil, dried",sr_legacy_food,2,2019-04-01,324.3,23.2,3.9,49.1
171319,"Spices, chili powder",sr_legacy_food,2,2019-04-01,381.2,13.46,14.28,49.7
171320,"Spices, cinnamon, ground",sr_legacy_food,2,2019-04-01,349.5,3.99,1.24,80.59
171321,"Spices, cloves, ground",sr_legacy_food,2,2019-04-01,403.0,5.97,13.0,65.53
171322,"Spices, dill weed, dried",sr_legacy_food,2,2019-04-01,342.4,19.96,4.36,55.82
171323,"Spices, fennel seed",sr_legacy_food,2,2019-04-01,406.2,15.8,14.87,52.29
171324,"Spices, fenugreek seed",sr_legacy_food,2,2019-04-01,383.1,23.0,6.41,58.35
171325,"Spices, garlic powder",sr_legacy_food,2,2019-04-01,363.7,16.55,0.73,72.73
171326,"Spices, nutmeg, ground",sr_legacy_food,2,2019-04-01,547.3,5.84,36.31,49.29
171327,"Spices, onion powder",sr_legacy_food,2,2019-04-01,367.5,10.41,1.04,79.12
171328,"Spices, oregano, dried",sr_legacy_food,2,2019-04-01,350.2,9.0,4.28,68.92
171329,"Spices, paprika",sr_legacy_food,2,2019-04-01,388.5,14.14,12.89,53.99
171330,"Spices, poppy seed",sr_legacy_food,2,2019-04-01,558.5,17.99,41.56,28.13
171331,"Spices, poultry seasoning",sr_legacy_food,2,2019-04-01,368.5,9.59,7.53,65.59
171332,"Spices, pumpkin pie spice",sr_legacy_food,2,2019-04-01,413.6,5.76,12.6,69.28
171333,"Spices, rosemary, dried",sr_legacy_food,2,2019-04-01,412.7,4.88,15.22,64.06
171334,"Babyfood, vegetables, corn, creamed, junior",sr_legacy_food,3,2019-04-01,74.2,1.4,0.4,16.25
171335,"Babyfood, fruit, bananas with tapioca, strained",sr_legacy_food,3,2019-04-01,63.7,0.4,0.1,15.3
171336,"Babyfood, fruit, peaches, strained",sr_legacy_food,3,2019-04-01,64.6,0.94,0.33,14.48
171337,"Babyfood, fruit, peaches, junior",sr_legacy_food,3,2019-04-01,64.6,0.94,0.33,14.48
171338,"Babyfood, fruit, pears, strained",sr_legacy_food,3,2019-04-01,46.2,0.3,0.2,10.8
171339,"Babyfood, fruit, prunes with tapioca, without ascorbic acid, junior",sr_legacy_food,3,2019-04-01,78.1,0.6,0.1,18.7
171340,"Babyfood, prunes, without vitamin c, strained",sr_legacy_food,3,2019-04-01,99.9,1.0,0.2,23.52
171341,"Babyfood, fruit dessert, mango with tapioca",sr_legacy_food,3,2019-04-01,79.0,0.3,0.2,19.0
171342,"Babyfood, pears, dices, toddler",sr_legacy_food,3,2019-04-01,56.5,0.3,0.1,13.6
171343,"Babyfood, fruit, applesauce and pineapple, strained",sr_legacy_food,3,2019-04-01,41.7,0.1,0.1,10.1
171344,"Babyfood, fruit, applesauce and pineapple, junior",sr_legacy_food,3,2019-04-01,43.3,0.1,0.1,10.5
171345,"Babyfood, fruit, apple and raspberry, strained",sr_legacy_food,3,2019-04-01,65.0,0.2,0.2,15.6
171346,"Babyfood, fruit, apple and raspberry, junior",sr_legacy_food,3,2019-04-01,64.2,0.2,0.2,15.4
171347,"Babyfood, fruit, pears and pineapple, junior",sr_legacy_food,3,2019-04-01,48.6,0.3,0.2,11.4
171348,"Babyfood, fruit, guava and papaya with tapioca, strained",sr_legacy_food,3,2019-04-01,69.7,0.2,0.1,17.0
171349,"Babyfood, peaches, dices, toddler",sr_legacy_food,3,2019-04-01,51.0,0.5,0.2,11.8
171350,"Babyfood, fruit, papaya and applesauce with tapioca, strained",sr_legacy_food,3,2019-04-01,77.3,0.2,0.1,18.9
171351,"Babyfood, apple-banana juice",sr_legacy_food,3,2019-04-01,50.9,0.2,0.1,12.3
171352,"Babyfood, juice, apple and peach",sr_legacy_food,3,2019-04-01,43.7,0.2,0.1,10.5
171353,"Babyfood, juice, apple and prune",sr_legacy_food,3,2019-04-01,74.1,0.2,0.1,18.1
171354,"Babyfood, juice, orange",sr_legacy_food,3,2019-04-01,45.9,0.6,0.3,10.2
171355,"Babyfood, juice, orange and apple",sr_legacy_food,3,2019-04-01,43.8,0.4,0.2,10.1
171356,"Babyfood, juice, prune and orange",sr_legacy_food,3,2019-04-01,72.3,0.6,0.3,16.8
171357,"Babyfood, juice, mixed fruit",sr_legacy_food,3,2019-04-01,48.1,0.1,0.1,11.7
171358,"Babyfood, cereal, barley, dry fortified",sr_legacy_food,3,2019-04-01,389.8,13.2,6.6,69.4
171359,"Babyfood, cereal, whole wheat, with apples, dry fortified",sr_legacy_food,3,2019-04-01,402.4,6.6,4.8,83.2
171360,"Babyfood, cereal, oatmeal, dry fortified",sr_legacy_food,3,2019-04-01,395.1,10.99,6.36,73.48
171361,"Babyfood, cereal, oatmeal, with bananas, dry",sr_legacy_food,3,2019-04-01,399.0,6.67,6.67,78.07
171362,"Babyfood, cereal, oatmeal, with applesauce and bananas, strained",sr_legacy_food,3,2019-04-01,74.0,0.89,0.89,15.62
171363,"Babyfood, cereal, oatmeal, with applesauce and bananas, junior, fortified",sr_legacy_food,3,2019-04-01,75.7,0.89,0.89,16.03
171364,"Babyfood, cereal, with egg yolks, junior",sr_legacy_food,3,2019-04-01,52.2,1.9,1.8,7.1
171365,"Babyfood, cereal, with eggs, strained",sr_legacy_food,3,2019-04-01,54.3,2.2,1.5,8.0
171366,"Babyfood, cereal, egg yolks and bacon, junior",sr_legacy_food,3,2019-04-01,79.8,2.5,5.0,6.2
171367,"Babyfood, oatmeal cereal with fruit, dry, instant, toddler fortified",sr_legacy_food,3,2019-04-01,401.8,10.5,7.05,74.1
171368,"Babyfood, cookie, baby, fruit",sr_legacy_food,3,2019-04-01,435.4,6.8,12.6,73.7
171369,"Babyfood, cookies, arrowroot",sr_legacy_food,3,2019-04-01,422.0,7.6,10.0,75.4
171370,"Babyfood, pretzels",sr_legacy_food,3,2019-04-01,390.0,10.8,2.0,82.2
171371,"Babyfood, GERBER, GRADUATES Lil Biscuits Vanilla Wheat",sr_legacy_food,3,2019-04-01,405.2,7.97,9.27,72.48
171372,Zwieback,sr_legacy_food,3,2019-04-01,424.5,10.1,9.7,74.2
171373,"Babyfood, dessert, cherry vanilla pudding, junior",sr_legacy_food,3,2019-04-01,76.2,0.2,0.2,18.4
171374,"Babyfood, dessert, fruit pudding, orange, strained",sr_legacy_food,3,2019-04-01,83.3,1.1,0.9,17.7
171375,"Babyfood, dessert, peach cobbler, strained",sr_legacy_food,3,2019-04-01,72.4,0.3,0.0,17.8
171376,"Babyfood, dessert, peach cobbler, junior",sr_legacy_food,3,2019-04-01,74.4,0.3,0.0,18.3
171377,"Babyfood, dessert, fruit dessert, without ascorbic acid, junior",sr_legacy_food,3,2019-04-01,70.0,0.3,0.0,17.2
171378,"Babyfood, dessert, tropical fruit, junior",sr_legacy_food,3,2019-04-01,66.4,0.2,0.0,16.4
171379,"Babyfood, dessert, custard pudding, vanilla, strained",sr_legacy_food,3,2019-04-01,88.4,1.6,2.0,16.0
171380,"Babyfood, dessert, custard pudding, vanilla, junior",sr_legacy_food,3,2019-04-01,86.2,1.76,0.98,17.58
171381,"Babyfood, juice, apple and grape",sr_legacy_food,3,2019-04-01,47.6,0.1,0.2,11.34
171382,"Infant formula, ABBOTT NUTRITION, SIMILAC, ISOMIL, ADVANCE with iron, liquid concentrate",sr_legacy_food,3,2019-04-01,128.2,3.13,6.98,13.21
171383,"Infant formula, ABBOTT NUTRITION, SIMILAC, ISOMIL, ADVANCE with iron, ready-to-feed",sr_legacy_food,3,2019-04-01,65.6,1.61,3.59,6.7
171384,"Infant formula, ABBOTT NUTRITION, SIMILAC, ISOMIL, ADVANCE with iron, powder, not reconstituted",sr_legacy_food,3,2019-04-01,517.5,12.6,28.09,53.57
171385,"Infant formula, NESTLE, GOOD START SUPREME, with iron, DHA and ARA, ready-to-feed",sr_legacy_food,3,2019-04-01,65.7,1.45,3.37,7.39
171386,"Infant formula, NESTLE, GOOD START SUPREME, with iron, DHA and ARA, prepared from liquid concentrate",sr_legacy_food,3,2019-04-01,65.7,1.45,3.37,7.39
171387,"Infant Formula, MEAD JOHNSON, ENFAMIL GENTLEASE, with iron, prepared from powder",sr_legacy_food,3,2019-04-01,67.9,1.51,3.5,7.6
171388,"Babyfood, fortified cereal bar, fruit filling",sr_legacy_food,3,2019-04-01,343.9,5.43,5.3,68.63
171389,"Infant Formula, MEAD JOHNSON, ENFAMIL, GENTLEASE, with ARA and DHA powder not reconstituted",sr_legacy_food,3,2019-04-01,515.8,11.7,27.0,56.5
171390,"Infant formula, MEAD JOHNSON, ENFAMIL, Enfagrow, Soy, Toddler ready-to-feed",sr_legacy_food,3,2019-04-01,65.2,2.17,2.89,7.64
171391,"Infant formula, MEAD JOHNSON, ENFAMIL, NUTRAMIGEN AA, ready-to-feed",sr_legacy_food,3,2019-04-01,65.7,1.84,3.48,6.76
171392,"Infant formula, MEAD JOHNSON, ENFAMIL, Premature, with iron, 20 calories, ready-to-feed",sr_legacy_food,3,2019-04-01,63.3,2.2,3.3,6.2
171393,"Infant formula, MEAD JOHNSON, ENFAMIL, Premature, with iron, 24 calories, ready-to-feed",sr_legacy_food,3,2019-04-01,81.0,2.6,3.9,8.88
171394,"Infant formula, GERBER, GOOD START 2, PROTECT PLUS, ready-to-feed",sr_legacy_food,3,2019-04-01,65.6,1.44,3.37,7.39
171395,"Infant formula, ABBOTT NUTRITION, SIMILAC, GO AND GROW, ready-to-feed, with ARA and DHA",sr_legacy_food,3,2019-04-01,66.5,1.97,3.54,6.69
171396,"Infant formula, ABBOTT NUTRITION, SIMILAC, Expert Care, Diarrhea, ready- to- feed with ARA and DHA",sr_legacy_food,3,2019-04-01,66.1,1.76,3.6,6.67
171397,"Infant formula, ABBOTT NUTRITION, SIMILAC, For Spit Up, ready-to-feed, with ARA and DHA",sr_legacy_food,3,2019-04-01,66.2,1.4,3.54,7.19
171398,"Babyfood, Snack, GERBER, GRADUATES, LIL CRUNCHIES, baked whole grain corn snack",sr_legacy_food,3,2019-04-01,503.5,0.0,28.57,61.59
171399,"Infant formula, ABBOTT NUTRITION, SIMILAC, For Spit Up, powder, with ARA and DHA",sr_legacy_food,3,2019-04-01,513.8,11.0,27.75,55.0
171400,"Fat, beef tallow",sr_legacy_food,4,2019-04-01,900.0,0.0,100.0,0.0
171401,Lard,sr_legacy_food,4,2019-04-01,900.0,0.0,100.0,0.0
171402,"Salad dressing, thousand island, commercial, regular",sr_legacy_food,4,2019-04-01,378.5,1.09,35.06,14.64
171403,"Salad dressing, mayonnaise type, regular, with salt",sr_legacy_food,4,2019-04-01,256.1,0.65,21.6,14.78
171404,"Salad dressing, french dressing, reduced fat",sr_legacy_food,4,2019-04-01,230.9,0.58,11.52,31.22
171405,"Salad dressing, italian dressing, commercial, reduced fat",sr_legacy_food,4,2019-04-01,101.6,0.39,6.68,9.99
171406,"Salad dressing, mayonnaise, imitation, soybean",sr_legacy_food,4,2019-04-01,238.0,0.3,19.2,16.0
171407,"Salad dressing, mayonnaise, imitation, milk cream",sr_legacy_food,4,2019-04-01,98.7,2.1,5.1,11.1
171408,"Salad dressing, mayonnaise, imitation, soybean without cholesterol",sr_legacy_food,4,2019-04-01,492.9,0.1,47.7,15.8
171409,"Sandwich spread, with chopped pickle, regular, unspecified oils",sr_legacy_food,4,2019-04-01,399.2,0.9,34.0,22.4
171410,"Oil, peanut, salad or cooking",sr_legacy_food,4,2019-04-01,900.0,0.0,100.0,0.0
171411,"Oil, soybean, salad or cooking",sr_legacy_food,4,2019-04-01,900.0,0.0,100.0,0.0
171412,"Oil, coconut",sr_legacy_food,4,2019-04-01,891.5,0.0,99.06,0.0
171413,"Oil, olive, salad or cooking",sr_legacy_food,4,2019-04-01,900.0,0.0,100.0,0.0
171414,"Salad dressing, french dressing, commercial, regular",sr_legacy_food,4,2019-04-01,430.3,0.87,39.07,18.79
171415,"Margarine,spread, 35-39% fat, tub",sr_legacy_food,4,2019-04-01,348.8,0.23,37.98,1.52
171416,"Salad dressing, french, home recipe",sr_legacy_food,4,2019-04-01,645.8,0.1,70.2,3.4
171417,"Salad dressing, home recipe, vinegar and oil",sr_legacy_food,4,2019-04-01,460.9,0.0,50.1,2.5
171418,"Salad dressing, mayonnaise, soybean oil, without salt",sr_legacy_food,4,2019-04-01,729.8,1.1,79.4,2.7
171419,"Salad dressing, french, cottonseed, oil, home recipe",sr_legacy_food,4,2019-04-01,645.8,0.1,70.2,3.4
171420,"Salad dressing, french dressing, fat-free",sr_legacy_food,4,2019-04-01,131.8,0.2,0.27,32.14
171421,"Oil, cocoa butter",sr_legacy_food,4,2019-04-01,900.0,0.0,100.0,0.0
171422,"Vegetable oil, palm kernel",sr_legacy_food,4,2019-04-01,900.0,0.0,100.0,0.0
171423,"Oil, poppyseed",sr_legacy_food,4,2019-04-01,900.0,0.0,100.0,0.0
171424,"Oil, tomatoseed",sr_legacy_food,4,2019-04-01,900.0,0.0,100.0,0.0
171425,"Oil, teaseed",sr_legacy_food,4,2019-04-01,900.0,0.0,100.0,0.0
171426,"Oil, soybean lecithin",sr_legacy_food,4,2019-04-01,900.0,0.0,100.0,0.0
171427,"Oil, hazelnut",sr_legacy_food,4,2019-04-01,900.0,0.0,100.0,0.0
171428,"Oil, babassu",sr_legacy_food,4,2019-04-01,900.0,0.0,100.0,0.0
171429,"Oil, sheanut",sr_legacy_food,4,2019-04-01,900.0,0.0,100.0,0.0
171430,"Oil, PAM cooking spray, original",sr_legacy_food,4,2019-04-01,792.0,0.26,78.69,20.69
171431,"Margarine, margarine-like vegetable oil spread, 67-70% fat, tub",sr_legacy_food,4,2019-04-01,617.2,0.07,68.29,0.59
171432,"Margarine, 80% fat, tub, CANOLA HARVEST Soft Spread (canola, palm and palm kernel oils)",sr_legacy_food,4,2019-04-01,730.1,0.41,80.32,1.39
171433,"Oil, cooking and salad, ENOVA, 80% diglycerides",sr_legacy_food,4,2019-04-01,900.0,0.0,100.0,0.0
171434,"Margarine-like, vegetable oil spread, approximately 37% fat, unspecified oils, with salt, with added vitamin D",sr_legacy_food,4,2019-04-01,344.6,0.51,37.77,0.66
171435,"Margarine, regular, 80% fat, composite, stick, with salt, with added vitamin D",sr_legacy_food,4,2019-04-01,729.8,0.16,80.71,0.7
171436,"Margarine, regular, 80% fat, composite, tub, with salt, with added vitamin D",sr_legacy_food,4,2019-04-01,725.4,0.22,80.17,0.75
171437,"Margarine-like, vegetable oil spread, 60% fat, stick, with salt, with added vitamin D",sr_legacy_food,4,2019-04-01,546.8,0.12,60.39,0.69
171438,"Oil, industrial, soy, low linolenic",sr_legacy_food,4,2019-04-01,900.0,0.0,100.0,0.0
171439,"Oil, industrial, soy, ultra low linolenic",sr_legacy_food,4,2019-04-01,900.0,0.0,100.0,0.0
171440,"Oil, industrial, soy, fully hydrogenated",sr_legacy_food,4,2019-04-01,900.0,0.0,100.0,0.0
171441,"Oil, industrial, cottonseed, fully hydrogenated",sr_legacy_food,4,2019-04-01,900.0,0.0,100.0,0.0
171442,"Oil, flaxseed, contains added sliced flaxseed",sr_legacy_food,4,2019-04-01,894.1,0.37,99.01,0.39
171443,"Mayonnaise, reduced fat, with olive oil",sr_legacy_food,4,2019-04-01,361.5,0.37,40.0,0.0
171444,"Salad dressing, mayonnaise-type, light",sr_legacy_food,4,2019-04-01,158.2,0.65,10.0,16.4
171445,"Chicken, broiler, rotisserie, BBQ, breast, meat only",sr_legacy_food,5,2019-04-01,144.3,28.04,3.57,0.0
171446,"Chicken, broilers or fryers, meat and skin and giblets and neck, stewed",sr_legacy_food,5,2019-04-01,209.5,24.49,12.37,0.06
171447,"Chicken, broilers or fryers, meat and skin, raw",sr_legacy_food,5,2019-04-01,209.9,18.6,15.06,0.0
171448,"Chicken, broilers or fryers, meat and skin, cooked, fried, batter",sr_legacy_food,5,2019-04-01,284.0,22.54,17.35,9.42
171449,"Chicken, broilers or fryers, meat and skin, cooked, fried, flour",sr_legacy_food,5,2019-04-01,261.1,28.56,14.92,3.15
171450,"Chicken, broilers or fryers, meat and skin, cooked, roasted",sr_legacy_food,5,2019-04-01,231.6,27.3,13.6,0.0
171451,"Chicken, broilers or fryers, meat only, cooked, stewed",sr_legacy_food,5,2019-04-01,169.6,27.29,6.71,0.0
171452,"Chicken, broilers or fryers, skin only, raw",sr_legacy_food,5,2019-04-01,344.5,13.33,32.35,0.0
171453,"Chicken, broilers or fryers, skin only, cooked, fried, batter",sr_legacy_food,5,2019-04-01,393.4,10.32,28.83,23.15
171454,"Chicken, broilers or fryers, skin only, cooked, fried, flour",sr_legacy_food,5,2019-04-01,496.9,19.09,42.58,9.34
171455,"Chicken, broilers or fryers, giblets, cooked, simmered",sr_legacy_food,5,2019-04-01,149.1,27.15,4.5,0.0
171456,"Chicken, gizzard, all classes, raw",sr_legacy_food,5,2019-04-01,89.2,17.66,2.06,0.0
171457,"Chicken, gizzard, all classes, cooked, simmered",sr_legacy_food,5,2019-04-01,145.7,30.39,2.68,0.0
171458,"Chicken, heart, all classes, raw",sr_legacy_food,5,2019-04-01,149.0,15.55,9.33,0.71
171459,"Chicken, broilers or fryers, light meat, meat and skin, cooked, fried, batter",sr_legacy_food,5,2019-04-01,271.2,23.55,15.44,9.5
171460,"Chicken, broilers or fryers, light meat, meat and skin, cooked, fried, flour",sr_legacy_food,5,2019-04-01,237.9,30.45,12.09,1.82
171461,"Chicken, broilers or fryers, light meat, meat and skin, cooked, roasted",sr_legacy_food,5,2019-04-01,213.7,29.02,10.85,0.0
171462,"Chicken, broilers or fryers, light meat, meat and skin, cooked, stewed",sr_legacy_food,5,2019-04-01,194.3,26.14,9.97,0.0
171463,"Chicken, broilers or fryers, dark meat, meat and skin, raw",sr_legacy_food,5,2019-04-01,231.8,16.69,18.34,0.0
171464,"Chicken, broilers or fryers, light meat, meat only, raw",sr_legacy_food,5,2019-04-01,107.6,23.2,1.65,0.0
171465,"Chicken, broilers or fryers, light meat, meat only, cooked, fried",sr_legacy_food,5,2019-04-01,182.8,32.82,5.54,0.42
171466,"Chicken, broilers or fryers, light meat, meat only, cooked, roasted",sr_legacy_food,5,2019-04-01,164.2,30.91,4.51,0.0
171467,"Chicken, broilers or fryers, light meat, meat only, cooked, stewed",sr_legacy_food,5,2019-04-01,151.4,28.88,3.99,0.0
171468,"Chicken, broilers or fryers, separable fat, raw",sr_legacy_food,5,2019-04-01,626.5,3.73,67.95,0.0
171469,"Chicken, broilers or fryers, back, meat and skin, raw",sr_legacy_food,5,2019-04-01,314.9,14.05,28.74,0.0
171470,"Chicken, broilers or fryers, back, meat and skin, cooked, fried, batter",sr_legacy_food,5,2019-04-01,326.1,21.97,21.91,10.25
171471,"Chicken, broilers or fryers, back, meat and skin, cooked, fried, flour",sr_legacy_food,5,2019-04-01,323.8,27.79,20.74,6.5
171472,"Chicken, broilers or fryers, back, meat only, cooked, roasted",sr_legacy_food,5,2019-04-01,231.2,28.19,13.16,0.0
171473,"Chicken, broilers or fryers, back, meat only, cooked, stewed",sr_legacy_food,5,2019-04-01,202.0,25.31,11.19,0.0
171474,"Chicken, broilers or fryers, breast, meat and skin, raw",sr_legacy_food,5,2019-04-01,166.6,20.85,9.25,0.0
171475,"Chicken, broilers or fryers, breast, meat and skin, cooked, fried, batter",sr_legacy_food,5,2019-04-01,254.1,24.84,13.2,8.99
171476,"Chicken, broilers or fryers, breast, meat and skin, cooked, fried, flour",sr_legacy_food,5,2019-04-01,213.8,31.84,8.87,1.64
171477,"Chicken, broilers or fryers, breast, meat only, cooked, roasted",sr_legacy_food,5,2019-04-01,156.2,31.02,3.57,0.0
171478,"Chicken, broilers or fryers, breast, meat only, cooked, stewed",sr_legacy_food,5,2019-04-01,143.2,28.98,3.03,0.0
171479,"Turkey, whole, meat and skin, cooked, roasted",sr_legacy_food,5,2019-04-01,181.0,28.55,7.39,0.06
171480,"Turkey, whole, meat only, raw",sr_legacy_food,5,2019-04-01,108.5,22.64,1.93,0.14
171481,"Turkey, whole, meat only, cooked, roasted",sr_legacy_food,5,2019-04-01,150.8,29.06,3.84,0.0
171482,"Turkey, whole, skin (light and dark), raw",sr_legacy_food,5,2019-04-01,402.8,12.96,38.93,0.16
171483,"Turkey, all classes, gizzard, cooked, simmered",sr_legacy_food,5,2019-04-01,147.6,26.45,4.64,0.0
171484,"Turkey, all classes, heart, raw",sr_legacy_food,5,2019-04-01,135.4,16.7,7.44,0.4
171485,"Turkey, all classes, heart, cooked, simmered",sr_legacy_food,5,2019-04-01,167.2,24.88,7.52,0.0
171486,"Turkey, all classes, liver, raw",sr_legacy_food,5,2019-04-01,122.5,18.26,5.5,0.0
171487,"Turkey, all classes, liver, cooked, simmered",sr_legacy_food,5,2019-04-01,181.6,27.0,8.18,0.0
171488,"Turkey, dark meat, meat and skin, raw",sr_legacy_food,5,2019-04-01,160.6,19.81,8.97,0.15
171489,"Turkey, whole, dark meat, meat and skin, cooked, roasted",sr_legacy_food,5,2019-04-01,198.9,27.27,9.95,0.07
171490,"Turkey, whole, light meat, raw",sr_legacy_food,5,2019-04-01,108.5,23.66,1.48,0.14
171491,"Turkey, all classes, light meat, cooked, roasted",sr_legacy_food,5,2019-04-01,139.2,30.13,2.08,0.0
171492,"Turkey, all classes, breast, meat and skin, cooked, roasted",sr_legacy_food,5,2019-04-01,181.5,28.71,7.41,0.0
171493,"Turkey, all classes, leg, meat and skin, raw",sr_legacy_food,5,2019-04-01,138.6,19.54,6.72,0.0
171494,"Turkey, all classes, leg, meat and skin, cooked, roasted",sr_legacy_food,5,2019-04-01,199.9,27.87,9.82,0.0
171495,"Turkey, all classes, wing, meat and skin, raw",sr_legacy_food,5,2019-04-01,191.8,20.22,12.32,0.0
171496,"Turkey, whole, breast, meat only, cooked, roasted",sr_legacy_food,5,2019-04-01,139.2,30.13,2.08,0.0
171497,"Turkey, whole, wing, meat only, raw",sr_legacy_food,5,2019-04-01,108.5,23.66,1.48,0.14
171498,"Turkey, whole, wing, meat only, cooked, roasted",sr_legacy_food,5,2019-04-01,139.2,30.13,2.08,0.0
171499,"Turkey, young hen, skin only, cooked, roasted",sr_legacy_food,5,2019-04-01,476.2,19.03,44.45,0.0
171500,"Turkey and gravy, frozen",sr_legacy_food,5,2019-04-01,65.6,5.88,2.63,4.61
171501,"Turkey breast, pre-basted, meat and skin, cooked, roasted",sr_legacy_food,5,2019-04-01,119.8,22.16,3.46,0.0
171502,"Turkey thigh, pre-basted, meat and skin, cooked, roasted",sr_legacy_food,5,2019-04-01,152.1,18.8,8.54,0.0
171503,"Turkey roast, boneless, frozen, seasoned, light and dark meat, raw",sr_legacy_food,5,2019-04-01,115.8,17.6,2.2,6.4
171504,"Turkey, mechanically deboned, from turkey frames, raw",sr_legacy_food,5,2019-04-01,196.8,13.29,15.96,0.0
171505,"Turkey, Ground, raw",sr_legacy_food,5,2019-04-01,147.6,19.66,7.66,0.0
171506,"Turkey, Ground, cooked",sr_legacy_food,5,2019-04-01,203.1,27.37,10.4,0.0
171507,"Chicken, cornish game hens, meat and skin, raw",sr_legacy_food,5,2019-04-01,194.8,17.15,14.02,0.0
171508,"Chicken, wing, frozen, glazed, barbecue flavored, heated (microwave)",sr_legacy_food,5,2019-04-01,241.8,25.34,13.9,3.84
171509,"Chicken, broilers or fryers, breast, skinless, boneless, meat only, with added solution, raw",sr_legacy_food,5,2019-04-01,108.3,20.32,3.0,0.0
171510,"Duck, young duckling, domesticated, White Pekin, breast, meat and skin, boneless, cooked, roasted",sr_legacy_food,5,2019-04-01,195.6,24.5,10.85,0.0
171511,"Duck, young duckling, domesticated, White Pekin, breast, meat only, boneless, cooked without skin, broiled",sr_legacy_food,5,2019-04-01,132.9,27.6,2.5,0.0
171512,"Chicken patty, frozen, uncooked",sr_legacy_food,5,2019-04-01,292.1,14.33,20.04,13.61
171513,"Chicken patty, frozen, cooked",sr_legacy_food,5,2019-04-01,287.0,14.85,19.58,12.84
171514,"Chicken breast tenders, breaded, cooked, microwaved",sr_legacy_food,5,2019-04-01,251.7,16.35,12.89,17.56
171515,"Chicken breast tenders, breaded, uncooked",sr_legacy_food,5,2019-04-01,260.7,14.73,15.75,15.01
171516,"Chicken, broiler, rotisserie, BBQ, wing, meat only",sr_legacy_food,5,2019-04-01,185.6,28.34,7.79,0.54
171517,"Chicken, broilers or fryers, rotisserie, original seasoning, back, meat only, cooked",sr_legacy_food,5,2019-04-01,205.2,25.34,11.54,0.0
171518,"Chicken, broilers or fryers, rotisserie, original seasoning, breast, meat only, cooked",sr_legacy_food,5,2019-04-01,137.1,28.0,2.79,0.0
171519,"Chicken, broilers or fryers, drumstick, rotisserie, original seasoning, meat only, cooked",sr_legacy_food,5,2019-04-01,176.2,28.74,6.81,0.0
171520,"Chicken, broilers or fryers, rotisserie, original seasoning, skin only, cooked",sr_legacy_food,5,2019-04-01,406.2,17.66,37.24,0.11
171521,"Chicken, broilers or fryers,  rotisserie, original seasoning, drumstick, meat and skin, cooked",sr_legacy_food,5,2019-04-01,215.3,26.86,11.98,0.02
171522,"Chicken, broilers or fryers, rotisserie, original seasoning, thigh, meat and skin, cooked",sr_legacy_food,5,2019-04-01,233.1,22.93,15.7,0.02
171523,"Chicken, broilers or fryers, rotisserie, original seasoning, wing, meat and skin, cooked",sr_legacy_food,5,2019-04-01,266.5,24.34,18.77,0.04
171524,"Chicken, broiler, rotisserie, BBQ, skin",sr_legacy_food,5,2019-04-01,379.9,15.19,35.15,0.7
171525,"Turkey, drumstick, from whole bird, meat only, with added solution, raw",sr_legacy_food,5,2019-04-01,114.8,19.27,4.12,0.15
171526,"Turkey, wing, from whole bird, meat only, with added solution, raw",sr_legacy_food,5,2019-04-01,101.7,21.54,1.66,0.14
171527,"Turkey, wing, from whole bird, meat only, with added solution, roasted",sr_legacy_food,5,2019-04-01,126.6,26.97,2.08,0.0
171528,"Turkey, retail parts, breast, meat and skin, raw",sr_legacy_food,5,2019-04-01,154.6,21.88,7.45,0.0
171529,"Turkey, retail parts, breast, meat and skin, cooked, roasted",sr_legacy_food,5,2019-04-01,164.2,29.01,5.33,0.05
171530,"Turkey, drumstick, from whole bird, meat only, roasted",sr_legacy_food,5,2019-04-01,139.2,30.13,2.08,0.0
171531,"Turkey, thigh, from whole bird, meat only, raw",sr_legacy_food,5,2019-04-01,108.2,21.28,2.5,0.15
171532,"Turkey, thigh, from whole bird, meat only, roasted",sr_legacy_food,5,2019-04-01,165.2,27.71,6.04,0.0
171533,"Turkey, retail parts, thigh, meat and skin, raw",sr_legacy_food,5,2019-04-01,160.6,19.54,9.16,0.0
171534,"Chicken, broiler or fryers, breast, skinless, boneless, meat only, cooked, grilled",sr_legacy_food,5,2019-04-01,150.7,30.54,3.17,0.0
171535,"Chicken, broiler or fryers, breast, skinless, boneless, meat only, with added solution, cooked, braised",sr_legacy_food,5,2019-04-01,145.4,28.24,3.61,0.0
171536,"Chicken, broiler or fryers, breast, skinless, boneless, meat only, with added solution, cooked, grilled",sr_legacy_food,5,2019-04-01,148.5,29.5,3.39,0.0
171537,"Soup, cream of asparagus, canned, condensed",sr_legacy_food,6,2019-04-01,70.7,1.82,3.26,8.52
171538,"Soup, beef broth or bouillon canned, ready-to-serve",sr_legacy_food,6,2019-04-01,6.7,1.14,0.22,0.04
171539,"Soup, beef noodle, canned, condensed",sr_legacy_food,6,2019-04-01,66.2,3.85,2.46,7.16
171540,"Soup, cream of celery, canned, condensed",sr_legacy_food,6,2019-04-01,73.5,1.32,4.46,7.03
171541,"Soup, cheese, canned, condensed",sr_legacy_food,6,2019-04-01,83.7,0.8,3.92,11.3
171542,"Soup, chicken broth, canned, condensed",sr_legacy_food,6,2019-04-01,30.0,4.42,1.04,0.75
171543,"Soup, chicken noodle, canned, condensed",sr_legacy_food,6,2019-04-01,47.7,2.37,1.55,6.07
171544,"Soup, chicken rice, canned, chunky, ready-to-serve",sr_legacy_food,6,2019-04-01,54.0,5.11,1.33,5.41
171545,"Soup, chicken with rice, canned, condensed",sr_legacy_food,6,2019-04-01,67.7,1.84,1.56,11.57
171546,"Soup, chicken and vegetable, canned, ready-to-serve",sr_legacy_food,6,2019-04-01,33.2,1.97,0.73,4.68
171547,"Soup, clam chowder, new england, canned, condensed",sr_legacy_food,6,2019-04-01,72.5,3.17,2.06,10.32
171548,"Soup, beef broth bouillon and consomme, canned, condensed",sr_legacy_food,6,2019-04-01,11.4,2.52,0.0,0.32
171549,"Soup, lentil with ham, canned, ready-to-serve",sr_legacy_food,6,2019-04-01,57.7,3.74,1.12,8.16
171550,"Soup, minestrone, canned, chunky, ready-to-serve",sr_legacy_food,6,2019-04-01,53.6,2.13,1.17,8.64
171551,"Soup, onion, canned, condensed",sr_legacy_food,6,2019-04-01,51.7,3.06,1.42,6.68
171552,"Soup, cream of onion, canned, condensed",sr_legacy_food,6,2019-04-01,88.2,2.2,4.2,10.4
171553,"Soup, oyster stew, canned, condensed",sr_legacy_food,6,2019-04-01,48.3,1.72,3.13,3.32
171554,"Soup, pea, green, canned, condensed",sr_legacy_food,6,2019-04-01,127.0,6.54,2.23,20.18
171555,"Soup, pea, split with ham, canned, chunky, ready-to-serve",sr_legacy_food,6,2019-04-01,78.1,4.62,1.66,11.17
171556,"CAMPBELL'S, Chicken Noodle Soup, condensed",sr_legacy_food,6,2019-04-01,47.1,2.37,1.53,5.97
171557,"Soup, tomato rice, canned, condensed",sr_legacy_food,6,2019-04-01,94.0,1.64,2.12,17.08
171558,"Soup, turkey, chunky, canned, ready-to-serve",sr_legacy_food,6,2019-04-01,58.0,4.33,1.87,5.96
171559,"Soup, chunky vegetable, canned, ready-to-serve",sr_legacy_food,6,2019-04-01,39.4,1.14,0.36,7.9
171560,"Soup, beef broth or bouillon, powder, dry",sr_legacy_food,6,2019-04-01,213.5,15.97,8.89,17.4
171561,"Soup, beef broth, cubed, dry",sr_legacy_food,6,2019-04-01,169.6,17.3,4.0,16.1
171562,"Soup, chicken broth or bouillon, dry",sr_legacy_food,6,2019-04-01,263.6,16.66,13.88,18.01
171563,"Soup, chicken broth cubes, dry",sr_legacy_food,6,2019-04-01,194.7,14.6,4.7,23.5
171564,"Gravy, beef, canned, ready-to-serve",sr_legacy_food,6,2019-04-01,55.5,3.75,2.36,4.81
171565,"Gravy, brown, dry",sr_legacy_food,6,2019-04-01,367.0,10.74,9.61,59.38
171566,"Gravy, chicken, canned or bottled, ready-to-serve",sr_legacy_food,6,2019-04-01,47.6,0.71,2.62,5.29
171567,"Gravy, chicken, dry",sr_legacy_food,6,2019-04-01,381.0,11.27,9.73,62.09
171568,"Gravy, turkey, canned, ready-to-serve",sr_legacy_food,6,2019-04-01,49.7,2.6,2.1,5.1
171569,"Gravy, turkey, dry",sr_legacy_food,6,2019-04-01,366.9,10.42,7.19,65.12
171570,"Gravy, unspecified type, dry",sr_legacy_food,6,2019-04-01,356.0,13.0,8.0,58.0
171571,"Soup, chicken noodle, dry, mix",sr_legacy_food,6,2019-04-01,369.6,15.42,6.51,62.32
171572,"Soup, beef mushroom, canned, prepared with equal volume water",sr_legacy_food,6,2019-04-01,31.0,2.37,1.23,2.6
171573,"Soup, chicken mushroom, canned, prepared with equal volume water",sr_legacy_food,6,2019-04-01,56.2,1.8,3.75,3.8
171574,"Soup, tomato bisque, canned, prepared with equal volume water",sr_legacy_food,6,2019-04-01,51.3,0.92,1.02,9.6
171575,"Sauce, peanut, made from coconut, water, sugar, peanuts",sr_legacy_food,6,2019-04-01,179.0,2.02,6.34,28.46
171576,"SMART SOUP, Santa Fe Corn Chowder",sr_legacy_food,6,2019-04-01,59.2,2.0,0.71,11.2
171577,"SMART SOUP, French Lentil",sr_legacy_food,6,2019-04-01,59.1,2.9,1.06,9.5
171578,"SMART SOUP, Greek Minestrone",sr_legacy_food,6,2019-04-01,45.2,1.7,0.53,8.4
171579,"Sauce, pesto, ready-to-serve, refrigerated",sr_legacy_food,6,2019-04-01,418.1,9.83,37.6,10.09
171580,"Sauce, pesto, ready-to-serve, shelf stable",sr_legacy_food,6,2019-04-01,426.3,5.0,42.42,6.14
171581,"Sauce, pesto, BUITONI, pesto with basil, ready-to-serve, refrigerated",sr_legacy_food,6,2019-04-01,418.1,9.83,37.6,10.09
171582,"Sauce, pesto, CLASSICO, basil pesto, ready-to-serve",sr_legacy_food,6,2019-04-01,371.8,4.16,36.38,6.93
171583,"Soup, vegetable broth, ready to serve",sr_legacy_food,6,2019-04-01,5.3,0.24,0.07,0.93
171584,"Sauce, cheese sauce mix, dry",sr_legacy_food,6,2019-04-01,437.8,7.68,18.33,60.52
171585,"Soup, chicken corn chowder, chunky, ready-to-serve, single brand",sr_legacy_food,6,2019-04-01,99.1,3.1,6.3,7.5
171586,"Soup, bean with bacon, condensed, single brand",sr_legacy_food,6,2019-04-01,116.9,6.5,2.1,18.0
171587,"Soup, tomato, canned, condensed, reduced sodium",sr_legacy_food,6,2019-04-01,65.1,1.61,0.56,13.41
171588,"Gravy, brown instant, dry",sr_legacy_food,6,2019-04-01,379.9,8.53,11.85,59.78
171589,"Gravy, instant beef, dry",sr_legacy_food,6,2019-04-01,368.9,9.8,9.48,61.1
171590,"Gravy, instant turkey, dry",sr_legacy_food,6,2019-04-01,409.1,11.72,14.66,57.56
171591,"Soup, tomato, low sodium, with water",sr_legacy_food,6,2019-04-01,32.0,0.79,0.28,6.57
171592,"Soup, pea, low sodium, prepared with equal volume water",sr_legacy_food,6,2019-04-01,62.1,3.2,1.09,9.88
171593,"Soup, chicken noodle, low sodium, canned, prepared with equal volume water",sr_legacy_food,6,2019-04-01,25.4,1.27,0.95,2.95
171594,"Soup, vegetable soup, condensed, low sodium, prepared with equal volume water",sr_legacy_food,6,2019-04-01,32.7,1.1,0.45,6.06
171595,"Sauce, tomato chili sauce, bottled, with salt",sr_legacy_food,6,2019-04-01,91.9,2.5,0.3,19.79
171596,"Soup, vegetable chicken, canned, prepared with water, low sodium",sr_legacy_food,6,2019-04-01,73.4,5.1,2.0,8.76
171597,"Sauce, pasta, spaghetti/marinara, ready-to-serve, low sodium",sr_legacy_food,6,2019-04-01,51.2,1.41,1.48,8.06
171598,"Gravy, meat or poultry, low sodium, prepared",sr_legacy_food,6,2019-04-01,61.4,3.8,2.4,6.16
171599,"Gravy, HEINZ Home Style, savory beef",sr_legacy_food,6,2019-04-01,39.5,1.09,1.13,6.24
171600,"Gravy, CAMPBELL'S, chicken",sr_legacy_food,6,2019-04-01,51.2,0.79,2.73,5.87
171601,"Barbecue loaf, pork, beef",sr_legacy_food,7,2019-04-01,169.1,15.84,8.9,6.4
171602,"Soup, cream of chicken, canned, condensed, reduced sodium",sr_legacy_food,6,2019-04-01,56.9,1.8,1.3,9.5
171603,"Sauce, alfredo mix, dry",sr_legacy_food,6,2019-04-01,534.5,15.32,36.35,36.52
171604,"Sauce, peppers, hot, chili, mature red, canned",sr_legacy_food,6,2019-04-01,24.6,0.9,0.6,3.9
171605,"Sauce, chili, peppers, hot, immature green, canned",sr_legacy_food,6,2019-04-01,23.7,0.7,0.1,5.0
171606,Fish broth,sr_legacy_food,6,2019-04-01,15.0,2.0,0.6,0.4
171607,"Soup, cream of mushroom, low sodium, ready-to-serve, canned",sr_legacy_food,6,2019-04-01,55.4,1.0,3.7,4.53
171608,"Potato soup, instant, dry mix",sr_legacy_food,6,2019-04-01,369.3,9.2,3.1,76.14
171609,"Soup, chicken broth, low sodium, canned",sr_legacy_food,6,2019-04-01,18.2,2.0,0.6,1.2
171610,"Sauce, worcestershire",sr_legacy_food,6,2019-04-01,76.7,0.0,0.0,19.17
171611,"Soup, beef and mushroom, low sodium, chunk style",sr_legacy_food,6,2019-04-01,76.2,4.3,2.3,9.58
171612,"Soup, beef stroganoff, canned, chunky style, ready-to-serve",sr_legacy_food,6,2019-04-01,97.8,5.1,4.6,9.0
171613,"Soup, bouillon cubes and granules, low sodium, dry",sr_legacy_food,6,2019-04-01,451.3,16.7,13.89,64.88
171614,"Soup, ramen noodle, beef flavor, dry",sr_legacy_food,6,2019-04-01,441.2,10.06,17.73,60.34
171615,"Soup, ramen noodle, chicken flavor, dry",sr_legacy_food,6,2019-04-01,439.5,10.22,17.52,60.23
171616,"Beerwurst, beer salami, pork",sr_legacy_food,7,2019-04-01,234.4,14.24,18.8,2.06
171617,"Sausage, Berliner, pork, beef",sr_legacy_food,7,2019-04-01,226.2,15.27,17.2,2.59
171618,Blood sausage,sr_legacy_food,7,2019-04-01,374.1,14.6,34.5,1.29
171619,"Bockwurst, pork, veal, raw",sr_legacy_food,7,2019-04-01,300.8,14.03,25.87,2.95
171620,"Bratwurst, pork, cooked",sr_legacy_food,7,2019-04-01,328.9,13.72,29.18,2.85
171621,"Braunschweiger (a liver sausage), pork",sr_legacy_food,7,2019-04-01,326.9,14.5,28.5,3.1
171622,"Bratwurst, pork, beef, link",sr_legacy_food,7,2019-04-01,319.3,14.3,27.8,2.98
171623,"Cheesefurter, cheese smokie, pork, beef",sr_legacy_food,7,2019-04-01,323.4,14.1,29.0,1.51
171624,"Frankfurter, chicken",sr_legacy_food,7,2019-04-01,218.7,15.51,16.19,2.74
171625,"Frankfurter, turkey",sr_legacy_food,7,2019-04-01,219.8,12.23,17.29,3.81
171626,"Ham, chopped, canned",sr_legacy_food,7,2019-04-01,234.7,16.06,18.83,0.26
171627,"Ham, chopped, not canned",sr_legacy_food,7,2019-04-01,216.3,16.5,16.7,0.0
171628,Ham and cheese loaf or roll,sr_legacy_food,7,2019-04-01,238.7,13.6,18.7,4.0
171629,Ham and cheese spread,sr_legacy_food,7,2019-04-01,240.6,16.18,18.53,2.28
171630,"Headcheese, pork",sr_legacy_food,7,2019-04-01,153.4,13.83,10.9,0.0
171631,"Sausage, Italian, pork, mild, raw",sr_legacy_food,7,2019-04-01,285.8,13.9,24.26,2.97
171632,"Sausage, pork and turkey, pre-cooked",sr_legacy_food,7,2019-04-01,338.5,12.05,30.64,3.63
171633,"Frankfurter, meat and poultry, cooked, boiled",sr_legacy_food,7,2019-04-01,297.6,10.31,26.28,4.96
171634,"Frankfurter, meat and poultry, cooked, grilled",sr_legacy_food,7,2019-04-01,301.5,10.67,26.43,5.24
171635,"Pork sausage, link/patty, reduced fat, unprepared",sr_legacy_food,7,2019-04-01,216.8,16.75,16.55,0.2
171636,"Pork sausage, link/patty, reduced fat, cooked, pan-fried",sr_legacy_food,7,2019-04-01,267.2,20.94,20.32,0.15
171637,"Bologna, meat and poultry",sr_legacy_food,7,2019-04-01,280.5,10.34,23.77,6.31
171638,"Meatballs, frozen, Italian style",sr_legacy_food,7,2019-04-01,289.7,14.4,22.21,8.06
171639,"Bacon, turkey, microwaved",sr_legacy_food,7,2019-04-01,367.8,29.5,25.87,4.24
171640,"Bacon, turkey, low sodium",sr_legacy_food,7,2019-04-01,252.5,13.33,20.0,4.8
171641,"Cereals ready-to-eat, POST, ALPHA-BITS",sr_legacy_food,8,2019-04-01,402.6,10.0,4.6,80.3
171642,"Cereals ready-to-eat, QUAKER, CAP'N CRUNCH",sr_legacy_food,8,2019-04-01,405.7,4.39,5.12,85.51
171643,"Cereals ready-to-eat, QUAKER, CAP'N CRUNCH with CRUNCHBERRIES",sr_legacy_food,8,2019-04-01,405.0,4.45,4.83,85.93
171644,"Cereals ready-to-eat, QUAKER, CAP'N CRUNCH'S PEANUT BUTTER CRUNCH",sr_legacy_food,8,2019-04-01,426.1,7.1,9.23,78.65
171645,"Cereals ready-to-eat, POST, FRUITY PEBBLES",sr_legacy_food,8,2019-04-01,399.1,4.62,4.02,86.1
171646,"Cereals ready-to-eat, granola, homemade",sr_legacy_food,8,2019-04-01,489.0,13.67,24.31,53.88
171647,"Cereals ready-to-eat, POST, GRAPE-NUTS Cereal",sr_legacy_food,8,2019-04-01,383.1,11.22,1.81,80.49
171648,"Cereals ready-to-eat, POST, GRAPE-NUTS Flakes",sr_legacy_food,8,2019-04-01,398.9,9.4,3.7,82.0
171649,"Cereals ready-to-eat, QUAKER, SWEET CRUNCH/QUISP",sr_legacy_food,8,2019-04-01,412.9,4.51,6.08,85.03
171650,"Cereals ready-to-eat, POST Raisin Bran Cereal",sr_legacy_food,8,2019-04-01,360.4,7.6,1.6,78.9
171651,"Cereals ready-to-eat, QUAKER, QUAKER Puffed Rice",sr_legacy_food,8,2019-04-01,387.3,7.01,0.9,87.78
171652,"Cereals ready-to-eat, POST, GOLDEN CRISP",sr_legacy_food,8,2019-04-01,397.7,5.5,1.7,90.1
171653,"Cereals ready-to-eat, SUN COUNTRY, KRETSCHMER Honey Crunch Wheat Germ",sr_legacy_food,8,2019-04-01,408.7,26.55,7.78,58.11
171654,"Cereals, corn grits, white, regular and quick, enriched, dry",sr_legacy_food,8,2019-04-01,362.7,7.65,1.75,79.09
171655,"Cereals, corn grits, white, regular and quick, enriched, cooked with water, without salt",sr_legacy_food,8,2019-04-01,70.0,1.71,0.46,14.76
171656,"Cereals, QUAKER, corn grits, instant, plain, dry",sr_legacy_food,8,2019-04-01,362.2,7.31,2.14,78.42
171657,"Cereals, CREAM OF WHEAT, regular (10 minute), cooked with water, without salt",sr_legacy_food,8,2019-04-01,49.7,1.44,0.21,10.52
171658,"Cereals, farina, enriched, assorted brands including CREAM OF WHEAT, quick (1-3 minutes), dry",sr_legacy_food,8,2019-04-01,351.8,11.6,1.41,73.19
171659,"Cereals, farina, enriched, assorted brands including CREAM OF WHEAT, quick (1-3 minutes), cooked with water, without salt",sr_legacy_food,8,2019-04-01,54.0,1.82,0.34,10.92
171660,"Cereals, CREAM OF WHEAT, instant, dry",sr_legacy_food,8,2019-04-01,357.0,10.6,1.4,75.5
171661,"Cereals, oats, instant, fortified, plain, dry",sr_legacy_food,8,2019-04-01,387.9,11.92,6.9,69.52
171662,"Cereals, oats, instant, fortified, plain, prepared with water (boiling water added or microwaved)",sr_legacy_food,8,2019-04-01,68.4,2.37,1.36,11.67
171663,"Cereals, QUAKER, Instant Oatmeal, apples and cinnamon, dry",sr_legacy_food,8,2019-04-01,382.9,8.62,4.61,76.74
171664,"Cereals, oats, instant, fortified, with cinnamon and spice, dry",sr_legacy_food,8,2019-04-01,386.0,9.53,4.84,76.08
171665,"Cereals, WHEATENA, dry",sr_legacy_food,8,2019-04-01,380.9,13.1,2.9,75.6
171666,"Cereals, WHEATENA, cooked with water",sr_legacy_food,8,2019-04-01,59.7,2.0,0.5,11.8
171667,"Cereals, whole wheat hot natural cereal, dry",sr_legacy_food,8,2019-04-01,363.6,11.2,2.0,75.2
171668,"Cereals, whole wheat hot natural cereal, cooked with water, without salt",sr_legacy_food,8,2019-04-01,66.4,2.0,0.4,13.7
171669,"Cereals ready-to-eat, QUAKER, QUAKER Puffed Wheat",sr_legacy_food,8,2019-04-01,390.0,16.26,2.15,76.39
171670,"Cereals, corn grits, yellow, regular and quick, unenriched, dry",sr_legacy_food,8,2019-04-01,364.4,8.8,1.2,79.6
171671,"Cereals, corn grits, white, regular and quick, enriched, cooked with water, with salt",sr_legacy_food,8,2019-04-01,70.0,1.71,0.46,14.76
171672,"Cereals, corn grits, yellow, regular and quick, enriched, cooked with water, without salt",sr_legacy_food,8,2019-04-01,63.9,1.23,0.39,13.86
171673,"Cereals, corn grits, yellow, regular, quick, enriched, cooked with water, with salt",sr_legacy_food,8,2019-04-01,63.9,1.23,0.39,13.86
171674,"Cereals, MALT-O-MEAL, chocolate, dry",sr_legacy_food,8,2019-04-01,368.0,10.6,0.82,79.55
171675,"Cereals, oats, regular and quick and instant, unenriched, cooked with water (includes boiling and microwaving), with salt",sr_legacy_food,8,2019-04-01,71.8,2.54,1.52,12.0
171676,"Cereals, WHEATENA, cooked with water, with salt",sr_legacy_food,8,2019-04-01,59.1,2.03,0.45,11.74
171677,"Cereals, whole wheat hot natural cereal, cooked with water, with salt",sr_legacy_food,8,2019-04-01,66.4,2.0,0.4,13.7
171678,"Cereals, ready-to-eat, MALT-O-MEAL, Blueberry Mini SPOONERS",sr_legacy_food,8,2019-04-01,370.1,8.81,1.92,79.4
171679,"Cereals ready-to-eat, MALT-O-MEAL, OAT BLENDERS with honey",sr_legacy_food,8,2019-04-01,404.4,6.78,4.17,84.94
171680,"Cereals ready-to-eat, MALT-O-MEAL, OAT BLENDERS with honey & almonds",sr_legacy_food,8,2019-04-01,384.2,7.8,4.88,77.26
171681,"Cereals ready-to-eat, MALT-O-MEAL, Honey Nut SCOOTERS",sr_legacy_food,8,2019-04-01,393.4,8.59,4.51,79.62
171682,"Cereals, QUAKER, Instant Oatmeal, Cinnamon Swirl, high fiber",sr_legacy_food,8,2019-04-01,381.0,8.79,4.8,75.67
171683,"Cereals, QUAKER, oatmeal, REAL MEDLEYS, blueberry hazelnut, dry",sr_legacy_food,8,2019-04-01,405.3,9.81,9.8,69.47
171684,"Cereals, QUAKER, oatmeal, REAL MEDLEYS, apple walnut, dry",sr_legacy_food,8,2019-04-01,408.1,8.18,10.36,70.53
171685,"Cereals, QUAKER, oatmeal, REAL MEDLEYS, summer berry, dry",sr_legacy_food,8,2019-04-01,375.2,11.31,4.4,72.58
171686,"Acerola, (west indian cherry), raw",sr_legacy_food,9,2019-04-01,35.1,0.4,0.3,7.69
171687,"Acerola juice, raw",sr_legacy_food,9,2019-04-01,23.5,0.4,0.3,4.8
171688,"Apples, raw, with skin (Includes foods for USDA's Food Distribution Program)",sr_legacy_food,9,2019-04-01,57.8,0.26,0.17,13.81
171689,"Apples, raw, without skin",sr_legacy_food,9,2019-04-01,53.3,0.27,0.13,12.76
171690,"Apples, dehydrated (low moisture), sulfured, stewed",sr_legacy_food,9,2019-04-01,81.8,0.28,0.12,19.91
171691,"Apples, dried, sulfured, uncooked",sr_legacy_food,9,2019-04-01,270.2,0.93,0.32,65.89
171692,"Apples, dried, sulfured, stewed, without added sugar",sr_legacy_food,9,2019-04-01,62.8,0.22,0.07,15.32
171693,"Apples, dried, sulfured, stewed, with added sugar",sr_legacy_food,9,2019-04-01,84.4,0.2,0.07,20.73
171694,"Apples, frozen, unsweetened, unheated (Includes foods for USDA's Food Distribution Program)",sr_legacy_food,9,2019-04-01,53.2,0.28,0.32,12.31
171695,"Applesauce, canned, unsweetened, without added ascorbic acid (Includes foods for USDA's Food Distribution Program)",sr_legacy_food,9,2019-04-01,46.7,0.17,0.1,11.27
171696,"Applesauce, canned, sweetened, without salt",sr_legacy_food,9,2019-04-01,72.1,0.16,0.17,17.49
171697,"Apricots, raw",sr_legacy_food,9,2019-04-01,53.6,1.4,0.39,11.12
171698,"Apricots, canned, water pack, with skin, solids and liquids",sr_legacy_food,9,2019-04-01,29.8,0.71,0.16,6.39
171699,"Apricots, canned, heavy syrup pack, with skin, solids and liquids",sr_legacy_food,9,2019-04-01,88.7,0.53,0.08,21.47
171700,"Apricots, canned, heavy syrup pack, without skin, solids and liquids",sr_legacy_food,9,2019-04-01,88.6,0.51,0.09,21.45
171701,"Apricots, canned, extra heavy syrup pack, without skin, solids and liquids",sr_legacy_food,9,2019-04-01,102.0,0.55,0.04,24.85
171702,"Apricots, dehydrated (low-moisture), sulfured, uncooked",sr_legacy_food,9,2019-04-01,356.7,4.9,0.62,82.89
171703,"Apricots, frozen, sweetened",sr_legacy_food,9,2019-04-01,104.1,0.7,0.1,25.1
171704,"Apricot nectar, canned, with added ascorbic acid",sr_legacy_food,9,2019-04-01,59.2,0.17,0.45,13.63
171705,"Avocados, raw, all commercial varieties",sr_legacy_food,9,2019-04-01,174.1,2.0,14.66,8.53
171706,"Avocados, raw, California",sr_legacy_food,9,2019-04-01,181.1,1.96,15.41,8.64
171707,"Avocados, raw, Florida",sr_legacy_food,9,2019-04-01,130.7,2.23,10.06,7.82
171708,"Cherries, tart, dried, sweetened (Includes foods for USDA's Food Distribution Program)",sr_legacy_food,9,2019-04-01,333.4,1.25,0.73,80.45
171709,"Blackberries, canned, heavy syrup, solids and liquids",sr_legacy_food,9,2019-04-01,98.9,1.31,0.14,23.1
171710,"Blackberries, frozen, unsweetened",sr_legacy_food,9,2019-04-01,71.3,1.18,0.43,15.67
171711,"Blueberries, raw",sr_legacy_food,9,2019-04-01,63.9,0.74,0.33,14.49
171712,"Boysenberries, canned, heavy syrup",sr_legacy_food,9,2019-04-01,94.3,0.99,0.12,22.31
171713,"Boysenberries, frozen, unsweetened",sr_legacy_food,9,2019-04-01,55.5,1.1,0.26,12.19
171714,"Breadfruit, raw",sr_legacy_food,9,2019-04-01,114.8,1.07,0.23,27.12
171715,"Carambola, (starfruit), raw",sr_legacy_food,9,2019-04-01,34.1,1.04,0.33,6.73
171716,"Cherries, sour, red, canned, heavy syrup pack, solids and liquids",sr_legacy_food,9,2019-04-01,96.9,0.73,0.1,23.27
171717,"Cherries, sour, red, canned, extra heavy syrup pack, solids and liquids",sr_legacy_food,9,2019-04-01,120.6,0.71,0.09,29.23
171718,"Cherries, sour, red, frozen, unsweetened (Includes foods for USDA's Food Distribution Program)",sr_legacy_food,9,2019-04-01,51.7,0.92,0.44,11.02
171719,"Cherries, sweet, raw",sr_legacy_food,9,2019-04-01,70.1,1.06,0.2,16.01
171720,"Cherries, sweet, canned, extra heavy syrup pack, solids and liquids",sr_legacy_food,9,2019-04-01,108.6,0.59,0.15,26.23
171721,"Crabapples, raw",sr_legacy_food,9,2019-04-01,84.1,0.4,0.3,19.95
171722,"Cranberries, raw",sr_legacy_food,9,2019-04-01,50.9,0.46,0.13,11.97
171723,"Cranberries, dried, sweetened (Includes foods for USDA's Food Distribution Program)",sr_legacy_food,9,2019-04-01,341.7,0.17,1.09,82.8
171724,"Currants, zante, dried",sr_legacy_food,9,2019-04-01,323.6,3.43,0.22,76.98
171725,"Custard-apple, (bullock's-heart), raw",sr_legacy_food,9,2019-04-01,113.0,1.7,0.6,25.2
171726,"Dates, deglet noor",sr_legacy_food,9,2019-04-01,313.4,2.45,0.39,75.03
171727,"Elderberries, raw",sr_legacy_food,9,2019-04-01,80.7,0.66,0.5,18.4
171728,"Beef, Australian, imported, grass-fed,  external fat, raw",sr_legacy_food,13,2019-04-01,509.1,11.32,51.36,0.39
171729,"Beef, Australian, imported, grass-fed, seam fat, raw",sr_legacy_food,13,2019-04-01,562.1,9.58,57.73,1.06
171730,"Beef, Australian, imported, Wagyu, external fat, Aust. marble score 4/5, raw",sr_legacy_food,13,2019-04-01,595.6,6.54,63.27,0.0
171731,"Beef, Australian, imported, Wagyu, seam fat, Aust. marble score 4/5, raw",sr_legacy_food,13,2019-04-01,593.7,6.0,63.3,0.0
171732,"Beef, Australian, imported, Wagyu, loin, tenderloin steak/roast, boneless, separable lean and fat, Aust. marble score 4/5, raw",sr_legacy_food,13,2019-04-01,205.6,19.71,14.09,0.0
171733,"Beef, Australian, imported, grass-fed, loin, top loin steak/roast, boneless, separable lean and fat, raw",sr_legacy_food,13,2019-04-01,198.6,19.9,13.17,0.11
171734,"Beef, Australian, imported, grass-fed, loin, top sirloin cap-off steak/roast, boneless, separable lean only, raw",sr_legacy_food,13,2019-04-01,122.4,21.9,3.87,0.0
171735,"Beef, Australian, imported, grass-fed, rib, ribeye steak/roast lip-on, boneless, separable lean only, raw",sr_legacy_food,13,2019-04-01,159.7,21.47,8.2,0.0
171736,"Beef, Australian, imported, Wagyu, loin, top loin steak/roast, boneless, separable lean only, Aust. marble score 9, raw",sr_legacy_food,13,2019-04-01,330.5,16.92,29.15,0.13
171737,"Beef, Australian, imported, Wagyu, rib, small end rib steak/roast, boneless, separable lean only, Aust. marble score 4/5, raw",sr_legacy_food,13,2019-04-01,233.8,20.35,16.93,0.0
171738,"Beef, Australian, imported, Wagyu, rib, small end rib steak/roast, boneless, separable lean only, Aust. marble score 9, raw",sr_legacy_food,13,2019-04-01,329.8,17.61,28.61,0.46
171739,"Beef, Australian, imported, grass-fed, loin, top sirloin cap-off steak/roast, boneless, separable lean and fat, raw",sr_legacy_food,13,2019-04-01,127.2,21.77,4.45,0.01
171740,"Beef, Australian, imported, Wagyu, rib, small end rib steak/roast, boneless, separable lean and fat, Aust. marble score 4/5, raw",sr_legacy_food,13,2019-04-01,317.0,17.07,27.64,0.0
171741,"Beef, Australian, imported, Wagyu, rib, small end rib steak/roast, boneless, separable lean and fat, Aust. marble score 9, raw",sr_legacy_food,13,2019-04-01,404.0,14.54,38.3,0.28
171742,"Beef, Australian, imported, Wagyu, loin, tenderloin steak/roast, boneless, separable lean and fat, Aust. marble score 9, raw",sr_legacy_food,13,2019-04-01,248.3,18.5,19.11,0.58
171743,"Beef, round, top round steak, boneless, separable lean and fat, trimmed to 0"" fat, all grades, raw",sr_legacy_food,13,2019-04-01,124.0,23.49,3.34,0.0
171744,"Beef, round, top round roast, boneless, separable lean and fat, trimmed to 0"" fat, select, raw",sr_legacy_food,13,2019-04-01,121.1,23.44,3.04,0.0
171745,"Beef, round, eye of round roast, boneless, separable lean and fat, trimmed to 0"" fat, all grades, raw",sr_legacy_food,13,2019-04-01,124.0,23.27,3.44,0.0
171746,"Beef, round, eye of round roast, boneless, separable lean and fat, trimmed to 0"" fat, choice, raw",sr_legacy_food,13,2019-04-01,126.7,23.26,3.74,0.0
171747,"Beef, round, eye of round roast, boneless, separable lean and fat, trimmed to 0"" fat, select, raw",sr_legacy_food,13,2019-04-01,120.1,23.28,3.0,0.0
171748,"Beef, loin, tenderloin roast, boneless, separable lean and fat, trimmed to 0"" fat, choice, raw",sr_legacy_food,13,2019-04-01,152.6,21.5,7.4,0.0
171749,"Beef, loin, tenderloin roast, boneless, separable lean and fat, trimmed to 0"" fat, select, raw",sr_legacy_food,13,2019-04-01,143.5,21.91,6.21,0.0
171750,"Beef, loin, top loin steak, boneless, lip off, separable lean and fat, trimmed to 0"" fat, all grades, raw",sr_legacy_food,13,2019-04-01,163.2,22.43,8.17,0.0
171751,"Beef, loin, top loin steak, boneless, lip off, separable lean and fat, trimmed to 0"" fat, choice, raw",sr_legacy_food,13,2019-04-01,171.2,22.19,9.16,0.0
171752,"Beef, loin, top loin steak, boneless, lip off, separable lean and fat, trimmed to 0"" fat, select, raw",sr_legacy_food,13,2019-04-01,151.2,22.79,6.67,0.0
171753,"Beef, loin, tenderloin roast, boneless, separable lean and fat, trimmed to 0"" fat, choice, cooked, roasted",sr_legacy_food,13,2019-04-01,188.4,27.26,8.82,0.0
171754,"Beef, loin, tenderloin roast, boneless, separable lean and fat, trimmed to 0"" fat, select, cooked, roasted",sr_legacy_food,13,2019-04-01,173.6,27.38,7.12,0.0
171755,"Beef, round, top round roast, boneless, separable lean and fat, trimmed to 0"" fat, all grades, cooked, roasted",sr_legacy_food,13,2019-04-01,160.0,29.9,4.49,0.0
171756,"Beef, round, top round roast, boneless, separable lean and fat, trimmed to 0"" fat, choice, cooked, roasted",sr_legacy_food,13,2019-04-01,163.4,30.08,4.79,0.0
171757,"Beef, round, top round steak, boneless, separable lean only, trimmed to 0"" fat, all grades, raw",sr_legacy_food,13,2019-04-01,120.8,23.59,2.94,0.0
171758,"Beef, round, top round steak, boneless, separable lean only, trimmed to 0"" fat, choice, raw",sr_legacy_food,13,2019-04-01,123.7,23.59,3.26,0.0
171759,"Beef, round, top round steak, boneless, separable lean only, trimmed to 0"" fat, select, raw",sr_legacy_food,13,2019-04-01,116.4,23.59,2.45,0.0
171760,"Beef, round, top round roast, boneless, separable lean only, trimmed to 0"" fat, all grades, raw",sr_legacy_food,13,2019-04-01,120.8,23.59,2.94,0.0
171761,"Beef, round, eye of round roast, boneless, separable lean only, trimmed to 0"" fat, select, raw",sr_legacy_food,13,2019-04-01,116.3,23.41,2.52,0.0
171762,"Beef, round, eye of round steak, boneless, separable lean only, trimmed to 0"" fat, all grades, raw",sr_legacy_food,13,2019-04-01,120.8,23.37,3.04,0.0
171763,"Beef, round, eye of round steak, boneless, separable lean only, trimmed to 0"" fat, choice, raw",sr_legacy_food,13,2019-04-01,123.8,23.35,3.38,0.0
171764,"Beef, round, eye of round steak, boneless, separable lean only, trimmed to 0"" fat, select, raw",sr_legacy_food,13,2019-04-01,116.3,23.41,2.52,0.0
171765,"Beef, loin, tenderloin roast, boneless, separable lean only, trimmed to 0"" fat, all grades, raw",sr_legacy_food,13,2019-04-01,139.4,21.94,5.74,0.0
171766,"Beef, loin, top loin steak, boneless, lip off, separable lean only, trimmed to 0"" fat, select, raw",sr_legacy_food,13,2019-04-01,135.1,23.3,4.66,0.0
171767,"Beef, loin, tenderloin steak, boneless, separable lean only, trimmed to 0"" fat, all grades, raw",sr_legacy_food,13,2019-04-01,139.4,21.94,5.74,0.0
171768,"Beef, loin, tenderloin steak, boneless, separable lean only, trimmed to 0"" fat, choice, raw",sr_legacy_food,13,2019-04-01,142.6,21.78,6.16,0.0
171769,"Beef, loin, tenderloin steak, boneless, separable lean only, trimmed to 0"" fat, select, raw",sr_legacy_food,13,2019-04-01,134.5,22.16,5.1,0.0
171770,"Beef, round, top round roast, boneless, separable lean only, trimmed to 0"" fat, choice, cooked, roasted",sr_legacy_food,13,2019-04-01,158.2,30.24,4.11,0.06
171771,"Beef, round, top round roast, boneless, separable lean only, trimmed to 0"" fat, select, cooked, roasted",sr_legacy_food,13,2019-04-01,149.6,29.81,3.37,0.0
171772,"Beef, round, eye of round steak, boneless, separable lean only, trimmed to 0"" fat, all grades, cooked, grilled",sr_legacy_food,13,2019-04-01,154.5,29.85,3.9,0.0
171773,"Beef, round, eye of round steak, boneless, separable lean only, trimmed to 0"" fat, choice, cooked, grilled",sr_legacy_food,13,2019-04-01,158.1,29.94,4.26,0.0
171774,"Beef, loin, top loin steak, boneless, lip-on, separable lean and fat, trimmed to 1/8"" fat, select, raw",sr_legacy_food,13,2019-04-01,191.0,21.54,11.65,0.0
171775,"Beef, loin, top loin steak, boneless, lip-on, separable lean and fat, trimmed to 1/8"" fat, all grades, raw",sr_legacy_food,13,2019-04-01,199.3,21.29,12.68,0.0
171776,"Beef, composite of trimmed retail cuts, separable lean only, trimmed to 0"" fat, select, raw",sr_legacy_food,13,2019-04-01,133.0,22.03,4.99,0.0
171777,"Beef, composite of trimmed retail cuts, separable lean and fat, trimmed to 0"" fat, select, raw",sr_legacy_food,13,2019-04-01,156.8,21.2,8.0,0.0
171778,"Beef, composite of trimmed retail cuts, separable lean only, trimmed to 1/8"" fat, select, cooked",sr_legacy_food,13,2019-04-01,167.4,27.51,6.37,0.0
171779,"Beef, composite of trimmed retail cuts, separable lean only, trimmed to 1/8"" fat, select, raw",sr_legacy_food,13,2019-04-01,130.4,22.37,4.55,0.0
171780,"Beef, chuck, clod roast, separable lean only, trimmed to 1/4"" fat, all grades, cooked, roasted",sr_legacy_food,13,2019-04-01,166.2,26.36,6.75,0.0
171781,"Beef, shoulder steak, boneless, separable lean only, trimmed to 0"" fat, all grades, cooked, grilled",sr_legacy_food,13,2019-04-01,166.8,28.6,5.82,0.0
171782,"Beef, chuck, clod steak, separable lean only, trimmed to 1/4"" fat, all grades, cooked, braised",sr_legacy_food,13,2019-04-01,180.7,29.34,7.04,0.0
171783,"Beef, chuck, mock tender steak, separable lean and fat, trimmed to 0"" fat, USDA choice, cooked, broiled",sr_legacy_food,13,2019-04-01,154.4,25.73,5.72,0.0
171784,"Beef, chuck, clod roast, separable lean and fat, trimmed to 0"" fat, select, cooked, roasted",sr_legacy_food,13,2019-04-01,188.0,27.3,8.76,0.0
171785,"Beef, shoulder steak, boneless, separable lean and fat, trimmed to 0"" fat, choice, cooked, grilled",sr_legacy_food,13,2019-04-01,178.1,28.22,7.25,0.0
171786,"Beef, shoulder steak, boneless, separable lean and fat, trimmed to 0"" fat, select, cooked, grilled",sr_legacy_food,13,2019-04-01,168.9,28.41,6.14,0.0
171787,"Beef, plate, inside skirt steak, separable lean and fat, trimmed to 0"" fat, all grades, cooked, broiled",sr_legacy_food,13,2019-04-01,213.0,26.13,12.05,0.0
171788,"Beef, plate, outside skirt steak, separable lean and fat, trimmed to 0"" fat, all grades, cooked, broiled",sr_legacy_food,13,2019-04-01,248.2,23.51,17.13,0.0
171789,"Beef, shoulder steak, boneless, separable lean and fat, trimmed to 0"" fat, all grades, cooked, grilled",sr_legacy_food,13,2019-04-01,174.4,28.29,6.8,0.0
171790,"Beef, ground, 95% lean meat / 5% fat, raw",sr_legacy_food,13,2019-04-01,130.6,21.41,5.0,0.0
171791,"Beef, ground, 95% lean meat / 5% fat, patty, cooked, broiled",sr_legacy_food,13,2019-04-01,166.4,26.29,6.8,0.0
171792,"Beef, ground, 95% lean meat / 5% fat, patty, cooked, pan-broiled",sr_legacy_food,13,2019-04-01,156.7,25.8,5.94,0.0
171793,"Beef, ground, 90% lean meat / 10% fat, patty, cooked, pan-broiled",sr_legacy_food,13,2019-04-01,197.0,25.21,10.68,0.0
171794,"Beef, ground, 90% lean meat / 10% fat, crumbles, cooked, pan-browned",sr_legacy_food,13,2019-04-01,222.2,28.45,12.04,0.0
171795,"Beef, ground, 90% lean meat / 10% fat, loaf, cooked, baked",sr_legacy_food,13,2019-04-01,206.4,26.62,11.1,0.0
171796,"Beef, ground, 85% lean meat / 15% fat, raw (Includes foods for USDA's Food Distribution Program)",sr_legacy_food,13,2019-04-01,209.4,18.59,15.0,0.0
171797,"Beef, ground, 80% lean meat / 20% fat, patty, cooked, broiled",sr_legacy_food,13,2019-04-01,263.0,25.75,17.78,0.0
171798,"Beef, ground, 80% lean meat / 20% fat, patty, cooked, pan-broiled",sr_legacy_food,13,2019-04-01,239.6,24.04,15.94,0.0
171799,"Beef, ground, 80% lean meat / 20% fat, crumbles, cooked, pan-browned",sr_legacy_food,13,2019-04-01,264.2,27.0,17.36,0.0
171800,"Beef, ground, 80% lean meat / 20% fat, loaf, cooked, baked",sr_legacy_food,13,2019-04-01,246.5,25.25,16.17,0.0
171801,"Beef, ground, 75% lean meat / 25% fat, loaf, cooked, baked",sr_legacy_food,13,2019-04-01,246.7,24.56,16.5,0.0
171802,"Beef, rib, small end (ribs 10-12), separable lean only, trimmed to 1/8"" fat, select, raw",sr_legacy_food,13,2019-04-01,127.9,22.53,4.2,0.0
171803,"Beef, tenderloin, steak, separable lean only, trimmed to 1/8"" fat, select, raw",sr_legacy_food,13,2019-04-01,141.6,22.06,5.93,0.0
171804,"Beef, top sirloin, steak, separable lean only, trimmed to 1/8"" fat, select, raw",sr_legacy_food,13,2019-04-01,120.9,22.27,3.54,0.0
171805,"Beef, short loin, top loin, steak, separable lean only, trimmed to 1/8"" fat, select, cooked, grilled",sr_legacy_food,13,2019-04-01,169.3,29.44,5.73,0.0
171806,"Beef, round, bottom round , roast, separable lean only, trimmed to 1/8"" fat, select, cooked, roasted",sr_legacy_food,13,2019-04-01,155.8,28.45,4.67,0.0
171807,"Beef, round, eye of round, roast, separable lean only, trimmed to 1/8"" fat, select, cooked, roasted",sr_legacy_food,13,2019-04-01,155.4,29.59,4.11,0.0
171808,"Beef, round, top round, steak, separable lean only, trimmed to 1/8"" fat, select, cooked, broiled",sr_legacy_food,13,2019-04-01,168.3,31.61,4.65,0.0
171809,"Beef, round, eye of round, roast, separable lean only, trimmed to 1/8"" fat, all grades, cooked, roasted",sr_legacy_food,13,2019-04-01,161.3,29.73,4.71,0.0
171810,"Beef, rib, small end (ribs 10-12), separable lean only, trimmed to 1/8"" fat, all grades, raw",sr_legacy_food,13,2019-04-01,134.7,22.33,5.04,0.0
171811,"Beef, tenderloin, steak, separable lean only, trimmed to 1/8"" fat, all grades, cooked, broiled",sr_legacy_food,13,2019-04-01,191.7,29.04,8.39,0.0
171812,"Beef, tenderloin, steak, separable lean only, trimmed to 1/8"" fat, all grades, raw",sr_legacy_food,13,2019-04-01,147.2,22.12,6.52,0.0
171813,"Beef, short loin, top loin, steak, separable lean only, trimmed to 1/8"" fat, all grades, cooked, broiled",sr_legacy_food,13,2019-04-01,181.0,29.3,7.09,0.0
171814,"Beef, short loin, top loin steak, separable lean only, trimmed to 1/8"" fat, all grades, raw",sr_legacy_food,13,2019-04-01,138.1,22.93,5.15,0.0
171815,"Beef, round, top round, steak, separable lean only, trimmed to 1/8"" fat, all grades, cooked, broiled",sr_legacy_food,13,2019-04-01,176.3,31.82,5.45,0.0
171816,"Beef, round, top round, steak, separable lean only, trimmed to 1/8"" fat, all grades, raw",sr_legacy_food,13,2019-04-01,128.4,22.91,4.09,0.0
171817,"Beef, chuck, arm pot roast, separable lean only, trimmed to 1/8"" fat, choice, cooked, braised",sr_legacy_food,13,2019-04-01,214.2,34.72,8.37,0.0
171818,"Beef, brisket, flat half, separable lean only, trimmed to 1/8"" fat, choice, cooked, braised",sr_legacy_food,13,2019-04-01,193.6,33.13,6.79,0.0
171819,"Beef, round, eye of round, roast, separable lean only, trimmed to 1/8"" fat, choice, raw",sr_legacy_food,13,2019-04-01,121.9,22.88,3.38,0.0
171820,"Beef, round, top round, steak, separable lean only, trimmed to 1/8"" fat, choice, raw",sr_legacy_food,13,2019-04-01,133.8,22.69,4.78,0.0
171821,"Soup, wonton, Chinese restaurant",sr_legacy_food,6,2019-04-01,31.7,2.08,0.26,5.25
171822,"Soup, ramen noodle, dry, any flavor, reduced fat, reduced sodium",sr_legacy_food,6,2019-04-01,349.9,10.89,2.5,70.95
171823,"Sauce, duck, ready-to-serve",sr_legacy_food,6,2019-04-01,245.2,0.36,0.13,60.66
171824,"Sauce, salsa, verde, ready-to-serve",sr_legacy_food,6,2019-04-01,38.0,1.13,0.89,6.36
171825,"Sauce, steak, tomato based",sr_legacy_food,6,2019-04-01,95.2,1.25,0.23,22.04
171826,"Sauce, tartar, ready-to-serve",sr_legacy_food,6,2019-04-01,207.5,1.0,16.7,13.3
171827,"Sauce, barbecue, SWEET BABY RAY'S, original",sr_legacy_food,6,2019-04-01,192.0,0.95,0.43,46.08
171828,"Sauce, barbecue, BULL'S-EYE, original",sr_legacy_food,6,2019-04-01,169.5,0.91,0.67,39.95
171829,"Sauce, barbecue, KC MASTERPIECE, original",sr_legacy_food,6,2019-04-01,160.4,1.0,0.52,37.92
171830,"Sauce, barbecue, OPEN PIT, original",sr_legacy_food,6,2019-04-01,132.2,0.44,1.41,29.45
171831,Wasabi,sr_legacy_food,6,2019-04-01,291.5,2.23,10.9,46.13
171832,"Dip, bean, original flavor",sr_legacy_food,6,2019-04-01,118.6,5.44,3.7,15.89
171833,"Sauce, horseradish",sr_legacy_food,6,2019-04-01,502.6,1.09,50.89,10.05
171834,"Dip, FRITO'S, bean, original flavor",sr_legacy_food,6,2019-04-01,118.6,5.44,3.7,15.89
171835,"Cookie, vanilla with caramel, coconut, and chocolate coating",sr_legacy_food,18,2019-04-01,502.6,3.5,25.8,64.1
171836,"Cookie, with peanut butter filling, chocolate-coated",sr_legacy_food,18,2019-04-01,561.7,8.1,35.3,52.9
171837,"Cookies, animal, with frosting or icing",sr_legacy_food,18,2019-04-01,509.3,3.0,24.1,70.09
171838,"Crackers, multigrain",sr_legacy_food,18,2019-04-01,482.4,7.1,20.4,67.6
171839,"Cake, snack cakes, not chocolate, with icing or filling, low-fat, with added fiber",sr_legacy_food,18,2019-04-01,412.3,3.71,11.14,74.3
171840,"Cookies, brownies, commercially prepared, reduced fat, with added fiber",sr_legacy_food,18,2019-04-01,344.5,2.77,9.68,61.58
171841,"Cookies, chocolate sandwich, with creme filling, reduced fat",sr_legacy_food,18,2019-04-01,435.6,2.94,13.24,76.17
171842,"Cookies, oatmeal sandwich, with creme filling",sr_legacy_food,18,2019-04-01,397.5,2.61,18.29,55.62
171843,"Cookies, peanut butter, commercially prepared, sugar free",sr_legacy_food,18,2019-04-01,522.7,10.34,31.03,50.52
171844,"Bread, chapati or roti, plain, commercially prepared",sr_legacy_food,18,2019-04-01,297.5,11.25,7.45,46.36
171845,"Bread, naan, plain, commercially prepared, refrigerated",sr_legacy_food,18,2019-04-01,291.0,9.62,5.65,50.43
171846,"Crackers, standard snack-type, with whole wheat",sr_legacy_food,18,2019-04-01,463.2,7.29,17.84,68.37
171847,"Cookies, coconut macaroon",sr_legacy_food,18,2019-04-01,459.9,3.02,22.55,61.22
171848,"Crackers, sandwich-type, peanut butter filled, reduced fat",sr_legacy_food,18,2019-04-01,437.3,8.33,16.67,63.49
171849,"Bread, cinnamon",sr_legacy_food,18,2019-04-01,253.3,7.05,5.29,44.38
171850,"Bread, wheat, sprouted",sr_legacy_food,18,2019-04-01,188.2,13.16,0.0,33.88
171851,"Bread, wheat, sprouted, toasted",sr_legacy_food,18,2019-04-01,204.5,14.3,0.0,36.82
171852,"Bagels, multigrain",sr_legacy_food,18,2019-04-01,240.6,9.9,1.24,47.47
171853,"Pancakes, whole wheat, dry mix, incomplete",sr_legacy_food,18,2019-04-01,350.4,10.53,1.32,74.11
171854,"Crackers, toast thins, low sodium",sr_legacy_food,18,2019-04-01,441.6,6.45,16.13,67.66
171855,"Crackers, whole grain, sandwich-type, with peanut butter filling",sr_legacy_food,18,2019-04-01,465.5,14.12,21.18,54.59
171856,"Crackers, water biscuits",sr_legacy_food,18,2019-04-01,384.1,7.14,7.14,72.81
171857,"Cookies, gluten-free, chocolate sandwich, with creme filling",sr_legacy_food,18,2019-04-01,473.9,2.19,17.89,76.03
171858,"Cookies, gluten-free, chocolate wafer",sr_legacy_food,18,2019-04-01,541.3,4.06,30.42,62.82
171859,"Cookies, gluten-free, lemon wafer",sr_legacy_food,18,2019-04-01,515.2,0.0,24.18,74.39
171860,"Cookies, gluten-free, vanilla sandwich, with creme filling",sr_legacy_food,18,2019-04-01,493.3,2.66,20.47,74.61
171861,"Rolls, gluten-free, white, made with brown rice flour, tapioca starch, and potato starch",sr_legacy_food,18,2019-04-01,310.0,7.99,6.4,55.1
171862,"Rolls, gluten-free, white, made with rice flour, rice starch, and corn starch",sr_legacy_food,18,2019-04-01,239.1,3.34,2.65,50.47
171863,"Rolls, gluten-free, white, made with brown rice flour, tapioca starch, and sorghum flour",sr_legacy_food,18,2019-04-01,257.4,5.65,8.2,40.24
171864,"Rolls, gluten-free, whole grain, made with tapioca starch and brown rice flour",sr_legacy_food,18,2019-04-01,328.8,11.8,11.6,44.29
171865,"Cookies, oatmeal, reduced fat",sr_legacy_food,18,2019-04-01,364.9,4.02,10.04,64.62
171866,"Cookies, chocolate cream covered biscuit sticks",sr_legacy_food,18,2019-04-01,446.8,10.0,22.5,51.08
171867,"Cookies, Marie biscuit",sr_legacy_food,18,2019-04-01,405.6,7.05,10.58,70.54
171868,"Cookies, vanilla sandwich with creme filling, reduced fat",sr_legacy_food,18,2019-04-01,423.1,4.17,10.42,78.16
171869,"Beverages, carbonated, tonic water",sr_legacy_food,14,2019-04-01,35.2,0.0,0.0,8.8
171870,"Beverages, Energy drink, RED BULL, sugar free, with added caffeine, niacin, pantothenic acid, vitamins B6 and B12",sr_legacy_food,14,2019-04-01,4.5,0.25,0.08,0.7
171871,"Beverages, carbonated, root beer",sr_legacy_food,14,2019-04-01,42.4,0.0,0.0,10.6
171872,"Alcoholic Beverage, wine, table, red, Gamay",sr_legacy_food,14,2019-04-01,9.8,0.07,0.0,2.38
171873,"Beverages, chocolate drink, milk and soy based, ready to drink, fortified",sr_legacy_food,14,2019-04-01,101.3,4.22,1.69,17.3
171874,"Beverages, chocolate malt powder, prepared with 1% milk, fortified",sr_legacy_food,14,2019-04-01,57.2,3.32,0.97,8.81
171875,"Beverages, carbonated, limeade, high caffeine",sr_legacy_food,14,2019-04-01,17.4,0.0,0.11,4.11
171876,"Beverages, carbonated, low calorie, cola or pepper-types, with sodium saccharin, contains caffeine",sr_legacy_food,14,2019-04-01,0.4,0.0,0.0,0.1
171877,"Beverages, coffee, ready to drink, vanilla, light, milk based, sweetened",sr_legacy_food,14,2019-04-01,35.3,2.14,1.07,4.27
171878,"Beverages, Lemonade fruit juice drink light, fortified with vitamin E and C",sr_legacy_food,14,2019-04-01,20.0,0.0,0.0,5.0
171879,"Beverages, chocolate-flavor beverage mix, powder, prepared with whole milk",sr_legacy_food,14,2019-04-01,89.9,3.23,3.24,11.96
171880,"Beverages, coffee, ready to drink, milk based, sweetened",sr_legacy_food,14,2019-04-01,70.7,1.98,1.38,12.6
171881,"Beverages, coffee, brewed, breakfast blend",sr_legacy_food,14,2019-04-01,1.9,0.3,0.0,0.17
171882,"Beverages, Clam and tomato juice, canned",sr_legacy_food,14,2019-04-01,48.0,0.6,0.2,10.95
171883,"Beverages, tea, green, ready to drink, ginseng and honey, sweetened",sr_legacy_food,14,2019-04-01,30.3,0.0,0.18,7.16
171884,"Beverages, The COCA-COLA company, Minute Maid, Lemonade",sr_legacy_food,14,2019-04-01,48.3,0.0,0.0,12.08
171885,"Beverages, tea, green, ready-to-drink, diet",sr_legacy_food,14,2019-04-01,3.7,0.0,0.0,0.93
171886,"Beverages, Cocoa mix, no sugar added, powder",sr_legacy_food,14,2019-04-01,376.7,15.49,3.0,71.93
171887,"Cocoa mix, NESTLE, Rich Chocolate Hot Cocoa Mix",sr_legacy_food,14,2019-04-01,447.0,3.0,15.0,75.0
171888,"Beverages, tea, black, ready-to-drink, lemon, sweetened",sr_legacy_food,14,2019-04-01,45.2,0.0,0.22,10.8
171889,"Beverages, coffee, brewed, prepared with tap water, decaffeinated",sr_legacy_food,14,2019-04-01,0.4,0.1,0.0,0.0
171890,"Beverages, coffee, brewed, prepared with tap water",sr_legacy_food,14,2019-04-01,0.7,0.12,0.02,0.0
171891,"Beverages, coffee, brewed, espresso, restaurant-prepared",sr_legacy_food,14,2019-04-01,8.8,0.12,0.18,1.67
171892,"Beverages, tea, black, ready-to-drink, lemon, diet",sr_legacy_food,14,2019-04-01,0.9,0.0,0.0,0.22
171893,"Beverages, coffee, instant, regular, powder",sr_legacy_food,14,2019-04-01,354.9,12.2,0.5,75.4
171894,"Beverages, coffee, instant, decaffeinated, prepared with water",sr_legacy_food,14,2019-04-01,2.2,0.12,0.0,0.43
171895,"Beverages, OCEAN SPRAY, Cranberry-Apple Juice Drink, bottled",sr_legacy_food,14,2019-04-01,55.9,0.29,0.0,13.68
171896,"Beverages, OCEAN SPRAY, Diet Cranberry Juice",sr_legacy_food,14,2019-04-01,3.5,0.07,0.0,0.8
171897,"Beverages, coffee, instant, with chicory",sr_legacy_food,14,2019-04-01,354.6,9.3,0.2,78.9
171898,"Beverages, KRAFT, coffee, instant, French Vanilla Cafe",sr_legacy_food,14,2019-04-01,481.2,2.5,19.2,74.6
171899,"Beverages, OCEAN SPRAY, Cran Raspberry Juice Drink",sr_legacy_food,14,2019-04-01,49.0,0.28,0.0,11.96
171900,"Beverages, OCEAN SPRAY, Cran Lemonade",sr_legacy_food,14,2019-04-01,44.8,0.07,0.0,11.12
171901,"Beverages, OCEAN SPRAY, Diet Cran Cherry",sr_legacy_food,14,2019-04-01,3.6,0.21,0.0,0.7
171902,"Beverages, cranberry-grape juice drink, bottled",sr_legacy_food,14,2019-04-01,57.7,0.2,0.1,14.0
171903,"Cranberry juice cocktail, bottled",sr_legacy_food,14,2019-04-01,55.0,0.0,0.1,13.52
171904,"Cranberry juice cocktail, bottled, low calorie, with calcium, saccharin and corn sweetener",sr_legacy_food,14,2019-04-01,18.6,0.02,0.01,4.6
171905,"Beverages, Eggnog-flavor mix, powder, prepared with whole milk",sr_legacy_food,14,2019-04-01,95.7,2.93,3.02,14.2
171906,"Alcoholic beverages, beer, higher alcohol",sr_legacy_food,14,2019-04-01,4.7,0.9,0.0,0.27
171907,"Beverages, Malt liquor beverage",sr_legacy_food,14,2019-04-01,1.4,0.35,0.0,0.0
171908,"Alcoholic beverages, wine, rose",sr_legacy_food,14,2019-04-01,16.6,0.36,0.0,3.8
171909,"Beverages, OCEAN SPRAY, Cran Pomegranate",sr_legacy_food,14,2019-04-01,50.6,0.07,0.01,12.56
171910,"Beverages, tea, green, brewed, decaffeinated",sr_legacy_food,14,2019-04-01,0.0,0.0,0.0,0.0
171911,"Beverages, tea, green, ready to drink, unsweetened",sr_legacy_food,14,2019-04-01,0.0,0.0,0.0,0.0
171912,"Beverages, citrus fruit juice drink, frozen concentrate",sr_legacy_food,14,2019-04-01,166.5,1.2,0.1,40.2
171913,"Beverages, citrus fruit juice drink, frozen concentrate, prepared with water",sr_legacy_food,14,2019-04-01,47.3,0.34,0.03,11.42
171914,"Beverages, fruit punch drink, without added nutrients, canned",sr_legacy_food,14,2019-04-01,47.9,0.0,0.0,11.97
171915,"Beverages, Tropical Punch, ready-to-drink",sr_legacy_food,14,2019-04-01,10.0,0.0,0.0,2.5
171916,"Beverages, grape drink, canned",sr_legacy_food,14,2019-04-01,62.9,0.0,0.0,15.72
171917,"Beverages, tea, green, brewed, regular",sr_legacy_food,14,2019-04-01,0.9,0.22,0.0,0.0
171918,"Beverages, tea, instant, lemon, with added ascorbic acid",sr_legacy_food,14,2019-04-01,395.5,0.6,0.3,97.6
171919,"Alcoholic beverage, distilled, all (gin, rum, vodka, whiskey) 86 proof",sr_legacy_food,14,2019-04-01,0.4,0.0,0.0,0.1
171920,"Alcoholic beverage, distilled, all (gin, rum, vodka, whiskey) 90 proof",sr_legacy_food,14,2019-04-01,0.0,0.0,0.0,0.0
171921,"Carbonated beverage, chocolate-flavored soda",sr_legacy_food,14,2019-04-01,42.8,0.0,0.0,10.7
171922,"Beverages, water, bottled, non-carbonated, EVIAN",sr_legacy_food,14,2019-04-01,0.0,0.0,0.0,0.0
171923,"Beverages, Powerade Zero Ion4, calorie-free, assorted flavors",sr_legacy_food,14,2019-04-01,0.0,0.0,0.0,0.0
171924,"Beverages, WENDY'S, tea, ready-to-drink, unsweetened",sr_legacy_food,14,2019-04-01,0.9,0.22,0.0,0.0
171925,"Alcoholic Beverage, wine, table, red, Merlot",sr_legacy_food,14,2019-04-01,10.3,0.07,0.0,2.51
171926,"Water, non-carbonated, bottles, natural fruit flavors, sweetened with low calorie sweetener",sr_legacy_food,14,2019-04-01,0.5,0.0,0.0,0.13
171927,"Beverages, V8 SPLASH Juice Drinks, Diet Tropical Blend",sr_legacy_food,14,2019-04-01,5.0,0.0,0.0,1.26
171928,"Beverages, V8 SPLASH Juice Drinks, Berry Blend",sr_legacy_food,14,2019-04-01,29.6,0.0,0.0,7.41
171929,"Beverages, V8 SPLASH Juice Drinks, Fruit Medley",sr_legacy_food,14,2019-04-01,31.3,0.0,0.0,7.82
171930,"Beverages, V8 SPLASH Juice Drinks, Guava Passion Fruit",sr_legacy_food,14,2019-04-01,31.3,0.0,0.0,7.82
171931,"Beverages, V8 SPLASH Juice Drinks, Strawberry Kiwi",sr_legacy_food,14,2019-04-01,29.6,0.0,0.0,7.41
171932,"Beverages, V8 SPLASH Juice Drinks, Tropical Blend",sr_legacy_food,14,2019-04-01,29.6,0.0,0.0,7.41
171933,"Beverages, V8 V-FUSION Juices, Peach Mango",sr_legacy_food,14,2019-04-01,47.2,0.41,0.0,11.38
171934,"Beverages, V8 V-FUSION Juices, Strawberry Banana",sr_legacy_food,14,2019-04-01,48.8,0.41,0.0,11.79
171935,"Beverages, Energy Drink, Monster, fortified with vitamins C, B2, B3, B6, B12",sr_legacy_food,14,2019-04-01,47.0,0.47,0.0,11.28
171936,"Beverages, Energy drink, AMP, sugar free",sr_legacy_food,14,2019-04-01,4.1,0.0,0.0,1.03
171937,"Beverages, Energy drink, ROCKSTAR",sr_legacy_food,14,2019-04-01,54.1,0.34,0.22,12.7
171938,"Beverages, Energy drink, ROCKSTAR, sugar free",sr_legacy_food,14,2019-04-01,4.5,0.25,0.08,0.7
171939,"Beverages, Meal supplement drink, canned, peanut flavor",sr_legacy_food,14,2019-04-01,100.6,3.5,3.07,14.74
171940,"Water, with corn syrup and/or sugar and low calorie sweetener, fruit flavored",sr_legacy_food,14,2019-04-01,18.0,0.0,0.0,4.5
171941,"Beverages, Horchata, as served in restaurant",sr_legacy_food,14,2019-04-01,54.4,0.48,0.71,11.52
171942,"Beverages, rice milk, unsweetened",sr_legacy_food,14,2019-04-01,46.5,0.28,0.97,9.17
171943,"Beverages, Energy drink, VAULT, citrus flavor",sr_legacy_food,14,2019-04-01,52.0,0.0,0.0,12.99
171944,"Beverages, Fruit flavored drink, reduced sugar, greater than 3% fruit juice, high vitamin C, added calcium",sr_legacy_food,14,2019-04-01,30.0,0.0,0.37,6.67
171945,"Beverages, fruit juice drink, greater than 3% fruit juice, high vitamin C and added thiamin",sr_legacy_food,14,2019-04-01,53.2,0.13,0.0,13.16
171946,"Beverages, tea, hibiscus, brewed",sr_legacy_food,14,2019-04-01,0.0,0.0,0.0,0.0
171947,"Beverages, fruit juice drink, greater than 3% juice, high vitamin C",sr_legacy_food,14,2019-04-01,46.9,0.13,0.11,11.35
171948,"Fish, bass, striped, raw",sr_legacy_food,15,2019-04-01,91.9,17.73,2.33,0.0
171949,"Fish, bluefish, raw",sr_legacy_food,15,2019-04-01,118.3,20.04,4.24,0.0
171950,"Fish, burbot, raw",sr_legacy_food,15,2019-04-01,84.5,19.31,0.81,0.0
171951,"Fish, butterfish, raw",sr_legacy_food,15,2019-04-01,141.3,17.28,8.02,0.0
171952,"Fish, carp, raw",sr_legacy_food,15,2019-04-01,121.7,17.83,5.6,0.0
171953,"Fish, cisco, raw",sr_legacy_food,15,2019-04-01,93.1,18.99,1.91,0.0
171954,"Fish, cisco, smoked",sr_legacy_food,15,2019-04-01,172.5,16.36,11.9,0.0
171955,"Fish, cod, Atlantic, raw",sr_legacy_food,15,2019-04-01,77.3,17.81,0.67,0.0
171956,"Fish, cod, Atlantic, cooked, dry heat",sr_legacy_food,15,2019-04-01,99.1,22.83,0.86,0.0
171957,"Fish, croaker, Atlantic, cooked, breaded and fried",sr_legacy_food,15,2019-04-01,217.0,18.2,12.67,7.54
171958,"Fish, cusk, raw",sr_legacy_food,15,2019-04-01,82.2,18.99,0.69,0.0
171959,"Fish, mahimahi, raw",sr_legacy_food,15,2019-04-01,80.3,18.5,0.7,0.0
171960,"Fish, drum, freshwater, raw",sr_legacy_food,15,2019-04-01,114.5,17.54,4.93,0.0
171961,"Fish, gefiltefish, commercial, sweet recipe",sr_legacy_food,15,2019-04-01,81.5,9.07,1.73,7.41
171962,"Fish, grouper, mixed species, raw",sr_legacy_food,15,2019-04-01,86.7,19.38,1.02,0.0
171963,"Fish, grouper, mixed species, cooked, dry heat",sr_legacy_food,15,2019-04-01,111.1,24.84,1.3,0.0
171964,"Fish, haddock, raw",sr_legacy_food,15,2019-04-01,69.3,16.32,0.45,0.0
171965,"Fish, halibut, Greenland, raw",sr_legacy_food,15,2019-04-01,182.0,14.37,13.84,0.0
171966,"Crustaceans, crab, blue, canned",sr_legacy_food,15,2019-04-01,78.2,17.88,0.74,0.0
171967,"Crustaceans, crab, blue, crab cakes, home recipe",sr_legacy_food,15,2019-04-01,150.4,20.21,7.52,0.48
171968,"Crustaceans, crab, dungeness, raw",sr_legacy_food,15,2019-04-01,81.3,17.41,0.97,0.74
171969,"Crustaceans, crab, queen, raw",sr_legacy_food,15,2019-04-01,84.6,18.5,1.18,0.0
171970,"Crustaceans, shrimp, mixed species, cooked, breaded and fried",sr_legacy_food,15,2019-04-01,242.0,21.39,12.28,11.47
171971,"Crustaceans, shrimp, mixed species, cooked, moist heat (may contain additives to retain moisture)",sr_legacy_food,15,2019-04-01,112.5,22.78,1.7,1.52
171972,"Crustaceans, shrimp, mixed species, canned",sr_legacy_food,15,2019-04-01,93.9,20.42,1.36,0.0
171973,"Crustaceans, shrimp, mixed species, imitation, made from surimi",sr_legacy_food,15,2019-04-01,99.3,12.39,1.47,9.13
171974,"Mollusks, clam, mixed species, cooked, breaded and fried",sr_legacy_food,15,2019-04-01,198.6,14.24,11.15,10.33
171975,"Mollusks, clam, mixed species, cooked, moist heat",sr_legacy_food,15,2019-04-01,140.3,25.55,1.95,5.13
171976,"Mollusks, clam, mixed species, canned, drained solids",sr_legacy_food,15,2019-04-01,134.9,24.25,1.59,5.9
171977,"Mollusks, clam, mixed species, canned, liquid",sr_legacy_food,15,2019-04-01,2.2,0.4,0.02,0.1
171978,"Mollusks, oyster, eastern, wild, raw",sr_legacy_food,15,2019-04-01,49.1,5.71,1.71,2.72
171979,"Mollusks, oyster, eastern, cooked, breaded and fried",sr_legacy_food,15,2019-04-01,194.8,8.77,12.58,11.62
171980,"Mollusks, oyster, eastern, wild, cooked, moist heat",sr_legacy_food,15,2019-04-01,98.3,11.42,3.42,5.45
171981,"Mollusks, oyster, eastern, canned",sr_legacy_food,15,2019-04-01,66.1,7.06,2.47,3.91
171982,"Mollusks, squid, mixed species, cooked, fried",sr_legacy_food,15,2019-04-01,170.2,17.94,7.48,7.79
171983,"Mollusks, whelk, unspecified, raw",sr_legacy_food,15,2019-04-01,130.0,23.84,0.4,7.76
171984,"Mollusks, whelk, unspecified, cooked, moist heat",sr_legacy_food,15,2019-04-01,260.0,47.68,0.8,15.52
171985,"Fish, salmon, chinook, smoked, (lox), regular",sr_legacy_food,15,2019-04-01,112.0,18.28,4.32,0.0
171986,"Fish, tuna, light, canned in water, without salt, drained solids",sr_legacy_food,15,2019-04-01,109.4,25.51,0.82,0.0
171987,"Fish, tuna, white, canned in oil, without salt, drained solids",sr_legacy_food,15,2019-04-01,178.8,26.53,8.08,0.0
171988,"Fish, tuna, white, canned in water, without salt, drained solids",sr_legacy_food,15,2019-04-01,121.2,23.62,2.97,0.0
171989,"Fish, bass, freshwater, mixed species, cooked, dry heat",sr_legacy_food,15,2019-04-01,139.3,24.18,4.73,0.0
171990,"Fish, cod, Pacific, cooked, dry heat (may contain additives to retain moisture)",sr_legacy_food,15,2019-04-01,79.4,18.73,0.5,0.0
171991,"Fish, cusk, cooked, dry heat",sr_legacy_food,15,2019-04-01,105.3,24.35,0.88,0.0
171992,"Fish, mahimahi, cooked, dry heat",sr_legacy_food,15,2019-04-01,103.0,23.72,0.9,0.0
171993,"Fish, drum, freshwater, cooked, dry heat",sr_legacy_food,15,2019-04-01,146.8,22.49,6.32,0.0
171994,"Fish, mackerel, Pacific and jack, mixed species, cooked, dry heat",sr_legacy_food,15,2019-04-01,194.0,25.73,10.12,0.0
171995,"Fish, milkfish, cooked, dry heat",sr_legacy_food,15,2019-04-01,183.0,26.32,8.63,0.0
171996,"Fish, monkfish, cooked, dry heat",sr_legacy_food,15,2019-04-01,91.8,18.56,1.95,0.0
171997,"Fish, pike, walleye, cooked, dry heat",sr_legacy_food,15,2019-04-01,112.2,24.54,1.56,0.0
171998,"Fish, salmon, Atlantic, wild, cooked, dry heat",sr_legacy_food,15,2019-04-01,174.9,25.44,8.13,0.0
171999,"Fish, salmon, chinook, cooked, dry heat",sr_legacy_food,15,2019-04-01,223.3,25.72,13.38,0.0
172000,"Fish, salmon, chum, cooked, dry heat",sr_legacy_food,15,2019-04-01,146.8,25.82,4.83,0.0
172001,"Fish, salmon, pink, cooked, dry heat",sr_legacy_food,15,2019-04-01,145.8,24.58,5.28,0.0
172002,"Fish, sucker, white, cooked, dry heat",sr_legacy_food,15,2019-04-01,112.7,21.49,2.97,0.0
172003,"Fish, sunfish, pumpkin seed, cooked, dry heat",sr_legacy_food,15,2019-04-01,107.6,24.87,0.9,0.0
172004,"Fish, trout, mixed species, cooked, dry heat",sr_legacy_food,15,2019-04-01,182.8,26.63,8.47,0.0
172005,"Fish, tuna, skipjack, fresh, cooked, dry heat",sr_legacy_food,15,2019-04-01,124.4,28.21,1.29,0.0
172006,"Fish, tuna, yellowfin, fresh, cooked, dry heat",sr_legacy_food,15,2019-04-01,121.9,29.15,0.59,0.0
172007,"Crustaceans, crab, dungeness, cooked, moist heat",sr_legacy_food,15,2019-04-01,104.2,22.32,1.24,0.95
172008,"Crustaceans, crab, queen, cooked, moist heat",sr_legacy_food,15,2019-04-01,108.5,23.72,1.51,0.0
172009,"Crustaceans, spiny lobster, mixed species, cooked, moist heat",sr_legacy_food,15,2019-04-01,135.6,26.41,1.94,3.12
172010,"Mollusks, cuttlefish, mixed species, cooked, moist heat",sr_legacy_food,15,2019-04-01,149.1,32.48,1.4,1.64
172011,"Beerwurst, beer salami, pork and beef",sr_legacy_food,7,2019-04-01,273.8,14.0,22.53,3.76
172012,"Bologna, beef",sr_legacy_food,7,2019-04-01,296.0,10.91,26.13,4.29
172013,"Bologna, beef and pork",sr_legacy_food,7,2019-04-01,304.1,15.2,24.59,5.49
172014,"Pasta, cooked, unenriched, with added salt",sr_legacy_food,20,2019-04-01,153.9,5.8,0.93,30.59
172015,"Cornmeal, degermed, unenriched, white",sr_legacy_food,20,2019-04-01,362.0,7.11,1.75,79.45
172016,"Wheat flour, white (industrial), 9% protein, bleached, enriched",sr_legacy_food,20,2019-04-01,357.7,8.89,1.43,77.32
172017,"Wheat flour, white (industrial), 9% protein, bleached, unenriched",sr_legacy_food,20,2019-04-01,357.7,8.89,1.43,77.32
172018,"Wheat flour, white (industrial), 10% protein, bleached, enriched",sr_legacy_food,20,2019-04-01,357.0,9.71,1.48,76.22
172019,"Wheat flour, white (industrial), 10% protein, bleached, unenriched",sr_legacy_food,20,2019-04-01,357.0,9.71,1.48,76.22
172020,"Wheat flour, white (industrial), 13% protein, bleached, unenriched",sr_legacy_food,20,2019-04-01,353.5,13.07,1.38,72.2
172021,"Wheat flour, white (industrial), 15% protein, bleached, enriched",sr_legacy_food,20,2019-04-01,353.5,15.33,1.41,69.88
172022,"Wheat flour, white (industrial), 15% protein, bleached, unenriched",sr_legacy_food,20,2019-04-01,353.5,15.33,1.41,69.88
172023,Millet flour,sr_legacy_food,20,2019-04-01,381.7,10.75,4.25,75.12
172024,"Pasta, whole grain, 51% whole wheat, remaining enriched semolina, cooked (Includes foods for USDA's Food Distribution Program)",sr_legacy_food,20,2019-04-01,159.5,5.67,1.48,30.87
172025,"Pasta, whole grain, 51% whole wheat, remaining enriched semolina, dry (Includes foods for USDA's Food Distribution Program)",sr_legacy_food,20,2019-04-01,369.0,13.2,2.55,73.3
172026,"Pasta, gluten-free, brown rice flour, cooked, TINKYADA",sr_legacy_food,20,2019-04-01,157.7,3.46,1.67,32.2
172027,"Pasta, gluten-free, corn flour and quinoa flour, cooked, ANCIENT HARVEST",sr_legacy_food,20,2019-04-01,156.0,3.23,2.07,31.11
172028,"Fast Foods, biscuit, with egg and sausage",sr_legacy_food,21,2019-04-01,315.7,11.13,20.77,21.05
172029,"Fast foods, biscuit, with egg, cheese, and bacon",sr_legacy_food,21,2019-04-01,303.1,12.01,17.48,24.44
172030,"Fast foods, biscuit, with ham",sr_legacy_food,21,2019-04-01,349.1,11.85,16.3,38.75
172031,"Fast foods, biscuit, with sausage",sr_legacy_food,21,2019-04-01,378.4,9.67,24.42,29.99
172032,"Fast foods, english muffin, with cheese and sausage",sr_legacy_food,21,2019-04-01,340.3,13.28,20.67,25.28
172033,"Fast foods, english muffin, with egg, cheese, and canadian bacon",sr_legacy_food,21,2019-04-01,228.2,13.64,9.66,21.67
172034,"Fast foods, english muffin, with egg, cheese, and sausage",sr_legacy_food,21,2019-04-01,286.2,13.38,18.1,17.44
172035,"Fast foods, french toast sticks",sr_legacy_food,21,2019-04-01,348.5,6.0,17.74,41.21
172036,"Fast foods, sundae, strawberry",sr_legacy_food,21,2019-04-01,179.2,4.09,5.13,29.18
172037,"Fast foods, shrimp, breaded and fried",sr_legacy_food,21,2019-04-01,313.4,7.84,18.9,27.99
172038,"Fast foods, burrito, with beans",sr_legacy_food,21,2019-04-01,213.6,6.48,6.22,32.92
172039,"Fast foods, burrito, with beans and cheese",sr_legacy_food,21,2019-04-01,208.8,7.35,6.05,31.23
172040,"PIZZA HUT 12"" Cheese Pizza, Hand-Tossed Crust",sr_legacy_food,21,2019-04-01,270.6,11.93,10.89,31.22
172041,"PIZZA HUT 12"" Cheese Pizza, Pan Crust",sr_legacy_food,21,2019-04-01,279.7,11.73,12.56,29.93
172042,"PIZZA HUT 12"" Cheese Pizza, THIN 'N CRISPY Crust",sr_legacy_food,21,2019-04-01,302.6,15.29,14.1,28.64
172043,"DOMINO'S 14"" Cheese Pizza, Crunchy Thin Crust",sr_legacy_food,21,2019-04-01,297.9,12.33,15.1,28.18
172044,"DOMINO'S 14"" Pepperoni Pizza, Classic Hand-Tossed Crust",sr_legacy_food,21,2019-04-01,273.1,11.25,11.18,31.86
172045,"DOMINO'S 14"" Pepperoni Pizza, Ultimate Deep Dish Crust",sr_legacy_food,21,2019-04-01,282.5,11.52,12.1,31.89
172046,"DOMINO'S 14"" EXTRAVAGANZZA FEAST Pizza, Classic Hand-Tossed Crust",sr_legacy_food,21,2019-04-01,244.1,10.33,11.1,25.72
172047,"LITTLE CAESARS 14"" Original Round Cheese Pizza, Regular Crust",sr_legacy_food,21,2019-04-01,265.4,13.39,9.54,31.5
172048,"LITTLE CAESARS 14"" Original Round Pepperoni Pizza, Regular Crust",sr_legacy_food,21,2019-04-01,272.9,13.59,10.5,31.01
172049,"LITTLE CAESARS 14"" Original Round Meat and Vegetable Pizza, Regular Crust",sr_legacy_food,21,2019-04-01,243.0,12.12,11.35,23.1
172050,"LITTLE CAESARS 14"" Cheese Pizza, Large Deep Dish Crust",sr_legacy_food,21,2019-04-01,262.9,12.63,10.22,30.1
172051,"PIZZA HUT 14"" Cheese Pizza, THIN 'N CRISPY Crust",sr_legacy_food,21,2019-04-01,305.6,13.37,12.8,34.22
172052,"PIZZA HUT 14"" Pepperoni Pizza, Hand-Tossed Crust",sr_legacy_food,21,2019-04-01,291.0,12.23,12.63,32.11
172053,"PIZZA HUT 14"" Pepperoni Pizza, Pan Crust",sr_legacy_food,21,2019-04-01,290.7,11.47,13.07,31.79
172054,"PIZZA HUT 14"" Super Supreme Pizza, Hand-Tossed Crust",sr_legacy_food,21,2019-04-01,248.0,11.34,10.95,26.01
172055,"Fast Food, Pizza Chain, 14"" pizza, meat and vegetable topping, regular crust",sr_legacy_food,21,2019-04-01,243.7,11.02,10.9,25.38
172056,"Fast foods, griddle cake sandwich, egg, cheese, and sausage",sr_legacy_food,21,2019-04-01,290.8,10.77,17.73,22.04
172057,"Fast foods, griddle cake sandwich, sausage",sr_legacy_food,21,2019-04-01,318.5,8.41,17.76,31.25
172058,"Fast foods, griddle cake sandwich, egg, cheese, and bacon",sr_legacy_food,21,2019-04-01,271.6,12.03,13.19,26.19
172059,"McDONALD'S, Sausage McGRIDDLES",sr_legacy_food,21,2019-04-01,318.5,8.41,17.76,31.25
172060,"McDONALD'S, Sausage, Egg & Cheese McGRIDDLES",sr_legacy_food,21,2019-04-01,290.8,10.77,17.73,22.04
172061,"McDONALD'S, Vanilla Reduced Fat Ice Cream Cone",sr_legacy_food,21,2019-04-01,166.1,4.24,4.86,26.36
172062,"McDONALD'S, Strawberry Sundae",sr_legacy_food,21,2019-04-01,160.7,3.19,3.95,28.09
172063,"McDONALD'S, Sausage Burrito",sr_legacy_food,21,2019-04-01,277.0,11.1,15.63,22.97
172064,"McDONALD'S, BIG BREAKFAST",sr_legacy_food,21,2019-04-01,285.0,10.16,19.37,17.5
172065,"McDONALD'S, Double Cheeseburger",sr_legacy_food,21,2019-04-01,282.0,15.5,16.09,18.79
172066,"McDONALD'S, DOUBLE QUARTER POUNDER with Cheese",sr_legacy_food,21,2019-04-01,271.5,16.96,16.22,14.43
172067,"McDONALD'S, BIG MAC (without Big Mac Sauce)",sr_legacy_food,21,2019-04-01,239.3,12.79,11.57,21.01
172068,"McDONALD'S, Sausage McMUFFIN with Egg",sr_legacy_food,21,2019-04-01,280.0,12.59,17.83,17.28
172069,"McDONALD'S, Bacon Egg & Cheese Biscuit",sr_legacy_food,21,2019-04-01,311.8,13.45,18.77,22.26
172070,"McDONALD'S, Sausage Biscuit",sr_legacy_food,21,2019-04-01,375.9,9.62,25.4,27.2
172071,"McDONALD'S, Sausage Biscuit with Egg",sr_legacy_food,21,2019-04-01,322.5,11.27,22.26,19.28
172072,McDONALD'S Bacon Ranch Salad with Crispy Chicken,sr_legacy_food,21,2019-04-01,116.3,8.82,6.3,6.08
172073,"McDONALD'S, Bacon Ranch Salad without chicken",sr_legacy_food,21,2019-04-01,66.1,4.14,3.64,4.2
172074,"McDONALD'S, Side Salad",sr_legacy_food,21,2019-04-01,23.0,1.03,0.19,4.3
172075,"McDONALD'S, Fruit 'n Yogurt Parfait",sr_legacy_food,21,2019-04-01,105.5,2.73,1.3,20.72
172076,"BURGER KING, CROISSAN'WICH with Egg and Cheese",sr_legacy_food,21,2019-04-01,282.6,10.35,15.78,24.79
172077,"BURGER KING, french toast sticks",sr_legacy_food,21,2019-04-01,348.5,6.0,17.74,41.21
172078,"BURGER KING, Hash Brown Rounds",sr_legacy_food,21,2019-04-01,302.4,2.8,19.3,29.37
172079,"Fast foods, miniature cinnamon rolls",sr_legacy_food,21,2019-04-01,403.2,7.02,17.95,53.38
172080,"Fast foods, hamburger; double, large patty; with condiments, vegetables and mayonnaise",sr_legacy_food,21,2019-04-01,251.7,13.94,15.66,13.74
172081,"Fast foods, cheeseburger; single, large patty; with condiments, vegetables and mayonnaise",sr_legacy_food,21,2019-04-01,267.9,13.69,15.8,17.73
172082,"Fast foods, cheeseburger; single, large patty; with condiments",sr_legacy_food,21,2019-04-01,269.3,15.21,14.4,19.72
172083,"Fast Foods, cheeseburger; double, large patty; with condiments, vegetables and mayonnaise",sr_legacy_food,21,2019-04-01,253.2,15.5,15.63,12.62
172084,"Fast foods, cheeseburger; double, regular patty; double decker bun with condiments and special sauce",sr_legacy_food,21,2019-04-01,260.8,11.94,14.1,21.53
172085,"Light Ice Cream, soft serve, blended with cookie pieces",sr_legacy_food,21,2019-04-01,169.0,3.97,5.66,25.55
172086,"POPEYES, biscuit",sr_legacy_food,21,2019-04-01,401.2,6.0,23.71,40.95
172087,"POPEYES, Coleslaw",sr_legacy_food,21,2019-04-01,161.0,0.98,11.18,14.12
172088,"POPEYES, Mild Chicken Strips, analyzed 2006",sr_legacy_food,21,2019-04-01,271.1,19.2,13.01,19.31
172089,"Spaghetti with meat sauce, frozen entree",sr_legacy_food,22,2019-04-01,90.2,5.05,1.01,15.24
172090,"Beef macaroni with tomato sauce, frozen entree, reduced fat",sr_legacy_food,22,2019-04-01,113.2,5.89,1.96,17.99
172091,"Pasta with Sliced Franks in Tomato Sauce, canned entree",sr_legacy_food,22,2019-04-01,89.7,4.37,2.38,12.7
172092,"Turkey Pot Pie, frozen entree",sr_legacy_food,22,2019-04-01,176.0,6.5,8.8,17.7
172093,"Beef Pot Pie, frozen entree, prepared",sr_legacy_food,22,2019-04-01,219.7,7.25,11.39,22.05
172094,"Tortellini, pasta with cheese filling, fresh-refrigerated, as purchased",sr_legacy_food,22,2019-04-01,307.1,13.5,7.23,47.0
172095,"Pizza, meat topping, thick crust, frozen, cooked",sr_legacy_food,21,2019-04-01,273.8,11.76,11.52,30.76
172096,"Pizza, pepperoni topping, regular crust, frozen, cooked",sr_legacy_food,21,2019-04-01,274.4,14.38,13.13,24.69
172097,"Chili con carne with beans, canned entree",sr_legacy_food,22,2019-04-01,106.8,5.8,3.47,13.1
172098,"Chili, no beans, canned entree",sr_legacy_food,22,2019-04-01,118.4,7.53,7.1,6.1
172099,"Spaghetti, with meatballs in tomato sauce, canned",sr_legacy_food,22,2019-04-01,100.3,4.37,4.11,11.45
172100,"Pasta with tomato sauce, no meat, canned",sr_legacy_food,22,2019-04-01,71.0,2.22,0.71,13.94
172101,"Lasagna with meat & sauce, low-fat, frozen entree",sr_legacy_food,22,2019-04-01,101.3,6.81,2.23,13.5
172102,"Burrito, beef and bean, microwaved",sr_legacy_food,22,2019-04-01,298.2,8.73,11.94,38.95
172103,"Egg rolls, pork, refrigerated, heated",sr_legacy_food,22,2019-04-01,227.3,9.94,8.18,28.49
172104,"Egg rolls, chicken, refrigerated, heated",sr_legacy_food,22,2019-04-01,196.5,10.44,4.51,28.54
172105,"Egg rolls, vegetable, frozen, prepared",sr_legacy_food,22,2019-04-01,213.6,5.95,6.97,31.77
172106,"Lasagna, Vegetable, frozen, baked",sr_legacy_food,22,2019-04-01,138.6,6.87,6.04,14.18
172107,"HOT POCKETS, meatballs & mozzarella stuffed sandwich, frozen",sr_legacy_food,22,2019-04-01,252.1,9.32,10.23,30.68
172108,"LEAN POCKETS, Ham N Cheddar",sr_legacy_food,22,2019-04-01,230.0,10.28,6.53,32.52
172109,"Lean Pockets, Meatballs & Mozzarella",sr_legacy_food,22,2019-04-01,240.4,10.49,7.7,32.28
172110,"Chili with beans, microwavable bowls",sr_legacy_food,22,2019-04-01,100.0,5.85,3.68,10.88
172111,"Chicken, nuggets, dark and white meat, precooked, frozen, not reheated",sr_legacy_food,22,2019-04-01,268.2,12.02,17.31,16.09
172112,"Chicken, nuggets, white meat, precooked, frozen, not reheated",sr_legacy_food,22,2019-04-01,261.2,14.36,15.42,16.24
172113,"Ravioli, cheese with tomato sauce, frozen, not prepared, includes regular and light entrees",sr_legacy_food,22,2019-04-01,110.8,4.52,2.61,17.31
172114,"Lasagna with meat sauce, frozen, prepared",sr_legacy_food,22,2019-04-01,134.8,7.28,4.92,15.36
172115,"Beef, short loin, porterhouse steak, separable lean and fat, trimmed to 1/8"" fat, all grades, cooked, grilled",sr_legacy_food,13,2019-04-01,268.7,25.4,18.57,0.0
172116,"Beef, short loin, porterhouse steak, separable lean and fat, trimmed to 1/8"" fat, select, raw",sr_legacy_food,13,2019-04-01,202.2,20.69,13.27,0.0
172117,"Beef, short loin, porterhouse steak, separable lean and fat, trimmed to 1/8"" fat, select, cooked, grilled",sr_legacy_food,13,2019-04-01,255.6,26.21,16.75,0.0
172118,"Beef, short loin, t-bone steak, separable lean and fat, trimmed to 1/8"" fat, all grades, raw",sr_legacy_food,13,2019-04-01,217.1,20.11,15.18,0.0
172119,"Beef, round, knuckle, tip side, steak, separable lean and fat, trimmed to 0"" fat, choice, cooked, grilled",sr_legacy_food,13,2019-04-01,166.6,28.79,5.71,0.0
172120,"Beef, round, knuckle, tip side, steak, separable lean and fat , trimmed to 0"" fat, select, raw",sr_legacy_food,13,2019-04-01,117.0,21.96,3.24,0.0
172121,"Beef, round, knuckle, tip side, steak, separable lean and fat, trimmed to 0"" fat, select, cooked, grilled",sr_legacy_food,13,2019-04-01,152.1,29.24,3.91,0.0
172122,"Beef, chuck, shoulder clod, shoulder tender, medallion, separable lean and fat, trimmed to 0"" fat, choice, raw",sr_legacy_food,13,2019-04-01,139.3,20.51,6.36,0.0
172123,"Beef, chuck, shoulder clod, shoulder top and center steaks, separable lean and fat, trimmed to 0"" fat, select, raw",sr_legacy_food,13,2019-04-01,134.1,21.13,5.51,0.0
172124,"Beef, chuck, shoulder clod, shoulder top and center steaks, separable lean and fat, trimmed to 0"" fat, select, cooked, grilled",sr_legacy_food,13,2019-04-01,169.1,26.66,6.94,0.0
172125,"Beef, chuck, shoulder clod, top blade, steak, separable lean and fat, trimmed to 0"" fat, choice, raw",sr_legacy_food,13,2019-04-01,177.0,18.75,11.33,0.0
172126,"Beef, chuck, shoulder clod, top blade, steak, separable lean and fat, trimmed to 0"" fat, choice, cooked, grilled",sr_legacy_food,13,2019-04-01,221.1,24.7,13.59,0.0
172127,"Beef, round, knuckle, tip center, steak, separable lean and fat, trimmed to 0"" fat, select, cooked, grilled",sr_legacy_food,13,2019-04-01,154.3,26.61,5.32,0.0
172128,"Beef, round, outside round, bottom round, steak, separable lean and fat, trimmed to 0"" fat, choice, raw",sr_legacy_food,13,2019-04-01,144.3,21.24,6.59,0.0
172129,"Beef, round, outside round, bottom round, steak, separable lean and fat, trimmed to 0"" fat, choice, cooked, grilled",sr_legacy_food,13,2019-04-01,183.6,27.22,8.3,0.0
172130,"Beef, round, outside round, bottom round, steak, separable lean and fat, trimmed to 0"" fat, select, raw",sr_legacy_food,13,2019-04-01,123.1,22.15,3.83,0.0
172131,"Beef, round, knuckle, tip side, steak, separable lean and fat, trimmed to 0"" fat, all grades, cooked, grilled",sr_legacy_food,13,2019-04-01,159.9,29.08,4.84,0.0
172132,"Beef, chuck, shoulder clod, shoulder top and center steaks, separable lean and fat, trimmed to 0"" fat, all grades, raw",sr_legacy_food,13,2019-04-01,135.6,20.67,5.88,0.0
172133,"Beef, chuck, shoulder clod, shoulder top and center steaks, separable lean and fat, trimmed to 0"" fat, all grades, cooked, grilled",sr_legacy_food,13,2019-04-01,174.6,26.3,7.66,0.12
172134,"Beef, chuck, shoulder clod, top blade, steak, separable lean and fat, trimmed to 0"" fat, all grades, raw",sr_legacy_food,13,2019-04-01,170.6,18.99,10.52,0.0
172135,"Beef, round, outside round, bottom round, steak, separable lean and fat, trimmed to 0"" fat, all grades, cooked, grilled",sr_legacy_food,13,2019-04-01,174.0,27.52,7.1,0.0
172136,"Beef, chuck, shoulder clod, shoulder tender, medallion, separable lean and fat, trimmed to 0"" fat, select, cooked, grilled",sr_legacy_food,13,2019-04-01,165.0,26.45,6.43,0.33
172137,"Beef, plate steak, boneless, inside skirt, separable lean only, trimmed to 0"" fat, choice, raw",sr_legacy_food,13,2019-04-01,171.4,20.89,9.76,0.0
172138,"Beef, plate steak, boneless, inside skirt, separable lean only, trimmed to 0"" fat, select, cooked, grilled",sr_legacy_food,13,2019-04-01,223.0,30.64,11.16,0.0
172139,"Beef, plate steak, boneless, inside skirt, separable lean only, trimmed to 0"" fat, select, raw",sr_legacy_food,13,2019-04-01,153.1,21.61,7.41,0.0
172140,"Beef, plate steak, boneless, outside skirt, separable lean only, trimmed to 0"" fat, all grades, cooked, grilled",sr_legacy_food,13,2019-04-01,281.8,27.68,19.01,0.0
172141,"Beef, plate steak, boneless, outside skirt, separable lean only, trimmed to 0"" fat, select, raw",sr_legacy_food,13,2019-04-01,198.4,19.14,13.44,0.23
172142,"Beef, rib eye steak, boneless, lip off, separable lean only, trimmed to 0"" fat, all grades, cooked, grilled",sr_legacy_food,13,2019-04-01,205.8,28.11,10.37,0.0
172143,"Beef, rib eye steak, boneless, lip off, separable lean only, trimmed to 0"" fat, all grades, raw",sr_legacy_food,13,2019-04-01,154.1,21.85,7.41,0.0
172144,"Beef, rib eye steak, boneless, lip off, separable lean only, trimmed to 0"" fat, choice, cooked, grilled",sr_legacy_food,13,2019-04-01,215.3,27.39,11.75,0.0
172145,"Beef, rib, back ribs, bone-in, separable lean only, trimmed to 0"" fat, all grades, raw",sr_legacy_food,13,2019-04-01,239.5,19.11,17.91,0.46
172146,"Beef, rib, back ribs, bone-in, separable lean only, trimmed to 0"" fat, choice, cooked, braised",sr_legacy_food,13,2019-04-01,306.5,27.75,21.72,0.0
172147,"Beef, rib, back ribs, bone-in, separable lean only, trimmed to 0"" fat, choice, raw",sr_legacy_food,13,2019-04-01,251.7,18.72,19.36,0.64
172148,"Beef, rib, back ribs, bone-in, separable lean only, trimmed to 0"" fat, select, cooked, braised",sr_legacy_food,13,2019-04-01,286.7,29.28,18.84,0.0
172149,"Beef, rib eye roast, bone-in, lip-on, separable lean and fat, trimmed to 1/8"" fat, select, cooked, roasted",sr_legacy_food,13,2019-04-01,290.1,23.36,21.85,0.0
172150,"Beef, rib eye roast, bone-in, lip-on, separable lean and fat, trimmed to 1/8"" fat, all grades, cooked, roasted",sr_legacy_food,13,2019-04-01,300.1,23.47,22.91,0.0
172151,"Beef, rib eye steak/roast, bone-in, lip-on, separable lean and fat, trimmed to 1/8"" fat, all grades, raw",sr_legacy_food,13,2019-04-01,255.3,18.13,20.31,0.0
172152,"Beef, rib eye steak/roast, bone-in, lip-on, separable lean and fat, trimmed to 1/8"" fat, choice, raw",sr_legacy_food,13,2019-04-01,260.3,17.92,20.96,0.0
172153,"Beef, rib eye roast, boneless, lip-on, separable lean and fat, trimmed to 1/8"" fat, all grades, cooked, roasted",sr_legacy_food,13,2019-04-01,292.1,24.3,21.66,0.0
172154,"Beef, rib eye roast, boneless, lip-on, separable lean and fat, trimmed to 1/8"" fat, choice, cooked, roasted",sr_legacy_food,13,2019-04-01,302.5,23.92,22.98,0.0
172155,"Beef, rib eye roast, boneless, lip-on, separable lean and fat, trimmed to 1/8"" fat, select, cooked, roasted",sr_legacy_food,13,2019-04-01,276.5,24.85,19.68,0.0
172156,"Beef, rib eye steak/roast, boneless, lip-on, separable lean and fat, trimmed to 1/8"" fat, all grades, raw",sr_legacy_food,13,2019-04-01,244.0,18.85,18.73,0.0
172157,"Beef, plate steak, boneless, inside skirt, separable lean and fat, trimmed to 0"" fat, select, cooked, grilled",sr_legacy_food,13,2019-04-01,233.1,30.06,12.54,0.0
172158,"Beef, plate steak, boneless, inside skirt, separable lean and fat, trimmed to 0"" fat, all grades, raw",sr_legacy_food,13,2019-04-01,186.9,20.38,11.71,0.0
172159,"Beef, plate steak, boneless, inside skirt, separable lean and fat, trimmed to 0"" fat, choice, raw",sr_legacy_food,13,2019-04-01,195.3,20.06,12.78,0.0
172160,"Beef, plate steak, boneless, inside skirt, separable lean and fat, trimmed to 0"" fat, select, raw",sr_legacy_food,13,2019-04-01,174.5,20.87,10.11,0.0
172161,"Beef, ground, unspecified fat content, cooked",sr_legacy_food,13,2019-04-01,233.5,25.07,14.53,0.62
172162,"Beef, plate steak, boneless, outside skirt, separable lean and fat, trimmed to 0"" fat, choice, raw",sr_legacy_food,13,2019-04-01,238.1,17.69,18.44,0.35
172163,"Beef, plate steak, boneless, outside skirt, separable lean and fat, trimmed to 0"" fat, select, raw",sr_legacy_food,13,2019-04-01,222.0,18.43,16.31,0.36
172164,"Beef, rib eye steak, boneless, lip off, separable lean and fat, trimmed to 0"" fat, all grades, cooked, grilled",sr_legacy_food,13,2019-04-01,270.6,24.85,19.02,0.0
172165,"Beef, rib eye steak, boneless, lip off, separable lean and fat, trimmed to 0"" fat, choice, cooked, grilled",sr_legacy_food,13,2019-04-01,285.5,23.89,21.1,0.0
172166,"Beef, rib, back ribs, bone-in, separable lean and fat, trimmed to 0"" fat, all grades, cooked, braised",sr_legacy_food,13,2019-04-01,359.8,24.23,29.21,0.0
172167,"Beef, rib, back ribs, bone-in, separable lean and fat, trimmed to 0"" fat, choice, cooked, braised",sr_legacy_food,13,2019-04-01,371.9,23.34,30.95,0.0
172168,"Beef, rib, back ribs, bone-in, separable lean and fat, trimmed to 0"" fat, select, cooked, braised",sr_legacy_food,13,2019-04-01,341.6,25.56,26.59,0.0
172169,"Beef, rib, back ribs, bone-in, separable lean and fat, trimmed to 0"" fat, all grades, raw",sr_legacy_food,13,2019-04-01,323.5,16.15,28.42,0.78
172170,"Beef, loin, top sirloin cap steak, boneless, separable lean only, trimmed to 1/8"" fat, all grades, cooked, grilled",sr_legacy_food,13,2019-04-01,181.0,28.26,7.23,0.73
172171,"Beef, loin, top sirloin cap steak, boneless, separable lean only, trimmed to 1/8"" fat, choice, cooked, grilled",sr_legacy_food,13,2019-04-01,188.7,28.19,7.96,1.07
172172,"Beef, loin, top sirloin cap steak, boneless, separable lean only, trimmed to 1/8"" fat, select, cooked, grilled",sr_legacy_food,13,2019-04-01,169.6,28.36,6.14,0.22
172173,"Beef, loin, top sirloin cap steak, boneless, separable lean only, trimmed to 1/8"" fat, all grades, raw",sr_legacy_food,13,2019-04-01,133.8,21.38,5.36,0.0
172174,"Beef, loin, top sirloin cap steak, boneless, separable lean only, trimmed to 1/8"" fat, choice, raw",sr_legacy_food,13,2019-04-01,137.7,21.34,5.82,0.0
172175,"Cheese, blue",sr_legacy_food,1,2019-04-01,353.6,21.4,28.74,2.34
172176,"Cheese, brick",sr_legacy_food,1,2019-04-01,371.2,23.24,29.68,2.79
172177,"Cheese, brie",sr_legacy_food,1,2019-04-01,333.9,20.75,27.68,0.45
172178,"Cheese, camembert",sr_legacy_food,1,2019-04-01,299.4,19.8,24.26,0.46
172179,"Cheese, cottage, creamed, large or small curd",sr_legacy_food,1,2019-04-01,96.7,11.12,4.3,3.38
172180,"Cheese, cottage, creamed, with fruit",sr_legacy_food,1,2019-04-01,95.8,10.69,3.85,4.61
172181,"Cheese, cottage, nonfat, uncreamed, dry, large or small curd",sr_legacy_food,1,2019-04-01,70.6,10.34,0.29,6.66
172182,"Cheese, cottage, lowfat, 2% milkfat",sr_legacy_food,1,2019-04-01,81.3,10.45,2.27,4.76
172183,"Egg, white, raw, fresh",sr_legacy_food,1,2019-04-01,48.1,10.9,0.17,0.73
172184,"Egg, yolk, raw, fresh",sr_legacy_food,1,2019-04-01,316.7,15.86,26.54,3.59
172185,"Egg, whole, cooked, omelet",sr_legacy_food,1,2019-04-01,149.8,10.57,11.66,0.64
172186,"Egg, whole, cooked, poached",sr_legacy_food,1,2019-04-01,138.1,12.51,9.47,0.71
172187,"Egg, whole, cooked, scrambled",sr_legacy_food,1,2019-04-01,145.2,9.99,10.98,1.61
172188,"Egg, whole, dried",sr_legacy_food,1,2019-04-01,591.8,48.05,43.9,1.13
172189,"Egg, duck, whole, fresh, raw",sr_legacy_food,1,2019-04-01,181.0,12.81,13.77,1.45
172190,"Egg, goose, whole, fresh, raw",sr_legacy_food,1,2019-04-01,180.3,13.87,13.27,1.35
172191,"Egg, quail, whole, fresh, raw",sr_legacy_food,1,2019-04-01,153.6,13.05,11.09,0.41
172192,"Egg, turkey, whole, fresh, raw",sr_legacy_food,1,2019-04-01,166.2,13.68,11.88,1.15
172193,"Milk, reduced fat, fluid, 2% milkfat, with added nonfat milk solids, without added vitamin A",sr_legacy_food,1,2019-04-01,55.6,3.95,1.98,5.49
172194,"Milk, canned, evaporated, with added vitamin A",sr_legacy_food,1,2019-04-01,135.4,6.81,7.56,10.04
172195,"Milk, dry, nonfat, regular, with added vitamin A and vitamin D",sr_legacy_food,1,2019-04-01,359.5,36.16,0.77,51.98
172196,"Milk, dry, nonfat, instant, without added vitamin A and vitamin D",sr_legacy_food,1,2019-04-01,355.6,35.1,0.72,52.19
172197,"Cheese, goat, hard type",sr_legacy_food,1,2019-04-01,451.1,30.52,35.59,2.17
172198,"Cheese substitute, mozzarella",sr_legacy_food,1,2019-04-01,250.5,11.47,12.22,23.67
172199,"Yogurt, Greek, 2% fat, mango, CHOBANI",sr_legacy_food,1,2019-04-01,93.1,7.64,1.69,11.84
172200,"Cheese sauce, prepared from recipe",sr_legacy_food,1,2019-04-01,197.5,10.33,14.92,5.48
172201,"Cheese, mexican, queso anejo",sr_legacy_food,1,2019-04-01,374.1,21.44,29.98,4.63
172202,"Egg, whole, raw, frozen, pasteurized (Includes foods for USDA's Food Distribution Program)",sr_legacy_food,1,2019-04-01,142.9,12.33,9.95,1.01
172203,"Egg, white, raw, frozen, pasteurized",sr_legacy_food,1,2019-04-01,45.0,10.2,0.0,1.04
172204,"Egg, white, dried",sr_legacy_food,1,2019-04-01,355.6,81.1,0.0,7.8
172205,"Milk, reduced fat, fluid, 2% milkfat, without added vitamin A and vitamin D",sr_legacy_food,1,2019-04-01,50.2,3.3,1.98,4.8
172206,"Parmesan cheese topping, fat free",sr_legacy_food,1,2019-04-01,365.0,40.0,5.0,40.0
172207,"Cheese, cream, fat free",sr_legacy_food,1,2019-04-01,102.4,15.69,1.0,7.66
172208,"Yogurt, chocolate, nonfat milk",sr_legacy_food,1,2019-04-01,108.2,3.53,0.0,23.53
172209,KRAFT CHEEZ WHIZ Pasteurized Process Cheese Sauce,sr_legacy_food,1,2019-04-01,273.8,12.0,21.0,9.2
172210,KRAFT BREAKSTONE'S Reduced Fat Sour Cream,sr_legacy_food,1,2019-04-01,152.0,4.5,12.0,6.5
172211,KRAFT BREAKSTONE'S FREE Fat Free Sour Cream,sr_legacy_food,1,2019-04-01,90.9,4.7,1.3,15.1
172212,"Cream, half and half, fat free",sr_legacy_food,1,2019-04-01,59.0,2.6,1.4,9.0
172213,Reddi Wip Fat Free Whipped Topping,sr_legacy_food,1,2019-04-01,157.0,3.0,5.0,25.0
172214,"Cream substitute, flavored, powdered",sr_legacy_food,1,2019-04-01,497.6,0.68,21.47,75.42
172215,"Cheese, provolone, reduced fat",sr_legacy_food,1,2019-04-01,271.2,24.7,17.6,3.5
172216,"Cheese, Mexican, blend, reduced fat",sr_legacy_food,1,2019-04-01,287.0,24.69,19.4,3.41
172217,"Milk, whole, 3.25% milkfat, without added vitamin A and vitamin D",sr_legacy_food,1,2019-04-01,61.2,3.15,3.27,4.78
172218,"Yogurt, fruit, lowfat, with low calorie sweetener, fortified with vitamin D",sr_legacy_food,1,2019-04-01,106.5,4.86,1.41,18.6
172219,"Yogurt, vanilla, low fat, fortified with vitamin D",sr_legacy_food,1,2019-04-01,86.2,4.93,1.25,13.8
172220,"Yogurt, vanilla or lemon flavor, nonfat milk, sweetened with low-calorie sweetener, fortified with vitamin D",sr_legacy_food,1,2019-04-01,47.1,3.86,0.18,7.5
172221,"Yogurt, chocolate, nonfat milk, fortified with vitamin D",sr_legacy_food,1,2019-04-01,108.2,3.53,0.0,23.53
172222,"Cheese, dry white, queso seco",sr_legacy_food,1,2019-04-01,325.4,24.51,24.35,2.04
172223,"Cheese, fresh, queso fresco",sr_legacy_food,1,2019-04-01,298.7,18.09,23.82,2.98
172224,"Cheese, white, queso blanco",sr_legacy_food,1,2019-04-01,310.4,20.38,24.31,2.53
172225,"Milk, buttermilk, fluid, whole",sr_legacy_food,1,2019-04-01,62.1,3.21,3.31,4.88
172226,Ice cream sandwich,sr_legacy_food,1,2019-04-01,242.8,4.29,8.57,37.14
172227,Ice cream cookie sandwich,sr_legacy_food,1,2019-04-01,239.8,3.7,7.4,39.6
172228,"Ice cream cone, chocolate covered, with nuts, flavors other than chocolate",sr_legacy_food,1,2019-04-01,355.3,5.21,21.88,34.38
172229,"Ice cream sandwich, made with light ice cream, vanilla",sr_legacy_food,1,2019-04-01,203.1,4.29,3.04,39.64
172230,"Ice cream sandwich, vanilla, light, no sugar added",sr_legacy_food,1,2019-04-01,220.0,5.71,2.86,42.86
172231,"Spices, turmeric, ground",sr_legacy_food,2,2019-04-01,336.5,9.68,3.25,67.14
172232,"Basil, fresh",sr_legacy_food,2,2019-04-01,29.0,3.15,0.64,2.65
172233,"Dill weed, fresh",sr_legacy_food,2,2019-04-01,52.0,3.46,1.12,7.02
172234,"Mustard, prepared, yellow",sr_legacy_food,2,2019-04-01,68.3,3.74,3.34,5.83
172235,"Vanilla extract, imitation, alcohol",sr_legacy_food,2,2019-04-01,9.8,0.05,0.0,2.41
172236,"Vanilla extract, imitation, no alcohol",sr_legacy_food,2,2019-04-01,57.7,0.03,0.0,14.4
172237,"Vinegar, distilled",sr_legacy_food,2,2019-04-01,0.2,0.0,0.0,0.04
172238,"Capers, canned",sr_legacy_food,2,2019-04-01,36.7,2.36,0.86,4.89
172239,"Spearmint, dried",sr_legacy_food,2,2019-04-01,342.2,19.93,6.03,52.04
172240,"Vinegar, red wine",sr_legacy_food,2,2019-04-01,1.2,0.04,0.0,0.27
172241,"Vinegar, balsamic",sr_legacy_food,2,2019-04-01,70.1,0.49,0.0,17.03
172242,"Seasoning mix, dry, sazon, coriander & annatto",sr_legacy_food,2,2019-04-01,0.0,0.0,0.0,0.0
172243,"Seasoning mix, dry, taco, original",sr_legacy_food,2,2019-04-01,250.0,4.5,0.0,58.0
172244,"Babyfood, meat, beef, junior",sr_legacy_food,3,2019-04-01,80.5,12.03,2.52,2.43
172245,"Babyfood, meat, veal, strained",sr_legacy_food,3,2019-04-01,80.6,13.12,2.45,1.51
172246,"Babyfood, meat, pork, strained",sr_legacy_food,3,2019-04-01,119.9,14.0,7.1,0.0
172247,"Babyfood, meat, ham, strained",sr_legacy_food,3,2019-04-01,94.2,11.3,3.8,3.7
172248,"Babyfood, meat, chicken, junior",sr_legacy_food,3,2019-04-01,142.4,14.0,9.6,0.0
172249,"Babyfood, meat, chicken sticks, junior",sr_legacy_food,3,2019-04-01,194.0,14.6,14.4,1.5
172250,"Babyfood, meat, turkey, strained",sr_legacy_food,3,2019-04-01,107.4,11.5,6.2,1.4
172251,"Babyfood, meat, turkey, junior",sr_legacy_food,3,2019-04-01,107.4,11.5,6.2,1.4
172252,"Babyfood, finger snacks, GERBER, GRADUATES, PUFFS, apple and cinnamon",sr_legacy_food,3,2019-04-01,388.6,6.19,2.3,85.79
172253,"Babyfood, water, bottled, GERBER, without added fluoride",sr_legacy_food,3,2019-04-01,0.0,0.0,0.0,0.0
172254,"Babyfood, GERBER, 3rd Foods, apple, mango and kiwi",sr_legacy_food,3,2019-04-01,53.4,0.47,0.0,12.88
172255,"Babyfood, tropical fruit medley",sr_legacy_food,3,2019-04-01,51.4,0.31,0.14,12.22
172256,"Babyfood, dinner, vegetables and dumplings and beef, strained",sr_legacy_food,3,2019-04-01,46.9,2.0,0.9,7.7
172257,"Babyfood, ravioli, cheese filled, with tomato sauce",sr_legacy_food,3,2019-04-01,99.4,3.6,2.2,16.3
172258,"Babyfood, dinner, beef noodle, strained",sr_legacy_food,3,2019-04-01,62.8,2.44,2.26,8.18
172259,"Babyfood, macaroni and cheese, toddler",sr_legacy_food,3,2019-04-01,82.2,3.5,2.6,11.2
172260,"Babyfood, dinner, beef and rice, toddler",sr_legacy_food,3,2019-04-01,81.3,5.0,2.9,8.8
172261,"Babyfood, dinner, beef with vegetables",sr_legacy_food,3,2019-04-01,95.9,2.03,6.93,6.36
172262,"Babyfood, dinner, vegetables and lamb, junior",sr_legacy_food,3,2019-04-01,52.1,2.1,1.7,7.1
172263,"Babyfood, dinner, chicken noodle, strained",sr_legacy_food,3,2019-04-01,74.3,3.53,3.22,7.81
172264,"Babyfood, dinner, chicken noodle, junior",sr_legacy_food,3,2019-04-01,74.4,3.53,3.23,7.8
172265,"Babyfood, dinner, vegetables, noodles and chicken, junior",sr_legacy_food,3,2019-04-01,63.0,1.7,2.2,9.1
172266,"Babyfood, dinner, pasta with vegetables",sr_legacy_food,3,2019-04-01,59.3,1.7,2.1,8.4
172267,"Babyfood, dinner, vegetables and noodles and turkey, strained",sr_legacy_food,3,2019-04-01,42.8,1.2,1.2,6.8
172268,"Babyfood, dinner, vegetables and noodles and turkey, junior",sr_legacy_food,3,2019-04-01,51.1,1.8,1.5,7.6
172269,"Babyfood, dinner, turkey and rice, strained",sr_legacy_food,3,2019-04-01,52.0,2.27,1.24,7.94
172270,"Babyfood, dinner, macaroni and cheese, junior",sr_legacy_food,3,2019-04-01,61.2,2.6,2.0,8.2
172271,"Babyfood, vegetables, green beans, strained",sr_legacy_food,3,2019-04-01,31.5,1.2,0.17,6.29
172272,"Babyfood, vegetables, green beans, junior",sr_legacy_food,3,2019-04-01,28.9,1.2,0.1,5.8
172273,"Babyfood, green beans, dices, toddler",sr_legacy_food,3,2019-04-01,29.4,1.2,0.2,5.7
172274,"Babyfood, vegetables, squash, strained",sr_legacy_food,3,2019-04-01,28.0,0.81,0.2,5.73
172275,"Babyfood, vegetables, squash, junior",sr_legacy_food,3,2019-04-01,28.0,0.81,0.2,5.73
172276,"Babyfood, vegetables, sweet potatoes strained",sr_legacy_food,3,2019-04-01,58.1,1.1,0.1,13.2
172277,"Babyfood, vegetables, sweet potatoes, junior",sr_legacy_food,3,2019-04-01,61.3,1.1,0.1,14.0
172278,"Babyfood, fruit, applesauce, junior",sr_legacy_food,3,2019-04-01,41.2,0.0,0.0,10.3
172279,"Babyfood, fruit, apricot with tapioca, strained",sr_legacy_food,3,2019-04-01,66.4,0.3,0.0,16.3
172280,"Babyfood, vegetables, corn, creamed, strained",sr_legacy_food,3,2019-04-01,65.6,1.4,0.4,14.1
172281,"Babyfood, dinner, mixed vegetable, junior",sr_legacy_food,3,2019-04-01,36.6,1.01,0.11,7.88
172282,"Babyfood, fruit, bananas with tapioca, junior",sr_legacy_food,3,2019-04-01,74.6,0.4,0.2,17.8
172283,"Babyfood, vegetables, mix vegetables junior",sr_legacy_food,3,2019-04-01,42.0,1.4,0.4,8.2
172284,"Babyfood, vegetables, garden vegetable, strained",sr_legacy_food,3,2019-04-01,38.2,2.3,0.2,6.8
172285,"Babyfood, plums, bananas and rice, strained",sr_legacy_food,3,2019-04-01,57.9,1.1,0.3,12.7
172286,"Babyfood, dinner, turkey, rice, and vegetables, toddler",sr_legacy_food,3,2019-04-01,59.6,3.8,1.6,7.5
172287,"Babyfood, dinner, apples and chicken, strained",sr_legacy_food,3,2019-04-01,64.6,2.16,1.38,10.88
172288,"Babyfood, dinner, broccoli and chicken, junior",sr_legacy_food,3,2019-04-01,62.0,3.59,2.48,6.34
172289,"Infant formula, MEAD JOHNSON, Enfamil Premature High Protein 24 Calories, ready to feed, with ARA and DHA",sr_legacy_food,3,2019-04-01,80.9,2.8,3.9,8.66
172290,"Infant formula, MEAD JOHNSON, Enfamil Premature 30 Calories, ready to feed, with ARA and DHA",sr_legacy_food,3,2019-04-01,100.5,3.2,4.8,11.13
172291,"Infant formula, MEAD JOHNSON, Enfamil for Supplementing, powder, with ARA and DHA, not reconstituted",sr_legacy_food,3,2019-04-01,513.0,11.7,27.0,55.8
172292,"Infant formula, MEAD JOHNSON, Enfamil Reguline Powder, with ARA and DHA, not reconstituted",sr_legacy_food,3,2019-04-01,513.4,11.7,27.0,55.9
172293,"Infant formula, MEAD JOHNSON, Pregestimil 24 Calories, ready to feed, with ARA and DHA",sr_legacy_food,3,2019-04-01,72.2,2.2,4.4,5.95
172294,"Toddler drink, MEAD JOHNSON, PurAmino Toddler Powder, with ARA and DHA, not reconstituted",sr_legacy_food,3,2019-04-01,512.3,13.9,26.0,55.68
172295,"Infant formula, MEAD JOHNSON, Enfamil for Supplementing, ready to feed, with ARA and DHA",sr_legacy_food,3,2019-04-01,67.9,1.51,3.5,7.6
172296,"Babyfood, cereal, barley, prepared with whole milk",sr_legacy_food,3,2019-04-01,84.0,3.73,3.26,9.94
172297,"Babyfood, cereal, oatmeal, with bananas, prepared with whole milk",sr_legacy_food,3,2019-04-01,86.4,3.82,3.46,10.0
172298,"Babyfood, cereal, oatmeal, with honey, prepared with whole milk",sr_legacy_food,3,2019-04-01,116.3,5.0,3.9,15.3
172299,"Babyfood, cereal, rice, prepared with whole milk",sr_legacy_food,3,2019-04-01,85.5,3.45,3.38,10.31
172300,"Babyfood, cereal, rice, with honey, prepared with whole milk",sr_legacy_food,3,2019-04-01,113.7,3.9,3.3,17.1
172301,"Infant formula, MEAD JOHNSON, ENFAMIL, with iron, powder",sr_legacy_food,3,2019-04-01,511.0,10.8,27.0,56.2
172302,"Infant formula, MEAD JOHNSON, ENFAMIL, Infant, with iron, powder, with ARA and DHA",sr_legacy_food,3,2019-04-01,511.0,10.8,27.0,56.2
172303,"Infant formula, MEAD JOHNSON, ENFAMIL, Infant, with iron, liquid concentrate, with ARA and DHA, reconstituted",sr_legacy_food,3,2019-04-01,68.2,1.31,3.5,7.86
172304,"Infant formula, MEAD JOHNSON, ENFAMIL LIPIL, with iron, ready-to-feed, with ARA and DHA",sr_legacy_food,3,2019-04-01,65.4,1.38,3.5,7.1
172305,"Infant formula, MEAD JOHNSON, ENFAMIL, LIPIL, low iron, ready to feed, with ARA and DHA",sr_legacy_food,3,2019-04-01,65.7,1.38,3.5,7.18
172306,"Infant formula, MEAD JOHNSON, ENFAMIL, Infant, ready-to-feed, with ARA and DHA",sr_legacy_food,3,2019-04-01,68.2,1.31,3.5,7.86
172307,"Infant formula, ABBOTT NUTRITION, SIMILAC, PM 60/40, powder not reconstituted",sr_legacy_food,3,2019-04-01,523.8,11.4,28.71,54.94
172308,"Infant formula, MEAD JOHNSON, ENFAMIL, NUTRAMIGEN WITH LGG, with iron, powder, not reconstituted, with ARA and DHA",sr_legacy_food,3,2019-04-01,513.8,14.1,27.0,53.6
172309,"Infant formula, MEAD JOHNSON, ENFAMIL, NUTRAMIGEN, with iron, ready-to-feed, with ARA and DHA",sr_legacy_food,3,2019-04-01,67.7,1.83,3.5,7.21
172310,"Infant formula, ABBOTT NUTRITION, SIMILAC, ALIMENTUM, with iron, ready-to-feed",sr_legacy_food,3,2019-04-01,67.0,1.8,3.63,6.77
172311,"Infant formula, MEAD JOHNSON, ENFAMIL, ENFACARE, with iron, powder, with ARA and DHA",sr_legacy_food,3,2019-04-01,504.8,13.9,26.0,53.8
172312,"Infant formula, ABBOTT NUTRITION, SIMILAC, with iron, liquid concentrate, not reconstituted",sr_legacy_food,3,2019-04-01,127.6,2.64,6.89,13.76
172313,"Child formula, ABBOTT NUTRITION, PEDIASURE, ready-to-feed",sr_legacy_food,3,2019-04-01,99.0,2.86,4.77,11.15
172314,"Infant formula, MEAD JOHNSON, NEXT STEP, PROSOBEE LIPIL, powder, with ARA and DHA",sr_legacy_food,3,2019-04-01,479.8,15.6,21.0,57.1
172315,"Infant formula, MEAD JOHNSON, NEXT STEP, PROSOBEE, LIPIL, ready to feed, with ARA and DHA",sr_legacy_food,3,2019-04-01,67.1,2.14,2.91,8.09
172316,"Infant formula, NESTLE, GOOD START SOY, with ARA and DHA, powder",sr_legacy_food,3,2019-04-01,502.8,12.5,25.6,55.6
172317,"Babyfood, corn and sweet potatoes, strained",sr_legacy_food,3,2019-04-01,68.5,1.26,0.28,15.23
172318,"Infant formula, ABBOTT NUTRITION, SIMILAC, ALIMENTUM, ADVANCE, ready-to-feed, with ARA and DHA",sr_legacy_food,3,2019-04-01,67.0,1.8,3.63,6.77
172319,"Infant formula, PBM PRODUCTS, store brand, ready-to-feed",sr_legacy_food,3,2019-04-01,62.7,1.4,3.5,6.39
172320,"Infant formula, PBM PRODUCTS, store brand, liquid concentrate, not reconstituted",sr_legacy_food,3,2019-04-01,130.2,2.9,7.0,13.9
172321,"Infant formula, MEAD JOHNSON, ENFAMIL, AR, ready-to-feed, with ARA and DHA",sr_legacy_food,3,2019-04-01,71.2,1.64,3.3,8.73
172322,"Infant formula, MEAD JOHNSON, ENFAMIL, AR, powder, with ARA and DHA",sr_legacy_food,3,2019-04-01,504.2,12.4,25.0,57.4
172323,"Infant formula, ABBOTT NUTRITION, SIMILAC NEOSURE, ready-to-feed, with ARA and DHA",sr_legacy_food,3,2019-04-01,69.4,1.92,3.77,6.94
172324,"Infant formula, ABBOTT NUTRITION, SIMILAC, NEOSURE, powder, with ARA and DHA",sr_legacy_food,3,2019-04-01,519.6,14.42,28.33,51.75
172325,"Infant formula, ABBOTT NUTRITION, SIMILAC, SENSITIVE (LACTOSE FREE) ready-to-feed, with ARA and DHA",sr_legacy_food,3,2019-04-01,69.2,1.48,3.74,7.4
172326,"Infant formula, ABBOTT NUTRITION, SIMILAC, ADVANCE, with iron, liquid concentrate, not reconstituted",sr_legacy_food,3,2019-04-01,126.6,2.64,6.89,13.52
172327,"Shortening, household, lard and vegetable oil",sr_legacy_food,4,2019-04-01,900.0,0.0,100.0,0.0
172328,"Oil, sunflower, linoleic, (partially hydrogenated)",sr_legacy_food,4,2019-04-01,900.0,0.0,100.0,0.0
172329,"Shortening bread, soybean (hydrogenated) and cottonseed",sr_legacy_food,4,2019-04-01,900.0,0.0,100.0,0.0
172330,"Shortening cake mix, soybean (hydrogenated) and cottonseed (hydrogenated)",sr_legacy_food,4,2019-04-01,900.0,0.0,100.0,0.0
172331,"Shortening frying (heavy duty), palm (hydrogenated)",sr_legacy_food,4,2019-04-01,900.0,0.0,100.0,0.0
172332,Shortening household soybean (hydrogenated) and palm,sr_legacy_food,4,2019-04-01,900.0,0.0,100.0,0.0
172333,"Shortening frying (heavy duty), soybean (hydrogenated), linoleic (less than 1%)",sr_legacy_food,4,2019-04-01,900.0,0.0,100.0,0.0
172334,"Shortening, confectionery, fractionated palm",sr_legacy_food,4,2019-04-01,900.0,0.0,100.0,0.0
172335,"Oil, nutmeg butter",sr_legacy_food,4,2019-04-01,900.0,0.0,100.0,0.0
172336,"Oil, canola",sr_legacy_food,4,2019-04-01,900.0,0.0,100.0,0.0
172337,"Oil, mustard",sr_legacy_food,4,2019-04-01,900.0,0.0,100.0,0.0
172338,"Oil, sunflower, high oleic (70% and over)",sr_legacy_food,4,2019-04-01,900.0,0.0,100.0,0.0
172339,"Margarine-like, margarine-butter blend, soybean oil and butter",sr_legacy_food,4,2019-04-01,727.2,0.31,80.32,0.77
172340,"Fish oil, herring",sr_legacy_food,4,2019-04-01,900.0,0.0,100.0,0.0
172341,"Fish oil, menhaden",sr_legacy_food,4,2019-04-01,900.0,0.0,100.0,0.0
172342,"Fish oil, menhaden, fully hydrogenated",sr_legacy_food,4,2019-04-01,900.0,0.0,100.0,0.0
172343,"Fish oil, salmon",sr_legacy_food,4,2019-04-01,900.0,0.0,100.0,0.0
172344,"Butter, light, stick, without salt",sr_legacy_food,4,2019-04-01,509.1,3.3,55.1,0.0
172345,"Animal fat, bacon grease",sr_legacy_food,4,2019-04-01,895.5,0.0,99.5,0.0
172346,"Margarine, regular, 80% fat, composite, stick, with salt",sr_legacy_food,4,2019-04-01,729.8,0.16,80.71,0.7
172347,"Margarine, regular, 80% fat, composite, tub, with salt",sr_legacy_food,4,2019-04-01,725.4,0.22,80.17,0.75
172348,"Margarine-like, vegetable oil spread, 60% fat, stick, with salt",sr_legacy_food,4,2019-04-01,546.8,0.12,60.39,0.69
172349,"Margarine, regular, 80% fat, composite, tub, without salt",sr_legacy_food,4,2019-04-01,725.4,0.22,80.17,0.75
172350,"Margarine-like, vegetable oil spread, 60% fat, stick/tub/bottle, without salt",sr_legacy_food,4,2019-04-01,542.4,0.17,59.81,0.86
172351,"Margarine-like, vegetable oil spread, fat free, liquid, with salt",sr_legacy_food,4,2019-04-01,43.0,1.5,3.0,2.5
172352,"Margarine-like spread with yogurt, 70% fat, stick, with salt",sr_legacy_food,4,2019-04-01,633.2,0.3,70.0,0.5
172353,"Margarine-like, vegetable oil spread, fat-free, tub",sr_legacy_food,4,2019-04-01,45.1,0.1,3.04,4.34
172354,"Margarine-like, vegetable oil spread, 20% fat, with salt",sr_legacy_food,4,2019-04-01,177.1,0.0,19.5,0.4
172355,"Margarine-like, vegetable oil spread, 20% fat, without salt",sr_legacy_food,4,2019-04-01,177.1,0.0,19.5,0.4
172356,"Salad dressing, thousand island dressing, fat-free",sr_legacy_food,4,2019-04-01,132.3,0.55,1.45,29.27
172357,"Oil, industrial, mid-oleic, sunflower",sr_legacy_food,4,2019-04-01,900.0,0.0,100.0,0.0
172358,"Oil, industrial, canola with antifoaming agent, principal uses salads, woks and light frying",sr_legacy_food,4,2019-04-01,900.0,0.0,100.0,0.0
172359,"Oil, industrial, canola for salads, woks and light frying",sr_legacy_food,4,2019-04-01,900.0,0.0,100.0,0.0
172360,"Oil, industrial, canola (partially hydrogenated) oil for deep fat frying",sr_legacy_food,4,2019-04-01,900.0,0.0,100.0,0.0
172361,"Oil, industrial, soy (partially hydrogenated), multiuse for non-dairy butter flavor",sr_legacy_food,4,2019-04-01,900.0,0.0,100.0,0.0
172362,"Oil, industrial, soy ( partially hydrogenated), all purpose",sr_legacy_food,4,2019-04-01,900.0,0.0,100.0,0.0
172363,"Oil, industrial, soy (partially hydrogenated ) and soy (winterized), pourable clear fry",sr_legacy_food,4,2019-04-01,900.0,0.0,100.0,0.0
172364,"Oil, industrial, soy (partially hydrogenated)  and cottonseed, principal use as a tortilla shortening",sr_legacy_food,4,2019-04-01,900.0,0.0,100.0,0.0
172365,"Oil, industrial, coconut, confection fat, typical basis for ice cream coatings",sr_legacy_food,4,2019-04-01,900.0,0.0,100.0,0.0
172366,"Oil, industrial, palm kernel (hydrogenated) , used for whipped toppings, non-dairy",sr_legacy_food,4,2019-04-01,900.0,0.0,100.0,0.0
172367,"Oil, industrial, coconut (hydrogenated), used for whipped toppings and coffee whiteners",sr_legacy_food,4,2019-04-01,895.5,0.0,99.5,0.0
172368,"Oil, industrial, palm and palm kernel, filling fat (non-hydrogenated)",sr_legacy_food,4,2019-04-01,895.5,0.0,99.5,0.0
172369,"Margarine, industrial, soy and partially hydrogenated soy oil, use for baking, sauces and candy",sr_legacy_food,4,2019-04-01,723.6,0.18,80.0,0.71
172370,"Oil, vegetable, soybean, refined",sr_legacy_food,4,2019-04-01,900.0,0.0,100.0,0.0
172371,"Margarine-like spread, SMART BALANCE Regular Buttery Spread with flax oil",sr_legacy_food,4,2019-04-01,582.8,0.14,64.63,0.14
172372,"Margarine-like spread, SMART BALANCE Light Buttery Spread",sr_legacy_food,4,2019-04-01,335.7,0.02,36.41,1.98
172373,"Chicken, broilers or fryers, drumstick, meat and skin, raw",sr_legacy_food,5,2019-04-01,155.6,18.08,9.2,0.11
172374,"Chicken, broilers or fryers, drumstick, meat and skin, cooked, fried, batter",sr_legacy_food,5,2019-04-01,262.7,21.95,15.75,8.28
172375,"Chicken, broilers or fryers, drumstick, meat only, cooked, fried",sr_legacy_food,5,2019-04-01,187.2,28.62,8.08,0.0
172376,"Chicken, broilers or fryers, dark meat, drumstick, meat only, cooked, roasted",sr_legacy_food,5,2019-04-01,148.3,24.24,5.7,0.0
172377,"Chicken, broilers or fryers, drumstick, meat only, cooked, stewed",sr_legacy_food,5,2019-04-01,161.4,27.5,5.71,0.0
172378,"Chicken, broilers or fryers, leg, meat and skin, raw",sr_legacy_food,5,2019-04-01,209.7,16.37,15.95,0.17
172379,"Chicken, broilers or fryers, leg, meat only, cooked, fried",sr_legacy_food,5,2019-04-01,200.0,28.38,9.32,0.65
172380,"Chicken, broilers or fryers, leg, meat only, cooked, roasted",sr_legacy_food,5,2019-04-01,167.1,24.22,7.8,0.0
172381,"Chicken, broilers or fryers, leg, meat only, cooked, stewed",sr_legacy_food,5,2019-04-01,177.6,26.26,8.06,0.0
172382,"Chicken, broilers or fryers, neck, meat and skin, raw",sr_legacy_food,5,2019-04-01,292.4,14.07,26.24,0.0
172383,"Chicken, broilers or fryers, neck, meat only, cooked, fried",sr_legacy_food,5,2019-04-01,221.5,26.87,11.88,1.77
172384,"Chicken, broilers or fryers, neck, meat only, cooked, simmered",sr_legacy_food,5,2019-04-01,171.9,24.56,8.18,0.0
172385,"Chicken, broilers or fryers, thigh, meat and skin, raw",sr_legacy_food,5,2019-04-01,216.6,16.52,16.61,0.25
172386,"Chicken, broilers or fryers, thigh, meat and skin, cooked, fried, batter",sr_legacy_food,5,2019-04-01,271.5,21.61,16.53,9.08
172387,"Chicken, broilers or fryers, thigh, meat only, cooked, fried",sr_legacy_food,5,2019-04-01,210.1,28.18,10.3,1.18
172388,"Chicken, broilers or fryers, thigh, meat only, cooked, roasted",sr_legacy_food,5,2019-04-01,172.4,24.76,8.15,0.0
172389,"Chicken, broilers or fryers, thigh, meat only, cooked, stewed",sr_legacy_food,5,2019-04-01,188.1,25.0,9.79,0.0
172390,"Chicken, broilers or fryers, wing, meat and skin, raw",sr_legacy_food,5,2019-04-01,185.7,17.52,12.85,0.0
172391,"Chicken, broilers or fryers, wing, meat only, cooked, fried",sr_legacy_food,5,2019-04-01,203.0,30.15,9.15,0.0
172392,"Chicken, broilers or fryers, wing, meat only, cooked, roasted",sr_legacy_food,5,2019-04-01,195.0,30.46,8.13,0.0
172393,"Chicken, broilers or fryers, wing, meat only, cooked, stewed",sr_legacy_food,5,2019-04-01,173.3,27.18,7.18,0.0
172394,"Chicken, roasting, meat and skin and giblets and neck, raw",sr_legacy_food,5,2019-04-01,207.9,17.09,15.46,0.09
172395,"Chicken, roasting, meat only, cooked, roasted",sr_legacy_food,5,2019-04-01,159.7,25.01,6.63,0.0
172396,"Chicken, roasting, giblets, raw",sr_legacy_food,5,2019-04-01,122.5,18.14,5.04,1.14
172397,"Chicken, roasting, giblets, cooked, simmered",sr_legacy_food,5,2019-04-01,157.5,26.77,5.22,0.86
172398,"Chicken, roasting, light meat, meat only, raw",sr_legacy_food,5,2019-04-01,103.5,22.2,1.63,0.0
172399,"Chicken, stewing, meat and skin, and giblets and neck, cooked, stewed",sr_legacy_food,5,2019-04-01,206.7,24.88,11.91,0.0
172400,"Chicken, stewing, meat and skin, raw",sr_legacy_food,5,2019-04-01,253.2,17.55,20.33,0.0
172401,"Chicken, stewing, meat and skin, cooked, stewed",sr_legacy_food,5,2019-04-01,277.4,26.88,18.87,0.0
172402,"Chicken, stewing, meat only, raw",sr_legacy_food,5,2019-04-01,141.9,21.26,6.32,0.0
172403,"Chicken, stewing, meat only, cooked, stewed",sr_legacy_food,5,2019-04-01,228.7,30.42,11.89,0.0
172404,"Chicken, stewing, dark meat, meat only, raw",sr_legacy_food,5,2019-04-01,151.9,19.7,8.12,0.0
172405,"Chicken, stewing, dark meat, meat only, cooked, stewed",sr_legacy_food,5,2019-04-01,250.1,28.14,15.28,0.0
172406,"Chicken, capons, meat and skin and giblets and neck, raw",sr_legacy_food,5,2019-04-01,226.5,18.51,16.9,0.08
172407,"Chicken, capons, meat and skin and giblets and neck, cooked, roasted",sr_legacy_food,5,2019-04-01,218.6,28.35,11.67,0.04
172408,"Duck, domesticated, meat and skin, raw",sr_legacy_food,5,2019-04-01,400.0,11.49,39.34,0.0
172409,"Duck, domesticated, meat and skin, cooked, roasted",sr_legacy_food,5,2019-04-01,331.1,18.99,28.35,0.0
172410,"Duck, domesticated, meat only, raw",sr_legacy_food,5,2019-04-01,130.4,18.28,5.95,0.94
172411,"Duck, domesticated, meat only, cooked, roasted",sr_legacy_food,5,2019-04-01,194.7,23.48,11.2,0.0
172412,"Goose, domesticated, meat and skin, cooked, roasted",sr_legacy_food,5,2019-04-01,297.9,25.16,21.92,0.0
172413,"Goose, domesticated, meat only, raw",sr_legacy_food,5,2019-04-01,155.2,22.75,7.13,0.0
172414,"Goose, domesticated, meat only, cooked, roasted",sr_legacy_food,5,2019-04-01,229.9,28.97,12.67,0.0
172415,"Goose, liver, raw",sr_legacy_food,5,2019-04-01,129.3,16.37,4.28,6.32
172416,"Guinea hen, meat and skin, raw",sr_legacy_food,5,2019-04-01,151.6,23.4,6.45,0.0
172417,"Pheasant, leg, meat only, raw",sr_legacy_food,5,2019-04-01,127.5,22.2,4.3,0.0
172418,"Quail, meat and skin, raw",sr_legacy_food,5,2019-04-01,187.0,19.63,12.05,0.0
172419,"Quail, meat only, raw",sr_legacy_food,5,2019-04-01,127.8,21.76,4.53,0.0
172420,"Lentils, raw",sr_legacy_food,16,2019-04-01,361.5,24.63,1.06,63.35
172421,"Lentils, mature seeds, cooked, boiled, without salt",sr_legacy_food,16,2019-04-01,120.0,9.02,0.38,20.13
172422,"Lima beans, thin seeded (baby), mature seeds, cooked, boiled, without salt",sr_legacy_food,16,2019-04-01,128.8,8.04,0.38,23.31
172423,"Lupins, mature seeds, raw",sr_legacy_food,16,2019-04-01,393.8,36.17,9.74,40.37
172424,"Lupins, mature seeds, cooked, boiled, without salt",sr_legacy_food,16,2019-04-01,128.1,15.57,2.92,9.88
172425,"Mothbeans, mature seeds, raw",sr_legacy_food,16,2019-04-01,352.3,22.94,1.61,61.52
172426,"Mothbeans, mature seeds, cooked, boiled, without salt",sr_legacy_food,16,2019-04-01,120.0,7.81,0.55,20.96
172427,"Mungo beans, mature seeds, cooked, boiled, without salt",sr_legacy_food,16,2019-04-01,108.5,7.54,0.55,18.34
172428,"Peas, green, split, mature seeds, raw",sr_legacy_food,16,2019-04-01,374.0,23.12,3.89,61.63
172429,"Peas, split, mature seeds, cooked, boiled, without salt",sr_legacy_food,16,2019-04-01,121.3,8.34,0.39,21.1
172430,"Peanuts, all types, raw",sr_legacy_food,16,2019-04-01,610.9,25.8,49.24,16.13
172431,"Peanuts, spanish, oil-roasted, with salt",sr_legacy_food,16,2019-04-01,623.2,28.01,49.04,17.45
172432,"Peanuts, valencia, raw",sr_legacy_food,16,2019-04-01,612.2,25.09,47.58,20.91
172433,"Peanuts, valencia, oil-roasted, with salt",sr_legacy_food,16,2019-04-01,634.5,27.04,51.24,16.3
172434,"Peanuts, virginia, raw",sr_legacy_food,16,2019-04-01,605.7,25.19,48.75,16.54
172435,"Peanut flour, low fat",sr_legacy_food,16,2019-04-01,457.4,33.8,21.9,31.27
172436,"Pigeon peas (red gram), mature seeds, raw",sr_legacy_food,16,2019-04-01,351.3,21.7,1.49,62.78
172437,"Pigeon peas (red gram), mature seeds, cooked, boiled, without salt",sr_legacy_food,16,2019-04-01,123.5,6.76,0.38,23.25
172438,"Refried beans, canned, traditional style",sr_legacy_food,16,2019-04-01,92.2,4.98,2.01,13.55
172439,"Bacon, meatless",sr_legacy_food,16,2019-04-01,333.7,11.69,29.52,5.31
172440,"Soybeans, mature seeds, roasted, salted",sr_legacy_food,16,2019-04-01,503.7,38.55,25.4,30.22
172441,"Soybeans, mature seeds, dry roasted",sr_legacy_food,16,2019-04-01,483.8,43.32,21.62,28.98
172442,Miso,sr_legacy_food,16,2019-04-01,206.7,12.79,6.01,25.37
172443,Natto,sr_legacy_food,16,2019-04-01,227.3,19.4,11.0,12.68
172444,"Soy flour, low-fat",sr_legacy_food,16,2019-04-01,401.9,49.81,8.9,30.63
172445,"Soy meal, defatted, raw",sr_legacy_food,16,2019-04-01,361.9,49.2,2.39,35.89
172446,"Soymilk, original and vanilla, unfortified",sr_legacy_food,16,2019-04-01,54.0,3.27,1.75,6.28
172447,"Soy protein concentrate, produced by alcohol extraction",sr_legacy_food,16,2019-04-01,360.3,63.63,0.46,25.41
172448,"Tofu, firm, prepared with calcium sulfate and magnesium chloride (nigari)",sr_legacy_food,16,2019-04-01,85.1,9.04,4.17,2.85
172449,"Tofu, soft, prepared with calcium sulfate and magnesium chloride (nigari)",sr_legacy_food,16,2019-04-01,66.6,7.17,3.69,1.18
172450,"Tofu, dried-frozen (koyadofu)",sr_legacy_food,16,2019-04-01,523.1,52.47,30.34,10.03
172451,"Tofu, fried",sr_legacy_food,16,2019-04-01,292.3,18.82,20.18,8.86
172452,Okara,sr_legacy_food,16,2019-04-01,78.6,3.52,1.73,12.23
172453,"Winged beans, mature seeds, cooked, boiled, without salt",sr_legacy_food,16,2019-04-01,154.8,10.62,5.84,14.94
172454,"Hummus, home prepared",sr_legacy_food,16,2019-04-01,177.2,4.86,8.59,20.12
172455,"Falafel, home-prepared",sr_legacy_food,16,2019-04-01,340.8,13.31,17.8,31.84
172456,"Soymilk, original and vanilla, with added calcium, vitamins A and D",sr_legacy_food,16,2019-04-01,43.3,2.6,1.47,4.92
172457,"Peanut spread, reduced sugar",sr_legacy_food,16,2019-04-01,650.1,24.8,54.89,14.23
172458,"Peanut butter, smooth, reduced fat",sr_legacy_food,16,2019-04-01,552.2,25.9,34.0,35.65
172459,"Peanut butter, smooth, vitamin and mineral fortified",sr_legacy_food,16,2019-04-01,635.2,25.72,50.81,18.75
172460,"Peanut butter, chunky, vitamin and mineral fortified",sr_legacy_food,16,2019-04-01,638.2,26.06,51.47,17.69
172461,"MORI-NU, Tofu, silken, firm",sr_legacy_food,16,2019-04-01,61.5,6.9,2.7,2.4
172462,"MORI-NU, Tofu, silken, extra firm",sr_legacy_food,16,2019-04-01,54.7,7.4,1.9,2.0
172463,"MORI-NU, Tofu, silken, lite firm",sr_legacy_food,16,2019-04-01,36.8,6.3,0.8,1.1
172464,"MORI-NU, Tofu, silken, lite extra firm",sr_legacy_food,16,2019-04-01,38.3,7.0,0.7,1.0
172465,"Refried beans, canned, fat-free",sr_legacy_food,16,2019-04-01,79.4,5.34,0.45,13.5
172466,"Frijoles rojos volteados (Refried beans, red, canned)",sr_legacy_food,16,2019-04-01,144.2,5.0,6.93,15.47
172467,"Tempeh, cooked",sr_legacy_food,16,2019-04-01,212.5,19.91,11.38,7.62
172468,"Vitasoy USA, Nasoya Lite Firm Tofu",sr_legacy_food,16,2019-04-01,53.7,8.3,1.7,1.3
172469,"Peanut butter, chunk style, without salt",sr_legacy_food,16,2019-04-01,632.0,24.06,49.94,21.57
172470,"Peanut butter, smooth style, without salt",sr_legacy_food,16,2019-04-01,640.3,22.21,51.36,22.31
172471,"Peanut butter with omega-3, creamy",sr_legacy_food,16,2019-04-01,653.4,24.47,54.17,17.0
172472,"Pigeon peas (red gram), mature seeds, cooked, boiled, with salt",sr_legacy_food,16,2019-04-01,123.5,6.76,0.38,23.25
172473,"Soy sauce made from soy and wheat (shoyu), low sodium",sr_legacy_food,16,2019-04-01,61.3,9.05,0.3,5.59
172474,"Soy sauce, reduced sodium, made from hydrolyzed vegetable protein",sr_legacy_food,16,2019-04-01,93.3,8.19,0.31,14.44
172475,"Tofu, raw, firm, prepared with calcium sulfate",sr_legacy_food,16,2019-04-01,158.7,17.27,8.72,2.78
172476,"Tofu, raw, regular, prepared with calcium sulfate",sr_legacy_food,16,2019-04-01,82.8,8.08,4.78,1.87
172477,"Winged beans, mature seeds, cooked, boiled, with salt",sr_legacy_food,16,2019-04-01,154.8,10.62,5.84,14.94
172478,"Veal, Australian, rib, rib roast, separable lean only, raw",sr_legacy_food,17,2019-04-01,134.1,21.7,4.63,1.4
172479,"Lamb, composite of trimmed retail cuts, separable lean and fat, trimmed to 1/4"" fat, choice, raw",sr_legacy_food,17,2019-04-01,261.8,16.88,21.59,0.0
172480,"Lamb, composite of trimmed retail cuts, separable lean and fat, trimmed to 1/4"" fat, choice, cooked",sr_legacy_food,17,2019-04-01,286.5,24.52,20.94,0.0
172481,"Lamb, foreshank, separable lean and fat, trimmed to 1/4"" fat, choice, raw",sr_legacy_food,17,2019-04-01,196.1,18.91,13.38,0.0
172482,"Lamb, foreshank, separable lean and fat, trimmed to 1/4"" fat, choice, cooked, braised",sr_legacy_food,17,2019-04-01,234.6,28.37,13.46,0.0
172483,"Lamb, foreshank, separable lean only, trimmed to 1/4"" fat, choice, raw",sr_legacy_food,17,2019-04-01,113.9,21.08,3.29,0.0
172484,"Lamb, foreshank, separable lean only, trimmed to 1/4"" fat, choice, cooked, braised",sr_legacy_food,17,2019-04-01,178.2,31.01,6.02,0.0
172485,"Lamb, leg, shank half, separable lean and fat, trimmed to 1/4"" fat, choice, cooked, roasted",sr_legacy_food,17,2019-04-01,217.7,26.41,12.45,0.0
172486,"Lamb, leg, shank half, separable lean only, trimmed to 1/4"" fat, choice, raw",sr_legacy_food,17,2019-04-01,119.8,20.52,4.19,0.0
172487,"Lamb, leg, shank half, separable lean only, trimmed to 1/4"" fat, choice, cooked, roasted",sr_legacy_food,17,2019-04-01,172.7,28.17,6.67,0.0
172488,"Lamb, leg, sirloin half, separable lean and fat, trimmed to 1/4"" fat, choice, raw",sr_legacy_food,17,2019-04-01,266.8,16.94,22.11,0.0
172489,"Lamb, loin, separable lean and fat, trimmed to 1/4"" fat, choice, cooked, broiled",sr_legacy_food,17,2019-04-01,308.4,25.17,23.08,0.0
172490,"Lamb, loin, separable lean and fat, trimmed to 1/4"" fat, choice, cooked, roasted",sr_legacy_food,17,2019-04-01,302.5,22.55,23.59,0.0
172491,"Lamb, loin, separable lean only, trimmed to 1/4"" fat, choice, raw",sr_legacy_food,17,2019-04-01,137.0,20.88,5.94,0.0
172492,"Lamb, loin, separable lean only, trimmed to 1/4"" fat, choice, cooked, broiled",sr_legacy_food,17,2019-04-01,207.5,29.99,9.73,0.0
172493,"Lamb, rib, separable lean only, trimmed to 1/4"" fat, choice, raw",sr_legacy_food,17,2019-04-01,163.0,19.98,9.23,0.0
172494,"Lamb, rib, separable lean only, trimmed to 1/4"" fat, choice, cooked, broiled",sr_legacy_food,17,2019-04-01,227.5,27.74,12.95,0.0
172495,"Lamb, rib, separable lean only, trimmed to 1/4"" fat, choice, cooked, roasted",sr_legacy_food,17,2019-04-01,224.4,26.16,13.31,0.0
172496,"Lamb, shoulder, whole (arm and blade), separable lean and fat, trimmed to 1/4"" fat, choice, raw",sr_legacy_food,17,2019-04-01,259.4,16.58,21.45,0.0
172497,"Lamb, shoulder, whole (arm and blade), separable lean and fat, trimmed to 1/4"" fat, choice, cooked, braised",sr_legacy_food,17,2019-04-01,335.7,28.68,24.55,0.0
172498,"Lamb, shoulder, whole (arm and blade), separable lean only, trimmed to 1/4"" fat, choice, cooked, broiled",sr_legacy_food,17,2019-04-01,203.0,27.12,10.5,0.0
172499,"Lamb, shoulder, whole (arm and blade), separable lean only, trimmed to 1/4"" fat, choice, cooked, roasted",sr_legacy_food,17,2019-04-01,196.7,24.94,10.77,0.0
172500,"Lamb, shoulder, arm, separable lean and fat, trimmed to 1/4"" fat, choice, raw",sr_legacy_food,17,2019-04-01,255.3,16.79,20.9,0.0
172501,"Lamb, shoulder, arm, separable lean and fat, trimmed to 1/4"" fat, choice, cooked, braised",sr_legacy_food,17,2019-04-01,337.6,30.39,24.0,0.0
172502,"Lamb, shoulder, arm, separable lean only, trimmed to 1/4"" fat, choice, cooked, broiled",sr_legacy_food,17,2019-04-01,192.0,27.71,9.02,0.0
172503,"Lamb, shoulder, arm, separable lean only, trimmed to 1/4"" fat, choice, cooked, roasted",sr_legacy_food,17,2019-04-01,185.2,25.46,9.26,0.0
172504,"Lamb, shoulder, blade, separable lean and fat, trimmed to 1/4"" fat, choice, raw",sr_legacy_food,17,2019-04-01,254.3,16.63,20.86,0.0
172505,"Lamb, shoulder, blade, separable lean and fat, trimmed to 1/4"" fat, choice, cooked, braised",sr_legacy_food,17,2019-04-01,336.6,28.51,24.73,0.0
172506,"Lamb, shoulder, blade, separable lean only, trimmed to 1/4"" fat, choice, cooked, broiled",sr_legacy_food,17,2019-04-01,203.8,25.48,11.32,0.0
172507,"Lamb, shoulder, blade, separable lean only, trimmed to 1/4"" fat, choice, cooked, roasted",sr_legacy_food,17,2019-04-01,202.6,24.61,11.57,0.0
172508,"Lamb, cubed for stew or kabob (leg and shoulder), separable lean only, trimmed to 1/4"" fat, raw",sr_legacy_food,17,2019-04-01,128.4,20.21,5.28,0.0
172509,"Lamb, cubed for stew or kabob (leg and shoulder), separable lean only, trimmed to 1/4"" fat, cooked, braised",sr_legacy_food,17,2019-04-01,214.0,33.69,8.8,0.0
172510,"Lamb, cubed for stew or kabob (leg and shoulder), separable lean only, trimmed to 1/4"" fat, cooked, broiled",sr_legacy_food,17,2019-04-01,178.3,28.08,7.33,0.0
172511,"Lamb, New Zealand, imported, frozen, composite of trimmed retail cuts, separable fat, raw",sr_legacy_food,17,2019-04-01,636.3,6.92,67.63,0.0
172512,"Lamb, New Zealand, imported, frozen, composite of trimmed retail cuts, separable fat, cooked",sr_legacy_food,17,2019-04-01,582.4,9.72,60.39,0.0
172513,"Lamb, New Zealand, imported, fore-shank, separable lean and fat, raw",sr_legacy_food,17,2019-04-01,183.1,20.09,11.38,0.09
172514,"Lamb, New Zealand, imported, fore-shank, separable lean and fat, cooked, braised",sr_legacy_food,17,2019-04-01,256.4,30.35,14.99,0.03
172515,"Lamb, New Zealand, imported, leg chop/steak, bone-in, separable lean only, raw",sr_legacy_food,17,2019-04-01,126.2,21.1,4.64,0.0
172516,"Lamb, New Zealand, imported, frozen, leg, whole (shank and sirloin), separable lean only, cooked, roasted",sr_legacy_food,17,2019-04-01,173.8,27.68,7.01,0.0
172517,"Lamb, New Zealand, imported, loin chop, separable lean and fat, raw",sr_legacy_food,17,2019-04-01,298.2,15.4,26.19,0.22
172518,"Game meat, muskrat, raw",sr_legacy_food,17,2019-04-01,155.9,20.76,8.1,0.0
172519,"Game meat, muskrat, cooked, roasted",sr_legacy_food,17,2019-04-01,226.0,30.09,11.74,0.0
172520,"Game meat, opossum, cooked, roasted",sr_legacy_food,17,2019-04-01,212.6,30.2,10.2,0.0
172521,"Game meat, rabbit, domesticated, composite of cuts, raw",sr_legacy_food,17,2019-04-01,130.2,20.05,5.55,0.0
172522,"Game meat, rabbit, domesticated, composite of cuts, cooked, roasted",sr_legacy_food,17,2019-04-01,188.7,29.06,8.05,0.0
172523,"Game meat, squirrel, raw",sr_legacy_food,17,2019-04-01,113.8,21.23,3.21,0.0
172524,"Game meat, squirrel, cooked, roasted",sr_legacy_food,17,2019-04-01,165.3,30.77,4.69,0.0
172525,"Lamb, variety meats and by-products, brain, raw",sr_legacy_food,17,2019-04-01,118.8,10.4,8.58,0.0
172526,"Lamb, variety meats and by-products, brain, cooked, braised",sr_legacy_food,17,2019-04-01,141.7,12.55,10.17,0.0
172527,"Lamb, variety meats and by-products, heart, raw",sr_legacy_food,17,2019-04-01,117.8,16.47,5.68,0.21
172528,"Lamb, variety meats and by-products, heart, cooked, braised",sr_legacy_food,17,2019-04-01,178.8,24.97,7.91,1.93
172529,"Veal, variety meats and by-products, heart, raw",sr_legacy_food,17,2019-04-01,104.9,17.18,3.98,0.08
172530,"Veal, variety meats and by-products, heart, cooked, braised",sr_legacy_food,17,2019-04-01,177.8,29.12,6.75,0.13
172531,"Lamb, variety meats and by-products, liver, raw",sr_legacy_food,17,2019-04-01,133.8,20.38,5.02,1.78
172532,"Lamb, variety meats and by-products, liver, cooked, braised",sr_legacy_food,17,2019-04-01,211.7,30.57,8.81,2.53
172533,"Lamb, variety meats and by-products, liver, cooked, pan-fried",sr_legacy_food,17,2019-04-01,231.1,25.53,12.65,3.78
172534,"Veal, variety meats and by-products, liver, raw",sr_legacy_food,17,2019-04-01,135.0,19.93,4.85,2.91
172535,"Veal, variety meats and by-products, liver, cooked, braised",sr_legacy_food,17,2019-04-01,185.1,28.42,6.26,3.77
172536,"Veal, variety meats and by-products, lungs, cooked, braised",sr_legacy_food,17,2019-04-01,98.7,18.74,2.64,0.0
172537,"Lamb, variety meats and by-products, mechanically separated, raw",sr_legacy_food,17,2019-04-01,271.7,14.97,23.54,0.0
172538,"Lamb, variety meats and by-products, pancreas, raw",sr_legacy_food,17,2019-04-01,147.7,14.84,9.82,0.0
172539,"Lamb, variety meats and by-products, pancreas, cooked, braised",sr_legacy_food,17,2019-04-01,227.4,22.83,15.12,0.0
172540,"Veal, variety meats and by-products, spleen, raw",sr_legacy_food,17,2019-04-01,93.0,18.3,2.2,0.0
172541,"Veal, variety meats and by-products, spleen, cooked, braised",sr_legacy_food,17,2019-04-01,122.3,24.08,2.89,0.0
172542,"Veal, variety meats and by-products, thymus, raw",sr_legacy_food,17,2019-04-01,96.5,17.21,3.07,0.0
172543,"Veal, variety meats and by-products, thymus, cooked, braised",sr_legacy_food,17,2019-04-01,118.7,22.67,3.11,0.0
172544,"Lamb, ground, cooked, broiled",sr_legacy_food,17,2019-04-01,275.8,24.75,19.65,0.0
172545,"Lamb, composite of trimmed retail cuts, separable lean and fat, trimmed to 1/8"" fat, choice, raw",sr_legacy_food,17,2019-04-01,238.1,17.54,18.66,0.0
172546,"Lamb, composite of trimmed retail cuts, separable lean and fat, trimmed to 1/8"" fat, choice, cooked",sr_legacy_food,17,2019-04-01,264.1,25.51,18.01,0.0
172547,"Lamb, foreshank, separable lean and fat, trimmed to 1/8"" fat, choice, raw",sr_legacy_food,17,2019-04-01,196.1,18.91,13.38,0.0
172548,"Lamb, leg, shank half, separable lean and fat, trimmed to 1/8"" fat, choice, cooked, roasted",sr_legacy_food,17,2019-04-01,209.5,26.73,11.4,0.0
172549,"Lamb, leg, sirloin half, separable lean and fat, trimmed to 1/8"" fat, choice, raw",sr_legacy_food,17,2019-04-01,256.0,17.21,20.8,0.0
172550,"Lamb, leg, sirloin half, separable lean and fat, trimmed to 1/8"" fat, choice, cooked, roasted",sr_legacy_food,17,2019-04-01,276.8,24.95,19.67,0.0
172551,"Lamb, loin, separable lean and fat, trimmed to 1/8"" fat, choice, raw",sr_legacy_food,17,2019-04-01,273.5,17.18,22.75,0.0
172552,"Lamb, rib, separable lean and fat, trimmed to 1/8"" fat, choice, cooked, roasted",sr_legacy_food,17,2019-04-01,335.0,21.82,27.53,0.0
172553,"Lamb, shoulder, whole (arm and blade), separable lean and fat, trimmed to 1/8"" fat, choice, raw",sr_legacy_food,17,2019-04-01,238.9,17.07,18.96,0.0
172554,"Lamb, shoulder, whole (arm and blade), separable lean and fat, trimmed to 1/8"" fat, choice, cooked, braised",sr_legacy_food,17,2019-04-01,330.0,29.46,23.57,0.0
172555,"Lamb, shoulder, whole (arm and blade), separable lean and fat, trimmed to 1/8"" fat, choice, cooked, broiled",sr_legacy_food,17,2019-04-01,260.9,23.84,18.39,0.0
172556,"Lamb, shoulder, blade, separable lean and fat, trimmed to 1/8"" fat, choice, raw",sr_legacy_food,17,2019-04-01,238.8,17.01,18.97,0.0
172557,"Lamb, shoulder, blade, separable lean and fat, trimmed to 1/8"" fat, choice, cooked, braised",sr_legacy_food,17,2019-04-01,330.6,28.92,23.88,0.0
172558,"Lamb, shoulder, blade, separable lean and fat, trimmed to 1/8"" fat, choice, cooked, broiled",sr_legacy_food,17,2019-04-01,260.4,23.48,18.5,0.0
172559,"Lamb, shoulder, blade, separable lean and fat, trimmed to 1/8"" fat, choice, cooked, roasted",sr_legacy_food,17,2019-04-01,263.2,22.62,19.19,0.0
172560,"Lamb, New Zealand, imported, frozen, leg, whole (shank and sirloin), separable lean and fat, trimmed to 1/8"" fat, raw",sr_legacy_food,17,2019-04-01,195.4,18.76,13.37,0.0
172561,"Lamb, New Zealand, imported, frozen, leg, whole (shank and sirloin), separable lean and fat, trimmed to 1/8"" fat, cooked, roasted",sr_legacy_food,17,2019-04-01,226.9,25.34,13.95,0.0
172562,"Lamb, New Zealand, imported, frozen, loin, separable lean and fat, trimmed to 1/8"" fat, raw",sr_legacy_food,17,2019-04-01,267.6,17.18,22.1,0.0
172563,"Lamb, New Zealand, imported, frozen, loin, separable lean and fat, trimmed to 1/8"" fat, cooked, broiled",sr_legacy_food,17,2019-04-01,289.2,24.41,21.28,0.0
172564,"Game meat, bison, top sirloin, separable lean only, trimmed to 0"" fat, raw",sr_legacy_food,17,2019-04-01,107.2,21.4,2.4,0.0
172565,"Game meat, bison, ribeye, separable lean only, trimmed to 0"" fat, raw",sr_legacy_food,17,2019-04-01,110.0,22.1,2.4,0.0
172566,"Game meat, bison, shoulder clod, separable lean only, trimmed to 0"" fat, raw",sr_legacy_food,17,2019-04-01,103.3,21.1,2.1,0.0
172567,"Veal, breast, separable fat, cooked",sr_legacy_food,17,2019-04-01,517.8,9.4,53.35,0.0
172568,"Veal, shank (fore and hind), separable lean and fat, raw",sr_legacy_food,17,2019-04-01,107.9,19.15,3.48,0.0
172569,"Veal, shank (fore and hind), separable lean and fat, cooked, braised",sr_legacy_food,17,2019-04-01,182.0,31.54,6.2,0.0
172570,"Veal, shank (fore and hind), separable lean only, raw",sr_legacy_food,17,2019-04-01,102.6,19.28,2.83,0.0
172571,"Veal, shank (fore and hind), separable lean only, cooked, braised",sr_legacy_food,17,2019-04-01,167.8,32.22,4.33,0.0
172572,"Lamb, Australian, imported, fresh, separable fat, raw",sr_legacy_food,17,2019-04-01,644.9,6.27,68.87,0.0
172573,"Lamb, Australian, imported, fresh, separable fat, cooked",sr_legacy_food,17,2019-04-01,635.3,9.42,66.4,0.0
172574,"Lamb, Australian, imported, fresh, foreshank, separable lean and fat, trimmed to 1/8"" fat, raw",sr_legacy_food,17,2019-04-01,189.5,18.85,12.68,0.0
172575,"Lamb, Australian, imported, fresh, foreshank, separable lean and fat, trimmed to 1/8"" fat, cooked, braised",sr_legacy_food,17,2019-04-01,229.1,24.78,14.44,0.0
172576,"Lamb, Australian, imported, fresh, leg, whole (shank and sirloin), separable lean only, trimmed to 1/8"" fat, raw",sr_legacy_food,17,2019-04-01,128.9,20.46,5.23,0.0
172577,"Lamb, Australian, imported, fresh, leg, whole (shank and sirloin), separable lean only, trimmed to 1/8"" fat, cooked, roasted",sr_legacy_food,17,2019-04-01,182.1,27.31,8.1,0.0
172578,"Lamb, Australian, imported, fresh, leg, shank half, separable lean and fat, trimmed to 1/8"" fat, raw",sr_legacy_food,17,2019-04-01,195.7,18.59,13.48,0.0
172579,"Lamb, Australian, imported, fresh, leg, shank half, separable lean and fat, trimmed to 1/8"" fat, cooked, roasted",sr_legacy_food,17,2019-04-01,224.2,25.25,13.69,0.0
172580,"Lamb, Australian, imported, fresh, leg, shank half, separable lean only, trimmed to 1/8"" fat, raw",sr_legacy_food,17,2019-04-01,127.7,20.45,5.1,0.0
172581,"Lamb, Australian, imported, fresh, leg, sirloin half, boneless, separable lean only, trimmed to 1/8"" fat, cooked, roasted",sr_legacy_food,17,2019-04-01,206.8,27.75,10.65,0.0
172582,"Lamb, Australian, imported, fresh, leg, sirloin chops, boneless, separable lean and fat, trimmed to 1/8"" fat, raw",sr_legacy_food,17,2019-04-01,202.7,18.33,14.38,0.0
172583,"Lamb, Australian, imported, fresh, leg, sirloin chops, boneless, separable lean and fat, trimmed to 1/8"" fat, cooked, broiled",sr_legacy_food,17,2019-04-01,227.5,25.75,13.83,0.0
172584,"Lamb, Australian, imported, fresh, leg, sirloin chops, boneless, separable lean only, trimmed to 1/8"" fat, raw",sr_legacy_food,17,2019-04-01,125.9,20.43,4.91,0.0
172585,"Lamb, Australian, imported, fresh, leg, center slice, bone-in, separable lean only, trimmed to 1/8"" fat, cooked, broiled",sr_legacy_food,17,2019-04-01,176.1,26.75,7.68,0.0
172586,"Lamb, Australian, imported, fresh, loin, separable lean and fat, trimmed to 1/8"" fat, raw",sr_legacy_food,17,2019-04-01,197.7,19.32,13.38,0.0
172587,"Lamb, Australian, imported, fresh, loin, separable lean and fat, trimmed to 1/8"" fat, cooked, broiled",sr_legacy_food,17,2019-04-01,212.2,25.49,12.25,0.0
172588,"Lamb, Australian, imported, fresh, loin, separable lean only, trimmed to 1/8"" fat, raw",sr_legacy_food,17,2019-04-01,140.2,21.0,6.24,0.0
172589,"Lamb, Australian, imported, fresh, rib chop, frenched, bone-in, separable lean only, trimmed to 1/8"" fat, cooked, grilled",sr_legacy_food,17,2019-04-01,233.8,32.16,11.68,0.0
172590,"Lamb, Australian, imported, fresh, shoulder, whole (arm and blade), separable lean and fat, trimmed to 1/8"" fat, raw",sr_legacy_food,17,2019-04-01,251.0,16.68,20.47,0.0
172591,"Lamb, Australian, imported, fresh, shoulder, whole (arm and blade), separable lean and fat, trimmed to 1/8"" fat, cooked",sr_legacy_food,17,2019-04-01,289.2,23.58,21.65,0.0
172592,"Lamb, Australian, imported, fresh, shoulder, whole (arm and blade), separable lean only,   trimmed to 1/8"" fat, raw",sr_legacy_food,17,2019-04-01,149.5,19.36,8.01,0.0
172593,"Lamb, Australian, imported, fresh, shoulder, whole (arm and blade), separable lean only, trimmed to 1/8"" fat, cooked",sr_legacy_food,17,2019-04-01,225.7,26.18,13.44,0.0
172594,"Lamb, Australian, imported, fresh, shoulder, blade, separable lean and fat, trimmed to 1/8"" fat, raw",sr_legacy_food,17,2019-04-01,257.4,16.48,21.28,0.0
172595,"Lamb, Australian, imported, fresh, shoulder, blade, separable lean and fat, trimmed to 1/8"" fat, cooked, broiled",sr_legacy_food,17,2019-04-01,285.1,21.71,22.03,0.0
172596,"Lamb, Australian, imported, fresh, shoulder, blade, separable lean only, trimmed to 1/8"" fat, raw",sr_legacy_food,17,2019-04-01,158.2,19.1,9.09,0.0
172597,"Lamb, Australian, imported, fresh, shoulder ,blade, separable lean only, trimmed to 1/8"" fat, cooked, broiled",sr_legacy_food,17,2019-04-01,224.7,23.83,14.38,0.0
172598,"Game meat, bison, chuck, shoulder clod, separable lean only, raw",sr_legacy_food,17,2019-04-01,112.8,21.12,3.15,0.0
172599,"Game meat, bison, ribeye, separable lean only, 1"" steak, cooked, broiled",sr_legacy_food,17,2019-04-01,168.8,29.45,5.67,0.0
172600,"Game meat, bison, top round, separable lean only, 1"" steak, cooked, broiled",sr_legacy_food,17,2019-04-01,165.4,30.18,4.96,0.0
172601,"Game meat, bison, top round, separable lean only, 1"" steak, raw",sr_legacy_food,17,2019-04-01,115.2,23.32,2.43,0.0
172602,"Game meat, deer, ground, raw",sr_legacy_food,17,2019-04-01,151.3,21.78,7.13,0.0
172603,"Game meat, deer, ground, cooked, pan-broiled",sr_legacy_food,17,2019-04-01,179.8,26.45,8.22,0.0
172604,"Game meat, deer, loin, separable lean only, 1"" steak, cooked, broiled",sr_legacy_food,17,2019-04-01,142.2,30.2,2.38,0.0
172605,"Game meat, deer, shoulder clod, separable lean only, cooked, braised",sr_legacy_food,17,2019-04-01,180.7,36.28,3.95,0.0
172606,"Veal, Australian, shank, hind, bone-in, separable lean only, raw",sr_legacy_food,17,2019-04-01,121.7,20.37,4.47,0.0
172607,"Veal, Australian, shank, hind, bone-in, separable lean and fat, raw",sr_legacy_food,17,2019-04-01,143.9,19.78,7.2,0.0
172608,"Lamb, Australian, ground,  85% lean / 15% fat, raw",sr_legacy_food,17,2019-04-01,255.0,17.14,20.71,0.0
172609,"Lamb, New Zealand, imported, Intermuscular fat, cooked",sr_legacy_food,17,2019-04-01,596.1,8.53,62.44,0.0
172610,"Lamb, New Zealand, imported, breast, separable lean only, cooked, braised",sr_legacy_food,17,2019-04-01,270.4,28.16,17.53,0.0
172611,"Lamb, New Zealand, imported, breast, separable lean only, raw",sr_legacy_food,17,2019-04-01,149.1,18.31,7.98,1.02
172612,"Lamb, New Zealand, imported, chump, boneless, separable lean only, cooked, fast roasted",sr_legacy_food,17,2019-04-01,142.2,23.69,5.27,0.0
172613,"Lamb, New Zealand, imported, subcutaneous fat, cooked",sr_legacy_food,17,2019-04-01,674.0,5.24,72.28,0.62
172614,"Lamb, New Zealand, imported, liver, cooked, soaked and fried",sr_legacy_food,17,2019-04-01,168.2,25.8,6.56,1.48
172615,"Lamb, New Zealand, imported, liver, raw",sr_legacy_food,17,2019-04-01,136.0,20.7,4.92,2.22
172616,"Lamb, New Zealand, imported, ground lamb, cooked, braised",sr_legacy_food,17,2019-04-01,192.5,22.6,11.34,0.0
172617,"Lamb, New Zealand, imported, ground lamb, raw",sr_legacy_food,17,2019-04-01,193.0,20.33,12.41,0.0
172618,"Lamb, New Zealand, imported, testes, cooked, soaked and fried",sr_legacy_food,17,2019-04-01,125.1,21.01,4.56,0.0
172619,"Lamb, New Zealand, imported, testes, raw",sr_legacy_food,17,2019-04-01,67.6,11.4,2.38,0.14
172620,"Lamb, New Zealand, imported, tongue - swiss cut, cooked, soaked and simmered",sr_legacy_food,17,2019-04-01,271.8,17.51,22.04,0.86
172621,"Lamb, New Zealand, imported, tongue - swiss cut, raw",sr_legacy_food,17,2019-04-01,224.6,14.27,18.61,0.0
172622,"Lamb, New Zealand, imported, tenderloin, separable lean only, cooked, fast fried",sr_legacy_food,17,2019-04-01,155.0,27.94,4.81,0.0
172623,"Lamb, New Zealand, imported, tenderloin, separable lean only, raw",sr_legacy_food,17,2019-04-01,116.4,20.53,3.81,0.0
172624,"Lamb, New Zealand, imported, loin saddle, separable lean only, cooked, fast roasted",sr_legacy_food,17,2019-04-01,162.4,25.53,6.7,0.0
172625,"Lamb, New Zealand, imported, loin saddle, separable lean only, raw",sr_legacy_food,17,2019-04-01,131.3,20.86,5.32,0.0
172626,"Lamb, New Zealand, imported, neck chops, separable lean only, cooked, braised",sr_legacy_food,17,2019-04-01,263.8,31.4,15.36,0.0
172627,"Lamb, New Zealand, imported, netted shoulder, rolled, boneless, separable lean only, cooked, slow roasted",sr_legacy_food,17,2019-04-01,198.8,25.14,10.91,0.0
172628,"Lamb, New Zealand, imported, netted shoulder, rolled, boneless, separable lean only, raw",sr_legacy_food,17,2019-04-01,142.7,20.2,6.88,0.0
172629,"Lamb, New Zealand, imported, rack - fully frenched, separable lean only, cooked, fast roasted",sr_legacy_food,17,2019-04-01,173.0,24.39,8.38,0.0
172630,"Lamb, New Zealand, imported, flap, boneless, separable lean and fat, cooked, braised",sr_legacy_food,17,2019-04-01,376.2,20.48,32.63,0.14
172631,"Lamb, New Zealand, imported, flap, boneless, separable lean and fat, raw",sr_legacy_food,17,2019-04-01,337.0,16.17,30.14,0.27
172632,"Lamb, New Zealand, imported, hind-shank, separable lean and fat, cooked, braised",sr_legacy_food,17,2019-04-01,246.5,29.59,14.22,0.04
172633,"Lamb, New Zealand, imported, hind-shank, separable lean and fat, raw",sr_legacy_food,17,2019-04-01,185.6,18.39,12.12,0.73
172634,"Lamb, New Zealand, imported, loin, boneless, separable lean and fat, cooked, fast roasted",sr_legacy_food,17,2019-04-01,157.0,28.96,4.57,0.0
172635,"Lamb, New Zealand, imported, loin, boneless, separable lean and fat, raw",sr_legacy_food,17,2019-04-01,121.7,21.44,3.99,0.0
172636,"Lamb, New Zealand, imported, neck chops, separable lean and fat, cooked, braised",sr_legacy_food,17,2019-04-01,307.1,28.53,21.43,0.03
172637,"Lamb, New Zealand, imported, neck chops, separable lean and fat, raw",sr_legacy_food,17,2019-04-01,231.4,17.43,17.9,0.14
172638,"Lamb, New Zealand, imported, netted shoulder, rolled, boneless, separable lean and fat, cooked, slow roasted",sr_legacy_food,17,2019-04-01,287.0,21.45,22.33,0.05
172639,"Lamb, New Zealand, imported, tenderloin, separable lean and fat, cooked, fast fried",sr_legacy_food,17,2019-04-01,156.5,27.87,5.0,0.0
172640,"Lamb, New Zealand, imported, rack - fully frenched, separable lean and fat, cooked, fast roasted",sr_legacy_food,17,2019-04-01,195.1,23.56,11.2,0.01
172641,"Lamb, New Zealand, imported, rack - fully frenched, separable lean and fat, raw",sr_legacy_food,17,2019-04-01,169.4,19.88,9.96,0.05
172642,"Lamb, New Zealand, imported, tunnel-boned leg, chump off, shank off, separable lean and fat, cooked, slow roasted",sr_legacy_food,17,2019-04-01,207.9,23.41,12.68,0.03
172643,"Veal, leg, top round, cap off, cutlet, boneless, raw",sr_legacy_food,17,2019-04-01,106.9,22.07,2.07,0.0
172644,"Veal, loin, chop, separable lean only, cooked, grilled",sr_legacy_food,17,2019-04-01,159.2,29.75,4.44,0.07
172645,"Veal, shank, separable lean only, raw",sr_legacy_food,17,2019-04-01,93.8,19.77,1.64,0.0
172646,"Veal, foreshank, osso buco, separable lean only, cooked, braised",sr_legacy_food,17,2019-04-01,157.1,29.12,4.51,0.0
172647,"Veal, seam fat only, cooked",sr_legacy_food,17,2019-04-01,504.6,11.16,50.17,2.11
172648,"Veal, shank, separable lean and fat, raw",sr_legacy_food,17,2019-04-01,106.8,19.28,3.3,0.0
172649,"Veal, foreshank, osso buco, separable lean and fat, cooked, braised",sr_legacy_food,17,2019-04-01,182.1,27.94,7.77,0.11
172650,"Veal, loin, chop, separable lean and fat, cooked, grilled",sr_legacy_food,17,2019-04-01,198.1,28.04,9.48,0.16
172651,"Veal, shoulder, blade chop, separable lean and fat, cooked, grilled",sr_legacy_food,17,2019-04-01,198.6,25.72,10.57,0.15
172652,"Lamb, Australian, imported, fresh, tenderloin, boneless, separable lean only, trimmed to 1/8"" fat, raw",sr_legacy_food,17,2019-04-01,136.2,23.42,4.73,0.0
172653,"Lamb, Australian, imported, fresh, leg, bottom, boneless, separable lean only, trimmed to 1/8"" fat, raw",sr_legacy_food,17,2019-04-01,136.3,22.28,5.24,0.0
172654,"Lamb, Australian, imported, fresh, leg, trotter off, bone-in, separable lean only, trimmed to 1/8"" fat, cooked, roasted",sr_legacy_food,17,2019-04-01,214.6,32.08,9.59,0.0
172655,"Lamb, Australian, imported, fresh, leg, trotter off, bone-in, separable lean only, trimmed to 1/8"" fat, raw",sr_legacy_food,17,2019-04-01,131.4,23.11,4.33,0.0
172656,"Lamb, Australian, imported, fresh, seam fat, cooked",sr_legacy_food,17,2019-04-01,553.9,13.81,54.72,1.55
172657,"Lamb, Australian, imported, fresh, seam fat, raw",sr_legacy_food,17,2019-04-01,458.7,15.65,44.01,0.0
172658,"Lamb, Australian, imported, fresh, leg, bottom, boneless, separable lean and fat, trimmed to 1/8"" fat, cooked, roasted",sr_legacy_food,17,2019-04-01,218.5,27.54,12.04,0.0
172659,"Lamb, Australian, imported, fresh, leg, bottom, boneless, separable lean and fat, trimmed to 1/8"" fat, raw",sr_legacy_food,17,2019-04-01,186.8,20.97,11.43,0.0
172660,"Lamb, Australian, imported, fresh, tenderloin, boneless, separable lean and fat, trimmed to 1/8"" fat, raw",sr_legacy_food,17,2019-04-01,142.6,23.23,5.52,0.0
172661,"Lamb, Australian, imported, fresh, rib chop, frenched, denuded, bone-in, separable lean only, trimmed to 0"" fat, cooked, grilled",sr_legacy_food,17,2019-04-01,236.2,33.17,11.5,0.0
172662,"Lamb, Australian, imported, fresh, rack, roast, frenched, denuded, bone-in, separable lean and fat, trimmed to 0"" fat, cooked, roasted",sr_legacy_food,17,2019-04-01,193.0,25.95,9.91,0.0
172663,"Lamb, Australian, imported, fresh, rack, roast, frenched, bone-in, separable lean and fat, trimmed to 1/8"" fat, cooked, roasted",sr_legacy_food,17,2019-04-01,290.8,25.96,20.77,0.0
172664,"Bagels, cinnamon-raisin",sr_legacy_food,18,2019-04-01,275.3,9.8,1.7,55.2
172665,"Bagels, cinnamon-raisin, toasted",sr_legacy_food,18,2019-04-01,295.8,10.6,1.8,59.3
172666,"Bagels, oat bran",sr_legacy_food,18,2019-04-01,266.8,10.7,1.2,53.3
172667,"Biscuits, plain or buttermilk, frozen, baked",sr_legacy_food,18,2019-04-01,339.5,6.2,11.03,53.87
172668,"Biscuits, plain or buttermilk, refrigerated dough, higher fat",sr_legacy_food,18,2019-04-01,307.1,6.66,10.58,46.32
172669,"Biscuits, plain or buttermilk, refrigerated dough, higher fat, baked",sr_legacy_food,18,2019-04-01,324.3,6.79,11.22,49.05
172670,"Biscuits, plain or buttermilk, prepared from recipe",sr_legacy_food,18,2019-04-01,353.1,7.0,16.3,44.6
172671,"Biscuits, mixed grain, refrigerated dough",sr_legacy_food,18,2019-04-01,264.4,6.1,5.6,47.4
172672,"Bread, cracked-wheat",sr_legacy_food,18,2019-04-01,267.9,8.7,3.9,49.5
172673,"Bread, egg",sr_legacy_food,18,2019-04-01,283.2,9.5,6.0,47.8
172674,"Bread, egg, toasted",sr_legacy_food,18,2019-04-01,311.8,10.5,6.6,52.6
172675,"Bread, french or vienna (includes sourdough)",sr_legacy_food,18,2019-04-01,272.3,10.75,2.42,51.88
172676,"Bread, oat bran",sr_legacy_food,18,2019-04-01,240.4,10.4,4.4,39.8
172677,"Bread, oat bran, toasted",sr_legacy_food,18,2019-04-01,263.6,11.4,4.8,43.7
172678,"Bread, oatmeal",sr_legacy_food,18,2019-04-01,267.2,8.4,4.4,48.5
172679,"Bread, oatmeal, toasted",sr_legacy_food,18,2019-04-01,290.8,9.2,4.8,52.7
172680,"Bread, raisin, enriched",sr_legacy_food,18,2019-04-01,280.4,7.9,4.4,52.3
172681,"Bread, raisin, enriched, toasted",sr_legacy_food,18,2019-04-01,305.2,8.6,4.8,56.9
172682,"Bread, reduced-calorie, oat bran",sr_legacy_food,18,2019-04-01,226.0,8.0,3.2,41.3
172683,"Bread, reduced-calorie, oat bran, toasted",sr_legacy_food,18,2019-04-01,269.0,9.5,3.8,49.2
172684,"Bread, rye",sr_legacy_food,18,2019-04-01,256.9,8.5,3.3,48.3
172685,"Bread, rye, toasted",sr_legacy_food,18,2019-04-01,282.4,9.4,3.6,53.1
172686,"Bread, wheat",sr_legacy_food,18,2019-04-01,273.6,10.67,4.53,47.54
172687,"Bread, wheat, toasted",sr_legacy_food,18,2019-04-01,313.4,12.96,4.27,55.77
172688,"Bread, whole-wheat, commercially prepared",sr_legacy_food,18,2019-04-01,252.1,12.45,3.5,42.71
172689,"Bread, whole-wheat, commercially prepared, toasted",sr_legacy_food,18,2019-04-01,306.4,16.27,4.07,51.16
172690,"Bread, whole-wheat, prepared from recipe",sr_legacy_food,18,2019-04-01,287.8,8.4,5.4,51.4
172691,"Bread, whole-wheat, prepared from recipe, toasted",sr_legacy_food,18,2019-04-01,315.5,9.2,5.9,56.4
172692,"Bread, stuffing, cornbread, dry mix",sr_legacy_food,18,2019-04-01,384.6,10.0,4.2,76.7
172693,"Bread, stuffing, cornbread, dry mix, prepared",sr_legacy_food,18,2019-04-01,178.4,2.9,8.8,21.9
172694,"Cake, angelfood, commercially prepared",sr_legacy_food,18,2019-04-01,262.0,5.9,0.8,57.8
172695,"Cake, angelfood, dry mix, prepared",sr_legacy_food,18,2019-04-01,261.9,6.1,0.3,58.7
172696,"Cake, boston cream pie, commercially prepared",sr_legacy_food,18,2019-04-01,257.7,2.4,8.5,42.9
172697,"Cake, chocolate, prepared from recipe without frosting",sr_legacy_food,18,2019-04-01,370.7,5.3,15.1,53.4
172698,"Cake, white, prepared from recipe with coconut frosting",sr_legacy_food,18,2019-04-01,363.1,4.4,10.3,63.2
172699,"Cake, coffeecake, cheese",sr_legacy_food,18,2019-04-01,342.0,7.0,15.2,44.3
172700,"Cake, coffeecake, cinnamon with crumb topping, commercially prepared, enriched",sr_legacy_food,18,2019-04-01,423.7,6.8,23.3,46.7
172701,"Cake, gingerbread, dry mix",sr_legacy_food,18,2019-04-01,440.2,4.4,13.8,74.6
172702,"Cake, gingerbread, prepared from recipe",sr_legacy_food,18,2019-04-01,360.0,3.9,16.4,49.2
172703,"Cake, pineapple upside-down, prepared from recipe",sr_legacy_food,18,2019-04-01,324.9,3.5,12.1,50.5
172704,"Cake, pound, commercially prepared, butter (includes fresh and frozen)",sr_legacy_food,18,2019-04-01,360.2,5.0,13.96,53.64
172705,"Cake, white, dry mix, special dietary (includes lemon-flavored)",sr_legacy_food,18,2019-04-01,406.0,3.0,8.4,79.6
172706,"Cake, sponge, commercially prepared",sr_legacy_food,18,2019-04-01,289.9,5.4,2.7,61.0
172707,"Cake, sponge, prepared from recipe",sr_legacy_food,18,2019-04-01,298.7,7.3,4.3,57.7
172708,"Cake, pudding-type, white, enriched, dry mix",sr_legacy_food,18,2019-04-01,424.7,3.9,9.5,80.9
172709,"Cake, white, prepared from recipe without frosting",sr_legacy_food,18,2019-04-01,362.0,5.4,12.4,57.2
172710,"Cake, yellow, prepared from recipe without frosting",sr_legacy_food,18,2019-04-01,364.6,5.3,14.6,53.0
172711,"Cake, cheesecake, commercially prepared",sr_legacy_food,18,2019-04-01,326.5,5.5,22.5,25.5
172712,"Cake, cheesecake, prepared from mix, no-bake type",sr_legacy_food,18,2019-04-01,278.3,5.5,12.7,35.5
172713,"Cookies, brownies, commercially prepared",sr_legacy_food,18,2019-04-01,421.5,4.8,16.3,63.9
172714,"Cookies, chocolate wafers",sr_legacy_food,18,2019-04-01,445.0,6.6,14.2,72.7
172715,"Cookies, chocolate chip, commercially prepared, regular, lower fat",sr_legacy_food,18,2019-04-01,455.0,5.97,17.91,67.49
172716,"Cookies, chocolate chip, commercially prepared, regular, higher fat, enriched",sr_legacy_food,18,2019-04-01,504.3,5.1,24.72,65.36
172717,"Cookies, chocolate chip, commercially prepared, soft-type",sr_legacy_food,18,2019-04-01,455.4,3.63,19.77,65.75
172718,"Cookies, chocolate sandwich, with creme filling, regular",sr_legacy_food,18,2019-04-01,477.1,5.21,19.14,71.0
172719,"Cookies, chocolate sandwich, with creme filling, regular, chocolate-coated",sr_legacy_food,18,2019-04-01,517.6,3.6,26.4,66.4
172720,"Cookies, chocolate sandwich, with extra creme filling",sr_legacy_food,18,2019-04-01,510.8,4.33,24.52,68.2
172721,"Cookies, fig bars",sr_legacy_food,18,2019-04-01,364.1,3.7,7.3,70.9
172722,"Cookies, fortune",sr_legacy_food,18,2019-04-01,377.1,4.2,2.7,84.0
172723,"Cookies, marshmallow, chocolate-coated (includes marshmallow pies)",sr_legacy_food,18,2019-04-01,438.9,4.0,16.9,67.7
172724,"Cookies, molasses",sr_legacy_food,18,2019-04-01,432.8,5.6,12.8,73.8
172725,"Cookies, oatmeal, commercially prepared, regular",sr_legacy_food,18,2019-04-01,462.5,6.2,18.1,68.7
172726,"Cookies, oatmeal, commercially prepared, soft-type",sr_legacy_food,18,2019-04-01,419.5,6.1,14.7,65.7
172727,"Cookies, peanut butter, commercially prepared, regular",sr_legacy_food,18,2019-04-01,482.7,8.92,23.82,58.15
172728,"Cookies, peanut butter, commercially prepared, soft-type",sr_legacy_food,18,2019-04-01,471.6,5.3,24.4,57.7
172729,"Cookies, peanut butter, refrigerated dough",sr_legacy_food,18,2019-04-01,466.2,8.2,25.0,52.1
172730,"Cookies, peanut butter, refrigerated dough, baked",sr_legacy_food,18,2019-04-01,513.1,9.1,27.5,57.3
172731,"Cookies, brownies, dry mix, sugar free",sr_legacy_food,18,2019-04-01,445.7,2.9,12.5,80.4
172732,"Cookies, chocolate chip, commercially prepared, special dietary",sr_legacy_food,18,2019-04-01,460.4,3.9,16.8,73.4
172733,"Cookies, chocolate sandwich, with creme filling, special dietary",sr_legacy_food,18,2019-04-01,488.9,4.5,22.1,68.0
172734,"Cookies, oatmeal, commercially prepared, special dietary",sr_legacy_food,18,2019-04-01,460.8,4.8,18.0,69.9
172735,"Cookies, sugar, refrigerated dough, baked",sr_legacy_food,18,2019-04-01,489.1,4.7,23.1,65.6
172736,"Cookies, sugar wafers with creme filling, regular",sr_legacy_food,18,2019-04-01,507.1,3.84,23.24,70.64
172737,"Cookies, vanilla sandwich with creme filling",sr_legacy_food,18,2019-04-01,486.4,4.5,20.0,72.1
172738,"Puff pastry, frozen, ready-to-bake, baked",sr_legacy_food,18,2019-04-01,558.9,7.4,38.5,45.7
172739,"Crackers, crispbread, rye",sr_legacy_food,18,2019-04-01,372.1,7.9,1.3,82.2
172740,"Crackers, matzo, plain",sr_legacy_food,18,2019-04-01,387.4,10.0,1.4,83.7
172741,"Crackers, matzo, egg",sr_legacy_food,18,2019-04-01,382.5,12.3,2.1,78.6
172742,"Crackers, matzo, whole-wheat",sr_legacy_food,18,2019-04-01,381.5,13.1,1.5,78.9
172743,"Crackers, rye, sandwich-type with cheese filling",sr_legacy_food,18,2019-04-01,480.7,9.2,22.3,60.8
172744,"Crackers, rye, wafers, plain",sr_legacy_food,18,2019-04-01,368.1,9.6,0.9,80.4
172745,"Crackers, rye, wafers, seasoned",sr_legacy_food,18,2019-04-01,414.0,9.0,9.2,73.8
172746,"Crackers, saltines (includes oyster, soda, soup)",sr_legacy_food,18,2019-04-01,411.8,9.46,8.64,74.05
172747,"Crackers, wheat, sandwich, with cheese filling",sr_legacy_food,18,2019-04-01,497.0,9.8,25.0,58.2
172748,"Crackers, wheat, sandwich, with peanut butter filling",sr_legacy_food,18,2019-04-01,509.5,13.5,26.7,53.8
172749,"Crackers, whole-wheat",sr_legacy_food,18,2019-04-01,447.7,10.58,14.13,69.55
172750,"Cracker, meal",sr_legacy_food,18,2019-04-01,376.1,9.3,1.7,80.9
172751,"Croutons, plain",sr_legacy_food,18,2019-04-01,401.0,11.9,6.6,73.5
172752,"Croutons, seasoned",sr_legacy_food,18,2019-04-01,461.9,10.8,18.3,63.5
172753,"Danish pastry, cinnamon, enriched",sr_legacy_food,18,2019-04-01,408.0,7.0,22.4,44.6
172754,"Danish pastry, cheese",sr_legacy_food,18,2019-04-01,377.9,8.0,21.9,37.2
172755,"Danish pastry, fruit, enriched (includes apple, cinnamon, raisin, lemon, raspberry, strawberry)",sr_legacy_food,18,2019-04-01,379.3,5.4,18.5,47.8
172756,"Doughnuts, french crullers, glazed",sr_legacy_food,18,2019-04-01,415.1,3.1,18.3,59.5
172757,"Doughnuts, yeast-leavened, with creme filling",sr_legacy_food,18,2019-04-01,366.1,6.4,24.5,30.0
172758,"Doughnuts, yeast-leavened, glazed, enriched (includes honey buns)",sr_legacy_food,18,2019-04-01,420.6,6.14,22.7,47.93
172759,"Doughnuts, yeast-leavened, with jelly filling",sr_legacy_food,18,2019-04-01,347.9,5.9,18.7,39.0
172760,"Muffins, English, raisin-cinnamon, toasted (includes apple-cinnamon)",sr_legacy_food,18,2019-04-01,275.5,8.87,2.21,55.04
172761,"Muffins, English, wheat",sr_legacy_food,18,2019-04-01,232.0,8.7,2.0,44.8
172762,"Muffins, English, whole-wheat",sr_legacy_food,18,2019-04-01,215.7,8.8,2.1,40.4
172763,"French toast, frozen, ready-to-heat",sr_legacy_food,18,2019-04-01,212.9,7.4,6.1,32.1
172764,"Muffins, plain, prepared from recipe, made with low fat (2%) milk",sr_legacy_food,18,2019-04-01,295.8,6.9,11.4,41.4
172765,"Muffins, blueberry, commercially prepared (Includes mini-muffins)",sr_legacy_food,18,2019-04-01,374.6,4.49,16.07,53.0
172766,"Muffins, blueberry, dry mix",sr_legacy_food,18,2019-04-01,287.2,3.48,3.25,61.0
172767,"Muffins, blueberry, toaster-type",sr_legacy_food,18,2019-04-01,317.1,4.6,9.5,53.3
172768,"Muffins, blueberry, prepared from recipe, made with low fat (2%) milk",sr_legacy_food,18,2019-04-01,286.0,6.5,10.8,40.7
172769,"Muffins, oat bran",sr_legacy_food,18,2019-04-01,287.8,7.0,7.4,48.3
172770,"Muffins, wheat bran, dry mix",sr_legacy_food,18,2019-04-01,428.4,7.1,12.0,73.0
172771,"Pancakes plain, frozen, ready-to-heat (includes buttermilk)",sr_legacy_food,18,2019-04-01,233.4,5.23,6.83,37.75
172772,"Pancakes, plain, dry mix, complete (includes buttermilk)",sr_legacy_food,18,2019-04-01,361.6,9.77,3.1,73.65
172773,"Pancakes, blueberry, prepared from recipe",sr_legacy_food,18,2019-04-01,223.2,6.1,9.2,29.0
172774,"Pancakes, buckwheat, dry mix, incomplete",sr_legacy_food,18,2019-04-01,353.1,10.9,2.7,71.3
172775,"Pancakes, special dietary, dry mix",sr_legacy_food,18,2019-04-01,343.8,8.9,1.4,73.9
172776,"Pancakes, whole-wheat, dry mix, incomplete",sr_legacy_food,18,2019-04-01,348.7,12.8,1.5,71.0
172777,"Pie, banana cream, prepared from recipe",sr_legacy_food,18,2019-04-01,271.6,4.4,13.6,32.9
172778,"Pie, blueberry, commercially prepared",sr_legacy_food,18,2019-04-01,236.8,1.8,10.0,34.9
172779,"Pie, blueberry, prepared from recipe",sr_legacy_food,18,2019-04-01,251.9,2.7,11.9,33.5
172780,"Pie, cherry, commercially prepared",sr_legacy_food,18,2019-04-01,266.2,2.0,11.0,39.8
172781,"Pie, cherry, prepared from recipe",sr_legacy_food,18,2019-04-01,275.0,2.8,12.2,38.5
172782,"Pie, coconut custard, commercially prepared",sr_legacy_food,18,2019-04-01,263.2,5.9,13.2,30.2
172783,"Pie, egg custard, commercially prepared",sr_legacy_food,18,2019-04-01,209.6,5.5,11.6,20.8
172784,"Pie, fried pies, fruit",sr_legacy_food,18,2019-04-01,327.3,3.0,16.1,42.6
172785,"Pie, lemon meringue, commercially prepared",sr_legacy_food,18,2019-04-01,273.1,1.5,8.7,47.2
172786,"Pie, pecan, prepared from recipe",sr_legacy_food,18,2019-04-01,428.2,4.9,22.2,52.2
172787,"Pie, pumpkin, commercially prepared",sr_legacy_food,18,2019-04-01,242.7,3.9,9.75,34.83
172788,"Pie, pumpkin, prepared from recipe",sr_legacy_food,18,2019-04-01,207.3,4.5,9.3,26.4
172789,"Pie, vanilla cream, prepared from recipe",sr_legacy_food,18,2019-04-01,279.2,4.8,14.4,32.6
172790,"Puff pastry, frozen, ready-to-bake",sr_legacy_food,18,2019-04-01,552.5,7.3,38.1,45.1
172791,Phyllo dough,sr_legacy_food,18,2019-04-01,292.8,7.1,6.0,52.6
172792,"Popovers, dry mix, enriched",sr_legacy_food,18,2019-04-01,364.3,10.4,4.3,71.0
172793,"Rolls, dinner, plain, commercially prepared (includes brown-and-serve)",sr_legacy_food,18,2019-04-01,309.8,10.86,6.47,52.04
172794,"Rolls, dinner, whole-wheat",sr_legacy_food,18,2019-04-01,281.5,8.7,4.7,51.1
172795,"Rolls, french",sr_legacy_food,18,2019-04-01,273.9,8.6,4.3,50.2
172796,"Rolls, hamburger or hotdog, plain",sr_legacy_food,18,2019-04-01,274.8,9.77,3.91,50.12
172797,"Rolls, hamburger or hotdog, mixed-grain",sr_legacy_food,18,2019-04-01,270.8,9.6,6.0,44.6
172798,"Sweet rolls, cinnamon, refrigerated dough with frosting",sr_legacy_food,18,2019-04-01,336.2,5.0,12.2,51.6
172799,"Sweet rolls, cinnamon, refrigerated dough with frosting, baked",sr_legacy_food,18,2019-04-01,364.8,5.4,13.2,56.1
172800,"Taco shells, baked",sr_legacy_food,18,2019-04-01,475.7,6.41,21.79,63.49
172801,"Toaster pastries, brown-sugar-cinnamon",sr_legacy_food,18,2019-04-01,378.6,4.06,7.98,72.64
172802,Wonton wrappers (includes egg roll wrappers),sr_legacy_food,18,2019-04-01,284.3,9.8,1.5,57.9
172803,"Leavening agents, baking powder, double-acting, sodium aluminum sulfate",sr_legacy_food,18,2019-04-01,110.8,0.0,0.0,27.7
172804,"Leavening agents, baking powder, double-acting, straight phosphate",sr_legacy_food,18,2019-04-01,96.8,0.1,0.0,24.1
172805,"Leavening agents, baking powder, low-sodium",sr_legacy_food,18,2019-04-01,191.6,0.1,0.4,46.9
172806,"Bread, crumbs, dry, grated, seasoned",sr_legacy_food,18,2019-04-01,379.8,14.13,5.48,68.49
172807,"Cookies, oatmeal, prepared from recipe, without raisins",sr_legacy_food,18,2019-04-01,453.9,6.8,17.9,66.4
172808,"Cookies, chocolate chip, prepared from recipe, made with butter",sr_legacy_food,18,2019-04-01,511.2,5.7,28.4,58.2
172809,"Bread, protein, (includes gluten), toasted",sr_legacy_food,18,2019-04-01,266.8,13.2,2.4,48.1
172810,"Rolls, dinner, plain, prepared from recipe, made with low fat (2%) milk",sr_legacy_food,18,2019-04-01,313.3,8.5,7.3,53.4
172811,"Pie crust, cookie-type, prepared from recipe, graham cracker, chilled",sr_legacy_food,18,2019-04-01,491.6,4.1,24.4,63.9
172812,"Crackers, matzo, egg and onion",sr_legacy_food,18,2019-04-01,383.5,10.0,3.9,77.1
172813,"Pie crust, cookie-type, prepared from recipe, vanilla wafer, chilled",sr_legacy_food,18,2019-04-01,541.4,3.7,36.2,50.2
172814,"Pie crust, standard-type, prepared from recipe, unbaked",sr_legacy_food,18,2019-04-01,469.2,5.7,30.8,42.3
172815,"Bread, cornbread, dry mix, unenriched (includes corn muffin mix)",sr_legacy_food,18,2019-04-01,415.8,7.0,12.2,69.5
172816,"Bread, pita, white, unenriched",sr_legacy_food,18,2019-04-01,270.0,9.1,1.2,55.7
172817,"Bread, raisin, unenriched",sr_legacy_food,18,2019-04-01,280.4,7.9,4.4,52.3
172818,"Bread, white, commercially prepared, low sodium, no salt",sr_legacy_food,18,2019-04-01,263.6,8.2,3.6,49.6
172819,"Cookies, butter, commercially prepared, unenriched",sr_legacy_food,18,2019-04-01,469.2,6.1,18.8,68.9
172820,"Cookies, chocolate chip, commercially prepared, regular, higher fat, unenriched",sr_legacy_food,18,2019-04-01,492.2,5.4,22.6,66.8
172821,"Cookies, ladyfingers, without lemon juice and rind",sr_legacy_food,18,2019-04-01,363.1,10.6,9.1,59.7
172822,"Crackers, melba toast, plain, without salt",sr_legacy_food,18,2019-04-01,383.6,12.1,3.2,76.6
172823,"Crackers, whole-wheat, low salt",sr_legacy_food,18,2019-04-01,464.4,8.8,17.2,68.6
172824,"Danish pastry, cinnamon, unenriched",sr_legacy_food,18,2019-04-01,408.0,7.0,22.4,44.6
172825,"Danish pastry, fruit, unenriched (includes apple, cinnamon, raisin, strawberry)",sr_legacy_food,18,2019-04-01,379.3,5.4,18.5,47.8
172826,"Bread, white, commercially prepared, toasted, low sodium no salt",sr_legacy_food,18,2019-04-01,289.6,9.0,4.0,54.4
172827,"Danish pastry, lemon, unenriched",sr_legacy_food,18,2019-04-01,379.3,5.4,18.5,47.8
172828,"English muffins, plain, unenriched, with calcium propionate (includes sourdough)",sr_legacy_food,18,2019-04-01,231.0,7.7,1.8,46.0
172829,"Quail, breast, meat only, raw",sr_legacy_food,5,2019-04-01,117.3,22.59,2.99,0.0
172830,"Chicken, broiler, rotisserie, BBQ, wing, meat and skin",sr_legacy_food,5,2019-04-01,258.4,23.42,18.04,0.6
172831,"Ruffed Grouse, breast meat, skinless, raw",sr_legacy_food,5,2019-04-01,111.7,25.94,0.88,0.0
172832,"Emu, ground, raw",sr_legacy_food,5,2019-04-01,127.4,22.77,4.03,0.0
172833,"Emu, ground, cooked, pan-broiled",sr_legacy_food,5,2019-04-01,155.6,28.43,4.65,0.0
172834,"Emu, full rump, cooked, broiled",sr_legacy_food,5,2019-04-01,158.8,33.67,2.68,0.0
172835,"Emu, inside drum, raw",sr_legacy_food,5,2019-04-01,102.3,22.22,1.49,0.0
172836,"Emu, inside drums, cooked, broiled",sr_legacy_food,5,2019-04-01,147.6,32.38,2.01,0.0
172837,"Emu, outside drum, raw",sr_legacy_food,5,2019-04-01,96.6,23.08,0.48,0.0
172838,"Emu, oyster, raw",sr_legacy_food,5,2019-04-01,135.0,22.81,4.86,0.0
172839,"Ostrich, inside leg, raw",sr_legacy_food,5,2019-04-01,105.0,22.39,1.72,0.0
172840,"Ostrich, inside leg, cooked",sr_legacy_food,5,2019-04-01,133.5,29.01,1.94,0.0
172841,"Ostrich, inside strip, raw",sr_legacy_food,5,2019-04-01,120.6,23.69,2.87,0.0
172842,"Ostrich, inside strip, cooked",sr_legacy_food,5,2019-04-01,155.8,29.37,4.26,0.0
172843,"Ostrich, oyster, cooked",sr_legacy_food,5,2019-04-01,151.0,28.81,3.97,0.0
172844,"Ostrich, round, raw",sr_legacy_food,5,2019-04-01,109.6,21.99,2.4,0.0
172845,"Ostrich, tenderloin, raw",sr_legacy_food,5,2019-04-01,117.0,22.07,3.19,0.0
172846,"Ostrich, tip trimmed, raw",sr_legacy_food,5,2019-04-01,108.1,21.85,2.3,0.0
172847,"Turkey, ground, fat free, raw",sr_legacy_food,5,2019-04-01,111.8,23.57,1.95,0.0
172848,"Turkey, ground, fat free, pan-broiled crumbles",sr_legacy_food,5,2019-04-01,151.2,31.69,2.71,0.0
172849,"Turkey, ground, fat free, patties, broiled",sr_legacy_food,5,2019-04-01,138.3,28.99,2.48,0.0
172850,"Turkey, ground, 93% lean, 7% fat, raw",sr_legacy_food,5,2019-04-01,150.0,18.73,8.34,0.0
172851,"Turkey, ground, 93% lean, 7% fat, pan-broiled crumbles",sr_legacy_food,5,2019-04-01,212.8,27.1,11.6,0.0
172852,"Chicken, broilers or fryers, dark meat, drumstick, meat only, cooked, braised",sr_legacy_food,5,2019-04-01,149.3,23.93,5.95,0.0
172853,"Chicken, broilers or fryers, dark meat, thigh, meat only, cooked, braised",sr_legacy_food,5,2019-04-01,175.9,24.55,8.63,0.0
172854,"Chicken, skin (drumsticks and thighs), cooked, braised",sr_legacy_food,5,2019-04-01,443.3,14.61,42.76,0.0
172855,"Chicken, skin (drumsticks and thighs), raw",sr_legacy_food,5,2019-04-01,439.6,9.58,44.23,0.79
172856,"Chicken, dark meat, drumstick, meat only, with added solution, cooked, roasted",sr_legacy_food,5,2019-04-01,146.4,25.34,5.0,0.0
172857,"Chicken, dark meat, drumstick, meat only, with added solution, cooked, braised",sr_legacy_food,5,2019-04-01,148.9,22.99,6.33,0.0
172858,"Chicken, dark meat, thigh, meat only, with added solution, cooked, braised",sr_legacy_food,5,2019-04-01,163.6,23.0,7.96,0.0
172859,"Chicken, dark meat, thigh, meat only, with added solution, raw",sr_legacy_food,5,2019-04-01,109.6,19.11,3.69,0.0
172860,"Chicken, dark meat, drumstick, meat and skin, with added solution, raw",sr_legacy_food,5,2019-04-01,146.3,18.03,8.24,0.0
172861,"Chicken, dark meat, drumstick, meat and skin, with added solution, cooked, roasted",sr_legacy_food,5,2019-04-01,180.1,24.72,9.0,0.05
172862,"Chicken, dark meat, thigh, meat and skin, with added solution, cooked, braised",sr_legacy_food,5,2019-04-01,215.2,20.7,14.62,0.21
172863,"Chicken, dark meat, thigh, meat and skin, with added solution, raw",sr_legacy_food,5,2019-04-01,197.5,16.56,14.58,0.0
172864,"Turkey from whole, light meat, meat only, with added solution, raw",sr_legacy_food,5,2019-04-01,101.1,21.54,1.66,0.0
172865,"Turkey from whole, light meat, meat only, with added solution, cooked, roasted",sr_legacy_food,5,2019-04-01,126.6,26.97,2.08,0.0
172866,"Turkey, skin from whole (light and dark), with added solution, raw",sr_legacy_food,5,2019-04-01,381.2,12.29,36.8,0.21
172867,"Turkey, skin from whole, (light and dark), with added solution, roasted",sr_legacy_food,5,2019-04-01,451.4,22.15,40.31,0.0
172868,"Turkey, whole, meat only, with added solution, raw",sr_legacy_food,5,2019-04-01,105.6,20.87,2.39,0.14
172869,"Turkey, whole, meat only, with added solution, roasted",sr_legacy_food,5,2019-04-01,139.7,26.61,3.7,0.0
172870,"Turkey, whole, meat and skin, with added solution, raw",sr_legacy_food,5,2019-04-01,158.6,19.03,9.1,0.15
172871,"Turkey, whole, meat and skin, with added solution, roasted",sr_legacy_food,5,2019-04-01,176.4,26.09,8.01,0.0
172872,"Turkey, retail parts, wing, meat only, cooked, roasted",sr_legacy_food,5,2019-04-01,170.3,30.17,5.51,0.0
172873,"Turkey, skin, from retail parts, from dark meat, raw",sr_legacy_food,5,2019-04-01,379.9,14.35,35.83,0.0
172874,"Turkey, skin, from retail parts, from dark meat, cooked, roasted",sr_legacy_food,5,2019-04-01,413.6,24.58,35.03,0.0
172875,"Turkey, retail parts, drumstick, meat only, raw",sr_legacy_food,5,2019-04-01,117.8,20.52,3.97,0.0
172876,"Turkey, breast, from whole bird, meat only, with added solution, raw",sr_legacy_food,5,2019-04-01,101.7,21.54,1.66,0.14
172877,"Turkey, retail parts, thigh, meat only, cooked, roasted",sr_legacy_food,5,2019-04-01,158.6,25.14,6.25,0.46
172878,"Turkey, retail parts, drumstick, meat only, cooked, roasted",sr_legacy_food,5,2019-04-01,173.1,28.61,6.52,0.0
172879,"Sauce, plum, ready-to-serve",sr_legacy_food,6,2019-04-01,184.2,0.89,1.04,42.81
172880,"Sauce, pizza, canned, ready-to-serve",sr_legacy_food,6,2019-04-01,53.7,2.18,1.15,8.66
172881,"Soup, tomato bisque, canned, condensed",sr_legacy_food,6,2019-04-01,98.5,1.76,1.95,18.47
172882,"Soup, tomato, canned, condensed",sr_legacy_food,6,2019-04-01,70.7,1.46,0.44,15.22
172883,"Soup, stock, beef, home-prepared",sr_legacy_food,6,2019-04-01,13.5,1.97,0.09,1.2
172884,"Soup, stock, chicken, home-prepared",sr_legacy_food,6,2019-04-01,35.0,2.52,1.2,3.53
172885,"Soup, stock, fish, home-prepared",sr_legacy_food,6,2019-04-01,16.3,2.26,0.81,0.0
172886,"Sauce, hoisin, ready-to-serve",sr_legacy_food,6,2019-04-01,220.1,3.31,3.39,44.08
172887,"Soup, cream of mushroom, canned, condensed, reduced sodium",sr_legacy_food,6,2019-04-01,52.4,1.21,1.69,8.1
172888,"Soup, chicken broth, less/reduced sodium, ready to serve",sr_legacy_food,6,2019-04-01,7.0,1.36,0.0,0.38
172889,"Soup, beef broth, less/reduced sodium, ready to serve",sr_legacy_food,6,2019-04-01,6.0,1.14,0.07,0.2
172890,"Sauce, teriyaki, ready-to-serve, reduced sodium",sr_legacy_food,6,2019-04-01,86.2,5.93,0.02,15.58
172891,"Soup, cream of asparagus, canned, prepared with equal volume milk",sr_legacy_food,6,2019-04-01,66.3,2.55,3.3,6.61
172892,"Soup, chicken vegetable with potato and cheese, chunky, ready-to-serve",sr_legacy_food,6,2019-04-01,65.6,1.16,4.46,5.2
172893,"Soup, cream of celery, canned, prepared with equal volume milk",sr_legacy_food,6,2019-04-01,67.8,2.29,3.91,5.86
172894,"Soup, cheese, canned, prepared with equal volume milk",sr_legacy_food,6,2019-04-01,93.2,3.77,5.8,6.47
172895,"Soup, oyster stew, canned, prepared with equal volume milk",sr_legacy_food,6,2019-04-01,55.2,2.51,3.24,3.99
172896,"Soup, pea, green, canned, prepared with equal volume milk",sr_legacy_food,6,2019-04-01,95.6,4.97,2.77,12.69
172897,"Soup, cream of potato, canned, prepared with equal volume milk",sr_legacy_food,6,2019-04-01,60.4,2.33,2.6,6.92
172898,"Soup, cream of shrimp, canned, prepared with equal volume low fat (2%) milk",sr_legacy_food,6,2019-04-01,62.8,2.78,3.23,5.64
172899,"Soup, HEALTHY CHOICE Chicken and Rice Soup, canned",sr_legacy_food,6,2019-04-01,37.9,2.53,0.55,5.71
172900,"Soup, HEALTHY CHOICE Garden Vegetable Soup, canned",sr_legacy_food,6,2019-04-01,50.6,2.13,0.21,10.04
172901,"CAMPBELL'S, Cream of Mushroom Soup, condensed",sr_legacy_food,6,2019-04-01,81.0,1.29,5.5,6.59
172902,"Soup, tomato bisque, canned, prepared with equal volume milk",sr_legacy_food,6,2019-04-01,80.6,2.51,2.63,11.73
172903,"Soup, black bean, canned, prepared with equal volume water",sr_legacy_food,6,2019-04-01,46.5,2.42,0.66,7.71
172904,"Soup, bean with pork, canned, prepared with equal volume water",sr_legacy_food,6,2019-04-01,64.2,2.88,2.16,8.31
172905,"Soup, bean with frankfurters, canned, prepared with equal volume water",sr_legacy_food,6,2019-04-01,76.3,3.99,2.79,8.8
172906,"Soup, beef noodle, canned, prepared with equal volume water",sr_legacy_food,6,2019-04-01,33.1,1.93,1.23,3.58
172907,"Soup, cream of celery, canned, prepared with equal volume water",sr_legacy_food,6,2019-04-01,37.8,0.68,2.29,3.62
172908,"Soup, chicken gumbo, canned, prepared with equal volume water",sr_legacy_food,6,2019-04-01,23.4,1.08,0.59,3.43
172909,"Soup, chicken noodle, canned, prepared with equal volume water",sr_legacy_food,6,2019-04-01,23.4,1.16,0.76,2.97
172910,"Soup, chicken with rice, canned, prepared with equal volume water",sr_legacy_food,6,2019-04-01,24.5,1.45,0.78,2.92
172911,"Soup, chili beef, canned, prepared with equal volume water",sr_legacy_food,6,2019-04-01,58.0,2.49,1.24,9.23
172912,"CAMPBELL'S CHUNKY, Old Fashioned Vegetable Beef Soup",sr_legacy_food,6,2019-04-01,48.7,3.16,1.23,6.24
172913,"Soup, minestrone, canned, prepared with equal volume water",sr_legacy_food,6,2019-04-01,35.1,1.77,1.04,4.66
172914,"Soup, mushroom barley, canned, prepared with equal volume water",sr_legacy_food,6,2019-04-01,30.6,0.77,0.93,4.8
172915,"Soup, cream of mushroom, canned, prepared with equal volume water",sr_legacy_food,6,2019-04-01,39.3,0.66,2.59,3.33
172916,"Soup, pea, split with ham, canned, prepared with equal volume water",sr_legacy_food,6,2019-04-01,76.2,4.08,1.74,11.05
172917,"Soup, cream of potato, canned, prepared with equal volume water",sr_legacy_food,6,2019-04-01,30.4,0.72,0.97,4.7
172918,"Soup, cream of shrimp, canned, prepared with equal volume water",sr_legacy_food,6,2019-04-01,36.2,1.11,2.07,3.27
172919,"Soup, tomato beef with noodle, canned, prepared with equal volume water",sr_legacy_food,6,2019-04-01,56.3,1.78,1.71,8.44
172920,"Soup, tomato rice, canned, prepared with equal volume water",sr_legacy_food,6,2019-04-01,47.0,0.82,1.06,8.54
172921,"Soup, vegetable with beef broth, canned, prepared with equal volume water",sr_legacy_food,6,2019-04-01,33.3,1.21,0.78,5.35
172922,"Soup, beef broth or bouillon, powder, prepared with water",sr_legacy_food,6,2019-04-01,2.6,0.21,0.08,0.25
172923,"Soup, beef broth, cubed, prepared with water",sr_legacy_food,6,2019-04-01,2.6,0.21,0.08,0.25
172924,"Soup, chicken broth or bouillon, dry, prepared with water",sr_legacy_food,6,2019-04-01,4.4,0.28,0.23,0.3
172925,"Soup, chicken noodle, dry, mix, prepared with water",sr_legacy_food,6,2019-04-01,23.0,0.84,0.55,3.67
172926,"Olive loaf, pork",sr_legacy_food,7,2019-04-01,232.5,11.8,16.5,9.2
172927,"Pastrami, turkey",sr_legacy_food,7,2019-04-01,134.4,16.3,6.21,3.34
172928,"Pate, chicken liver, canned",sr_legacy_food,7,2019-04-01,197.9,13.45,13.1,6.55
172929,"Pate, goose liver, smoked, canned",sr_legacy_food,7,2019-04-01,458.8,11.4,43.84,4.67
172930,"Pate, liver, not specified, canned",sr_legacy_food,7,2019-04-01,314.8,14.2,28.0,1.5
172931,"Luxury loaf, pork",sr_legacy_food,7,2019-04-01,136.4,18.4,4.8,4.9
172932,"Mother's loaf, pork",sr_legacy_food,7,2019-04-01,279.1,12.07,22.3,7.53
172933,"Picnic loaf, pork, beef",sr_legacy_food,7,2019-04-01,228.5,14.92,16.64,4.76
172934,"Pork sausage, link/patty, unprepared",sr_legacy_food,7,2019-04-01,288.5,15.39,24.8,0.93
172935,"Salami, cooked, beef",sr_legacy_food,7,2019-04-01,257.8,12.6,22.2,1.9
172936,"Salami, cooked, beef and pork",sr_legacy_food,7,2019-04-01,330.1,21.85,25.9,2.4
172937,"Salami, cooked, turkey",sr_legacy_food,7,2019-04-01,165.9,19.2,9.21,1.55
172938,"Salami, dry or hard, pork",sr_legacy_food,7,2019-04-01,400.2,22.58,33.72,1.6
172939,"Sausage, smoked link sausage, pork and beef (nonfat dry milk added)",sr_legacy_food,7,2019-04-01,309.3,13.28,27.61,1.92
172940,"Thuringer, cervelat, summer sausage, beef, pork",sr_legacy_food,7,2019-04-01,357.0,17.45,30.43,3.33
172941,"Turkey breast, sliced, prepackaged",sr_legacy_food,7,2019-04-01,102.0,14.81,3.77,2.2
172942,"Sausage, Vienna, canned, chicken, beef, pork",sr_legacy_food,7,2019-04-01,227.0,10.5,19.4,2.6
172943,"Honey roll sausage, beef",sr_legacy_food,7,2019-04-01,177.5,18.58,10.5,2.18
172944,"Oscar Mayer, Braunschweiger Liver Sausage (sliced)",sr_legacy_food,7,2019-04-01,331.6,14.25,29.35,2.6
172945,"Oscar Mayer, Chicken Breast (honey glazed)",sr_legacy_food,7,2019-04-01,110.1,19.85,1.5,4.3
172946,"Oscar Mayer, Ham (chopped with natural juice)",sr_legacy_food,7,2019-04-01,180.2,16.3,11.15,3.65
172947,"Oscar Mayer, Salami (hard)",sr_legacy_food,7,2019-04-01,368.3,25.9,28.7,1.6
172948,"Sausage, turkey, pork, and beef, low fat, smoked",sr_legacy_food,7,2019-04-01,100.7,8.0,2.5,11.54
172949,"Frankfurter, beef, pork, and turkey, fat free",sr_legacy_food,7,2019-04-01,109.2,12.5,1.59,11.21
172950,"Luncheon meat, pork, ham, and chicken, minced, canned, reduced sodium, added ascorbic acid, includes SPAM, 25% less sodium",sr_legacy_food,7,2019-04-01,289.5,12.5,25.1,3.4
172951,"Luncheon meat, pork with ham, minced, canned, includes Spam (Hormel)",sr_legacy_food,7,2019-04-01,311.4,13.4,26.6,4.6
172952,"Sausage, Italian, sweet, links",sr_legacy_food,7,2019-04-01,148.7,16.13,8.42,2.1
172953,"Sausage, Polish, beef with chicken, hot",sr_legacy_food,7,2019-04-01,259.4,17.6,19.4,3.6
172954,"Sausage, Polish, pork and beef, smoked",sr_legacy_food,7,2019-04-01,295.2,12.07,26.56,1.98
172955,"Sausage, pork and beef, with cheddar cheese, smoked",sr_legacy_food,7,2019-04-01,292.6,12.89,25.84,2.13
172956,"Bratwurst, beef and pork, smoked",sr_legacy_food,7,2019-04-01,293.9,12.2,26.34,2.0
172957,"Bratwurst, chicken, cooked",sr_legacy_food,7,2019-04-01,170.9,19.44,10.35,0.0
172958,"Bratwurst, pork, beef and turkey, lite, smoked",sr_legacy_food,7,2019-04-01,186.0,14.45,13.53,1.62
172959,"Pastrami, beef, 98% fat-free",sr_legacy_food,7,2019-04-01,95.0,19.6,1.16,1.54
172960,"Yachtwurst, with pistachio nuts, cooked",sr_legacy_food,7,2019-04-01,268.2,14.8,22.6,1.4
172961,"Beerwurst, pork and beef",sr_legacy_food,7,2019-04-01,275.8,14.0,22.53,4.27
172962,"Chicken breast, fat-free, mesquite flavor, sliced",sr_legacy_food,7,2019-04-01,79.7,16.8,0.39,2.25
172963,"Chicken breast, oven-roasted, fat-free, sliced",sr_legacy_food,7,2019-04-01,79.4,16.79,0.39,2.17
172964,"Frankfurter, pork",sr_legacy_food,7,2019-04-01,265.5,12.81,23.68,0.28
172965,"Macaroni and cheese loaf, chicken, pork and beef",sr_legacy_food,7,2019-04-01,228.2,11.76,14.96,11.63
172966,"Salami, Italian, pork and beef, dry, sliced, 50% less sodium",sr_legacy_food,7,2019-04-01,350.4,21.8,26.4,6.4
172967,"Pate, truffle flavor",sr_legacy_food,7,2019-04-01,326.5,11.2,28.5,6.3
172968,"Frankfurter, meat",sr_legacy_food,7,2019-04-01,289.6,10.26,25.76,4.17
172969,"Scrapple, pork",sr_legacy_food,7,2019-04-01,213.3,8.06,13.87,14.06
172970,"Bologna, chicken, turkey, pork",sr_legacy_food,7,2019-04-01,297.7,9.88,26.18,5.65
172971,"Pork sausage, link/patty, fully cooked, microwaved",sr_legacy_food,7,2019-04-01,437.9,15.12,41.66,0.62
172972,"Cereals, QUAKER, QUAKER MultiGrain Oatmeal, dry",sr_legacy_food,8,2019-04-01,365.6,12.64,2.73,72.62
172973,"Cereals ready-to-eat, chocolate-flavored frosted puffed corn",sr_legacy_food,8,2019-04-01,393.7,3.34,3.5,87.2
172974,"Cereals ready-to-eat, QUAKER, Toasted Multigrain Crisps",sr_legacy_food,8,2019-04-01,395.1,12.38,5.11,74.9
172975,"Cereals ready-to-eat, QUAKER, QUAKER 100% Natural Granola with Oats, Wheat, Honey, and Raisins",sr_legacy_food,8,2019-04-01,430.7,9.66,10.38,74.67
172976,"Cereals ready-to-eat, QUAKER, Low Fat 100% Natural Granola with Raisins",sr_legacy_food,8,2019-04-01,405.6,8.42,5.52,80.57
172977,"Cereals, QUAKER, Instant Grits, Butter flavor, dry",sr_legacy_food,8,2019-04-01,382.6,8.12,5.64,74.83
172978,"Cereals, Oat Bran, QUAKER, QUAKER/MOTHER'S Oat Bran, prepared with water, salt",sr_legacy_food,8,2019-04-01,46.6,2.03,0.95,7.49
172979,"Cereals, QUAKER, QUAKER MultiGrain Oatmeal, prepared with water, no salt",sr_legacy_food,8,2019-04-01,66.5,2.08,0.47,13.49
172980,"Cereals, QUAKER, QUAKER MultiGrain Oatmeal, prepared with water, salt",sr_legacy_food,8,2019-04-01,66.4,2.07,0.47,13.47
172981,"Cereals ready-to-eat, HEALTH VALLEY, FIBER 7 Flakes",sr_legacy_food,8,2019-04-01,383.0,14.44,1.41,78.15
172982,"Cereals ready-to-eat, MALT-O-MEAL, BERRY COLOSSAL CRUNCH",sr_legacy_food,8,2019-04-01,400.5,4.19,4.17,86.55
172983,"Cereals ready-to-eat, MALT-O-MEAL, Crispy Rice",sr_legacy_food,8,2019-04-01,380.0,6.07,1.12,86.4
172984,"Cereals ready-to-eat, MALT-O-MEAL, TOOTIE FRUITIES",sr_legacy_food,8,2019-04-01,391.3,4.69,3.2,85.94
172985,"Cereals ready-to-eat, QUAKER, MOTHER'S PEANUT BUTTER BUMPERS Cereal",sr_legacy_food,8,2019-04-01,415.2,7.62,7.33,79.68
172986,"Cereals ready-to-eat, QUAKER, MOTHER'S Toasted Oat Bran cereal",sr_legacy_food,8,2019-04-01,392.8,11.45,5.04,75.41
172987,"Cereals ready-to-eat, QUAKER, Shredded Wheat, bagged cereal",sr_legacy_food,8,2019-04-01,387.1,11.24,2.01,81.01
172988,"Cereals ready-to-eat, SUN COUNTRY, KRETSCHMER Wheat Germ, Regular",sr_legacy_food,8,2019-04-01,409.3,31.43,9.56,49.38
172989,"Cereals, QUAKER, Quick Oats, Dry",sr_legacy_food,8,2019-04-01,389.4,13.7,6.87,68.18
172990,"Cereals ready-to-eat, MALT-O-MEAL, Frosted Flakes",sr_legacy_food,8,2019-04-01,385.6,4.25,0.87,90.2
172991,"Cereals, QUAKER, Instant Oatmeal, Raisin and Spice, dry",sr_legacy_food,8,2019-04-01,375.2,9.11,4.0,75.68
172992,"Cereals, QUAKER, Instant Grits, Redeye Gravy & Country Ham flavor, dry",sr_legacy_food,8,2019-04-01,357.0,9.83,1.58,75.86
172993,"Cereals, QUAKER, Instant Grits Product with American Cheese Flavor, dry",sr_legacy_food,8,2019-04-01,374.0,8.8,4.67,74.18
172994,"Cereals, QUAKER, Instant Grits, Ham 'n' Cheese flavor, dry",sr_legacy_food,8,2019-04-01,369.4,10.73,4.68,71.08
172995,"Cereals ready-to-eat, MALT-O-MEAL, HONEY GRAHAM SQUARES",sr_legacy_food,8,2019-04-01,406.3,4.46,9.97,74.68
172996,"Cereals ready-to-eat, MALT-O-MEAL, Raisin Bran Cereal",sr_legacy_food,8,2019-04-01,368.8,7.63,1.87,80.37
172997,"Cereals ready-to-eat, MALT-O-MEAL, Blueberry MUFFIN TOPS Cereal",sr_legacy_food,8,2019-04-01,442.6,4.9,11.48,79.91
172998,"Cereals, MALT-O-MEAL, Farina Hot Wheat Cereal, dry",sr_legacy_food,8,2019-04-01,355.1,10.48,0.49,77.2
172999,"Cereals, MALT-O-MEAL, Maple & Brown Sugar Hot Wheat Cereal, dry",sr_legacy_food,8,2019-04-01,361.6,8.82,0.47,80.52
173000,"Cereals ready-to-eat, MALT-O-MEAL, Frosted Mini SPOONERS",sr_legacy_food,8,2019-04-01,381.1,9.09,1.94,81.81
173001,"Cereals ready-to-eat, MALT-O-MEAL, Fruity DYNO-BITES",sr_legacy_food,8,2019-04-01,404.3,3.9,3.15,90.1
173002,"Cereals ready-to-eat, RALSTON Enriched Wheat Bran flakes",sr_legacy_food,8,2019-04-01,390.2,10.21,3.36,79.77
173003,"Cereals ready-to-eat, RALSTON Corn Biscuits",sr_legacy_food,8,2019-04-01,375.9,5.83,1.05,85.79
173004,"Cereals, MALT-O-MEAL, chocolate, prepared with water, without salt",sr_legacy_food,8,2019-04-01,43.3,1.37,0.1,9.22
173005,"Cereals ready-to-eat, POST GREAT GRAINS Cranberry Almond Crunch",sr_legacy_food,8,2019-04-01,395.1,8.9,5.9,76.6
173006,Rice and Wheat cereal bar,sr_legacy_food,23,2019-04-01,409.1,9.09,9.09,72.73
173007,"Cereals ready-to-eat, QUAKER, QUAKER Honey Graham LIFE Cereal",sr_legacy_food,8,2019-04-01,388.8,9.33,4.14,78.56
173008,"Cereals, CREAM OF WHEAT, 2 1/2 minute cook time, cooked with water, stove-top, without salt",sr_legacy_food,8,2019-04-01,54.5,1.44,0.2,11.74
173009,"Cereals, CREAM OF WHEAT, 2 1/2 minute cook time, cooked with water, microwaved, without salt",sr_legacy_food,8,2019-04-01,51.2,1.88,0.37,10.1
173010,"Cereals, CREAM OF WHEAT, 1 minute cook time, dry",sr_legacy_food,8,2019-04-01,350.8,11.77,1.47,72.63
173011,"Cereals, CREAM OF WHEAT, 1 minute cook time, cooked with water, stove-top, without salt",sr_legacy_food,8,2019-04-01,55.0,1.65,0.42,11.16
173012,"Cereals, CREAM OF WHEAT, 1 minute cook time, cooked with water, microwaved, without salt",sr_legacy_food,8,2019-04-01,53.8,1.95,0.37,10.67
173013,"Cereals ready-to-eat, QUAKER, Cap'n Crunch's OOPS! All Berries Cereal",sr_legacy_food,8,2019-04-01,402.7,4.6,3.99,87.1
173014,"Cereals ready-to-eat, QUAKER Oatmeal Squares, Golden Maple",sr_legacy_food,8,2019-04-01,400.8,11.3,4.83,78.04
173015,"Cereals ready-to-eat, POST, HONEY BUNCHES OF OATS with vanilla bunches",sr_legacy_food,8,2019-04-01,404.7,7.9,5.1,81.8
173016,"Cereals, QUAKER, Instant Oatmeal, Cinnamon Spice, reduced sugar",sr_legacy_food,8,2019-04-01,377.8,11.26,6.11,69.45
173017,"Cereals ready-to-eat, NATURE'S PATH, Organic FLAX PLUS flakes",sr_legacy_food,8,2019-04-01,397.9,11.91,5.46,75.27
173018,"Cereals ready-to-eat, BARBARA'S PUFFINS, original",sr_legacy_food,8,2019-04-01,398.9,7.41,3.7,84.0
173019,"Cereals ready-to-eat, POST, HONEY BUNCHES OF OATS, with real strawberries",sr_legacy_food,8,2019-04-01,404.1,6.7,4.9,83.3
173020,"Cereals ready-to-eat, POST HONEY BUNCHES OF OATS with cinnamon bunches",sr_legacy_food,8,2019-04-01,404.6,7.1,5.0,82.8
173021,"Figs, raw",sr_legacy_food,9,2019-04-01,82.4,0.75,0.3,19.18
173022,"Figs, canned, water pack, solids and liquids",sr_legacy_food,9,2019-04-01,58.5,0.4,0.1,13.99
173023,"Figs, canned, light syrup pack, solids and liquids",sr_legacy_food,9,2019-04-01,74.3,0.39,0.1,17.95
173024,"Figs, canned, heavy syrup pack, solids and liquids",sr_legacy_food,9,2019-04-01,94.0,0.38,0.1,22.9
173025,"Figs, canned, extra heavy syrup pack, solids and liquids",sr_legacy_food,9,2019-04-01,113.9,0.38,0.1,27.86
173026,"Fruit cocktail, (peach and pineapple and pear and grape and cherry), canned, extra light syrup, solids and liquids",sr_legacy_food,9,2019-04-01,48.8,0.4,0.07,11.63
173027,"Fruit cocktail, (peach and pineapple and pear and grape and cherry), canned, light syrup, solids and liquids",sr_legacy_food,9,2019-04-01,62.0,0.4,0.07,14.93
173028,"Fruit cocktail, (peach and pineapple and pear and grape and cherry), canned, heavy syrup, solids and liquids",sr_legacy_food,9,2019-04-01,77.8,0.39,0.07,18.91
173029,"Fruit cocktail, (peach and pineapple and pear and grape and cherry), canned, extra heavy syrup, solids and liquids",sr_legacy_food,9,2019-04-01,93.8,0.39,0.07,22.89
173030,"Gooseberries, raw",sr_legacy_food,9,2019-04-01,49.5,0.88,0.58,10.18
173031,"Gooseberries, canned, light syrup pack, solids and liquids",sr_legacy_food,9,2019-04-01,79.4,0.65,0.2,18.75
173032,"Goji berries, dried",sr_legacy_food,9,2019-04-01,368.8,14.26,0.39,77.06
173033,"Grapefruit, raw, pink and red and white, all areas",sr_legacy_food,9,2019-04-01,35.7,0.63,0.1,8.08
173034,"Grapefruit, raw, white, Florida",sr_legacy_food,9,2019-04-01,36.2,0.63,0.1,8.19
173035,"Grapefruit, sections, canned, water pack, solids and liquids",sr_legacy_food,9,2019-04-01,39.8,0.58,0.1,9.15
173036,"Grapefruit, sections, canned, juice pack, solids and liquids",sr_legacy_food,9,2019-04-01,40.4,0.7,0.09,9.21
173037,"Grapefruit, sections, canned, light syrup pack, solids and liquids",sr_legacy_food,9,2019-04-01,64.9,0.56,0.1,15.44
173038,"Grapefruit juice, pink or red, with added calcium",sr_legacy_food,9,2019-04-01,39.1,0.51,0.68,7.74
173039,"Grapefruit juice, white, raw",sr_legacy_food,9,2019-04-01,39.7,0.5,0.1,9.2
173040,"Grapes, muscadine, raw",sr_legacy_food,9,2019-04-01,63.2,0.81,0.47,13.93
173041,"Grape juice, canned or bottled, unsweetened, with added ascorbic acid",sr_legacy_food,9,2019-04-01,61.7,0.37,0.13,14.77
173042,"Grape juice, canned or bottled, unsweetened, without added ascorbic acid",sr_legacy_food,9,2019-04-01,61.7,0.37,0.13,14.77
173043,"Groundcherries, (cape-gooseberries or poha), raw",sr_legacy_food,9,2019-04-01,58.7,1.9,0.7,11.2
173044,"Guavas, common, raw",sr_legacy_food,9,2019-04-01,76.0,2.55,0.95,14.32
173045,"Guavas, strawberry, raw",sr_legacy_food,9,2019-04-01,77.2,0.58,0.6,17.36
173046,"Beef, top loin petite roast, boneless, separable lean only, trimmed to 1/8"" fat, all grades, cooked, roasted",sr_legacy_food,13,2019-04-01,195.4,28.33,8.76,0.82
173047,"Beef, top loin petite roast, boneless, separable lean only, trimmed to 1/8"" fat, choice, cooked, roasted",sr_legacy_food,13,2019-04-01,206.2,28.24,9.97,0.88
173048,"Beef, top loin petite roast, boneless, separable lean only, trimmed to 1/8"" fat, select, cooked, roasted",sr_legacy_food,13,2019-04-01,179.4,28.48,6.95,0.74
173049,"Beef, top loin petite roast/filet, boneless, separable lean only, trimmed to 1/8"" fat, all grades, raw",sr_legacy_food,13,2019-04-01,143.0,22.61,5.84,0.0
173050,"Beef, loin, top sirloin filet, boneless, separable lean only, trimmed to 0"" fat, select, cooked, grilled",sr_legacy_food,13,2019-04-01,165.2,30.78,4.68,0.0
173051,"Beef, loin, top sirloin petite roast, boneless, separable lean only, trimmed to 0"" fat, all grades, cooked, roasted",sr_legacy_food,13,2019-04-01,169.8,29.12,5.92,0.0
173052,"Beef, loin, top sirloin petite roast, boneless, separable lean only, trimmed to 0"" fat, select, cooked, roasted",sr_legacy_food,13,2019-04-01,164.6,29.35,5.25,0.0
173053,"Beef, loin, top sirloin petite roast/filet, boneless, separable lean only, trimmed to 0"" fat, all grades, raw",sr_legacy_food,13,2019-04-01,128.0,23.04,3.98,0.0
173054,"Beef, ribeye cap steak, boneless, separable lean only, trimmed to 0"" fat, all grades, cooked, grilled",sr_legacy_food,13,2019-04-01,246.1,24.66,15.7,1.53
173055,"Beef, ribeye cap steak, boneless, separable lean only, trimmed to 0"" fat, choice, cooked, grilled",sr_legacy_food,13,2019-04-01,259.1,24.24,17.21,1.81
173056,"Beef, ribeye cap steak, boneless, separable lean only, trimmed to 0"" fat, select, cooked, grilled",sr_legacy_food,13,2019-04-01,226.4,25.28,13.43,1.1
173057,"Beef, ribeye cap steak, boneless, separable lean only, trimmed to 0"" fat, all grades, raw",sr_legacy_food,13,2019-04-01,180.2,19.7,10.6,1.51
173058,"Beef, ribeye petite roast, boneless, separable lean only, trimmed to 0"" fat, all grades, cooked, roasted",sr_legacy_food,13,2019-04-01,178.4,28.15,7.31,0.0
173059,"Beef, ribeye petite roast, boneless, separable lean only, trimmed to 0"" fat, choice, cooked, roasted",sr_legacy_food,13,2019-04-01,187.8,28.0,8.42,0.0
173060,"Beef, ribeye petite roast, boneless, separable lean only, trimmed to 0"" fat, select, cooked, roasted",sr_legacy_food,13,2019-04-01,164.3,28.37,5.65,0.0
173061,"Beef, loin, top sirloin cap steak, boneless, separable lean and fat, trimmed to 1/8"" fat, all grades, cooked, grilled",sr_legacy_food,13,2019-04-01,242.2,26.0,15.0,0.8
173062,"Beef, loin, top sirloin cap steak, boneless, separable lean and fat, trimmed to 1/8"" fat, select, raw",sr_legacy_food,13,2019-04-01,178.5,20.1,10.9,0.0
173063,"Beef, top loin filet, boneless, separable lean and fat, trimmed to 1/8"" fat, all grades, cooked, grilled",sr_legacy_food,13,2019-04-01,238.9,27.4,14.1,0.6
173064,"Beef, top loin filet, boneless, separable lean and fat, trimmed to 1/8"" fat, choice, cooked, grilled",sr_legacy_food,13,2019-04-01,252.7,26.8,15.9,0.6
173065,"Beef, top loin filet, boneless, separable lean and fat, trimmed to 1/8"" fat, select, cooked, grilled",sr_legacy_food,13,2019-04-01,219.2,28.3,11.6,0.4
173066,"Beef, top loin petite roast/filet, boneless, separable lean and fat, trimmed to 1/8"" fat, choice, raw",sr_legacy_food,13,2019-04-01,199.0,20.8,12.6,0.6
173067,"Beef, top loin petite roast/filet, boneless, separable lean and fat, trimmed to 1/8"" fat, select, raw",sr_legacy_food,13,2019-04-01,170.1,21.6,9.3,0.0
173068,"Beef, Australian, imported, grass-fed, ground, 85% lean / 15% fat, raw",sr_legacy_food,13,2019-04-01,234.0,17.72,18.12,0.0
173069,"Beef, loin, top loin steak, boneless, lip-on, separable lean only, trimmed to 1/8"" fat, choice, cooked, grilled",sr_legacy_food,13,2019-04-01,207.7,28.66,10.34,0.0
173070,"Beef, loin, top loin steak, boneless, lip-on, separable lean only, trimmed to 1/8"" fat, select, cooked, grilled",sr_legacy_food,13,2019-04-01,184.0,29.67,7.26,0.0
173071,"Beef, loin, top loin steak, boneless, lip-on, separable lean only, trimmed to 1/8"" fat, all grades, cooked, grilled",sr_legacy_food,13,2019-04-01,198.2,29.06,9.11,0.0
173072,"Beef, loin, top loin steak, boneless, lip-on, separable lean and fat, trimmed to 1/8"" fat, choice, raw",sr_legacy_food,13,2019-04-01,204.8,21.13,13.36,0.0
173073,"Beef, New Zealand, imported, brisket point end, separable lean only, cooked, braised",sr_legacy_food,13,2019-04-01,201.5,34.51,7.05,0.0
173074,"Beef, New Zealand, imported, brisket point end, separable lean only, raw",sr_legacy_food,13,2019-04-01,125.3,20.92,4.62,0.0
173075,"Beef, New Zealand, imported, chuck eye roll, separable lean only, raw",sr_legacy_food,13,2019-04-01,130.5,20.46,5.41,0.0
173076,"Beef, New Zealand, imported, chuck eye roll, separable lean only, cooked, braised",sr_legacy_food,13,2019-04-01,208.3,32.08,8.89,0.0
173077,"Beef, New Zealand, imported, flank, separable lean only, cooked, braised",sr_legacy_food,13,2019-04-01,194.3,30.75,7.92,0.0
173078,"Beef, New Zealand, imported, flank, separable lean only, raw",sr_legacy_food,13,2019-04-01,142.2,20.53,6.67,0.0
173079,"Beef, New Zealand, imported, flat, separable lean only, cooked, braised",sr_legacy_food,13,2019-04-01,225.6,33.22,10.3,0.0
173080,"Beef, New Zealand, imported, flat, separable lean only, raw",sr_legacy_food,13,2019-04-01,154.4,21.3,7.69,0.0
173081,"Beef, New Zealand, imported, variety meats and by-products, heart, cooked, boiled",sr_legacy_food,13,2019-04-01,179.2,31.29,6.0,0.0
173082,"Beef, New Zealand, imported, intermuscular fat, cooked",sr_legacy_food,13,2019-04-01,560.1,7.9,57.22,3.39
173083,"Beef, New Zealand, imported, intermuscular fat, raw",sr_legacy_food,13,2019-04-01,601.9,6.97,63.78,0.01
173084,"Beef, New Zealand, imported, variety meats and by-products, kidney, cooked, boiled",sr_legacy_food,13,2019-04-01,156.6,27.28,5.27,0.0
173085,"Beef, New Zealand, imported, knuckle, cooked, fast fried",sr_legacy_food,13,2019-04-01,178.3,27.51,7.58,0.0
173086,"Beef, New Zealand, imported, manufacturing beef, raw",sr_legacy_food,13,2019-04-01,119.0,21.23,3.68,0.23
173087,"Beef, New Zealand, imported, oyster blade, separable lean only, cooked, braised",sr_legacy_food,13,2019-04-01,195.6,29.87,8.46,0.0
173088,"Beef, New Zealand, imported, oyster blade, separable lean only, raw",sr_legacy_food,13,2019-04-01,155.4,21.83,7.56,0.0
173089,"Beef, New Zealand, imported, ribs prepared, cooked, fast roasted",sr_legacy_food,13,2019-04-01,196.9,27.23,9.74,0.09
173090,"Beef, New Zealand, imported, subcutaneous fat, cooked",sr_legacy_food,13,2019-04-01,730.7,6.5,78.3,0.0
173091,"Beef, New Zealand, imported, subcutaneous fat, raw",sr_legacy_food,13,2019-04-01,685.4,8.5,72.38,0.0
173092,"Beef, New Zealand, imported, sweetbread, cooked, boiled",sr_legacy_food,13,2019-04-01,318.2,12.53,29.79,0.0
173093,"Beef, New Zealand, imported, sweetbread, raw",sr_legacy_food,13,2019-04-01,303.4,11.51,28.6,0.0
173094,"Beef, New Zealand, imported, tenderloin, separable lean only, cooked, fast fried",sr_legacy_food,13,2019-04-01,199.6,29.37,9.01,0.27
173095,"Beef, New Zealand, imported, variety meats and by-products, tripe cooked, boiled",sr_legacy_food,13,2019-04-01,102.8,19.0,2.98,0.0
173096,"Beef, New Zealand, imported, variety meats and by-products, tripe uncooked, raw",sr_legacy_food,13,2019-04-01,77.3,14.86,1.98,0.0
173097,"Beef, New Zealand, imported, bolar blade, separable lean and fat, cooked, fast roasted",sr_legacy_food,13,2019-04-01,227.5,31.3,11.37,0.0
173098,"Beef, New Zealand, imported, bolar blade, separable lean and fat, raw",sr_legacy_food,13,2019-04-01,159.1,21.29,8.22,0.0
173099,"Beef, New Zealand, imported, chuck eye roll, separable lean and fat, cooked, braised",sr_legacy_food,13,2019-04-01,252.3,29.92,14.74,0.0
173100,"Beef, New Zealand, imported, chuck eye roll, separable lean and fat, raw",sr_legacy_food,13,2019-04-01,180.6,19.38,11.45,0.0
173101,"Beef, New Zealand, imported, cube roll, separable lean and fat, cooked, fast roasted",sr_legacy_food,13,2019-04-01,286.3,27.79,19.45,0.03
173102,"Beef, New Zealand, imported, cube roll, separable lean and fat, raw",sr_legacy_food,13,2019-04-01,224.7,18.22,16.31,1.26
173103,"Beef, New Zealand, imported, flat, separable lean and fat, raw",sr_legacy_food,13,2019-04-01,177.2,20.57,10.55,0.0
173104,"Beef, New Zealand, imported, hind shin, separable lean and fat, cooked, braised",sr_legacy_food,13,2019-04-01,196.1,29.82,8.5,0.07
173105,"Beef, New Zealand, imported, hind shin, separable lean and fat, raw",sr_legacy_food,13,2019-04-01,147.2,20.61,7.2,0.0
173106,"Beef, New Zealand, imported, oyster blade, separable lean and fat, cooked, braised",sr_legacy_food,13,2019-04-01,197.3,29.79,8.68,0.0
173107,"Beef, New Zealand, imported, striploin, separable lean and fat, raw",sr_legacy_food,13,2019-04-01,252.1,18.49,19.53,0.6
173108,"Beef, New Zealand, imported, tenderloin, separable lean and fat, cooked, fast fried",sr_legacy_food,13,2019-04-01,202.3,29.26,9.35,0.27
173109,"Beef, New Zealand, imported, tenderloin, separable lean and fat, raw",sr_legacy_food,13,2019-04-01,146.1,21.04,6.88,0.0
173110,"Beef, ground, 93% lean meat / 7% fat, raw",sr_legacy_food,13,2019-04-01,146.4,20.85,7.0,0.0
173111,"Beef, ground, 97% lean meat / 3% fat, raw",sr_legacy_food,13,2019-04-01,114.9,21.98,3.0,0.0
173112,"Beef, ground, 97% lean meat / 3% fat, patty, cooked, broiled",sr_legacy_food,13,2019-04-01,145.6,26.36,4.46,0.0
173113,"Beef, ground, 97% lean meat /3% fat, patty, cooked, pan-broiled",sr_legacy_food,13,2019-04-01,137.0,26.03,3.65,0.0
173114,"Beef, ground, 97% lean meat / 3% fat, loaf, cooked, baked",sr_legacy_food,13,2019-04-01,146.9,27.58,4.06,0.0
173115,"Beef, round, bottom round, steak, separable lean only, trimmed to 1/8"" fat, choice, cooked, braised",sr_legacy_food,13,2019-04-01,218.1,34.22,9.02,0.0
173116,"Beef, short loin, top loin, steak, separable lean only, trimmed to 1/8"" fat, choice, raw",sr_legacy_food,13,2019-04-01,149.0,22.78,6.43,0.0
173117,"Beef, tenderloin, steak, separable lean only, trimmed to 1/8"" fat, choice, cooked, broiled",sr_legacy_food,13,2019-04-01,197.9,29.01,9.1,0.0
173118,"Beef, top sirloin, steak, separable lean only, trimmed to 1/8"" fat, choice, cooked, broiled",sr_legacy_food,13,2019-04-01,178.5,29.51,6.72,0.0
173119,"Beef, short loin, top loin, steak, separable lean only, trimmed to 1/8"" fat, choice, cooked, broiled",sr_legacy_food,13,2019-04-01,192.7,29.16,8.45,0.0
173120,"Beef, round, eye of round, roast, separable lean only, trimmed to 1/8"" fat, select, raw",sr_legacy_food,13,2019-04-01,112.8,22.31,2.62,0.0
173121,"Beef, round, top round, steak, separable lean only, trimmed to 1/8"" fat, select, raw",sr_legacy_food,13,2019-04-01,122.8,23.13,3.37,0.0
173122,"Beef, round, bottom round, roast, separable lean only, trimmed to 1/8"" fat, select, raw",sr_legacy_food,13,2019-04-01,121.7,22.18,3.66,0.0
173123,"Beef, rib, small end (ribs 10-12), separable lean only, trimmed to 1/8"" fat, all grades, cooked, broiled",sr_legacy_food,13,2019-04-01,187.0,29.58,7.63,0.0
173124,"Beef, bottom sirloin, tri-tip roast, separable lean only, trimmed to 0"" fat, select, raw",sr_legacy_food,13,2019-04-01,123.2,21.34,4.21,0.0
173125,"Beef, round, tip round, roast, separable lean only, trimmed to 0"" fat, all grades, raw",sr_legacy_food,13,2019-04-01,119.8,21.07,3.95,0.0
173126,"Beef, round, tip round, roast, separable lean only, trimmed to 0"" fat, choice, raw",sr_legacy_food,13,2019-04-01,124.0,20.76,4.55,0.0
173127,"Beef, round, tip round, roast, separable lean only, trimmed to 0"" fat, select, raw",sr_legacy_food,13,2019-04-01,115.7,21.38,3.35,0.0
173128,"Beef, brisket, flat half, separable lean and fat, trimmed to 1/8"" fat, choice, raw",sr_legacy_food,13,2019-04-01,272.3,18.12,22.15,0.12
173129,"Beef, brisket, flat half, separable lean and fat, trimmed to 1/8"" fat, select, raw",sr_legacy_food,13,2019-04-01,271.0,17.77,22.21,0.0
173130,"Beef, brisket, flat half, separable lean and fat, trimmed to 1/8"" fat, choice, cooked, braised",sr_legacy_food,13,2019-04-01,289.9,28.66,19.47,0.0
173131,"Snacks, popcorn, microwave, 94% fat free",sr_legacy_food,23,2019-04-01,401.9,10.72,6.1,76.04
173132,"Formulated bar, MARS SNACKFOOD US, SNICKERS MARATHON Double Chocolate Nut Bar",sr_legacy_food,23,2019-04-01,377.0,22.35,8.99,51.66
173133,"Snacks, M&M MARS, KUDOS Whole Grain Bars, peanut butter",sr_legacy_food,23,2019-04-01,469.3,5.88,20.78,64.69
173134,"Formulated bar, MARS SNACKFOOD US, SNICKERS MARATHON Honey Nut Oat Bar",sr_legacy_food,23,2019-04-01,381.4,22.5,7.87,55.13
173135,"Snacks, M&M MARS, KUDOS Whole Grain Bar, M&M's milk chocolate",sr_legacy_food,23,2019-04-01,414.7,3.78,11.95,73.01
173136,"Formulated bar, MARS SNACKFOOD US, SNICKERS MARATHON Energy Bar, all flavors",sr_legacy_food,23,2019-04-01,386.0,21.91,10.79,50.3
173137,"Formulated bar, POWER BAR, chocolate",sr_legacy_food,23,2019-04-01,363.1,14.15,3.11,69.63
173138,"Formulated bar, MARS SNACKFOOD US, COCOAVIA, Chocolate Blueberry Snack Bar",sr_legacy_food,23,2019-04-01,339.8,6.21,9.27,57.87
173139,"Formulated bar, SLIM-FAST OPTIMA meal bar, milk chocolate peanut",sr_legacy_food,23,2019-04-01,385.9,16.19,8.92,60.21
173140,"Snacks, soy chips or crisps, salted",sr_legacy_food,23,2019-04-01,384.8,26.5,7.35,53.15
173141,"Popcorn, microwave, regular (butter) flavor, made with palm oil",sr_legacy_food,23,2019-04-01,534.5,8.38,30.22,57.26
173142,"Snacks, plantain chips, salted",sr_legacy_food,23,2019-04-01,530.8,2.28,29.59,63.84
173143,"Tortilla chips, yellow, plain, salted",sr_legacy_food,23,2019-04-01,497.0,6.62,22.33,67.38
173144,"Snacks, granola bar, KASHI GOLEAN, crunchy, mixed flavors",sr_legacy_food,23,2019-04-01,392.9,17.88,9.23,59.58
173145,"Snacks, granola bar, chewy, reduced sugar, all flavors",sr_legacy_food,23,2019-04-01,412.3,5.55,12.5,69.4
173146,"Snacks, granola bites, mixed flavors",sr_legacy_food,23,2019-04-01,451.3,7.17,17.5,66.27
173147,"Snacks, pita chips, salted",sr_legacy_food,23,2019-04-01,457.0,11.79,15.2,68.26
173148,"Snacks, granola bars, soft, almond, confectioners coating",sr_legacy_food,23,2019-04-01,454.9,8.6,20.0,60.13
173149,"Formulated bar, high fiber, chewy, oats and chocolate",sr_legacy_food,23,2019-04-01,389.3,5.0,10.0,69.82
173150,"Snacks, bagel chips, plain",sr_legacy_food,23,2019-04-01,451.1,12.34,15.14,66.36
173151,"Snacks, NUTRI-GRAIN FRUIT AND NUT BAR",sr_legacy_food,23,2019-04-01,402.8,9.38,10.93,66.72
173152,"Snacks, yucca (cassava) chips, salted",sr_legacy_food,23,2019-04-01,515.5,1.34,25.91,69.23
173153,"Snacks, granola bar, GENERAL MILLS, NATURE VALLEY, CHEWY TRAIL MIX",sr_legacy_food,23,2019-04-01,414.8,5.71,11.43,72.27
173154,"Snacks, granola bar, QUAKER, DIPPS, all flavors",sr_legacy_food,23,2019-04-01,473.7,7.52,20.42,64.96
173155,"Snacks, brown rice chips",sr_legacy_food,23,2019-04-01,384.0,8.2,2.8,81.5
173156,"Snack, Pretzel, hard chocolate coated",sr_legacy_food,23,2019-04-01,467.2,7.05,17.64,70.07
173157,"Snacks, peas, roasted, wasabi-flavored",sr_legacy_food,23,2019-04-01,432.2,14.11,14.11,62.2
173158,"Formulated Bar, SOUTH BEACH protein bar",sr_legacy_food,23,2019-04-01,411.5,30.34,15.17,38.4
173159,"Snack, BALANCE, original bar",sr_legacy_food,23,2019-04-01,414.9,28.0,12.0,48.73
173160,"Snacks, shrimp cracker",sr_legacy_food,23,2019-04-01,425.7,7.14,17.86,59.09
173161,Rice crackers,sr_legacy_food,23,2019-04-01,415.6,10.0,5.0,82.64
173162,"Beverages, MONSTER energy drink, low carb",sr_legacy_food,14,2019-04-01,5.5,0.0,0.0,1.38
173163,"Beverages, Whiskey sour mix, powder",sr_legacy_food,14,2019-04-01,392.5,0.6,0.1,97.3
173164,"Alcoholic beverage, whiskey sour, prepared with water, whiskey and powder mix",sr_legacy_food,14,2019-04-01,64.0,0.1,0.02,15.85
173165,"Beverages, THE COCA-COLA COMPANY, NOS energy drink, Original, grape, loaded cherry, charged citrus, fortified with vitamins B6 and B12",sr_legacy_food,14,2019-04-01,45.0,0.0,0.0,11.25
173166,"Beverages, water, bottled, yumberry, pomegranate with anti-oxidants, zero calories",sr_legacy_food,14,2019-04-01,5.0,0.0,0.0,1.25
173167,"Beverages, ABBOTT, EAS whey protein powder",sr_legacy_food,14,2019-04-01,384.7,66.67,5.13,17.95
173168,"Alcoholic beverage, creme de menthe, 72 proof",sr_legacy_food,14,2019-04-01,169.1,0.0,0.3,41.6
173169,"Beverages, NESTLE, Boost plus, nutritional drink, ready-to-drink",sr_legacy_food,14,2019-04-01,139.1,5.38,5.38,17.29
173170,"Beverages, SLIMFAST, Meal replacement,  High Protein Shake, Ready-To-Drink, 3-2-1 plan",sr_legacy_food,14,2019-04-01,60.2,6.59,3.38,0.85
173171,"Beverages, UNILEVER, SLIMFAST, meal replacement, regular, ready-to-drink,  3-2-1 Plan",sr_legacy_food,14,2019-04-01,61.6,3.32,1.93,7.74
173172,"Beverages, UNILEVER, SLIMFAST Shake Mix, powder, 3-2-1 Plan",sr_legacy_food,14,2019-04-01,448.3,8.13,13.34,73.92
173173,"Beverages, FUZE, orange mango, fortified with vitamins A, C, E, B6",sr_legacy_food,14,2019-04-01,40.1,0.68,0.06,9.2
173174,"Beverages, UNILEVER, SLIMFAST Shake Mix, high protein, whey powder, 3-2-1 Plan,",sr_legacy_food,14,2019-04-01,432.6,27.87,13.46,50.0
173175,"Beverages, Acai berry drink, fortified",sr_legacy_food,14,2019-04-01,62.1,0.83,0.83,12.83
173176,"Alcoholic beverage, wine, dessert, sweet",sr_legacy_food,14,2019-04-01,55.6,0.2,0.0,13.69
173177,"Beverages, Whey protein powder isolate",sr_legacy_food,14,2019-04-01,359.3,58.14,1.16,29.07
173178,"Beverages, Orange juice, light, No pulp",sr_legacy_food,14,2019-04-01,22.5,0.21,0.0,5.42
173179,"Beverages, The COCA-COLA company, Hi-C Flashin' Fruit Punch",sr_legacy_food,14,2019-04-01,50.0,0.0,0.0,12.5
173180,"Beverages, Protein powder whey based",sr_legacy_food,14,2019-04-01,351.6,78.13,1.56,6.25
173181,"Beverages, Protein powder soy based",sr_legacy_food,14,2019-04-01,387.8,55.56,5.56,28.89
173182,"Beverages, rich chocolate, powder",sr_legacy_food,14,2019-04-01,371.8,0.0,0.0,92.96
173183,"Beverages, GEROLSTEINER BRUNNEN GmbH & Co. KG (Gerolsteiner), naturally sparkling, mineral bottled water",sr_legacy_food,14,2019-04-01,0.0,0.0,0.0,0.0
173184,"Beverages, chocolate malt, powder, prepared with fat free milk",sr_legacy_food,14,2019-04-01,49.1,3.25,0.17,8.64
173185,"Alcoholic beverage, wine, table, all",sr_legacy_food,14,2019-04-01,11.2,0.07,0.0,2.72
173186,"Beverages, V8 SPLASH Smoothies, Peach Mango",sr_legacy_food,14,2019-04-01,35.9,1.22,0.0,7.76
173187,"Beverages, chocolate almond milk, unsweetened, shelf-stable, fortified with vitamin D2 and E",sr_legacy_food,14,2019-04-01,21.5,0.83,1.46,1.25
173188,"Beverages, The COCA-COLA company, Glaceau Vitamin Water, Revive Fruit Punch, fortified",sr_legacy_food,14,2019-04-01,0.0,0.0,0.0,0.0
173189,"Beverages, MINUTE MAID, Lemonada, Limeade",sr_legacy_food,14,2019-04-01,55.0,0.0,0.0,13.75
173190,"Alcoholic beverage, wine, table, red",sr_legacy_food,14,2019-04-01,10.7,0.07,0.0,2.61
173191,"Alcoholic Beverage, wine, table, red, Barbera",sr_legacy_food,14,2019-04-01,11.4,0.07,0.0,2.79
173192,"Alcoholic Beverage, wine, table, red, Zinfandel",sr_legacy_food,14,2019-04-01,11.7,0.07,0.0,2.86
173193,"Alcoholic Beverage, wine, table, red, Petite Sirah",sr_legacy_food,14,2019-04-01,11.0,0.07,0.0,2.68
173194,"Alcoholic Beverage, wine, table, red, Claret",sr_legacy_food,14,2019-04-01,12.3,0.07,0.0,3.01
173195,"Alcoholic beverage, wine, table, white, Chenin Blanc",sr_legacy_food,14,2019-04-01,13.5,0.07,0.0,3.31
173196,"Alcoholic beverage, wine, table, white, Fume Blanc",sr_legacy_food,14,2019-04-01,9.4,0.07,0.0,2.27
173197,"Beverages, Mixed vegetable and fruit juice drink, with added nutrients",sr_legacy_food,14,2019-04-01,30.1,0.04,0.01,7.47
173198,"Alcoholic beverage, wine, table, white, Muller Thurgau",sr_legacy_food,14,2019-04-01,14.2,0.07,0.0,3.48
173199,"Carbonated beverage, cream soda",sr_legacy_food,14,2019-04-01,53.2,0.0,0.0,13.3
173200,"Alcoholic beverage, wine, table, white, Riesling",sr_legacy_food,14,2019-04-01,15.2,0.07,0.0,3.74
173201,"Alcoholic beverage, wine, table, white, Sauvignon Blanc",sr_legacy_food,14,2019-04-01,8.5,0.07,0.0,2.05
173202,"Alcoholic beverage, wine, table, white, late harvest",sr_legacy_food,14,2019-04-01,53.8,0.07,0.0,13.39
173203,"Beverages, carbonated, grape soda",sr_legacy_food,14,2019-04-01,44.8,0.0,0.0,11.2
173204,"Beverages, carbonated, low calorie, other than cola or pepper,  without caffeine",sr_legacy_food,14,2019-04-01,0.4,0.1,0.0,0.0
173205,"Beverages, carbonated, lemon-lime soda, no caffeine",sr_legacy_food,14,2019-04-01,42.0,0.09,0.0,10.42
173206,"Beverages, carbonated, SPRITE, lemon-lime, without caffeine",sr_legacy_food,14,2019-04-01,40.9,0.05,0.02,10.14
173207,"Beverages, carbonated, low calorie, other than cola or pepper, with aspartame, contains caffeine",sr_legacy_food,14,2019-04-01,0.4,0.1,0.0,0.0
173208,"Alcoholic Beverage, wine, table, red, Burgundy",sr_legacy_food,14,2019-04-01,15.0,0.07,0.0,3.69
173209,"Beverages, carbonated, pepper-type, contains caffeine",sr_legacy_food,14,2019-04-01,42.5,0.0,0.1,10.4
173210,"Beverages, Energy drink, RED BULL",sr_legacy_food,14,2019-04-01,42.8,0.46,0.0,10.23
173211,"Beverages, tea, black, ready to drink, decaffeinated, diet",sr_legacy_food,14,2019-04-01,3.3,0.0,0.0,0.83
173212,"Beverages, tea, black, ready to drink, decaffeinated",sr_legacy_food,14,2019-04-01,35.0,0.0,0.0,8.75
173213,"Beverages, grape juice drink, canned",sr_legacy_food,14,2019-04-01,58.2,0.0,0.0,14.55
173214,"Beverages, Cranberry juice cocktail",sr_legacy_food,14,2019-04-01,52.1,0.0,0.34,12.25
173215,"Beverages, SNAPPLE, tea, black and green, ready to drink, peach, diet",sr_legacy_food,14,2019-04-01,0.8,0.1,0.0,0.1
173216,"Lemonade, frozen concentrate, white",sr_legacy_food,14,2019-04-01,206.7,0.22,0.7,49.89
173217,"Lemonade, frozen concentrate, white, prepared with water",sr_legacy_food,14,2019-04-01,42.3,0.07,0.04,10.42
173218,"Beverages, SNAPPLE, tea, black and green, ready to drink, lemon, diet",sr_legacy_food,14,2019-04-01,0.8,0.1,0.0,0.1
173219,"Beverages, Malted drink mix, natural, with added nutrients, powder, prepared with whole milk",sr_legacy_food,14,2019-04-01,86.2,3.67,3.21,10.67
173220,"Beverages, Malted drink mix, natural, powder, dairy based.",sr_legacy_food,14,2019-04-01,427.7,14.29,9.52,71.21
173221,"Beverages, Malted drink mix, natural, powder, prepared with whole milk",sr_legacy_food,14,2019-04-01,88.9,3.86,3.62,10.23
173222,"Beverages, OVALTINE, chocolate malt powder",sr_legacy_food,14,2019-04-01,371.8,0.0,0.0,92.96
173223,"Beverages, orange and apricot juice drink, canned",sr_legacy_food,14,2019-04-01,52.9,0.3,0.1,12.7
173224,"Beverages, pineapple and grapefruit juice drink, canned",sr_legacy_food,14,2019-04-01,48.1,0.2,0.1,11.6
173225,"Beverages, pineapple and orange juice drink, canned",sr_legacy_food,14,2019-04-01,52.4,1.3,0.0,11.8
173226,"Shake, fast food, vanilla",sr_legacy_food,14,2019-04-01,150.5,3.37,6.52,19.59
173227,"Beverages, tea, black, brewed, prepared with tap water",sr_legacy_food,14,2019-04-01,1.2,0.0,0.0,0.3
173228,"Beverages, tea, instant, decaffeinated, lemon, diet",sr_legacy_food,14,2019-04-01,360.2,3.3,0.6,85.4
173229,"Beverages, tea, instant, decaffeinated, lemon, sweetened",sr_legacy_food,14,2019-04-01,401.2,0.12,0.73,98.55
173230,"Beverages, tea, instant, unsweetened, powder",sr_legacy_food,14,2019-04-01,315.5,20.21,0.0,58.66
173231,"Beverages, tea, instant, lemon, diet",sr_legacy_food,14,2019-04-01,1.8,0.02,0.0,0.44
173232,"Beverages, tea, herb, other than chamomile, brewed",sr_legacy_food,14,2019-04-01,0.8,0.0,0.0,0.2
173233,"Beverages, water, bottled, PERRIER",sr_legacy_food,14,2019-04-01,0.0,0.0,0.0,0.0
173234,"Beverages, water, bottled, POLAND SPRING",sr_legacy_food,14,2019-04-01,0.0,0.0,0.0,0.0
173235,"Beverages, orange-flavor drink, breakfast type, powder",sr_legacy_food,14,2019-04-01,395.8,0.0,0.0,98.94
173236,"Beverages, orange-flavor drink, breakfast type, powder, prepared with water",sr_legacy_food,14,2019-04-01,50.6,0.0,0.0,12.65
173237,"Beverages, Orange-flavor drink, breakfast type, low calorie, powder",sr_legacy_food,14,2019-04-01,358.0,3.6,0.0,85.9
173238,"English muffins, plain, unenriched, without calcium propionate (includes sourdough)",sr_legacy_food,18,2019-04-01,231.0,7.7,1.8,46.0
173239,"Pie, apple, commercially prepared, unenriched flour",sr_legacy_food,18,2019-04-01,242.6,1.9,11.0,34.0
173240,"Pie, fried pies, cherry",sr_legacy_food,18,2019-04-01,327.3,3.0,16.1,42.6
173241,"Tortillas, ready-to-bake or -fry, corn, without added salt",sr_legacy_food,18,2019-04-01,231.7,5.7,2.5,46.6
173242,"Tortillas, ready-to-bake or -fry, flour, without added calcium",sr_legacy_food,18,2019-04-01,321.1,8.7,7.1,55.6
173243,"Cake, pound, commercially prepared, fat-free",sr_legacy_food,18,2019-04-01,276.4,5.4,1.2,61.0
173244,"Cake, yellow, light, dry mix",sr_legacy_food,18,2019-04-01,404.7,4.7,5.5,84.1
173245,"Archway Home Style Cookies, Coconut Macaroon",sr_legacy_food,18,2019-04-01,460.0,3.02,22.55,61.23
173246,"Archway Home Style Cookies, Date Filled Oatmeal",sr_legacy_food,18,2019-04-01,399.8,4.67,12.05,68.16
173247,"Archway Home Style Cookies, Dutch Cocoa",sr_legacy_food,18,2019-04-01,430.7,4.5,14.99,69.44
173248,"Archway Home Style Cookies, Frosty Lemon",sr_legacy_food,18,2019-04-01,430.8,4.41,17.11,64.78
173249,"Archway Home Style Cookies, Iced Molasses",sr_legacy_food,18,2019-04-01,420.4,3.5,14.43,69.12
173250,"Archway Home Style Cookies, Old Fashioned Molasses",sr_legacy_food,18,2019-04-01,405.8,4.27,11.83,70.55
173251,"Archway Home Style Cookies, Old Fashioned Windmill Cookies",sr_legacy_food,18,2019-04-01,467.6,5.17,17.55,72.23
173252,"Archway Home Style Cookies, Peanut Butter",sr_legacy_food,18,2019-04-01,488.4,9.0,24.28,58.48
173253,"Archway Home Style Cookies, Raspberry Filled",sr_legacy_food,18,2019-04-01,400.4,4.35,13.26,65.92
173254,"George Weston Bakeries, Brownberry Sage and Onion Stuffing Mix, dry",sr_legacy_food,18,2019-04-01,389.9,13.3,5.1,72.7
173255,"Keebler, Keebler Chocolate Graham SELECTS",sr_legacy_food,18,2019-04-01,465.0,7.1,16.6,71.8
173256,"Continental Mills, Krusteaz Almond Poppyseed Muffin Mix, Artificially Flavored, dry",sr_legacy_food,18,2019-04-01,417.5,5.6,10.3,75.6
173257,"Mckee Baking, Little Debbie Nutty Bars, Wafers with Peanut Butter, Chocolate Covered",sr_legacy_food,18,2019-04-01,548.0,8.0,32.8,55.2
173258,"Nabisco, Nabisco Ritz Crackers",sr_legacy_food,18,2019-04-01,491.8,7.23,23.21,63.51
173259,"Pillsbury, Buttermilk Biscuits, Artificial Flavor, refrigerated dough",sr_legacy_food,18,2019-04-01,239.0,6.4,2.79,47.07
173260,"Pillsbury, Chocolate Chip Cookies, refrigerated dough",sr_legacy_food,18,2019-04-01,449.6,3.82,21.26,60.75
173261,"Pillsbury, Crusty French Loaf, refrigerated dough",sr_legacy_food,18,2019-04-01,245.7,8.59,2.88,46.35
173262,"Sorghum flour, refined, unenriched",sr_legacy_food,20,2019-04-01,356.7,9.53,1.24,76.85
173263,"Rice, brown, parboiled, cooked, UNCLE BENS",sr_legacy_food,20,2019-04-01,145.3,3.09,0.85,31.33
173264,"Pasta, gluten-free, rice flour and rice bran extract, cooked, DE BOLES",sr_legacy_food,20,2019-04-01,195.1,4.21,1.7,40.75
173265,"Pasta, gluten-free, corn and rice flour, cooked",sr_legacy_food,20,2019-04-01,174.0,3.2,1.0,38.05
173266,"Fast foods, biscuit, with egg and bacon",sr_legacy_food,21,2019-04-01,308.1,11.33,20.73,19.06
173267,"Fast foods, biscuit, with egg and ham",sr_legacy_food,21,2019-04-01,234.8,10.64,14.08,16.37
173268,"Fast foods, biscuit, with crispy chicken fillet",sr_legacy_food,21,2019-04-01,304.3,11.93,14.93,30.56
173269,"Fast foods, croissant, with egg, cheese, and bacon",sr_legacy_food,21,2019-04-01,289.3,12.92,16.4,22.5
173270,"Fast foods, croissant, with egg, cheese, and ham",sr_legacy_food,21,2019-04-01,260.3,12.45,14.95,18.98
173271,"Fast foods, croissant, with egg, cheese, and sausage",sr_legacy_food,21,2019-04-01,308.0,12.09,21.78,15.9
173272,"Fast foods, egg, scrambled",sr_legacy_food,21,2019-04-01,209.3,13.84,16.18,2.08
173273,"Fast foods, potatoes, hash browns, round pieces or patty",sr_legacy_food,21,2019-04-01,279.2,2.58,17.04,28.88
173274,"Fast foods, vanilla, light, soft-serve ice cream, with cone",sr_legacy_food,21,2019-04-01,166.1,4.24,4.86,26.36
173275,"Fast foods, sundae, caramel",sr_legacy_food,21,2019-04-01,199.9,4.71,5.98,31.81
173276,"Fast foods, sundae, hot fudge",sr_legacy_food,21,2019-04-01,184.1,3.57,5.46,30.17
173277,"Fast foods, burrito, with beans and beef",sr_legacy_food,21,2019-04-01,191.4,11.52,7.47,19.52
173278,"Fast foods, burrito, with beans, cheese, and beef",sr_legacy_food,21,2019-04-01,182.8,7.03,6.8,23.37
173279,"PIZZA HUT 12"" Pepperoni Pizza, Hand-Tossed Crust",sr_legacy_food,21,2019-04-01,280.1,12.86,11.38,31.55
173280,"PIZZA HUT 12"" Pepperoni Pizza, Pan Crust",sr_legacy_food,21,2019-04-01,297.7,11.97,14.21,30.49
173281,"PIZZA HUT 12"" Super Supreme Pizza, Hand-Tossed Crust",sr_legacy_food,21,2019-04-01,242.6,10.9,10.72,25.62
173282,"DOMINO'S 14"" Cheese Pizza, Classic Hand-Tossed Crust",sr_legacy_food,21,2019-04-01,256.9,10.8,8.97,33.24
173283,"DOMINO'S 14"" Cheese Pizza, Ultimate Deep Dish Crust",sr_legacy_food,21,2019-04-01,265.4,10.76,9.83,33.48
173284,"PAPA JOHN'S 14"" Cheese Pizza, Original Crust",sr_legacy_food,21,2019-04-01,260.3,11.53,9.25,32.74
173285,"PAPA JOHN'S 14"" Pepperoni Pizza, Original Crust",sr_legacy_food,21,2019-04-01,274.8,11.97,11.86,30.04
173286,"PAPA JOHN'S 14"" The Works Pizza, Original Crust",sr_legacy_food,21,2019-04-01,239.7,10.27,10.21,26.69
173287,"PAPA JOHN'S 14"" Cheese Pizza, Thin Crust",sr_legacy_food,21,2019-04-01,295.1,12.29,15.66,26.26
173288,"LITTLE CAESARS 14"" Pepperoni Pizza, Large Deep Dish Crust",sr_legacy_food,21,2019-04-01,265.1,12.93,10.81,29.03
173289,"LITTLE CAESARS 14"" Cheese Pizza, Thin Crust",sr_legacy_food,21,2019-04-01,309.2,16.23,16.99,22.85
173290,"PIZZA HUT 14"" Cheese Pizza, Hand-Tossed Crust",sr_legacy_food,21,2019-04-01,275.4,11.98,10.42,33.42
173291,"PIZZA HUT 14"" Cheese Pizza, Pan Crust",sr_legacy_food,21,2019-04-01,276.0,10.85,11.25,32.85
173292,"Fast Food, Pizza Chain, 14"" pizza, cheese topping, regular crust",sr_legacy_food,21,2019-04-01,266.1,11.39,9.69,33.33
173293,"Fast Food, Pizza Chain, 14"" pizza, cheese topping, thick crust",sr_legacy_food,21,2019-04-01,270.8,10.81,10.54,33.17
173294,"Fast Food, Pizza Chain, 14"" pizza, cheese topping, thin crust",sr_legacy_food,21,2019-04-01,301.8,12.85,13.95,31.2
173295,"Fast Food, Pizza Chain, 14"" pizza, pepperoni topping, regular crust",sr_legacy_food,21,2019-04-01,282.1,11.74,11.91,31.98
173296,"Fast Food, Pizza Chain, 14"" pizza, pepperoni topping, thick crust",sr_legacy_food,21,2019-04-01,286.5,11.49,12.58,31.84
173297,"McDONALD'S, Chicken McNUGGETS",sr_legacy_food,21,2019-04-01,301.8,15.79,19.81,15.09
173298,"McDONALD'S, Hash Brown",sr_legacy_food,21,2019-04-01,270.9,2.48,16.3,28.56
173299,"McDONALD'S, Hotcakes (plain)",sr_legacy_food,21,2019-04-01,229.6,6.0,5.84,38.27
173300,"McDONALD'S, Bacon, Egg & Cheese McGRIDDLES",sr_legacy_food,21,2019-04-01,271.6,12.03,13.19,26.19
173301,"McDONALD'S, Hot Caramel Sundae",sr_legacy_food,21,2019-04-01,191.8,3.58,4.89,33.36
173302,"McDONALD'S, Hot Fudge Sundae",sr_legacy_food,21,2019-04-01,190.0,4.14,5.91,30.05
173303,"McDONALD'S, McFLURRY with M&M'S CANDIES",sr_legacy_food,21,2019-04-01,181.5,4.02,6.46,26.82
173304,"McDONALD'S, McFLURRY with OREO cookies",sr_legacy_food,21,2019-04-01,169.0,3.97,5.66,25.55
173305,"McDONALD'S, McCHICKEN Sandwich",sr_legacy_food,21,2019-04-01,272.5,10.43,13.21,27.97
173306,"McDONALD'S, McCHICKEN Sandwich (without mayonnaise)",sr_legacy_food,21,2019-04-01,244.3,11.08,8.46,30.95
173307,"McDONALD'S, Egg McMUFFIN",sr_legacy_food,21,2019-04-01,228.2,13.64,9.66,21.67
173308,"McDONALD'S, Sausage McMUFFIN",sr_legacy_food,21,2019-04-01,338.3,12.66,21.06,24.52
173309,"McDONALD'S, Deluxe Breakfast, with syrup and margarine",sr_legacy_food,21,2019-04-01,285.2,7.56,15.23,29.48
173310,"McDONALD'S, Hotcakes and Sausage",sr_legacy_food,21,2019-04-01,293.9,7.81,12.5,37.55
173311,"McDONALD'S, Hotcakes (with 2 pats margarine & syrup)",sr_legacy_food,21,2019-04-01,273.1,4.05,8.06,46.08
173312,"McDONALD'S, Bacon Ranch Salad with Grilled Chicken",sr_legacy_food,21,2019-04-01,83.9,10.28,3.14,3.64
173313,"McDONALD'S, Fruit 'n Yogurt Parfait (without granola)",sr_legacy_food,21,2019-04-01,90.7,2.47,1.13,17.67
173314,"McDONALD'S, FILET-O-FISH (without tartar sauce)",sr_legacy_food,21,2019-04-01,242.8,12.47,7.62,31.08
173315,"BURGER KING, CROISSAN'WICH with Sausage, Egg and Cheese",sr_legacy_food,21,2019-04-01,308.0,12.09,21.78,15.9
173316,"BURGER KING, CROISSAN'WICH with Sausage and Cheese",sr_legacy_food,21,2019-04-01,376.0,13.73,25.45,23.0
173317,"Fast foods, hamburger; single, large patty; with condiments, vegetables and mayonnaise",sr_legacy_food,21,2019-04-01,226.0,11.34,12.37,17.33
173318,"Fast foods, hamburger; single, regular patty; double decker bun with condiments and special sauce",sr_legacy_food,21,2019-04-01,259.1,12.17,13.3,22.69
173319,"Fast foods, cheeseburger; double, regular patty; with condiments",sr_legacy_food,21,2019-04-01,282.5,16.24,16.18,17.97
173320,"Fast foods, cheeseburger; double, large patty; with condiments",sr_legacy_food,21,2019-04-01,271.5,16.96,16.22,14.43
173321,"Fast foods, chicken tenders",sr_legacy_food,21,2019-04-01,271.4,19.22,13.95,17.25
173322,"Fast foods, bagel, with egg, sausage patty, cheese, and condiments",sr_legacy_food,21,2019-04-01,295.2,12.98,16.97,22.64
173323,"Fast foods, bagel, with breakfast steak, egg, cheese, and condiments",sr_legacy_food,21,2019-04-01,282.4,15.95,14.07,22.99
173324,"Light Ice Cream, soft serve, blended with milk chocolate candies",sr_legacy_food,21,2019-04-01,181.5,4.02,6.46,26.82
173325,"Macaroni and Cheese, canned entree",sr_legacy_food,22,2019-04-01,81.7,3.38,2.46,11.52
173326,"HOT POCKETS, CROISSANT POCKETS Chicken, Broccoli, and Cheddar Stuffed Sandwich, frozen",sr_legacy_food,22,2019-04-01,234.6,8.9,8.6,30.4
173327,"HOT POCKETS Ham 'N Cheese Stuffed Sandwich, frozen",sr_legacy_food,22,2019-04-01,270.4,9.16,15.0,24.69
173328,"Ravioli, cheese-filled, canned",sr_legacy_food,22,2019-04-01,77.5,2.48,1.45,13.64
173329,"Ravioli, meat-filled, with tomato sauce or meat sauce, canned",sr_legacy_food,22,2019-04-01,96.7,3.24,3.41,13.26
173330,"Beef stew, canned entree",sr_legacy_food,22,2019-04-01,98.8,4.41,5.53,7.85
173331,"Chicken pot pie, frozen entree, prepared",sr_legacy_food,22,2019-04-01,203.9,5.11,11.85,19.21
173332,"Beef, corned beef hash, with potato, canned",sr_legacy_food,22,2019-04-01,164.2,8.73,10.24,9.27
173333,"Lasagna, cheese, frozen, prepared",sr_legacy_food,22,2019-04-01,129.5,6.54,5.33,13.84
173334,"Lasagna with meat & sauce, frozen entree",sr_legacy_food,22,2019-04-01,123.9,6.63,4.42,14.39
173335,"Burrito, beef and bean, frozen",sr_legacy_food,22,2019-04-01,238.9,7.26,9.61,30.84
173336,"Burrito, bean and cheese, frozen",sr_legacy_food,22,2019-04-01,221.0,7.07,6.3,34.01
173337,"Macaroni and Cheese, canned, microwavable",sr_legacy_food,22,2019-04-01,133.7,5.98,5.99,13.96
173338,"Turkey, stuffing, mashed potatoes w/gravy, assorted vegetables, frozen, microwaved",sr_legacy_food,22,2019-04-01,128.2,6.97,3.89,16.32
173339,"Rice bowl with chicken, frozen entree, prepared (includes fried, teriyaki, and sweet and sour varieties)",sr_legacy_food,22,2019-04-01,126.5,5.65,1.56,22.46
173340,"Macaroni and cheese dinner with dry sauce mix, boxed, uncooked",sr_legacy_food,22,2019-04-01,379.3,13.86,4.82,70.12
173341,"Macaroni and cheese, dry mix, prepared with 2% milk and 80% stick margarine from dry mix",sr_legacy_food,22,2019-04-01,189.8,4.89,8.28,23.93
173342,"Macaroni and cheese, frozen entree",sr_legacy_food,22,2019-04-01,149.2,5.6,6.41,17.28
173343,Potato salad with egg,sr_legacy_food,22,2019-04-01,157.2,1.96,9.4,16.18
173344,Pulled pork in barbecue sauce,sr_legacy_food,22,2019-04-01,167.5,13.19,4.42,18.74
173345,"Corn dogs, frozen, prepared",sr_legacy_food,22,2019-04-01,250.3,8.57,12.02,26.96
173346,"Chicken tenders, breaded, frozen, prepared",sr_legacy_food,22,2019-04-01,240.1,14.62,13.58,14.86
173347,"RICE-A-RONI, chicken flavor, unprepared",sr_legacy_food,22,2019-04-01,356.2,10.64,1.04,76.08
173348,"Rice and vermicelli mix, chicken flavor, prepared with 80% margarine",sr_legacy_food,22,2019-04-01,135.8,2.65,3.45,23.54
173349,"Beef, shoulder pot roast or steak, boneless, separable lean and fat, trimmed to 0"" fat, all grades, raw",sr_legacy_food,13,2019-04-01,130.3,21.39,4.97,0.0
173350,"Beef, short loin, porterhouse steak, separable lean and fat, trimmed to 1/8"" fat, all grades, raw",sr_legacy_food,13,2019-04-01,208.5,20.49,14.06,0.0
173351,"Beef, short loin, t-bone steak, separable lean and fat, trimmed to 1/8"" fat, all grades, cooked, grilled",sr_legacy_food,13,2019-04-01,281.6,24.6,20.36,0.0
173352,"Beef, short loin, t-bone steak, separable lean and fat, trimmed to 1/8"" fat, select, raw",sr_legacy_food,13,2019-04-01,208.8,20.28,14.19,0.0
173353,"Beef, short loin, t-bone steak, separable lean and fat, trimmed to 1/8"" fat, select, cooked, grilled",sr_legacy_food,13,2019-04-01,273.7,25.18,19.22,0.0
173354,"Beef, round, knuckle, tip side, steak, separable lean and fat, trimmed to 0"" fat, choice, raw",sr_legacy_food,13,2019-04-01,127.6,21.41,4.66,0.0
173355,"Beef, chuck, shoulder clod, shoulder tender, medallion, separable lean and fat, trimmed to 0"" fat, choice, cooked, grilled",sr_legacy_food,13,2019-04-01,173.4,26.07,7.68,0.0
173356,"Beef, chuck, shoulder clod, shoulder tender, medallion, separable lean and fat, trimmed to 0"" fat, select, raw",sr_legacy_food,13,2019-04-01,135.8,20.93,5.79,0.0
173357,"Beef, chuck, shoulder clod, shoulder top and center steaks, separable lean and fat, trimmed to 0"" fat, choice, raw",sr_legacy_food,13,2019-04-01,136.6,20.39,6.12,0.0
173358,"Beef, chuck, shoulder clod, shoulder top and center steaks, separable lean and fat, trimmed to 0"" fat, choice, cooked, grilled",sr_legacy_food,13,2019-04-01,177.3,26.07,8.11,0.0
173359,"Beef, chuck, shoulder clod, top blade, steak, separable lean and fat, trimmed to 0"" fat, select, raw",sr_legacy_food,13,2019-04-01,160.5,19.38,9.22,0.0
173360,"Beef, chuck, shoulder clod, top blade, steak, separable lean and fat, trimmed to 0"" fat, select, cooked, grilled",sr_legacy_food,13,2019-04-01,204.8,25.29,11.52,0.0
173361,"Beef, round, knuckle, tip center, steak, separable lean and fat, trimmed to 0"" fat, choice, raw",sr_legacy_food,13,2019-04-01,144.6,20.74,6.85,0.0
173362,"Beef, round, knuckle, tip center, steak, separable lean and fat, trimmed to 0"" fat, choice, cooked, grilled",sr_legacy_food,13,2019-04-01,180.7,26.88,8.13,0.0
173363,"Beef, round, knuckle, tip center, steak, separable lean and fat, trimmed to 0"" fat, select, raw",sr_legacy_food,13,2019-04-01,130.8,20.98,5.21,0.0
173364,"Beef, round, outside round, bottom round, steak, separable lean and fat, trimmed to 0"" fat, select, cooked, grilled",sr_legacy_food,13,2019-04-01,158.6,28.01,5.17,0.0
173365,"Beef, chuck, shoulder clod, shoulder tender, medallion, separable lean and fat, trimmed to 0"" fat, all grades, raw",sr_legacy_food,13,2019-04-01,138.1,20.54,6.22,0.0
173366,"Beef, chuck, shoulder clod, shoulder tender, medallion, separable lean and fat, trimmed to 0"" fat, all grades, cooked, grilled",sr_legacy_food,13,2019-04-01,169.7,26.22,7.2,0.0
173367,"Beef, round, knuckle, tip side, steak, separable lean and fat, trimmed to 0"" fat, all grades, raw",sr_legacy_food,13,2019-04-01,122.8,21.69,4.0,0.0
173368,"Beef, chuck, shoulder clod, top blade, steak, separable lean and fat, trimmed to 0"" fat, all grades, cooked, grilled",sr_legacy_food,13,2019-04-01,214.8,24.93,12.79,0.0
173369,"Beef, round, knuckle, tip center, steak, separable lean and fat, trimmed to 0"" fat, all grades, raw",sr_legacy_food,13,2019-04-01,136.7,20.93,5.89,0.0
173370,"Beef, round, knuckle, tip center, steak, separable lean and fat, trimmed to 0"" fat, all grades, cooked, grilled",sr_legacy_food,13,2019-04-01,169.5,27.12,6.78,0.0
173371,"Beef, round, outside round, bottom round, steak, separable lean and fat, trimmed to 0"" fat, all grades, raw",sr_legacy_food,13,2019-04-01,136.1,21.59,5.53,0.0
173372,"Beef, rib eye roast, boneless, lip-on, separable lean only, trimmed to 1/8"" fat, select, cooked, roasted",sr_legacy_food,13,2019-04-01,202.0,28.72,9.68,0.0
173373,"Beef, plate steak, boneless, inside skirt, separable lean only, trimmed to 0"" fat, all grades, cooked, grilled",sr_legacy_food,13,2019-04-01,234.2,29.99,12.69,0.0
173374,"Beef, plate steak, boneless, inside skirt, separable lean only, trimmed to 0"" fat, all grades, raw",sr_legacy_food,13,2019-04-01,164.1,21.17,8.82,0.0
173375,"Beef, plate steak, boneless, inside skirt, separable lean only, trimmed to 0"" fat, choice, cooked, grilled",sr_legacy_food,13,2019-04-01,241.7,29.56,13.72,0.0
173376,"Beef, plate steak, boneless, outside skirt, separable lean only, trimmed to 0"" fat, all grades, raw",sr_legacy_food,13,2019-04-01,206.5,18.74,14.53,0.19
173377,"Beef, plate steak, boneless, outside skirt, separable lean only, trimmed to 0"" fat, choice, cooked, grilled",sr_legacy_food,13,2019-04-01,290.6,27.03,20.28,0.0
173378,"Beef, plate steak, boneless, outside skirt, separable lean only, trimmed to 0"" fat, choice, raw",sr_legacy_food,13,2019-04-01,211.9,18.47,15.26,0.17
173379,"Beef, plate steak, boneless, outside skirt, separable lean only, trimmed to 0"" fat, select, cooked, grilled",sr_legacy_food,13,2019-04-01,268.5,28.65,17.1,0.0
173380,"Beef, rib eye steak, boneless, lip off, separable lean only, trimmed to 0"" fat, choice, raw",sr_legacy_food,13,2019-04-01,162.3,21.44,8.5,0.0
173381,"Beef, rib eye steak, boneless, lip off, separable lean only, trimmed to 0"" fat, select, cooked, grilled",sr_legacy_food,13,2019-04-01,191.5,29.18,8.31,0.0
173382,"Beef, rib eye steak, boneless, lip off, separable lean only, trimmed to 0"" fat, select, raw",sr_legacy_food,13,2019-04-01,141.9,22.46,5.78,0.0
173383,"Beef, rib, back ribs, bone-in, separable lean only, trimmed to 0"" fat, all grades, cooked, braised",sr_legacy_food,13,2019-04-01,298.6,28.36,20.57,0.0
173384,"Beef, rib, back ribs, bone-in, separable lean only, trimmed to 0"" fat, select, raw",sr_legacy_food,13,2019-04-01,221.2,19.71,15.73,0.2
173385,"Beef, rib eye steak, bone-in, lip-on, separable lean and fat, trimmed to 1/8"" fat, choice, cooked, grilled",sr_legacy_food,13,2019-04-01,313.1,22.71,24.7,0.0
173386,"Beef, rib eye steak, bone-in, lip-on, separable lean and fat, trimmed to 1/8"" fat, select, cooked, grilled",sr_legacy_food,13,2019-04-01,304.0,23.19,23.47,0.0
173387,"Beef, rib eye steak, bone-in, lip-on, separable lean and fat, trimmed to 1/8"" fat, all grades, cooked, grilled",sr_legacy_food,13,2019-04-01,309.4,22.9,24.2,0.0
173388,"Beef, rib eye roast, bone-in, lip-on, separable lean and fat, trimmed to 1/8"" fat, choice, cooked, roasted",sr_legacy_food,13,2019-04-01,306.6,23.53,23.61,0.0
173389,"Beef, rib eye steak/roast, bone-in, lip-on, separable lean and fat, trimmed to 1/8"" fat, select, raw",sr_legacy_food,13,2019-04-01,247.8,18.44,19.34,0.0
173390,"Beef, rib eye steak, boneless, lip-on, separable lean and fat, trimmed to 1/8"" fat, choice, cooked, grilled",sr_legacy_food,13,2019-04-01,303.4,22.92,23.52,0.0
173391,"Beef, rib eye steak, boneless, lip-on, separable lean and fat, trimmed to 1/8"" fat, select, cooked, grilled",sr_legacy_food,13,2019-04-01,272.6,24.83,19.25,0.0
173392,"Beef, rib eye steak, boneless, lip-on, separable lean and fat, trimmed to 1/8"" fat, all grades, cooked, grilled",sr_legacy_food,13,2019-04-01,291.0,23.69,21.81,0.0
173393,"Beef, rib eye steak/roast, boneless, lip-on, separable lean and fat, trimmed to 1/8"" fat, choice, raw",sr_legacy_food,13,2019-04-01,253.1,18.39,19.95,0.0
173394,"Beef, rib eye steak/roast, boneless, lip-on, separable lean and fat, trimmed to 1/8"" fat, select, raw",sr_legacy_food,13,2019-04-01,230.3,19.55,16.9,0.0
173395,"Beef, plate steak, boneless, inside skirt, separable lean and fat, trimmed to 0"" fat, all grades, cooked, grilled",sr_legacy_food,13,2019-04-01,245.2,29.36,14.2,0.0
173396,"Beef, plate steak, boneless, inside skirt, separable lean and fat, trimmed to 0"" fat, choice, cooked, grilled",sr_legacy_food,13,2019-04-01,253.3,28.9,15.3,0.0
173397,"Beef, plate steak, boneless, outside skirt, separable lean and fat, trimmed to 0"" fat, all grades, cooked, grilled",sr_legacy_food,13,2019-04-01,292.5,27.06,20.47,0.0
173398,"Beef, plate steak, boneless, outside skirt, separable lean and fat, trimmed to 0"" fat, choice, cooked, grilled",sr_legacy_food,13,2019-04-01,300.4,26.46,21.62,0.0
173399,"Beef, plate steak, boneless, outside skirt, separable lean and fat, trimmed to 0"" fat, select, cooked, grilled",sr_legacy_food,13,2019-04-01,280.6,27.95,18.75,0.0
173400,"Beef, plate steak, boneless, outside skirt, separable lean and fat, trimmed to 0"" fat, all grades, raw",sr_legacy_food,13,2019-04-01,231.6,17.98,17.59,0.35
173401,"Beef, rib eye steak, boneless, lip off, separable lean and fat, trimmed to 0"" fat, select, cooked, grilled",sr_legacy_food,13,2019-04-01,248.3,26.29,15.9,0.0
173402,"Beef, rib eye steak, boneless, lip off, separable lean and fat, trimmed to 0"" fat, all grades, raw",sr_legacy_food,13,2019-04-01,227.9,19.26,16.71,0.12
173403,"Beef, rib eye steak, boneless, lip off, separable lean and fat, trimmed to 0"" fat, choice, raw",sr_legacy_food,13,2019-04-01,241.4,18.69,18.43,0.2
173404,"Beef, rib eye steak, boneless, lip off, separable lean and fat, trimmed to 0"" fat, select, raw",sr_legacy_food,13,2019-04-01,207.7,20.12,14.14,0.0
173405,"Beef, rib, back ribs, bone-in, separable lean and fat, trimmed to 0"" fat, choice, raw",sr_legacy_food,13,2019-04-01,335.6,15.75,29.89,0.9
173406,"Beef, rib, back ribs, bone-in, separable lean and fat, trimmed to 0"" fat, select, raw",sr_legacy_food,13,2019-04-01,305.5,16.75,26.23,0.6
173407,"Beef, loin, top sirloin petite roast, boneless, separable lean only, trimmed to 0"" fat, choice, cooked, roasted",sr_legacy_food,13,2019-04-01,173.2,28.97,6.37,0.0
173408,"Beef, loin, top sirloin petite roast/filet, boneless, separable lean only, trimmed to 0"" fat, choice, raw",sr_legacy_food,13,2019-04-01,131.7,23.03,4.4,0.0
173409,"Beef, loin, top sirloin cap steak, boneless, separable lean only, trimmed to 1/8"" fat, select, raw",sr_legacy_food,13,2019-04-01,127.9,21.44,4.68,0.0
173410,"Butter, salted",sr_legacy_food,1,2019-04-01,733.6,0.85,81.11,0.06
173411,"Butter, whipped, with salt",sr_legacy_food,1,2019-04-01,706.7,0.49,78.3,0.0
173412,"Butter oil, anhydrous",sr_legacy_food,1,2019-04-01,896.4,0.28,99.48,0.0
173413,"Cheese, caraway",sr_legacy_food,1,2019-04-01,375.8,25.18,29.2,3.06
173414,"Cheese, cheddar (Includes foods for USDA's Food Distribution Program)",sr_legacy_food,1,2019-04-01,404.8,22.87,33.31,3.37
173415,"Cheese, cheshire",sr_legacy_food,1,2019-04-01,388.0,23.37,30.6,4.78
173416,"Cheese, colby",sr_legacy_food,1,2019-04-01,394.3,23.76,32.11,2.57
173417,"Cheese, cottage, lowfat, 1% milkfat",sr_legacy_food,1,2019-04-01,69.6,12.39,1.02,2.72
173418,"Cheese, cream",sr_legacy_food,1,2019-04-01,356.6,6.15,34.44,5.52
173419,"Cheese, edam",sr_legacy_food,1,2019-04-01,362.8,24.99,28.57,1.43
173420,"Cheese, feta",sr_legacy_food,1,2019-04-01,265.8,14.21,21.49,3.88
173421,"Egg, yolk, raw, frozen, pasteurized",sr_legacy_food,1,2019-04-01,295.8,15.53,25.6,0.81
173422,"Egg, yolk, raw, frozen, sugared, pasteurized",sr_legacy_food,1,2019-04-01,304.7,13.87,22.82,10.95
173423,"Egg, whole, cooked, fried",sr_legacy_food,1,2019-04-01,191.3,13.61,14.84,0.83
173424,"Egg, whole, cooked, hard-boiled",sr_legacy_food,1,2019-04-01,150.3,12.58,10.61,1.12
173425,"Egg, whole, dried, stabilized, glucose reduced",sr_legacy_food,1,2019-04-01,597.8,48.17,43.95,2.38
173426,"Egg, white, dried, flakes, stabilized, glucose reduced",sr_legacy_food,1,2019-04-01,324.7,76.92,0.04,4.17
173427,"Egg, white, dried, powder, stabilized, glucose reduced",sr_legacy_food,1,2019-04-01,347.8,82.4,0.04,4.47
173428,"Egg, yolk, dried",sr_legacy_food,1,2019-04-01,669.3,33.63,59.13,0.66
173429,"Egg substitute, powder",sr_legacy_food,1,2019-04-01,426.2,55.5,13.0,21.8
173430,"Butter, without salt",sr_legacy_food,1,2019-04-01,733.6,0.85,81.11,0.06
173431,"Cheese, parmesan, shredded",sr_legacy_food,1,2019-04-01,411.1,37.86,27.34,3.41
173432,"Milk, nonfat, fluid, without added vitamin A and vitamin D (fat free or skim)",sr_legacy_food,1,2019-04-01,34.5,3.37,0.18,4.86
173433,"Cheese, goat, semisoft type",sr_legacy_food,1,2019-04-01,355.4,21.58,29.84,0.12
173434,"Yogurt, Greek, 2% fat, key lime blend, CHOBANI",sr_legacy_food,1,2019-04-01,91.9,7.75,1.47,11.91
173435,"Cheese, goat, soft type",sr_legacy_food,1,2019-04-01,263.8,18.52,21.08,0.0
173436,"Egg, yolk, raw, frozen, salted, pasteurized",sr_legacy_food,1,2019-04-01,269.7,14.07,22.93,1.77
173437,"Cheese, mexican, queso asadero",sr_legacy_food,1,2019-04-01,331.9,22.6,25.0,4.13
173438,"Cheese, mexican, queso chihuahua",sr_legacy_food,1,2019-04-01,375.6,21.56,29.68,5.56
173439,"Cheese, low fat, cheddar or colby",sr_legacy_food,1,2019-04-01,168.0,24.35,7.0,1.91
173440,"Cheese, low-sodium, cheddar or colby",sr_legacy_food,1,2019-04-01,398.6,24.35,32.62,1.91
173441,"Milk, fluid, 1% fat, without added vitamin A and vitamin D",sr_legacy_food,1,2019-04-01,42.2,3.37,0.97,4.99
173442,"Sour cream, reduced fat",sr_legacy_food,1,2019-04-01,182.9,7.0,14.1,7.0
173443,"Sour cream, light",sr_legacy_food,1,2019-04-01,137.8,3.5,10.6,7.1
173444,"Sour cream, fat free",sr_legacy_food,1,2019-04-01,74.8,3.1,0.0,15.6
173445,"Yogurt, vanilla or lemon flavor, nonfat milk, sweetened with low-calorie sweetener",sr_legacy_food,1,2019-04-01,47.1,3.86,0.18,7.5
173446,KRAFT CHEEZ WHIZ LIGHT Pasteurized Process Cheese Product,sr_legacy_food,1,2019-04-01,215.5,16.3,9.5,16.2
173447,KRAFT FREE Singles American Nonfat Pasteurized Process Cheese Product,sr_legacy_food,1,2019-04-01,146.6,22.7,1.0,11.7
173448,KRAFT VELVEETA Pasteurized Process Cheese Spread,sr_legacy_food,1,2019-04-01,302.4,16.3,22.0,9.8
173449,KRAFT VELVEETA LIGHT Reduced Fat Pasteurized Process Cheese Product,sr_legacy_food,1,2019-04-01,221.0,19.6,10.6,11.8
173450,"Milk, chocolate, fluid, commercial, reduced fat, with added calcium",sr_legacy_food,1,2019-04-01,77.6,2.99,1.9,12.13
173451,"Yogurt, fruit, lowfat, with low calorie sweetener",sr_legacy_food,1,2019-04-01,106.5,4.86,1.41,18.6
173452,"Cheese, parmesan, dry grated, reduced fat",sr_legacy_food,1,2019-04-01,265.5,20.0,20.0,1.37
173453,"Cream substitute, flavored, liquid",sr_legacy_food,1,2019-04-01,264.5,0.69,13.5,35.07
173454,"Milk, dry, whole, without added vitamin D",sr_legacy_food,1,2019-04-01,499.4,26.32,26.71,38.42
173455,"Cheese product, pasteurized process, American, reduced fat, fortified with vitamin D",sr_legacy_food,1,2019-04-01,239.7,17.6,14.1,10.6
173456,"Yogurt, fruit, low fat, 9 grams protein per 8 ounce, fortified with vitamin D",sr_legacy_food,1,2019-04-01,100.8,3.98,1.15,18.64
173457,"Yogurt, fruit, low fat, 10 grams protein per 8 ounce, fortified with vitamin D",sr_legacy_food,1,2019-04-01,103.4,4.37,1.08,19.05
173458,"Yogurt, fruit variety, nonfat, fortified with vitamin D",sr_legacy_food,1,2019-04-01,95.4,4.4,0.2,19.0
173459,"Protein supplement, milk based, Muscle Milk, powder",sr_legacy_food,1,2019-04-01,411.1,45.71,17.14,18.5
173460,"Protein supplement, milk based, Muscle Milk Light, powder",sr_legacy_food,1,2019-04-01,396.0,50.0,12.0,22.0
173461,Dulce de Leche,sr_legacy_food,1,2019-04-01,314.9,6.84,7.35,55.35
173462,"Egg substitute, liquid or frozen, fat free",sr_legacy_food,1,2019-04-01,48.0,10.0,0.0,2.0
173463,"Yogurt, vanilla flavor, lowfat milk, sweetened with low calorie sweetener",sr_legacy_food,1,2019-04-01,86.2,4.93,1.25,13.8
173464,"Yogurt, frozen, flavors not chocolate, nonfat milk, with low-calorie sweetener",sr_legacy_food,1,2019-04-01,103.6,4.4,0.8,19.7
173465,"Ice cream, soft serve, chocolate",sr_legacy_food,1,2019-04-01,222.2,4.1,13.0,22.2
173466,"Ice cream, bar or stick, chocolate covered",sr_legacy_food,1,2019-04-01,331.3,4.1,24.1,24.5
173467,"Fat free ice cream, no sugar added, flavors other than chocolate",sr_legacy_food,1,2019-04-01,133.1,4.41,0.0,28.86
173468,"Salt, table",sr_legacy_food,2,2019-04-01,0.0,0.0,0.0,0.0
173469,"Vinegar, cider",sr_legacy_food,2,2019-04-01,3.7,0.0,0.0,0.93
173470,"Thyme, fresh",sr_legacy_food,2,2019-04-01,135.2,5.56,1.68,24.45
173471,Vanilla extract,sr_legacy_food,2,2019-04-01,51.4,0.06,0.06,12.65
173472,"Horseradish, prepared",sr_legacy_food,2,2019-04-01,56.1,1.18,0.69,11.29
173473,"Rosemary, fresh",sr_legacy_food,2,2019-04-01,148.8,3.31,5.86,20.7
173474,"Peppermint, fresh",sr_legacy_food,2,2019-04-01,83.0,3.75,0.94,14.89
173475,"Spearmint, fresh",sr_legacy_food,2,2019-04-01,53.4,3.29,0.73,8.41
173476,"Seasoning mix, dry, chili, original",sr_legacy_food,2,2019-04-01,335.2,10.82,7.3,56.56
173477,Clif Z bar,sr_legacy_food,3,2019-04-01,408.6,5.55,9.72,74.72
173478,"Babyfood, juice treats, fruit medley, toddler",sr_legacy_food,3,2019-04-01,346.9,0.0,0.02,86.68
173479,"Babyfood, meat, beef, strained",sr_legacy_food,3,2019-04-01,80.5,12.03,2.52,2.43
173480,"Babyfood, meat, ham, junior",sr_legacy_food,3,2019-04-01,94.2,11.3,3.8,3.7
173481,"Babyfood, meat, lamb, strained",sr_legacy_food,3,2019-04-01,90.4,14.07,3.41,0.85
173482,"Babyfood, meat, lamb, junior",sr_legacy_food,3,2019-04-01,107.6,15.2,5.2,0.0
173483,"Babyfood, meat, chicken, strained",sr_legacy_food,3,2019-04-01,126.3,13.7,7.9,0.1
173484,"Babyfood, meat, turkey sticks, junior",sr_legacy_food,3,2019-04-01,188.2,13.7,14.2,1.4
173485,"Babyfood, snack, GERBER GRADUATE FRUIT  STRIPS, Real Fruit Bars",sr_legacy_food,3,2019-04-01,329.9,0.82,2.24,76.61
173486,"Babyfood, meat, meat sticks, junior",sr_legacy_food,3,2019-04-01,189.4,13.4,14.6,1.1
173487,"Babyfood, GERBER, 2nd Foods, apple, carrot and squash, organic",sr_legacy_food,3,2019-04-01,63.7,1.1,0.0,14.82
173488,"Babyfood, dinner, vegetables and dumplings and beef, junior",sr_legacy_food,3,2019-04-01,47.6,2.1,0.8,8.0
173489,"Babyfood, dinner, beef lasagna, toddler",sr_legacy_food,3,2019-04-01,75.7,4.2,2.1,10.0
173490,"Babyfood, dinner, macaroni and tomato and beef, strained",sr_legacy_food,3,2019-04-01,60.5,2.36,1.47,9.45
173491,"Babyfood, dinner, macaroni and tomato and beef, junior",sr_legacy_food,3,2019-04-01,57.5,2.5,1.1,9.4
173492,"Babyfood, dinner, spaghetti and tomato and meat, junior",sr_legacy_food,3,2019-04-01,68.3,2.57,1.37,11.42
173493,"Babyfood, dinner, spaghetti and tomato and meat, toddler",sr_legacy_food,3,2019-04-01,73.4,5.3,1.0,10.8
173494,"Babyfood, dinner, vegetables and beef, strained",sr_legacy_food,3,2019-04-01,76.6,2.21,3.6,8.84
173495,"Babyfood, dinner, vegetables and beef, junior",sr_legacy_food,3,2019-04-01,76.6,2.21,3.6,8.84
173496,"Babyfood, dinner, chicken soup, strained",sr_legacy_food,3,2019-04-01,50.5,1.6,1.7,7.2
173497,"Babyfood, dinner, chicken stew, toddler",sr_legacy_food,3,2019-04-01,79.7,5.2,3.7,6.4
173498,"Babyfood, dinner, vegetables chicken, strained",sr_legacy_food,3,2019-04-01,59.1,2.47,1.73,8.42
173499,"Babyfood, dinner, vegetables, noodles and chicken, strained",sr_legacy_food,3,2019-04-01,62.1,2.0,2.5,7.9
173500,"Babyfood, dinner, turkey and rice, junior",sr_legacy_food,3,2019-04-01,56.0,2.37,0.92,9.57
173501,"Babyfood, dinner, vegetables and turkey, strained",sr_legacy_food,3,2019-04-01,47.9,2.32,0.9,7.62
173502,"Babyfood, dinner, vegetables and turkey, junior",sr_legacy_food,3,2019-04-01,52.7,1.72,1.74,7.55
173503,"Babyfood, dinner, macaroni and cheese, strained",sr_legacy_food,3,2019-04-01,67.4,3.14,2.11,8.95
173504,"Babyfood, vegetable, green beans and potatoes",sr_legacy_food,3,2019-04-01,61.9,2.2,1.9,9.0
173505,"Babyfood, vegetables, beets, strained",sr_legacy_food,3,2019-04-01,36.9,1.3,0.1,7.7
173506,"Babyfood, vegetables, carrots, strained",sr_legacy_food,3,2019-04-01,28.1,0.8,0.1,6.0
173507,"Babyfood, vegetables, carrots, junior",sr_legacy_food,3,2019-04-01,33.8,0.8,0.2,7.2
173508,"Babyfood, potatoes, toddler",sr_legacy_food,3,2019-04-01,51.8,1.0,0.1,11.73
173509,"Babyfood, cereal, Oatmeal, dry, GERBER, SINGLE GRAIN, fortified",sr_legacy_food,3,2019-04-01,395.8,10.94,6.42,73.57
173510,"Babyfood, vegetable, butternut squash and corn",sr_legacy_food,3,2019-04-01,50.4,2.0,0.6,9.26
173511,"Babyfood, apples, dices, toddler",sr_legacy_food,3,2019-04-01,50.2,0.19,0.36,11.56
173512,"Babyfood, fruit, applesauce, strained",sr_legacy_food,3,2019-04-01,45.8,0.2,0.2,10.8
173513,"Babyfood, dinner, vegetables and chicken, junior",sr_legacy_food,3,2019-04-01,52.9,2.04,1.12,8.66
173514,"Babyfood, dinner, mixed vegetable, strained",sr_legacy_food,3,2019-04-01,43.7,1.2,0.1,9.5
173515,"Babyfood, vegetables, mix vegetables strained",sr_legacy_food,3,2019-04-01,41.5,1.0,0.5,8.25
173516,"Babyfood, dinner, beef noodle, junior",sr_legacy_food,3,2019-04-01,56.3,2.5,1.9,7.3
173517,"Babyfood, apples with ham, strained",sr_legacy_food,3,2019-04-01,62.1,2.6,0.9,10.9
173518,"Babyfood, carrots and beef, strained",sr_legacy_food,3,2019-04-01,58.9,3.4,2.5,5.7
173519,"Babyfood, beverage, GERBER, GRADUATES, FRUIT SPLASHERS",sr_legacy_food,3,2019-04-01,29.4,0.0,0.0,7.35
173520,"Babyfood, snack, GERBER, GRADUATES, YOGURT MELTS",sr_legacy_food,3,2019-04-01,380.4,14.29,4.0,71.82
173521,"Babyfood, dinner, sweet potatoes and chicken, strained",sr_legacy_food,3,2019-04-01,73.7,2.51,2.17,11.04
173522,"Infant formula, MEAD JOHNSON, Enfamil 24, ready to feed, with ARA and DHA",sr_legacy_food,3,2019-04-01,71.2,1.64,4.1,6.93
173523,"Infant formula, MEAD JOHNSON, Enfamil Enspire Powder, with ARA and DHA, not reconstituted",sr_legacy_food,3,2019-04-01,513.8,10.5,27.0,57.2
173524,"Infant formula, MEAD JOHNSON, Enfamil Reguline, ready to feed, with ARA and DHA",sr_legacy_food,3,2019-04-01,67.9,1.51,3.5,7.6
173525,"Infant formula, MEAD JOHNSON, Gentlease, ready to feed, with ARA and DHA",sr_legacy_food,3,2019-04-01,67.9,1.5,3.5,7.61
173526,"Toddler formula, MEAD JOHNSON, Nutramigen Toddler with LGG Powder, with ARA and DHA, not reconstituted",sr_legacy_food,3,2019-04-01,484.9,12.0,21.0,61.97
173527,"Infant formula, MEAD JOHNSON, Pregestimil 20 Calories, ready to feed, with ARA and DHA",sr_legacy_food,3,2019-04-01,68.7,1.84,3.7,7.0
173528,"Babyfood, cereal, high protein, prepared with whole milk",sr_legacy_food,3,2019-04-01,115.4,8.7,3.8,11.6
173529,"Babyfood, cereal, mixed, prepared with whole milk",sr_legacy_food,3,2019-04-01,96.2,4.14,3.38,12.3
173530,"Babyfood, cereal, mixed, with bananas, prepared with whole milk",sr_legacy_food,3,2019-04-01,86.4,3.82,3.46,10.0
173531,"Babyfood, cereal, oatmeal, prepared with whole milk",sr_legacy_food,3,2019-04-01,118.1,5.0,4.1,15.3
173532,"Babyfood, cereal, mixed, with honey, prepared with whole milk",sr_legacy_food,3,2019-04-01,116.0,5.0,3.6,15.9
173533,"Babyfood, cereal, high protein, with apple and orange, prepared with whole milk",sr_legacy_food,3,2019-04-01,116.3,6.9,3.9,13.4
173534,"Babyfood, cereal, rice, with bananas, prepared with whole milk",sr_legacy_food,3,2019-04-01,86.1,3.57,3.32,10.49
173535,"Infant formula, NESTLE, GOOD START SUPREME, with iron, liquid concentrate, not reconstituted",sr_legacy_food,3,2019-04-01,126.5,2.79,6.5,14.2
173536,"Infant formula, NESTLE, GOOD START SUPREME, with iron, powder",sr_legacy_food,3,2019-04-01,509.4,11.3,26.1,57.32
173537,"Infant formula, MEAD JOHNSON, ENFAMIL, LIPIL, low iron, liquid concentrate, with ARA and DHA",sr_legacy_food,3,2019-04-01,132.4,2.76,7.16,14.24
173538,"Infant formula, MEAD JOHNSON, PREGESTIMIL, with iron, powder, with ARA and DHA, not reconstituted",sr_legacy_food,3,2019-04-01,516.8,14.0,28.0,52.2
173539,"Infant formula, MEAD JOHNSON, PREGESTIMIL, with iron, with ARA and DHA, prepared from powder",sr_legacy_food,3,2019-04-01,66.9,1.86,3.7,6.54
173540,"Infant formula, MEAD JOHNSON, PROSOBEE, with iron, ready-to-feed",sr_legacy_food,3,2019-04-01,62.5,1.64,3.5,6.11
173541,"Infant formula, ABBOTT NUTRITION, SIMILAC, ISOMIL, with iron, ready-to-feed",sr_legacy_food,3,2019-04-01,65.6,1.61,3.59,6.7
173542,"Infant formula, ABBOTT NUTRITION, SIMILAC, ISOMIL, with iron, liquid concentrate",sr_legacy_food,3,2019-04-01,128.2,3.13,6.98,13.21
173543,"Infant formula, ABBOTT NUTRITION, SIMILAC, ISOMIL, with iron, powder, not reconstituted",sr_legacy_food,3,2019-04-01,517.5,12.6,28.09,53.57
173544,"Infant formula, MEAD JOHNSON, ENFAMIL, NUTRAMIGEN, with iron, liquid concentrate not reconstituted, with ARA and DHA",sr_legacy_food,3,2019-04-01,67.7,1.84,3.5,7.2
173545,"Infant formula, MEAD JOHNSON, ENFAMIL, PROSOBEE, with iron, powder, not reconstituted, with ARA and DHA",sr_legacy_food,3,2019-04-01,512.2,12.7,27.0,54.6
173546,"Infant formula, ABBOTT NUTRITION, SIMILAC, with iron, powder, not reconstituted",sr_legacy_food,3,2019-04-01,522.3,10.89,28.87,54.73
173547,"Infant formula, MEAD JOHNSON, ENFAMIL, PROSOBEE, liquid concentrate, reconstituted, with ARA and DHA",sr_legacy_food,3,2019-04-01,67.4,1.63,3.4,7.58
173548,"Infant formula, MEAD JOHNSON, PROSOBEE, with iron, ready to feed, with ARA and DHA",sr_legacy_food,3,2019-04-01,63.9,1.64,3.5,6.47
173549,"Infant formula, NESTLE, GOOD START SOY, with DHA and ARA, ready-to-feed",sr_legacy_food,3,2019-04-01,64.4,1.6,3.28,7.13
173550,"Child formula, ABBOTT NUTRITION, PEDIASURE, ready-to-feed, with iron and fiber",sr_legacy_food,3,2019-04-01,98.6,2.8,4.7,11.28
173551,"Infant formula, NESTLE, GOOD START ESSENTIALS SOY, with iron, powder",sr_legacy_food,3,2019-04-01,502.3,12.5,25.5,55.7
173552,"Infant formula, MEAD JOHNSON, NEXT STEP PROSOBEE, powder, not reconstituted",sr_legacy_food,3,2019-04-01,479.8,15.6,21.0,57.1
173553,"Infant formula, MEAD JOHNSON,NEXT STEP PROSOBEE, prepared from powder",sr_legacy_food,3,2019-04-01,67.1,2.14,2.91,8.08
173554,"Infant formula, PBM PRODUCTS, store brand, powder",sr_legacy_food,3,2019-04-01,524.0,12.0,28.0,56.0
173555,"Infant formula, PBM PRODUCTS, store brand, soy, ready-to-feed",sr_legacy_food,3,2019-04-01,63.1,1.8,3.5,6.09
173556,"Infant formula, PBM PRODUCTS, store brand, soy, liquid concentrate, not reconstituted",sr_legacy_food,3,2019-04-01,126.1,3.6,7.0,12.18
173557,"Infant formula, PBM PRODUCTS, store brand, soy, powder",sr_legacy_food,3,2019-04-01,508.0,13.6,27.2,52.2
173558,"Infant formula, ABBOTT NUTRITION, SIMILAC, SENSITIVE, (LACTOSE FREE), liquid concentrate, with ARA and DHA",sr_legacy_food,3,2019-04-01,128.0,2.73,6.95,13.64
173559,"Infant formula, ABBOTT NUTRITION, SIMILAC, SENSITIVE, (LACTOSE FREE), powder, with ARA and DHA",sr_legacy_food,3,2019-04-01,520.5,11.13,28.14,55.67
173560,"Infant formula, ABBOTT NUTRITION, SIMILAC, ADVANCE, with iron, ready-to-feed",sr_legacy_food,3,2019-04-01,65.8,1.36,3.7,6.77
173561,"Infant formula, ABBOTT NUTRITION, SIMILAC, ADVANCE, with iron, powder, not reconstituted",sr_legacy_food,3,2019-04-01,522.3,10.89,28.87,54.73
173562,"Salad dressing, blue or roquefort cheese dressing, commercial, regular",sr_legacy_food,4,2019-04-01,484.5,1.37,51.1,4.77
173563,"Oil, cupu assu",sr_legacy_food,4,2019-04-01,900.0,0.0,100.0,0.0
173564,"Fat, chicken",sr_legacy_food,4,2019-04-01,898.2,0.0,99.8,0.0
173565,"Oil, soybean, salad or cooking, (partially hydrogenated) and cottonseed",sr_legacy_food,4,2019-04-01,900.0,0.0,100.0,0.0
173566,"Shortening industrial, lard and vegetable oil",sr_legacy_food,4,2019-04-01,900.0,0.0,100.0,0.0
173567,"Shortening frying (heavy duty), beef tallow and cottonseed",sr_legacy_food,4,2019-04-01,900.0,0.0,100.0,0.0
173568,"Shortening confectionery, coconut (hydrogenated) and or palm kernel (hydrogenated)",sr_legacy_food,4,2019-04-01,900.0,0.0,100.0,0.0
173569,"Shortening industrial, soybean (hydrogenated) and cottonseed",sr_legacy_food,4,2019-04-01,900.0,0.0,100.0,0.0
173570,"Oil, ucuhuba butter",sr_legacy_food,4,2019-04-01,900.0,0.0,100.0,0.0
173571,"Fat, turkey",sr_legacy_food,4,2019-04-01,898.2,0.0,99.8,0.0
173572,"Fat, goose",sr_legacy_food,4,2019-04-01,898.2,0.0,99.8,0.0
173573,"Oil, avocado",sr_legacy_food,4,2019-04-01,900.0,0.0,100.0,0.0
173574,"Shortening, special purpose for cakes and frostings, soybean (hydrogenated)",sr_legacy_food,4,2019-04-01,900.0,0.0,100.0,0.0
173575,"Shortening, special purpose for baking, soybean (hydrogenated) palm and cottonseed",sr_legacy_food,4,2019-04-01,900.0,0.0,100.0,0.0
173576,"Oil, oat",sr_legacy_food,4,2019-04-01,900.0,0.0,100.0,0.0
173577,"Fish oil, cod liver",sr_legacy_food,4,2019-04-01,900.0,0.0,100.0,0.0
173578,"Fish oil, sardine",sr_legacy_food,4,2019-04-01,900.0,0.0,100.0,0.0
173579,"Shortening, multipurpose, soybean (hydrogenated) and palm (hydrogenated)",sr_legacy_food,4,2019-04-01,900.0,0.0,100.0,0.0
173580,"Margarine-like, vegetable oil-butter spread, tub, with salt",sr_legacy_food,4,2019-04-01,368.0,1.0,40.0,1.0
173581,"Butter, light, stick, with salt",sr_legacy_food,4,2019-04-01,509.1,3.3,55.1,0.0
173582,"Margarine-like, vegetable oil spread, 60% fat, tub, with salt",sr_legacy_food,4,2019-04-01,542.4,0.17,59.81,0.86
173583,"Margarine-like, vegetable oil spread, 60% fat, stick/tub/bottle, with salt",sr_legacy_food,4,2019-04-01,534.9,0.6,59.17,0.0
173584,"Shortening, vegetable, household, composite",sr_legacy_food,4,2019-04-01,899.7,0.0,99.97,0.0
173585,"Margarine, regular, 80% fat, composite, stick, without salt",sr_legacy_food,4,2019-04-01,729.8,0.16,80.71,0.7
173586,"Margarine-like spread with yogurt, approximately 40% fat, tub, with salt",sr_legacy_food,4,2019-04-01,331.0,2.0,35.0,2.0
173587,"Margarine, 80% fat, stick, includes regular and hydrogenated corn and soybean oils",sr_legacy_food,4,2019-04-01,729.8,0.16,80.71,0.7
173588,"Margarine, margarine-type vegetable oil spread, 70% fat, soybean and partially hydrogenated soybean, stick",sr_legacy_food,4,2019-04-01,639.1,0.26,70.22,1.53
173589,"Margarine Spread, 40-49% fat, tub",sr_legacy_food,4,2019-04-01,401.2,0.27,44.46,0.0
173590,"Salad dressing, italian dressing, fat-free",sr_legacy_food,4,2019-04-01,46.7,0.97,0.87,8.75
173591,"Salad dressing, ranch dressing, fat-free",sr_legacy_food,4,2019-04-01,124.3,0.25,1.92,26.51
173592,"Salad dressing, ranch dressing, regular",sr_legacy_food,4,2019-04-01,429.7,1.32,44.54,5.9
173593,"Salad dressing, ranch dressing, reduced fat",sr_legacy_food,4,2019-04-01,202.1,1.25,12.42,21.33
173594,"Salad dressing, mayonnaise, light",sr_legacy_food,4,2019-04-01,238.4,0.37,22.22,9.23
173595,"Oil, industrial, coconut, principal uses candy coatings, oil sprays, roasting nuts",sr_legacy_food,4,2019-04-01,900.0,0.0,100.0,0.0
173596,"Oil, industrial, soy (partially hydrogenated), principal uses popcorn and flavoring vegetables",sr_legacy_food,4,2019-04-01,900.0,0.0,100.0,0.0
173597,"Shortening, industrial, soy (partially hydrogenated), pourable liquid fry shortening",sr_legacy_food,4,2019-04-01,900.0,0.0,100.0,0.0
173598,"Oil, industrial, soy, refined, for woks and light frying",sr_legacy_food,4,2019-04-01,900.0,0.0,100.0,0.0
173599,"Margarine-like shortening, industrial, soy (partially hydrogenated), cottonseed, and soy, principal use flaky pastries",sr_legacy_food,4,2019-04-01,639.0,0.0,71.0,0.0
173600,"Oil, industrial, palm kernel, confection fat, uses similar to high quality cocoa butter",sr_legacy_food,4,2019-04-01,900.0,0.0,100.0,0.0
173601,"Oil, industrial, palm kernel (hydrogenated), confection fat, uses similar to 95 degree hard butter",sr_legacy_food,4,2019-04-01,900.0,0.0,100.0,0.0
173602,"Oil, industrial, palm kernel (hydrogenated), confection fat, intermediate grade product",sr_legacy_food,4,2019-04-01,900.0,0.0,100.0,0.0
173603,"Oil, industrial, palm kernel (hydrogenated), filling fat",sr_legacy_food,4,2019-04-01,900.0,0.0,100.0,0.0
173604,"Oil, industrial, soy (partially hydrogenated ), palm, principal uses icings and fillings",sr_legacy_food,4,2019-04-01,900.0,0.0,100.0,0.0
173605,"Margarine, industrial, non-dairy, cottonseed, soy oil (partially hydrogenated ), for flaky pastries",sr_legacy_food,4,2019-04-01,729.4,1.9,80.2,0.0
173606,"Shortening, industrial, soy (partially hydrogenated ) and corn for frying",sr_legacy_food,4,2019-04-01,900.0,0.0,100.0,0.0
173607,"Shortening, industrial, soy (partially hydrogenated ) for baking and confections",sr_legacy_food,4,2019-04-01,900.0,0.0,100.0,0.0
173608,"Margarine-like spread, SMART BEAT Super Light without saturated fat",sr_legacy_food,4,2019-04-01,153.9,0.0,17.1,0.0
173609,"Margarine-like spread, SMART BEAT Smart Squeeze",sr_legacy_food,4,2019-04-01,47.3,0.0,2.1,7.1
173610,"Margarine-like spread, SMART BALANCE Omega Plus Spread (with plant sterols & fish oil)",sr_legacy_food,4,2019-04-01,639.7,0.13,70.95,0.16
173611,"Chicken, broilers or fryers, drumstick, meat and skin, cooked, fried, flour",sr_legacy_food,5,2019-04-01,237.8,26.96,13.72,1.63
173612,"Chicken, broilers or fryers, drumstick, meat and skin, cooked, roasted",sr_legacy_food,5,2019-04-01,184.8,23.35,10.15,0.0
173613,"Chicken, broilers or fryers, drumstick, meat and skin, cooked, stewed",sr_legacy_food,5,2019-04-01,197.0,25.32,10.64,0.0
173614,"Chicken, broilers or fryers, dark meat, drumstick, meat only, raw",sr_legacy_food,5,2019-04-01,111.0,19.41,3.71,0.0
173615,"Chicken, broilers or fryers, leg, meat and skin, cooked, fried, batter",sr_legacy_food,5,2019-04-01,267.5,21.77,16.17,8.72
173616,"Chicken, broilers or fryers, leg, meat and skin, cooked, fried, flour",sr_legacy_food,5,2019-04-01,247.2,26.84,14.43,2.5
173617,"Chicken, broilers or fryers, leg, meat and skin, cooked, roasted",sr_legacy_food,5,2019-04-01,177.0,24.03,8.99,0.0
173618,"Chicken, broilers or fryers, leg, meat and skin, cooked, stewed",sr_legacy_food,5,2019-04-01,213.0,24.17,12.92,0.0
173619,"Chicken, broilers or fryers, leg, meat only, raw",sr_legacy_food,5,2019-04-01,114.6,19.16,4.22,0.0
173620,"Chicken, broilers or fryers, neck, meat and skin, cooked, fried, batter",sr_legacy_food,5,2019-04-01,325.8,19.82,23.52,8.7
173621,"Chicken, broilers or fryers, neck, meat and skin, cooked, fried, flour",sr_legacy_food,5,2019-04-01,325.5,24.01,23.61,4.24
173622,"Chicken, broilers or fryers, neck, meat and skin, cooked simmered",sr_legacy_food,5,2019-04-01,241.3,19.61,18.1,0.0
173623,"Chicken, broilers or fryers, neck, meat only, raw",sr_legacy_food,5,2019-04-01,149.2,17.55,8.78,0.0
173624,"Chicken, broilers or fryers, thigh, meat and skin, cooked, fried, flour",sr_legacy_food,5,2019-04-01,254.5,26.75,14.98,3.18
173625,"Chicken, broilers or fryers, thigh, meat and skin, cooked, roasted",sr_legacy_food,5,2019-04-01,225.4,23.26,14.71,0.0
173626,"Chicken, broilers or fryers, thigh, meat and skin, cooked, stewed",sr_legacy_food,5,2019-04-01,225.7,23.26,14.74,0.0
173627,"Chicken, broilers or fryers, dark meat, thigh, meat only, raw",sr_legacy_food,5,2019-04-01,115.7,19.66,4.12,0.0
173628,"Chicken, broilers or fryers, wing, meat and skin, cooked, fried, batter",sr_legacy_food,5,2019-04-01,319.5,19.87,21.81,10.94
173629,"Chicken, broilers or fryers, wing, meat and skin, cooked, fried, flour",sr_legacy_food,5,2019-04-01,313.4,26.11,22.16,2.39
173630,"Chicken, broilers or fryers, wing, meat and skin, cooked, roasted",sr_legacy_food,5,2019-04-01,247.0,23.79,16.87,0.0
173631,"Chicken, broilers or fryers, wing, meat and skin, cooked, stewed",sr_legacy_food,5,2019-04-01,242.5,22.78,16.82,0.0
173632,"Chicken, broilers or fryers, wing, meat only, raw",sr_legacy_food,5,2019-04-01,119.7,21.97,3.54,0.0
173633,"Chicken, roasting, meat and skin and giblets and neck, cooked, roasted",sr_legacy_food,5,2019-04-01,213.7,23.96,13.07,0.05
173634,"Canada Goose, breast meat only, skinless, raw",sr_legacy_food,5,2019-04-01,133.4,24.31,4.02,0.0
173635,"Chicken, roasting, meat and skin, cooked, roasted",sr_legacy_food,5,2019-04-01,216.4,23.97,13.39,0.0
173636,"Chicken, roasting, meat only, raw",sr_legacy_food,5,2019-04-01,105.6,20.33,2.7,0.0
173637,"Chicken, roasting, light meat, meat only, cooked, roasted",sr_legacy_food,5,2019-04-01,145.2,27.13,4.07,0.0
173638,"Chicken, roasting, dark meat, meat only, raw",sr_legacy_food,5,2019-04-01,107.4,18.74,3.61,0.0
173639,"Chicken, roasting, dark meat, meat only, cooked, roasted",sr_legacy_food,5,2019-04-01,171.8,23.25,8.75,0.0
173640,"Chicken, stewing, meat and skin, and giblets and neck, raw",sr_legacy_food,5,2019-04-01,246.4,17.48,19.52,0.19
173641,"Chicken, stewing, giblets, raw",sr_legacy_food,5,2019-04-01,163.0,17.89,9.21,2.13
173642,"Chicken, stewing, giblets, cooked, simmered",sr_legacy_food,5,2019-04-01,187.1,25.73,9.3,0.11
173643,"Chicken, stewing, light meat, meat only, raw",sr_legacy_food,5,2019-04-01,130.3,23.1,4.21,0.0
173644,"Chicken, stewing, light meat, meat only, cooked, stewed",sr_legacy_food,5,2019-04-01,204.0,33.04,7.98,0.0
173645,"Chicken, capons, meat and skin, raw",sr_legacy_food,5,2019-04-01,228.7,18.77,17.07,0.0
173646,"Chicken, capons, meat and skin, cooked, roasted",sr_legacy_food,5,2019-04-01,220.7,28.96,11.65,0.0
173647,"Beverages, water, tap, drinking",sr_legacy_food,14,2019-04-01,0.0,0.0,0.0,0.0
173648,"Beverages, coffee substitute, cereal grain beverage, powder, prepared with whole milk",sr_legacy_food,14,2019-04-01,65.3,3.3,3.3,5.6
173649,"Beverages, Dairy drink mix, chocolate, reduced calorie, with low-calorie sweeteners, powder",sr_legacy_food,14,2019-04-01,329.0,25.0,2.6,51.4
173650,"Beverages, dairy drink mix, chocolate, reduced calorie, with aspartame, powder, prepared with water and ice",sr_legacy_food,14,2019-04-01,28.9,2.19,0.23,4.51
173651,"Beverages, Orange-flavor drink, breakfast type, with pulp, frozen concentrate.",sr_legacy_food,14,2019-04-01,176.5,0.1,0.5,42.9
173652,"Beverages, Orange-flavor drink, breakfast type, with pulp, frozen concentrate, prepared with water",sr_legacy_food,14,2019-04-01,50.2,0.03,0.14,12.21
173653,"Cranberry juice cocktail, frozen concentrate",sr_legacy_food,14,2019-04-01,206.0,0.05,0.0,51.45
173654,"Cranberry juice cocktail, frozen concentrate, prepared with water",sr_legacy_food,14,2019-04-01,47.3,0.01,0.0,11.81
173655,"Beverages, water, bottled, non-carbonated, DANNON",sr_legacy_food,14,2019-04-01,0.0,0.0,0.0,0.0
173656,"Beverages, water, bottled, non-carbonated, PEPSI, AQUAFINA",sr_legacy_food,14,2019-04-01,0.0,0.0,0.0,0.0
173657,"Water, bottled, non-carbonated, NAYA",sr_legacy_food,14,2019-04-01,0.0,0.0,0.0,0.0
173658,"Beverages, DANNON, water, bottled, non-carbonated, with Fluoride",sr_legacy_food,14,2019-04-01,0.1,0.0,0.0,0.03
173659,"Beverages, drink mix, QUAKER OATS, GATORADE, orange flavor, powder",sr_legacy_food,14,2019-04-01,387.5,0.0,1.23,94.11
173660,"Beverages, PEPSICO QUAKER, Gatorade, G performance O 2, ready-to-drink.",sr_legacy_food,14,2019-04-01,25.7,0.0,0.0,6.43
173661,"Whiskey sour mix, bottled, with added potassium and sodium",sr_legacy_food,14,2019-04-01,86.9,0.1,0.1,21.4
173662,"Alcoholic beverage, whiskey sour",sr_legacy_food,14,2019-04-01,53.0,0.0,0.03,13.17
173663,"Alcoholic beverage, distilled, all (gin, rum, vodka, whiskey) 94 proof",sr_legacy_food,14,2019-04-01,0.0,0.0,0.0,0.0
173664,"Alcoholic beverage, distilled, all (gin, rum, vodka, whiskey) 100 proof",sr_legacy_food,14,2019-04-01,0.0,0.0,0.0,0.0
173665,"Alcoholic beverage, liqueur, coffee, 63 proof",sr_legacy_food,14,2019-04-01,131.9,0.1,0.3,32.2
173666,"Lemonade, frozen concentrate, pink",sr_legacy_food,14,2019-04-01,202.5,0.22,0.69,48.86
173667,"Beverages, lemonade, frozen concentrate, pink, prepared with water",sr_legacy_food,14,2019-04-01,44.8,0.05,0.15,10.81
173668,"Fish, herring, Atlantic, kippered",sr_legacy_food,15,2019-04-01,209.6,24.58,12.37,0.0
173669,"Fish, herring, Pacific, raw",sr_legacy_food,15,2019-04-01,190.5,16.39,13.88,0.0
173670,"Fish, ling, raw",sr_legacy_food,15,2019-04-01,81.7,18.99,0.64,0.0
173671,"Fish, lingcod, raw",sr_legacy_food,15,2019-04-01,80.2,17.66,1.06,0.0
173672,"Fish, mackerel, Pacific and jack, mixed species, raw",sr_legacy_food,15,2019-04-01,151.3,20.07,7.89,0.0
173673,"Fish, mackerel, spanish, raw",sr_legacy_food,15,2019-04-01,133.9,19.29,6.3,0.0
173674,"Fish, mackerel, spanish, cooked, dry heat",sr_legacy_food,15,2019-04-01,151.2,23.59,6.32,0.0
173675,"Fish, milkfish, raw",sr_legacy_food,15,2019-04-01,142.7,20.53,6.73,0.0
173676,"Fish, monkfish, raw",sr_legacy_food,15,2019-04-01,71.6,14.48,1.52,0.0
173677,"Fish, pout, ocean, raw",sr_legacy_food,15,2019-04-01,74.8,16.64,0.91,0.0
173678,"Fish, perch, mixed species, raw",sr_legacy_food,15,2019-04-01,85.8,19.39,0.92,0.0
173679,"Fish, perch, mixed species, cooked, dry heat",sr_legacy_food,15,2019-04-01,110.1,24.86,1.18,0.0
173680,"Fish, pike, northern, raw",sr_legacy_food,15,2019-04-01,83.2,19.26,0.69,0.0
173681,"Fish, pollock, Alaska, cooked, dry heat (may contain additives to retain moisture)",sr_legacy_food,15,2019-04-01,104.5,23.48,1.18,0.0
173682,"Fish, pompano, florida, raw",sr_legacy_food,15,2019-04-01,159.2,18.48,9.47,0.0
173683,"Fish, pompano, florida, cooked, dry heat",sr_legacy_food,15,2019-04-01,204.0,23.69,12.14,0.0
173684,"Fish, rockfish, Pacific, mixed species, raw",sr_legacy_food,15,2019-04-01,85.5,18.36,1.34,0.0
173685,"Fish, sablefish, smoked",sr_legacy_food,15,2019-04-01,251.9,17.65,20.14,0.0
173686,"Fish, salmon, Atlantic, wild, raw",sr_legacy_food,15,2019-04-01,136.4,19.84,6.34,0.0
173687,"Fish, salmon, chinook, smoked",sr_legacy_food,15,2019-04-01,112.0,18.28,4.32,0.0
173688,"Fish, salmon, chinook, raw",sr_legacy_food,15,2019-04-01,173.6,19.93,10.43,0.0
173689,"Fish, salmon, chum, raw",sr_legacy_food,15,2019-04-01,114.5,20.14,3.77,0.0
173690,"Fish, salmon, pink, canned, total can contents",sr_legacy_food,15,2019-04-01,123.4,19.68,4.97,0.0
173691,"Fish, salmon, sockeye, raw",sr_legacy_food,15,2019-04-01,131.2,22.25,4.69,0.0
173692,"Fish, salmon, sockeye, cooked, dry heat",sr_legacy_food,15,2019-04-01,156.0,26.48,5.57,0.0
173693,"Fish, salmon, sockeye, canned, drained solids",sr_legacy_food,15,2019-04-01,160.9,23.59,7.39,0.0
173694,"Fish, sea bass, mixed species, cooked, dry heat",sr_legacy_food,15,2019-04-01,117.6,23.63,2.56,0.0
173695,"Fish, seatrout, mixed species, raw",sr_legacy_food,15,2019-04-01,99.4,16.74,3.61,0.0
173696,"Fish, shad, american, raw",sr_legacy_food,15,2019-04-01,191.6,16.93,13.77,0.0
173697,"Fish, shark, mixed species, raw",sr_legacy_food,15,2019-04-01,124.5,20.98,4.51,0.0
173698,"Fish, snapper, mixed species, raw",sr_legacy_food,15,2019-04-01,94.1,20.51,1.34,0.0
173699,"Fish, snapper, mixed species, cooked, dry heat",sr_legacy_food,15,2019-04-01,120.7,26.3,1.72,0.0
173700,"Fish, spot, raw",sr_legacy_food,15,2019-04-01,118.1,18.51,4.9,0.0
173701,"Fish, sturgeon, mixed species, raw",sr_legacy_food,15,2019-04-01,100.9,16.14,4.04,0.0
173702,"Fish, surimi",sr_legacy_food,15,2019-04-01,96.2,15.18,0.9,6.85
173703,"Fish, swordfish, raw",sr_legacy_food,15,2019-04-01,138.5,19.66,6.65,0.0
173704,"Fish, swordfish, cooked, dry heat",sr_legacy_food,15,2019-04-01,165.2,23.45,7.93,0.0
173705,"Fish, tilefish, raw",sr_legacy_food,15,2019-04-01,90.8,17.5,2.31,0.0
173706,"Fish, tuna, fresh, bluefin, raw",sr_legacy_food,15,2019-04-01,137.4,23.33,4.9,0.0
173707,"Fish, tuna, fresh, bluefin, cooked, dry heat",sr_legacy_food,15,2019-04-01,176.2,29.91,6.28,0.0
173708,"Fish, tuna, light, canned in oil, drained solids",sr_legacy_food,15,2019-04-01,190.4,29.13,8.21,0.0
173709,"Fish, tuna, light, canned in water, drained solids (Includes foods for USDA's Food Distribution Program)",sr_legacy_food,15,2019-04-01,86.4,19.44,0.96,0.0
173710,"Fish, turbot, european, raw",sr_legacy_food,15,2019-04-01,90.8,16.05,2.95,0.0
173711,"Fish, whitefish, mixed species, raw",sr_legacy_food,15,2019-04-01,129.1,19.09,5.86,0.0
173712,"Fish, whitefish, mixed species, smoked",sr_legacy_food,15,2019-04-01,102.0,23.4,0.93,0.0
173713,"Fish, whiting, mixed species, raw",sr_legacy_food,15,2019-04-01,85.0,18.31,1.31,0.0
173714,"Fish, catfish, channel, wild, cooked, dry heat",sr_legacy_food,15,2019-04-01,99.5,18.47,2.85,0.0
173715,"Fish, salmon, coho, farmed, raw",sr_legacy_food,15,2019-04-01,154.1,21.27,7.67,0.0
173716,"Fish, salmon, coho, farmed, cooked, dry heat",sr_legacy_food,15,2019-04-01,171.3,24.3,8.23,0.0
173717,"Fish, trout, rainbow, farmed, raw",sr_legacy_food,15,2019-04-01,135.4,19.94,6.18,0.0
173718,"Fish, trout, rainbow, farmed, cooked, dry heat",sr_legacy_food,15,2019-04-01,161.6,23.8,7.38,0.0
173719,"Fish, salmon, coho, wild, cooked, dry heat",sr_legacy_food,15,2019-04-01,132.5,23.45,4.3,0.0
173720,"Mollusks, conch, baked or broiled",sr_legacy_food,15,2019-04-01,122.8,26.3,1.2,1.7
173721,"Salmon nuggets, breaded, frozen, heated",sr_legacy_food,15,2019-04-01,212.1,12.69,11.72,13.96
173722,"Salmon nuggets, cooked as purchased, unheated",sr_legacy_food,15,2019-04-01,189.2,11.97,10.43,11.85
173723,"Salmon, sockeye, canned, drained solids, without skin and bones",sr_legacy_food,15,2019-04-01,158.1,26.33,5.87,0.0
173724,"Fish, Salmon, pink, canned, drained solids, without skin and bones",sr_legacy_food,15,2019-04-01,136.4,24.62,4.21,0.0
173725,"Fish, pollock, Alaska, raw",sr_legacy_food,15,2019-04-01,76.1,17.17,0.82,0.0
173726,"Fish, pollock, Alaska, cooked",sr_legacy_food,15,2019-04-01,86.6,19.42,0.9946,0.0
173727,"Beans, adzuki, mature seeds, raw",sr_legacy_food,16,2019-04-01,335.8,19.87,0.53,62.9
173728,"Beans, adzuki, mature seeds, cooked, boiled, without salt",sr_legacy_food,16,2019-04-01,130.1,7.52,0.1,24.77
173729,"Beans, adzuki, mature seeds, canned, sweetened",sr_legacy_food,16,2019-04-01,235.5,3.8,0.03,55.01
173730,"Yokan, prepared from adzuki beans and sugar",sr_legacy_food,16,2019-04-01,257.1,3.29,0.12,60.72
173731,"Beans, baked, home prepared",sr_legacy_food,16,2019-04-01,155.0,5.54,5.15,21.63
173732,"Beans, baked, canned, with pork and sweet sauce",sr_legacy_food,16,2019-04-01,112.4,4.52,0.89,21.57
173733,"Beans, baked, canned, with pork and tomato sauce",sr_legacy_food,16,2019-04-01,103.7,5.15,0.93,18.69
173734,"Beans, black, mature seeds, raw",sr_legacy_food,16,2019-04-01,348.6,21.6,1.42,62.36
173735,"Beans, black, mature seeds, cooked, boiled, without salt",sr_legacy_food,16,2019-04-01,135.1,8.86,0.54,23.71
173736,"Beans, cranberry (roman), mature seeds, cooked, boiled, without salt",sr_legacy_food,16,2019-04-01,139.3,9.34,0.46,24.46
173737,"Beans, cranberry (roman), mature seeds, canned",sr_legacy_food,16,2019-04-01,85.2,5.54,0.28,15.12
173738,"Beans, french, mature seeds, raw",sr_legacy_food,16,2019-04-01,349.9,18.81,2.02,64.11
173739,"Beans, french, mature seeds, cooked, boiled, without salt",sr_legacy_food,16,2019-04-01,131.1,7.05,0.76,24.02
173740,"Beans, kidney, all types, mature seeds, cooked, boiled, without salt",sr_legacy_food,16,2019-04-01,130.4,8.67,0.5,22.8
173741,"Beans, kidney, all types, mature seeds, canned",sr_legacy_food,16,2019-04-01,84.3,5.22,0.6,14.5
173742,"Beans, kidney, california red, mature seeds, raw",sr_legacy_food,16,2019-04-01,338.9,24.37,0.25,59.8
173743,"Beans, kidney, california red, mature seeds, cooked, boiled, without salt",sr_legacy_food,16,2019-04-01,127.0,9.13,0.09,22.41
173744,"Beans, kidney, red, mature seeds, raw",sr_legacy_food,16,2019-04-01,344.8,22.53,1.06,61.29
173745,"Beans, navy, mature seeds, raw",sr_legacy_food,16,2019-04-01,345.8,22.33,1.5,60.75
173746,"Beans, navy, mature seeds, cooked, boiled, without salt",sr_legacy_food,16,2019-04-01,142.7,8.23,0.62,26.05
173747,"Beans, navy, mature seeds, canned",sr_legacy_food,16,2019-04-01,115.8,7.53,0.43,20.45
173748,"Beans, pink, mature seeds, raw",sr_legacy_food,16,2019-04-01,350.8,20.96,1.13,64.19
173749,"Beans, small white, mature seeds, raw",sr_legacy_food,16,2019-04-01,344.1,21.11,1.18,62.25
173750,"Beans, small white, mature seeds, cooked, boiled, without salt",sr_legacy_food,16,2019-04-01,144.9,8.97,0.64,25.81
173751,"Beans, yellow, mature seeds, raw",sr_legacy_food,16,2019-04-01,354.2,22.0,2.6,60.7
173752,"Beans, yellow, mature seeds, cooked, boiled, without salt",sr_legacy_food,16,2019-04-01,147.5,9.16,1.08,25.28
173753,"Broadbeans (fava beans), mature seeds, cooked, boiled, without salt",sr_legacy_food,16,2019-04-01,112.6,7.6,0.4,19.65
173754,"Broadbeans (fava beans), mature seeds, canned",sr_legacy_food,16,2019-04-01,73.5,5.47,0.22,12.41
173755,Carob flour,sr_legacy_food,16,2019-04-01,379.8,4.62,0.65,88.88
173756,"Chickpeas (garbanzo beans, bengal gram), mature seeds, raw",sr_legacy_food,16,2019-04-01,388.0,20.47,6.04,62.95
173757,"Chickpeas (garbanzo beans, bengal gram), mature seeds, cooked, boiled, without salt",sr_legacy_food,16,2019-04-01,168.4,8.86,2.59,27.42
173758,"Cowpeas, common (blackeyes, crowder, southern), mature seeds, raw",sr_legacy_food,16,2019-04-01,345.5,23.52,1.26,60.03
173759,"Cowpeas, common (blackeyes, crowder, southern), mature seeds, cooked, boiled, without salt",sr_legacy_food,16,2019-04-01,118.7,7.73,0.53,20.76
173760,"Cowpeas, common (blackeyes, crowder, southern), mature seeds, canned, plain",sr_legacy_food,16,2019-04-01,78.4,4.74,0.55,13.63
173761,"Cowpeas, common (blackeyes, crowder, southern), mature seeds, canned with pork",sr_legacy_food,16,2019-04-01,91.5,2.74,1.6,16.53
173762,"Vitasoy USA, Organic Nasoya Extra Firm Tofu",sr_legacy_food,16,2019-04-01,97.6,10.1,5.2,2.6
173763,"Vitasoy USA, Organic Nasoya Firm Tofu",sr_legacy_food,16,2019-04-01,84.4,8.9,4.4,2.3
173764,"Vitasoy USA, Organic Nasoya Silken Tofu",sr_legacy_food,16,2019-04-01,47.3,4.8,2.5,1.4
173765,"Soymilk (All flavors), enhanced",sr_legacy_food,16,2019-04-01,43.5,2.94,1.99,3.45
173766,"Soymilk, original and vanilla, light, with added calcium, vitamins A and D",sr_legacy_food,16,2019-04-01,30.5,2.38,0.77,3.51
173767,"Soymilk, chocolate and other flavors, light, with added calcium, vitamins A and D",sr_legacy_food,16,2019-04-01,47.1,2.1,0.64,8.24
173768,"Soymilk, original and vanilla, light, unsweetened, with added calcium, vitamins A and D",sr_legacy_food,16,2019-04-01,33.5,2.62,0.85,3.85
173769,"Soymilk (All flavors), lowfat, with added calcium, vitamins A and D",sr_legacy_food,16,2019-04-01,41.0,1.65,0.62,7.2
173770,"SILK Chocolate, soymilk",sr_legacy_food,16,2019-04-01,59.1,2.06,1.44,9.47
173771,"SILK Light Plain, soymilk",sr_legacy_food,16,2019-04-01,30.4,2.47,0.82,3.29
173772,"SILK Light Vanilla, soymilk",sr_legacy_food,16,2019-04-01,33.7,2.47,0.82,4.12
173773,"SILK Light Chocolate, soymilk",sr_legacy_food,16,2019-04-01,50.0,2.06,0.62,9.05
173774,"SILK Very Vanilla, soymilk",sr_legacy_food,16,2019-04-01,56.0,2.47,1.65,7.82
173775,"SILK Nog, soymilk",sr_legacy_food,16,2019-04-01,73.8,2.46,1.64,12.3
173776,"SILK Chai, soymilk",sr_legacy_food,16,2019-04-01,54.1,2.47,1.44,7.82
173777,"SILK Mocha, soymilk",sr_legacy_food,16,2019-04-01,57.4,2.06,1.44,9.05
173778,SILK Raspberry soy yogurt,sr_legacy_food,16,2019-04-01,90.6,2.35,1.18,17.65
173779,SILK Peach soy yogurt,sr_legacy_food,16,2019-04-01,95.3,2.35,1.18,18.82
173780,SILK Black Cherry soy yogurt,sr_legacy_food,16,2019-04-01,88.3,2.35,1.18,17.06
173781,SILK Blueberry soy yogurt,sr_legacy_food,16,2019-04-01,88.3,2.35,1.18,17.06
173782,SILK Hazelnut Creamer,sr_legacy_food,16,2019-04-01,140.0,0.0,6.67,20.0
173783,"Vitasoy USA Organic Nasoya, Soft Tofu",sr_legacy_food,16,2019-04-01,69.5,8.76,3.5,0.74
173784,"Vitasoy USA Nasoya, Lite Silken Tofu",sr_legacy_food,16,2019-04-01,42.7,8.21,1.1,0.0
173785,"Vitasoy USA Organic Nasoya, Tofu Plus Extra Firm",sr_legacy_food,16,2019-04-01,92.1,10.18,4.9,1.82
173786,"Vitasoy USA Azumaya, Silken Tofu",sr_legacy_food,16,2019-04-01,43.2,4.82,2.4,0.58
173787,HOUSE FOODS Premium Soft Tofu,sr_legacy_food,16,2019-04-01,58.7,6.38,2.71,2.19
173788,HOUSE FOODS Premium Firm Tofu,sr_legacy_food,16,2019-04-01,85.3,10.92,4.19,0.97
173789,"Beans, adzuki, mature seed, cooked, boiled, with salt",sr_legacy_food,16,2019-04-01,130.1,7.52,0.1,24.77
173790,"Beans, great northern, mature seeds, cooked, boiled, with salt",sr_legacy_food,16,2019-04-01,121.7,8.33,0.45,21.09
173791,"Beans, great northern, mature seeds, canned, low sodium",sr_legacy_food,16,2019-04-01,117.1,7.37,0.39,21.02
173792,"Beans, kidney, all types, mature seeds, cooked, boiled, with salt",sr_legacy_food,16,2019-04-01,130.4,8.67,0.5,22.8
173793,"Beans, kidney, california red, mature seeds, cooked, boiled, with salt",sr_legacy_food,16,2019-04-01,127.0,9.13,0.09,22.41
173794,"Beans, navy, mature seeds, cooked, boiled, with salt",sr_legacy_food,16,2019-04-01,142.7,8.23,0.62,26.05
173795,"Beans, pink, mature seeds, cooked, boiled, with salt",sr_legacy_food,16,2019-04-01,152.3,9.06,0.49,27.91
173796,"Beans, pinto, mature seeds, cooked, boiled, with salt",sr_legacy_food,16,2019-04-01,146.8,9.01,0.65,26.22
173797,"Beans, pinto, mature seeds, canned, drained solids, rinsed in tap water",sr_legacy_food,16,2019-04-01,120.0,7.04,0.97,20.77
173798,"Broadbeans (fava beans), mature seeds, cooked, boiled, with salt",sr_legacy_food,16,2019-04-01,112.6,7.6,0.4,19.65
173799,"Chickpeas (garbanzo beans, bengal gram), mature seeds, cooked, boiled, with salt",sr_legacy_food,16,2019-04-01,168.4,8.86,2.59,27.42
173800,"Chickpeas (garbanzo beans, bengal gram), mature seeds, canned, drained solids",sr_legacy_food,16,2019-04-01,143.2,7.05,2.77,22.53
173801,"Chickpeas (garbanzo beans, bengal gram), mature seeds, canned, drained, rinsed in tap water",sr_legacy_food,16,2019-04-01,141.9,7.04,2.47,22.87
173802,"Lima beans, large, mature seeds, cooked, boiled, with salt",sr_legacy_food,16,2019-04-01,118.1,7.8,0.38,20.88
173803,"Lima beans, thin seeded (baby), mature seeds, cooked, boiled, with salt",sr_legacy_food,16,2019-04-01,128.8,8.04,0.38,23.31
173804,"Lupins, mature seeds, cooked, boiled, with salt",sr_legacy_food,16,2019-04-01,125.7,15.57,2.92,9.29
173805,"Mothbeans, mature seeds, cooked, boiled, with salt",sr_legacy_food,16,2019-04-01,120.0,7.81,0.55,20.96
173806,"Peanuts, all types, dry-roasted, without salt",sr_legacy_food,16,2019-04-01,629.4,24.35,49.66,21.26
173807,"Peanuts, spanish, oil-roasted, without salt",sr_legacy_food,16,2019-04-01,623.2,28.01,49.04,17.45
173808,"Peanuts, valencia, oil-roasted, without salt",sr_legacy_food,16,2019-04-01,634.5,27.04,51.24,16.3
173809,"Peanuts, virginia, oil-roasted, without salt",sr_legacy_food,16,2019-04-01,620.5,25.87,48.62,19.86
173810,"Lamb, New Zealand, imported, loin chop, separable lean only, raw",sr_legacy_food,17,2019-04-01,141.8,19.98,6.88,0.0
173811,"Lamb, New Zealand, imported, frozen, loin, separable lean only, cooked, broiled",sr_legacy_food,17,2019-04-01,191.4,29.31,8.24,0.0
173812,"Lamb, New Zealand, imported, rack - partly frenched, separable lean and fat, raw",sr_legacy_food,17,2019-04-01,239.7,18.12,18.52,0.13
173813,"Lamb, New Zealand, imported, rack - partly frenched, separable lean and fat, cooked, fast roasted",sr_legacy_food,17,2019-04-01,253.0,22.06,18.29,0.04
173814,"Lamb, New Zealand, imported, frozen, shoulder, whole (arm and blade), separable lean only, cooked, braised",sr_legacy_food,17,2019-04-01,275.7,34.06,15.5,0.0
173815,"Veal, composite of trimmed retail cuts, separable lean and fat, raw",sr_legacy_food,17,2019-04-01,138.3,19.35,6.77,0.0
173816,"Veal, composite of trimmed retail cuts, separable lean and fat, cooked",sr_legacy_food,17,2019-04-01,222.9,30.1,11.39,0.0
173817,"Veal, composite of trimmed retail cuts, separable lean only, raw",sr_legacy_food,17,2019-04-01,106.6,20.2,2.87,0.0
173818,"Veal, leg (top round), separable lean and fat, cooked, braised",sr_legacy_food,17,2019-04-01,201.6,36.16,6.33,0.0
173819,"Veal, leg (top round), separable lean and fat, cooked, pan-fried, breaded",sr_legacy_food,17,2019-04-01,231.4,27.29,9.18,9.91
173820,"Veal, leg (top round), separable lean and fat, cooked, pan-fried, not breaded",sr_legacy_food,17,2019-04-01,202.1,31.75,8.35,0.0
173821,"Veal, leg (top round), separable lean and fat, cooked, roasted",sr_legacy_food,17,2019-04-01,152.6,27.7,4.65,0.0
173822,"Veal, leg (top round), separable lean only, cooked, roasted",sr_legacy_food,17,2019-04-01,142.8,28.07,3.39,0.0
173823,"Veal, loin, separable lean and fat, raw",sr_legacy_food,17,2019-04-01,171.2,20.07,10.07,0.07
173824,"Veal, loin, separable lean and fat, cooked, braised",sr_legacy_food,17,2019-04-01,275.7,30.19,17.21,0.0
173825,"Veal, loin, separable lean and fat, cooked, roasted",sr_legacy_food,17,2019-04-01,210.1,24.8,12.32,0.0
173826,"Veal, loin, separable lean only, raw",sr_legacy_food,17,2019-04-01,113.5,21.85,2.9,0.0
173827,"Veal, rib, separable lean and fat, cooked, roasted",sr_legacy_food,17,2019-04-01,221.5,23.96,13.96,0.0
173828,"Veal, rib, separable lean only, raw",sr_legacy_food,17,2019-04-01,114.9,19.97,3.89,0.0
173829,"Veal, rib, separable lean only, cooked, braised",sr_legacy_food,17,2019-04-01,208.0,34.44,7.81,0.0
173830,"Veal, rib, separable lean only, cooked, roasted",sr_legacy_food,17,2019-04-01,170.0,25.76,7.44,0.0
173831,"Veal, shoulder, whole (arm and blade), separable lean only, cooked, braised",sr_legacy_food,17,2019-04-01,189.6,33.68,6.1,0.0
173832,"Veal, shoulder, whole (arm and blade), separable lean only, cooked, roasted",sr_legacy_food,17,2019-04-01,162.8,25.81,6.62,0.0
173833,"Veal, shoulder, arm, separable lean and fat, raw",sr_legacy_food,17,2019-04-01,126.3,19.34,5.44,0.0
173834,"Veal, shoulder, arm, separable lean and fat, cooked, braised",sr_legacy_food,17,2019-04-01,226.7,33.63,10.24,0.0
173835,"Veal, shoulder, blade chop, separable lean and fat, raw",sr_legacy_food,17,2019-04-01,143.5,18.72,7.61,0.03
173836,"Veal, shoulder, blade, separable lean and fat, cooked, braised",sr_legacy_food,17,2019-04-01,215.8,31.26,10.09,0.0
173837,"Veal, shoulder, blade, separable lean and fat, cooked, roasted",sr_legacy_food,17,2019-04-01,178.6,25.15,8.67,0.0
173838,"Veal, shoulder, blade chop, separable lean only, raw",sr_legacy_food,17,2019-04-01,104.3,19.6,2.88,0.0
173839,"Veal, shoulder, blade, separable lean only, cooked, braised",sr_legacy_food,17,2019-04-01,189.0,32.66,6.48,0.0
173840,"Veal, sirloin, separable lean only, raw",sr_legacy_food,17,2019-04-01,104.1,20.2,2.59,0.0
173841,"Veal, sirloin, separable lean only, cooked, braised",sr_legacy_food,17,2019-04-01,194.4,33.96,6.51,0.0
173842,"Veal, sirloin, separable lean only, cooked, roasted",sr_legacy_food,17,2019-04-01,161.3,26.32,6.22,0.0
173843,"Veal, cubed for stew (leg and shoulder), separable lean only, raw",sr_legacy_food,17,2019-04-01,103.6,20.27,2.5,0.0
173844,"Game meat, antelope, cooked, roasted",sr_legacy_food,17,2019-04-01,141.8,29.45,2.67,0.0
173845,"Game meat, bear, raw",sr_legacy_food,17,2019-04-01,155.1,20.1,8.3,0.0
173846,"Game meat, bear, cooked, simmered",sr_legacy_food,17,2019-04-01,250.2,32.42,13.39,0.0
173847,"Bison, ground, grass-fed, cooked",sr_legacy_food,17,2019-04-01,179.4,25.45,8.62,0.0
173848,"Game meat, beefalo, composite of cuts, cooked, roasted",sr_legacy_food,17,2019-04-01,179.5,30.66,6.32,0.0
173849,"Veal, Australian, separable fat, raw",sr_legacy_food,17,2019-04-01,509.2,9.91,52.17,0.0
173850,"Veal, Australian, rib, rib roast, separable lean and fat, raw",sr_legacy_food,17,2019-04-01,200.9,19.6,13.1,1.15
173851,"Game meat, bison, separable lean only, raw",sr_legacy_food,17,2019-04-01,103.0,21.62,1.84,0.0
173852,"Game meat, bison, separable lean only, cooked, roasted",sr_legacy_food,17,2019-04-01,135.5,28.44,2.42,0.0
173853,"Game meat, caribou, raw",sr_legacy_food,17,2019-04-01,120.8,22.63,3.36,0.0
173854,"Game meat, caribou, cooked, roasted",sr_legacy_food,17,2019-04-01,158.9,29.77,4.42,0.0
173855,"Game meat, deer, raw",sr_legacy_food,17,2019-04-01,113.6,22.96,2.42,0.0
173856,"Bologna, pork",sr_legacy_food,7,2019-04-01,243.0,15.3,19.87,0.73
173857,"Bologna, turkey",sr_legacy_food,7,2019-04-01,208.8,11.42,16.05,4.68
173858,Chicken spread,sr_legacy_food,7,2019-04-01,246.3,18.01,17.56,4.05
173859,"Sausage, pork, chorizo, link or ground, raw",sr_legacy_food,7,2019-04-01,295.5,13.63,25.1,3.78
173860,"Corned beef loaf, jellied",sr_legacy_food,7,2019-04-01,146.5,22.9,6.1,0.0
173861,"Dutch brand loaf, chicken, pork and beef",sr_legacy_food,7,2019-04-01,269.9,12.0,22.91,3.93
173862,"Frankfurter, beef, unheated",sr_legacy_food,7,2019-04-01,311.5,11.69,28.1,2.97
173863,"Ham, sliced, pre-packaged, deli meat (96%fat free, water added)",sr_legacy_food,7,2019-04-01,106.6,16.85,4.04,0.7
173864,"Ham, sliced, regular (approximately 11% fat)",sr_legacy_food,7,2019-04-01,160.1,16.6,8.8,3.63
173865,"Ham, minced",sr_legacy_food,7,2019-04-01,258.6,16.28,20.68,1.84
173866,Ham salad spread,sr_legacy_food,7,2019-04-01,217.0,8.68,15.53,10.64
173867,"Knackwurst, knockwurst, pork, beef",sr_legacy_food,7,2019-04-01,306.5,11.1,27.7,3.2
173868,"Lebanon bologna, beef",sr_legacy_food,7,2019-04-01,171.8,19.03,10.44,0.44
173869,"Liver cheese, pork",sr_legacy_food,7,2019-04-01,299.6,15.2,25.6,2.1
173870,"Liver sausage, liverwurst, pork",sr_legacy_food,7,2019-04-01,321.7,14.1,28.5,2.2
173871,"Sausage, turkey, fresh, cooked",sr_legacy_food,7,2019-04-01,189.5,23.89,10.44,0.0
173872,"Bologna, chicken, pork, beef",sr_legacy_food,7,2019-04-01,272.3,11.33,22.73,5.61
173873,"Bologna, chicken, pork",sr_legacy_food,7,2019-04-01,333.5,10.31,30.61,4.19
173874,"Chicken breast, deli, rotisserie seasoned, sliced, prepackaged",sr_legacy_food,7,2019-04-01,98.0,17.4,1.86,2.92
173875,"Frankfurter, meat and poultry, unheated",sr_legacy_food,7,2019-04-01,276.6,9.72,24.18,5.02
173876,"Pork sausage, link/patty, fully cooked, unheated",sr_legacy_food,7,2019-04-01,391.8,13.46,37.25,0.69
173877,"Kielbasa, fully cooked, grilled",sr_legacy_food,7,2019-04-01,337.0,12.45,29.68,5.03
173878,"Kielbasa, fully cooked, pan-fried",sr_legacy_food,7,2019-04-01,333.4,12.36,29.43,4.78
173879,"Kielbasa, fully cooked, unheated",sr_legacy_food,7,2019-04-01,324.9,10.84,29.63,3.72
173880,"Sausage, chicken or turkey, Italian style,  lower sodium",sr_legacy_food,7,2019-04-01,182.9,21.43,4.46,14.25
173881,"Ham, smoked, extra lean, low sodium",sr_legacy_food,7,2019-04-01,141.3,18.52,2.71,10.7
173882,"Pork sausage, reduced sodium, cooked",sr_legacy_food,7,2019-04-01,271.3,9.41,22.35,8.13
173883,"Sausage, pork, turkey, and beef, reduced sodium",sr_legacy_food,7,2019-04-01,284.4,10.71,26.79,0.11
173884,"Cereals ready-to-eat, GENERAL MILLS, CHEERIOS",sr_legacy_food,8,2019-04-01,401.8,12.4,6.6,73.2
173885,"Cereals ready-to-eat, POST, COCOA PEBBLES",sr_legacy_food,8,2019-04-01,398.9,4.8,4.1,85.7
173886,"Cereals ready-to-eat, QUAKER, QUAKER CRUNCHY BRAN",sr_legacy_food,8,2019-04-01,396.7,6.37,4.06,83.68
173887,"Cereals ready-to-eat, RALSTON CRISP RICE",sr_legacy_food,8,2019-04-01,383.0,6.69,1.26,86.22
173888,"Cereals ready-to-eat, POST Bran Flakes",sr_legacy_food,8,2019-04-01,380.5,9.9,2.1,80.5
173889,"Cereals ready-to-eat, POST, Honeycomb Cereal",sr_legacy_food,8,2019-04-01,396.9,6.01,2.93,86.63
173890,"Cereals ready-to-eat, QUAKER, KING VITAMAN",sr_legacy_food,8,2019-04-01,392.0,6.41,3.44,83.85
173891,"Cereals ready-to-eat, QUAKER, QUAKER OAT LIFE, plain",sr_legacy_food,8,2019-04-01,390.8,9.98,4.43,77.74
173892,"Cereals ready-to-eat, QUAKER, 100% Natural Granola, Oats, Wheat and Honey",sr_legacy_food,8,2019-04-01,441.4,10.55,11.62,73.65
173893,"Cereals ready-to-eat, RALSTON TASTEEOS",sr_legacy_food,8,2019-04-01,394.9,10.71,5.36,75.96
173894,"Cereals ready-to-eat, POST, Honey Nut Shredded Wheat",sr_legacy_food,8,2019-04-01,394.5,8.5,2.9,83.6
173895,"Cereals ready-to-eat, MALT-O-MEAL, CORN BURSTS",sr_legacy_food,8,2019-04-01,378.8,3.32,0.35,90.59
173896,"Cereals ready-to-eat, wheat germ, toasted, plain",sr_legacy_food,8,2019-04-01,411.1,29.1,10.7,49.6
173897,"Cereals, QUAKER, corn grits, instant, plain, prepared (microwaved or boiling water added), without salt",sr_legacy_food,8,2019-04-01,74.5,1.58,0.49,15.95
173898,"Cereals, QUAKER, corn grits, instant, cheddar cheese flavor, dry",sr_legacy_food,8,2019-04-01,376.9,8.98,5.46,72.96
173899,"Cereals, QUAKER, Instant Grits, Country Bacon flavor, dry",sr_legacy_food,8,2019-04-01,356.8,9.93,1.73,75.39
173900,"Cereals, CREAM OF RICE, dry",sr_legacy_food,8,2019-04-01,359.3,6.3,0.5,82.4
173901,"Cereals, CREAM OF WHEAT, regular, 10 minute cooking, dry",sr_legacy_food,8,2019-04-01,361.5,10.5,1.5,76.5
173902,"Cereals, CREAM OF WHEAT, instant, prepared with water, without salt",sr_legacy_food,8,2019-04-01,61.8,1.84,0.24,13.08
173903,"Cereals, MALT-O-MEAL, original, plain, dry",sr_legacy_food,8,2019-04-01,362.5,11.8,0.7,77.25
173904,"Cereals, oats, regular and quick, not fortified, dry",sr_legacy_food,8,2019-04-01,382.1,13.15,6.52,67.7
173905,"Cereals, oats, regular and quick, unenriched, cooked with water (includes boiling and microwaving), without salt",sr_legacy_food,8,2019-04-01,71.8,2.54,1.52,12.0
173906,"Cereals, oats, instant, fortified, with cinnamon and spice, prepared with water",sr_legacy_food,8,2019-04-01,96.2,2.37,1.21,18.95
173907,"Cereals, QUAKER, Instant Oatmeal, maple and brown sugar, dry",sr_legacy_food,8,2019-04-01,386.1,9.2,4.63,76.91
173908,"Cereals, oats, instant, fortified, with raisins and spice, prepared with water",sr_legacy_food,8,2019-04-01,88.1,1.98,0.95,17.91
173909,"Cereals ready-to-eat, MALT-O-MEAL, MARSHMALLOW MATEYS",sr_legacy_food,8,2019-04-01,390.6,6.94,3.53,82.77
173910,"Cereals ready-to-eat, POST, Shredded Wheat, original big biscuit",sr_legacy_food,8,2019-04-01,379.4,11.37,2.01,78.96
173911,"Cereals ready-to-eat, POST, Shredded Wheat, original spoon-size",sr_legacy_food,8,2019-04-01,391.7,11.8,2.1,81.4
173912,"Cereals ready-to-eat, rice, puffed, fortified",sr_legacy_food,8,2019-04-01,388.9,6.3,0.5,89.8
173913,"Cereals ready-to-eat, wheat, puffed, fortified",sr_legacy_food,8,2019-04-01,388.0,14.7,1.2,79.6
173914,"Cereals, CREAM OF RICE, cooked with water, with salt",sr_legacy_food,8,2019-04-01,50.5,0.9,0.1,11.5
173915,"Cereals, CREAM OF WHEAT, regular (10 minute), cooked with water, with salt",sr_legacy_food,8,2019-04-01,50.4,1.46,0.21,10.66
173916,"Cereals, farina, unenriched, dry",sr_legacy_food,8,2019-04-01,358.9,10.6,0.5,78.0
173917,"Cereals, farina, enriched, cooked with water, with salt",sr_legacy_food,8,2019-04-01,54.0,1.82,0.34,10.92
173918,"Cereals ready-to-eat, POST, Shredded Wheat, lightly frosted, spoon-size",sr_legacy_food,8,2019-04-01,383.5,7.8,1.9,83.8
173919,"Cereals ready-to-eat, POST SELECTS Blueberry Morning",sr_legacy_food,8,2019-04-01,400.1,6.5,5.3,81.6
173920,"Cereals, oats, instant, fortified, maple and brown sugar, dry",sr_legacy_food,8,2019-04-01,386.2,9.25,4.73,76.67
173921,"Cereals ready-to-eat, QUAKER WHOLE HEARTS oat cereal",sr_legacy_food,8,2019-04-01,401.4,7.63,5.61,80.1
173922,"Cereals, QUAKER, Weight Control Instant Oatmeal, maple and brown sugar",sr_legacy_food,8,2019-04-01,378.3,16.37,6.2,64.25
173923,"Cereals, QUAKER, Weight Control Instant Oatmeal, banana bread",sr_legacy_food,8,2019-04-01,379.1,16.5,6.16,64.42
173924,"Cereals, QUAKER, oatmeal, REAL MEDLEYS, peach almond, dry",sr_legacy_food,8,2019-04-01,403.4,10.1,9.84,68.61
173925,"Cereals, QUAKER, oatmeal, REAL MEDLEYS, cherry pistachio, dry",sr_legacy_food,8,2019-04-01,414.2,12.02,11.02,66.73
173926,"Cereals, QUAKER, Instant Oatmeal, weight control, cinnamon",sr_legacy_food,8,2019-04-01,379.4,16.5,6.28,64.21
173927,"Cereals ready-to-eat, MOM'S BEST, Sweetened WHEAT-FULS",sr_legacy_food,8,2019-04-01,372.8,8.18,1.83,80.91
173928,"Apples, raw, without skin, cooked, boiled",sr_legacy_food,9,2019-04-01,58.8,0.26,0.36,13.64
173929,"Apples, raw, without skin, cooked, microwave",sr_legacy_food,9,2019-04-01,62.5,0.28,0.42,14.41
173930,"Apples, canned, sweetened, sliced, drained, heated",sr_legacy_food,9,2019-04-01,72.0,0.18,0.43,16.84
173931,"Apples, dehydrated (low moisture), sulfured, uncooked",sr_legacy_food,9,2019-04-01,384.6,1.32,0.58,93.53
173932,"Apples, frozen, unsweetened, heated (Includes foods for USDA's Food Distribution Program)",sr_legacy_food,9,2019-04-01,52.1,0.29,0.33,12.0
173933,"Apple juice, canned or bottled, unsweetened, without added ascorbic acid",sr_legacy_food,9,2019-04-01,46.8,0.1,0.13,11.3
173934,"Apple juice, frozen concentrate, unsweetened, undiluted, without added ascorbic acid",sr_legacy_food,9,2019-04-01,169.4,0.51,0.37,41.0
173935,"Apple juice, frozen concentrate, unsweetened, diluted with 3 volume water without added ascorbic acid",sr_legacy_food,9,2019-04-01,47.6,0.14,0.1,11.54
173936,"Apricots, canned, water pack, without skin, solids and liquids",sr_legacy_food,9,2019-04-01,25.0,0.69,0.03,5.48
173937,"Apricots, canned, juice pack, with skin, solids and liquids",sr_legacy_food,9,2019-04-01,52.2,0.63,0.04,12.34
173938,"Apricots, canned, extra light syrup pack, with skin, solids and liquids (Includes foods for USDA's Food Distribution Program)",sr_legacy_food,9,2019-04-01,53.3,0.6,0.1,12.5
173939,"Apricots, canned, light syrup pack, with skin, solids and liquids",sr_legacy_food,9,2019-04-01,68.5,0.53,0.05,16.49
173940,"Apricots, dehydrated (low-moisture), sulfured, stewed",sr_legacy_food,9,2019-04-01,140.4,1.93,0.24,32.62
173941,"Apricots, dried, sulfured, uncooked",sr_legacy_food,9,2019-04-01,268.7,3.39,0.51,62.64
173942,"Apricots, dried, sulfured, stewed, without added sugar",sr_legacy_food,9,2019-04-01,95.0,1.2,0.18,22.15
173943,"Apricots, dried, sulfured, stewed, with added sugar",sr_legacy_food,9,2019-04-01,123.1,1.17,0.15,29.26
173944,"Bananas, raw",sr_legacy_food,9,2019-04-01,98.7,1.09,0.33,22.84
173945,"Bananas, dehydrated, or banana powder",sr_legacy_food,9,2019-04-01,385.0,3.89,1.81,88.28
173946,"Blackberries, raw",sr_legacy_food,9,2019-04-01,48.4,1.39,0.49,9.61
173947,"Blackberry juice, canned",sr_legacy_food,9,2019-04-01,37.8,0.3,0.6,7.8
173948,"Blueberries, canned, heavy syrup, solids and liquids",sr_legacy_food,9,2019-04-01,93.8,0.65,0.33,22.06
173949,"Blueberries, wild, frozen (Includes foods for USDA's Food Distribution Program)",sr_legacy_food,9,2019-04-01,56.8,0.0,0.16,13.85
173950,"Blueberries, frozen, unsweetened (Includes foods for USDA's Food Distribution Program)",sr_legacy_food,9,2019-04-01,56.1,0.42,0.64,12.17
173951,"Blueberries, frozen, sweetened",sr_legacy_food,9,2019-04-01,90.6,0.4,0.13,21.95
173952,"Carissa, (natal-plum), raw",sr_legacy_food,9,2019-04-01,68.2,0.5,1.3,13.63
173953,"Cherimoya, raw",sr_legacy_food,9,2019-04-01,83.2,1.57,0.68,17.71
173954,"Cherries, sour, red, raw",sr_legacy_food,9,2019-04-01,55.4,1.0,0.3,12.18
173955,"Cherries, sour, red, canned, water pack, solids and liquids",sr_legacy_food,9,2019-04-01,39.7,0.77,0.1,8.94
173956,"Cherries, sour, red, canned, light syrup pack, solids and liquids",sr_legacy_food,9,2019-04-01,81.1,0.74,0.1,19.3
173957,"Cherries, sweet, canned, water pack, solids and liquids",sr_legacy_food,9,2019-04-01,51.3,0.77,0.13,11.76
173958,"Cherries, sweet, canned, juice pack, solids and liquids",sr_legacy_food,9,2019-04-01,59.1,0.91,0.02,13.81
173959,"Cherries, sweet, canned, light syrup pack, solids and liquids",sr_legacy_food,9,2019-04-01,73.0,0.61,0.15,17.29
173960,"Cherries, sweet, canned, pitted, heavy syrup pack, solids and liquids",sr_legacy_food,9,2019-04-01,88.8,0.6,0.15,21.27
173961,"Cranberry sauce, canned, sweetened",sr_legacy_food,9,2019-04-01,166.5,0.9,0.15,40.4
173962,"Cranberry-orange relish, canned",sr_legacy_food,9,2019-04-01,186.9,0.3,0.1,46.2
173963,"Currants, european black, raw",sr_legacy_food,9,2019-04-01,70.8,1.4,0.41,15.38
173964,"Currants, red and white, raw",sr_legacy_food,9,2019-04-01,62.6,1.4,0.2,13.8
173965,"Beef, Australian, imported, grass-fed, loin, tenderloin steak/roast, boneless, separable lean only, raw",sr_legacy_food,13,2019-04-01,138.4,20.85,6.11,0.0
173966,"Beef, Australian, imported, Wagyu, loin, tenderloin steak/roast, boneless, separable lean only, Aust. marble score 4/5, raw",sr_legacy_food,13,2019-04-01,191.5,20.19,12.3,0.0
173967,"Beef, Australian, imported, Wagyu, external fat, Aust. marble score 9, raw",sr_legacy_food,13,2019-04-01,638.7,5.54,68.07,0.97
173968,"Beef, Australian, imported, Wagyu, seam fat, Aust. marble score 9, raw",sr_legacy_food,13,2019-04-01,626.6,5.16,67.33,0.0
173969,"Beef, Australian, imported, grass-fed, loin, tenderloin steak/roast, boneless, separable lean and fat, raw",sr_legacy_food,13,2019-04-01,150.8,20.53,7.63,0.01
173970,"Beef, Australian, imported, grass-fed, loin, top loin steak/roast, boneless, separable lean only, raw",sr_legacy_food,13,2019-04-01,131.0,21.79,4.87,0.0
173971,"Beef, Australian, imported, grass-fed, round, bottom round steak/roast, boneless, separable lean only, raw",sr_legacy_food,13,2019-04-01,130.0,21.4,4.93,0.0
173972,"Beef, Australian, imported, grass-fed, round, top round cap-off steak/roast, boneless, separable lean only, raw",sr_legacy_food,13,2019-04-01,129.5,22.41,4.43,0.0
173973,"Beef, Australian, imported, Wagyu, loin, tenderloin steak/roast, boneless, separable lean only, Aust. marble score 9, raw",sr_legacy_food,13,2019-04-01,237.3,18.87,17.73,0.57
173974,"Beef, Australian, imported, Wagyu, loin, top loin steak/roast, boneless, separable lean only, Aust. marble score 4/5, raw",sr_legacy_food,13,2019-04-01,222.6,20.15,15.69,0.2
173975,"Beef, Australian, imported, grass-fed, rib, ribeye steak/roast lip-on, boneless, separable lean and fat, raw",sr_legacy_food,13,2019-04-01,216.5,19.8,15.21,0.11
173976,"Beef, Australian, imported, grass-fed, round, bottom round steak/roast, boneless, separable lean and fat, raw",sr_legacy_food,13,2019-04-01,140.0,21.13,6.16,0.01
173977,"Beef, Australian, imported, grass-fed, round, top round cap-off steak/roast, boneless, separable lean and fat, raw",sr_legacy_food,13,2019-04-01,128.6,22.24,4.4,0.0
173978,"Beef, Australian, imported, Wagyu, loin, top loin steak/roast, boneless, separable lean and fat, Aust. marble score 4/5, raw",sr_legacy_food,13,2019-04-01,289.0,17.67,24.2,0.12
173979,"Beef, Australian, imported, Wagyu, loin, top loin steak/roast, separable lean and fat, Aust. marble score 9, raw",sr_legacy_food,13,2019-04-01,391.7,14.58,36.98,0.14
173980,"Beef, round, top round steak, boneless, separable lean and fat, trimmed to 0"" fat, choice, raw",sr_legacy_food,13,2019-04-01,126.9,23.49,3.66,0.0
173981,"Beef, round, top round steak, boneless, separable lean and fat, trimmed to 0"" fat, select, raw",sr_legacy_food,13,2019-04-01,119.6,23.49,2.85,0.0
173982,"Beef, round, top round roast, boneless, separable lean and fat, trimmed to 0"" fat, all grades, raw",sr_legacy_food,13,2019-04-01,125.3,23.45,3.5,0.0
173983,"Beef, round, top round roast, boneless, separable lean and fat, trimmed to 0"" fat, choice, raw",sr_legacy_food,13,2019-04-01,128.1,23.46,3.81,0.0
173984,"Beef, round, eye of round steak, boneless, separable lean and fat, trimmed to 0"" fat, all grades, raw",sr_legacy_food,13,2019-04-01,124.4,23.26,3.48,0.0
173985,"Beef, round, eye of round steak, boneless separable lean and fat, trimmed to 0"" fat, choice, raw",sr_legacy_food,13,2019-04-01,127.4,23.24,3.83,0.0
173986,"Beef, round, eye of round steak, boneless, separable lean and fat, trimmed to 0"" fat, select, raw",sr_legacy_food,13,2019-04-01,119.8,23.3,2.95,0.0
173987,"Beef, loin, tenderloin roast, boneless, separable lean and fat, trimmed to 0"" fat, all grades, raw",sr_legacy_food,13,2019-04-01,149.0,21.67,6.93,0.0
173988,"Beef, loin, tenderloin steak, boneless, separable lean and fat, trimmed to 0"" fat, all grades, raw",sr_legacy_food,13,2019-04-01,146.9,21.72,6.67,0.0
173989,"Beef, loin, tenderloin steak, boneless, separable lean and fat, trimmed to 0"" fat, choice, raw",sr_legacy_food,13,2019-04-01,150.2,21.57,7.1,0.0
173990,"Beef, loin, tenderloin steak, boneless, separable lean and fat, trimmed to 0"" fat, select, raw",sr_legacy_food,13,2019-04-01,142.0,21.95,6.02,0.0
173991,"Beef, loin, tenderloin roast, boneless, separable lean and fat, trimmed to 0"" fat, all grades, cooked, roasted",sr_legacy_food,13,2019-04-01,182.5,27.31,8.14,0.0
173992,"Beef, round, top round roast, boneless, separable lean and fat, trimmed to 0"" fat, select, cooked, roasted",sr_legacy_food,13,2019-04-01,157.4,30.97,3.72,0.0
173993,"Beef, round, eye of round steak, boneless, separable lean and fat, trimmed to 0"" fat, all grades, cooked, grilled",sr_legacy_food,13,2019-04-01,158.9,29.66,4.47,0.0
173994,"Beef, round, eye of round steak, boneless, separable lean and fat, trimmed to 0"" fat, choice, cooked, grilled",sr_legacy_food,13,2019-04-01,162.6,29.79,4.83,0.0
173995,"Beef, round, eye of round steak, boneless, separable lean and fat, trimmed to 0"" fat, select, cooked, grilled",sr_legacy_food,13,2019-04-01,153.7,29.47,3.98,0.0
173996,"Beef, round, top round roast, boneless, separable lean only, trimmed to 0"" fat, choice, raw",sr_legacy_food,13,2019-04-01,123.7,23.59,3.26,0.0
173997,"Beef, round, top round roast, boneless, separable lean only, trimmed to 0"" fat, select, raw",sr_legacy_food,13,2019-04-01,116.4,23.59,2.45,0.0
173998,"Beef, round, eye of round roast, boneless, separable lean only, trimmed to 0"" fat, all grades, raw",sr_legacy_food,13,2019-04-01,120.8,23.37,3.04,0.0
173999,"Beef, round, eye of round roast, boneless, separable lean only, trimmed to 0"" fat, choice, raw",sr_legacy_food,13,2019-04-01,123.8,23.35,3.38,0.0
174000,"Beef, loin, tenderloin roast, boneless, separable lean only, trimmed to 0"" fat, choice, raw",sr_legacy_food,13,2019-04-01,142.6,21.78,6.16,0.0
174001,"Beef, loin, tenderloin roast, boneless, separable lean only, trimmed to 0"" fat, select, raw",sr_legacy_food,13,2019-04-01,134.5,22.16,5.1,0.0
174002,"Beef, loin, top loin steak, boneless, lip off, separable lean only, trimmed to 0"" fat, all grades, raw",sr_legacy_food,13,2019-04-01,143.3,23.07,5.67,0.0
174003,"Beef, loin, top loin steak, boneless, lip off, separable lean only, trimmed to 0"" fat, choice, raw",sr_legacy_food,13,2019-04-01,148.8,22.93,6.34,0.0
174004,"Beef, loin, tenderloin roast, boneless, separable lean only, trimmed to 0"" fat, all grades, cooked, roasted",sr_legacy_food,13,2019-04-01,177.4,27.51,7.49,0.0
174005,"Beef, loin, tenderloin roast, boneless, separable lean only, trimmed to 0"" fat, choice, cooked, roasted",sr_legacy_food,13,2019-04-01,183.1,27.48,8.13,0.0
174006,"Beef, loin, tenderloin roast, separable lean only, boneless, trimmed to 0"" fat, select, cooked, roasted",sr_legacy_food,13,2019-04-01,169.1,27.55,6.54,0.0
174007,"Beef, round, top round roast, boneless, separable lean only, trimmed to 0"" fat, all grades, cooked, roasted",sr_legacy_food,13,2019-04-01,154.3,30.09,3.77,0.0
174008,"Beef, round, eye of round steak, boneless, separable lean only, trimmed to 0"" fat, select, cooked, grilled",sr_legacy_food,13,2019-04-01,149.0,29.52,3.43,0.0
174009,"Beef, loin, top loin steak, boneless, lip-on, separable lean only, trimmed to 1/8"" fat, select, raw",sr_legacy_food,13,2019-04-01,135.1,23.3,4.66,0.0
174010,"Beef, loin, top loin steak, boneless, lip-on, separable lean only, trimmed to 1/8"" fat, choice, raw",sr_legacy_food,13,2019-04-01,148.8,22.93,6.34,0.0
174011,"Beef, loin, top loin steak, boneless, lip-on, separable lean only, trimmed to 1/8"" fat, all grades, raw",sr_legacy_food,13,2019-04-01,143.3,23.07,5.67,0.0
174012,"Beef, composite of trimmed retail cuts, separable lean only, trimmed to 1/8"" fat, choice, raw",sr_legacy_food,13,2019-04-01,142.5,22.01,6.05,0.0
174013,"Beef composite, separable lean only, trimmed to 1/8"" fat, choice, cooked",sr_legacy_food,13,2019-04-01,197.4,28.73,9.16,0.0
174014,"Beef, composite of trimmed retail cuts, separable lean and fat, trimmed to 0"" fat, choice, raw",sr_legacy_food,13,2019-04-01,176.1,21.34,10.08,0.0
174015,"Beef, composite of trimmed retail cuts, separable lean only, trimmed to 0"" fat, choice, raw",sr_legacy_food,13,2019-04-01,151.4,21.55,7.24,0.0
174016,"Beef, chuck, mock tender steak, separable lean only, trimmed to 0"" fat, all grades, cooked, broiled",sr_legacy_food,13,2019-04-01,152.4,25.9,5.42,0.0
174017,"Beef, chuck, top blade, separable lean only, trimmed to 0"" fat, all grades, cooked, broiled",sr_legacy_food,13,2019-04-01,196.0,26.13,10.16,0.0
174018,"Beef, chuck, clod roast, separable lean only, trimmed to 1/4"" fat, all grades, raw",sr_legacy_food,13,2019-04-01,123.7,19.63,5.02,0.0
174019,"Beef, chuck, clod roast, separable lean only, trimmed to 0"" fat, all grades, cooked, roasted",sr_legacy_food,13,2019-04-01,164.3,26.82,6.34,0.0
174020,"Beef, chuck, mock tender steak, separable lean and fat, trimmed to 0"" fat, USDA select, cooked, broiled",sr_legacy_food,13,2019-04-01,151.5,26.08,5.24,0.0
174021,"Beef, chuck, top blade, separable lean and fat, trimmed to 0"" fat, choice, cooked, broiled",sr_legacy_food,13,2019-04-01,219.4,25.77,12.93,0.0
174022,"Beef, chuck, top blade, separable lean and fat, trimmed to 0"" fat, select, cooked, broiled",sr_legacy_food,13,2019-04-01,192.6,25.67,9.99,0.0
174023,"Beef, chuck, clod roast, separable lean and fat, trimmed to 0"" fat, choice, cooked, roasted",sr_legacy_food,13,2019-04-01,208.8,24.61,12.26,0.0
174024,"Beef, loin, bottom sirloin butt, tri-tip steak, separable lean and fat, trimmed to 0"" fat, all grades, cooked, broiled",sr_legacy_food,13,2019-04-01,256.5,29.97,15.18,0.0
174025,"Beef, chuck, mock tender steak, separable lean and fat, trimmed to 0"" fat, all grades, cooked, broiled",sr_legacy_food,13,2019-04-01,153.2,25.87,5.52,0.0
174026,"Beef, chuck, top blade, separable lean and fat, trimmed to 0"" fat, all grades, cooked, broiled",sr_legacy_food,13,2019-04-01,208.5,25.73,11.73,0.0
174027,"Beef, chuck, clod roast, separable lean and fat, trimmed to 0"" fat, all grades, cooked, roasted",sr_legacy_food,13,2019-04-01,200.4,25.7,10.84,0.0
174028,"Beef, ground, 95% lean meat / 5% fat, crumbles, cooked, pan-browned",sr_legacy_food,13,2019-04-01,184.9,29.17,7.58,0.0
174029,"Beef, ground, 95% lean meat / 5% fat, loaf, cooked, baked",sr_legacy_food,13,2019-04-01,166.6,27.31,6.37,0.0
174030,"Beef, ground, 90% lean meat / 10% fat, raw",sr_legacy_food,13,2019-04-01,170.0,20.0,10.0,0.0
174031,"Beef, ground, 90% lean meat / 10% fat, patty, cooked, broiled",sr_legacy_food,13,2019-04-01,210.2,26.11,11.75,0.0
174032,"Beef, ground, 85% lean meat / 15% fat, patty, cooked, broiled",sr_legacy_food,13,2019-04-01,242.4,25.93,15.41,0.0
174033,"Beef, ground, 85% lean meat / 15% fat, patty, cooked, pan-broiled",sr_legacy_food,13,2019-04-01,224.7,24.62,14.02,0.0
174034,"Beef, ground, 85% lean meat / 15% fat, crumbles, cooked, pan-browned",sr_legacy_food,13,2019-04-01,248.6,27.73,15.3,0.0
174035,"Beef, ground, 85% lean meat / 15% fat, loaf, cooked, baked",sr_legacy_food,13,2019-04-01,233.0,25.93,14.36,0.0
174036,"Beef, ground, 80% lean meat / 20% fat, raw",sr_legacy_food,13,2019-04-01,248.7,17.17,20.0,0.0
174037,"Beef, ground, 75% lean meat / 25% fat, raw",sr_legacy_food,13,2019-04-01,288.0,15.76,25.0,0.0
174038,"Beef, ground, 75% lean meat / 25% fat, patty, cooked, broiled",sr_legacy_food,13,2019-04-01,272.1,25.56,18.87,0.0
174039,"Beef, ground, 75% lean meat / 25% fat, patty, cooked, pan-broiled",sr_legacy_food,13,2019-04-01,241.8,23.45,16.44,0.0
174040,"Beef, ground, 75% lean meat / 25% fat, crumbles, cooked, pan-browned",sr_legacy_food,13,2019-04-01,269.0,26.28,18.21,0.0
174041,"Beef, short loin, top loin, steak, separable lean only, trimmed to 1/8"" fat, select, raw",sr_legacy_food,13,2019-04-01,127.2,23.07,3.88,0.0
174042,"Beef, rib, small end (ribs 10-12), separable lean only, trimmed to 1/8"" fat, select, cooked, broiled",sr_legacy_food,13,2019-04-01,179.5,30.87,6.22,0.0
174043,"Beef, tenderloin, steak, separable lean only, trimmed to 1/8"" fat, select, cooked, broiled",sr_legacy_food,13,2019-04-01,186.1,29.07,7.76,0.0
174044,"Beef, top sirloin, steak, separable lean only, trimmed to 1/8"" fat, select, cooked, broiled",sr_legacy_food,13,2019-04-01,162.0,29.34,4.96,0.0
174045,"Beef, round, bottom round, steak, separable lean only, trimmed to 1/8"" fat, select, cooked, braised",sr_legacy_food,13,2019-04-01,195.7,34.46,6.43,0.0
174046,"Beef, round, bottom round, roast, separable lean only, trimmed to 1/8"" fat, all grades, raw",sr_legacy_food,13,2019-04-01,127.6,22.19,4.31,0.0
174047,"Beef, brisket, flat half, separable lean only, trimmed to 1/8"" fat, all grades, cooked, braised",sr_legacy_food,13,2019-04-01,186.6,33.15,6.0,0.0
174048,"Beef, brisket, flat half, separable lean only, trimmed to 1/8"" fat, all grades, raw",sr_legacy_food,13,2019-04-01,120.8,21.57,3.84,0.0
174049,"Beef, round, eye of round, roast, separable lean only, trimmed to 1/8"" fat, all grades, raw",sr_legacy_food,13,2019-04-01,117.4,22.6,3.0,0.0
174050,"Beef, chuck, arm pot roast, separable lean only, trimmed to 1/8"" fat, all grades, cooked, braised",sr_legacy_food,13,2019-04-01,204.9,34.66,7.36,0.0
174051,"Beef, chuck, arm pot roast, separable lean only, trimmed to 1/8"" fat, all grades, raw",sr_legacy_food,13,2019-04-01,126.2,22.11,4.19,0.0
174052,"Beef, round, bottom round, roast, separable lean only, trimmed to 1/8"" fat, all grades, cooked",sr_legacy_food,13,2019-04-01,163.5,28.0,5.72,0.0
174053,"Beef, round, bottom round, steak, separable lean only, trimmed to 1/8"" fat, all grades, cooked, braised",sr_legacy_food,13,2019-04-01,206.9,34.34,7.73,0.0
174054,"Beef, top sirloin, steak, separable lean only, trimmed to 1/8"" fat, all grades, cooked, broiled",sr_legacy_food,13,2019-04-01,170.2,29.42,5.84,0.0
174055,"Beef, top sirloin, steak, separable lean only, trimmed to 1/8"" fat, all grades, raw",sr_legacy_food,13,2019-04-01,125.1,22.09,4.08,0.0
174056,"Beef, chuck, arm pot roast, separable lean only, trimmed to 1/8"" fat, choice, raw",sr_legacy_food,13,2019-04-01,133.3,21.96,5.05,0.0
174057,"Beef, brisket, flat half, separable lean only, trimmed to 1/8"" fat, choice, raw",sr_legacy_food,13,2019-04-01,123.3,21.69,4.06,0.0
174058,"Beef, round, bottom round, roast, separable lean only, trimmed to 1/8"" fat, choice, raw",sr_legacy_food,13,2019-04-01,133.5,22.22,4.96,0.0
174059,"Beef, round, bottom round, roast, separable lean only, trimmed to 1/8"" fat, choice, cooked, roasted",sr_legacy_food,13,2019-04-01,171.2,27.56,6.77,0.0
174060,"Beef, round, eye of round, roast, separable lean only, trimmed to 1/8"" fat, choice, cooked, roasted",sr_legacy_food,13,2019-04-01,167.2,29.87,5.3,0.0
174061,"Beef, round, top round, steak, separable lean only, trimmed to 1/8"" fat, choice, cooked, broiled",sr_legacy_food,13,2019-04-01,184.4,32.04,6.25,0.0
174062,"Soup, clam chowder, new england, canned, ready-to-serve",sr_legacy_food,6,2019-04-01,79.0,2.61,3.94,8.28
174063,"Soup, clam chowder, new england, reduced sodium, canned, ready-to-serve",sr_legacy_food,6,2019-04-01,70.1,2.33,4.23,5.68
174064,"Soup, chicken noodle, reduced sodium, canned, ready-to-serve",sr_legacy_food,6,2019-04-01,40.6,3.29,1.34,3.84
174065,"Soup, beef and vegetables, reduced sodium, canned, ready-to-serve",sr_legacy_food,6,2019-04-01,41.6,3.26,0.95,4.99
174066,"Sauce, sweet and sour, ready-to-serve",sr_legacy_food,6,2019-04-01,154.1,0.27,0.02,38.22
174067,"Sauce, cocktail, ready-to-serve",sr_legacy_food,6,2019-04-01,127.8,1.36,1.05,28.22
174068,"Dip, salsa con queso, cheese and salsa- medium",sr_legacy_food,6,2019-04-01,142.7,3.14,9.51,11.14
174069,"Dip, TOSTITOS, salsa con queso, medium",sr_legacy_food,6,2019-04-01,132.9,2.92,8.26,11.72
174070,"Sauce, peanut, made from peanut butter, water, soy sauce",sr_legacy_food,6,2019-04-01,257.5,6.31,16.02,22.02
174071,"Soup, chunky vegetable, reduced sodium, canned, ready-to-serve",sr_legacy_food,6,2019-04-01,50.3,1.16,0.51,10.28
174072,"Gravy, HEINZ Home Style, classic chicken",sr_legacy_food,6,2019-04-01,45.8,0.67,2.57,5.01
174073,"Soup, beef barley, ready to serve",sr_legacy_food,6,2019-04-01,51.6,2.81,0.96,7.94
174074,"Sauce, enchilada, red, mild, ready to serve",sr_legacy_food,6,2019-04-01,30.2,0.62,0.91,4.87
174075,"Bread, chapati or roti, whole wheat, commercially prepared, frozen",sr_legacy_food,18,2019-04-01,298.7,7.85,9.2,46.13
174076,"Bread, paratha, whole wheat, commercially prepared, frozen",sr_legacy_food,18,2019-04-01,325.6,6.36,13.2,45.35
174077,"Bread, naan, whole wheat, commercially prepared, refrigerated",sr_legacy_food,18,2019-04-01,285.9,10.2,6.7,46.21
174078,"Bread, roll, Mexican, bollilo",sr_legacy_food,18,2019-04-01,317.9,10.65,5.8,55.77
174079,"Cookie, butter or sugar, with chocolate icing or filling",sr_legacy_food,18,2019-04-01,503.2,4.1,23.5,68.83
174080,"Cookie, chocolate, with icing or coating",sr_legacy_food,18,2019-04-01,507.3,4.5,24.2,67.87
174081,"Tortillas, ready-to-bake or -fry, whole wheat",sr_legacy_food,18,2019-04-01,310.4,9.76,9.76,45.89
174082,"Cake, snack cakes, creme-filled, chocolate with frosting, low-fat, with added fiber",sr_legacy_food,18,2019-04-01,409.3,3.71,13.0,69.37
174083,"Cookies, graham crackers, plain or honey, lowfat",sr_legacy_food,18,2019-04-01,386.1,5.71,5.71,77.96
174084,"Crackers, cheese, whole grain",sr_legacy_food,18,2019-04-01,411.9,9.62,16.03,57.29
174085,"Waffles, whole wheat, lowfat, frozen, ready-to-heat",sr_legacy_food,18,2019-04-01,257.3,7.14,3.57,49.16
174086,"Pancakes, plain, reduced fat",sr_legacy_food,18,2019-04-01,269.2,5.71,1.9,57.32
174087,"Cookies, shortbread, reduced fat",sr_legacy_food,18,2019-04-01,451.4,5.37,14.0,75.99
174088,"Cookies, sugar wafer, chocolate-covered",sr_legacy_food,18,2019-04-01,526.1,3.45,27.59,65.99
174089,"Rolls, hamburger or hot dog, wheat/cracked wheat",sr_legacy_food,18,2019-04-01,268.5,11.69,3.61,47.31
174090,"Rolls, hamburger or hot dog, whole wheat",sr_legacy_food,18,2019-04-01,268.7,12.38,4.38,44.93
174091,"Bread, french or vienna, whole wheat",sr_legacy_food,18,2019-04-01,239.1,8.33,1.04,49.1
174092,"Bagels, whole grain white",sr_legacy_food,18,2019-04-01,255.3,9.3,0.0,54.52
174093,"English muffins, whole grain white",sr_legacy_food,18,2019-04-01,244.5,7.02,1.75,50.17
174094,"Rolls, hamburger, whole grain white, calcium-fortified",sr_legacy_food,18,2019-04-01,254.6,9.3,3.49,46.5
174095,"Cookies, chocolate chip sandwich, with creme filling",sr_legacy_food,18,2019-04-01,424.7,2.94,17.65,63.52
174096,"Cookies, chocolate, made with rice cereal",sr_legacy_food,18,2019-04-01,440.1,3.23,19.35,63.26
174097,"Cookies, marshmallow, with rice cereal and chocolate chips",sr_legacy_food,18,2019-04-01,434.9,4.55,18.18,63.26
174098,"Crackers, flavored, fish-shaped",sr_legacy_food,18,2019-04-01,462.7,10.16,17.71,65.67
174099,"Bread, gluten-free, white, made with potato extract, rice starch, and rice flour",sr_legacy_food,18,2019-04-01,320.1,3.13,10.7,52.83
174100,"Bread, gluten-free, white, made with rice flour, corn starch, and/or tapioca",sr_legacy_food,18,2019-04-01,247.5,4.31,5.24,45.78
174101,"Bread, gluten-free, white, made with tapioca starch and brown rice flour",sr_legacy_food,18,2019-04-01,298.4,5.4,8.02,51.15
174102,"Bread, gluten-free, whole grain, made with tapioca starch and brown rice flour",sr_legacy_food,18,2019-04-01,309.4,7.25,9.34,49.09
174103,"Crackers, gluten-free, multigrain and vegetable, made with corn starch and white rice flour",sr_legacy_food,18,2019-04-01,456.4,2.5,15.41,76.94
174104,"Crackers, gluten-free, multi-seeded and multigrain",sr_legacy_food,18,2019-04-01,452.8,11.25,15.84,66.3
174105,"Waffles, gluten-free, frozen, ready-to-heat",sr_legacy_food,18,2019-04-01,262.6,2.72,8.84,43.05
174106,"Pancakes, gluten-free, frozen, ready-to-heat",sr_legacy_food,18,2019-04-01,215.5,3.31,4.55,40.32
174107,"Rolls, dinner, sweet",sr_legacy_food,18,2019-04-01,320.8,10.04,7.37,53.58
174108,"Beverages,  Energy drink, Citrus",sr_legacy_food,14,2019-04-01,45.1,0.0,0.0,11.27
174109,"Alcoholic Beverage, wine, table, red, Mouvedre",sr_legacy_food,14,2019-04-01,10.8,0.07,0.0,2.64
174110,"Alcoholic beverage, wine, table, white, Chardonnay",sr_legacy_food,14,2019-04-01,8.9,0.07,0.0,2.16
174111,"Beverages, Kiwi Strawberry Juice Drink",sr_legacy_food,14,2019-04-01,49.0,0.0,0.0,12.26
174112,"Beverages, Apple juice drink, light, fortified with vitamin C",sr_legacy_food,14,2019-04-01,21.3,0.0,0.1,5.1
174113,"Beverages, POWERADE, Zero, Mixed Berry",sr_legacy_food,14,2019-04-01,0.6,0.0,0.0,0.14
174114,"Beverages, Carob-flavor beverage mix, powder",sr_legacy_food,14,2019-04-01,382.2,1.8,0.2,93.3
174115,"Beverages, Carob-flavor beverage mix, powder, prepared with whole milk",sr_legacy_food,14,2019-04-01,75.4,3.16,3.11,8.68
174116,"Beverages, coconut milk, sweetened, fortified with calcium, vitamins A, B12, D2",sr_legacy_food,14,2019-04-01,31.2,0.21,2.08,2.92
174117,"Beverages, chocolate syrup",sr_legacy_food,14,2019-04-01,279.0,2.1,1.13,65.1
174118,"Beverages, chocolate syrup, prepared with whole milk",sr_legacy_food,14,2019-04-01,90.0,3.07,2.96,12.78
174119,"Beverages, coffee, ready to drink, iced, mocha, milk based",sr_legacy_food,14,2019-04-01,60.4,1.48,0.98,11.42
174120,"Beverages, tea, Oolong, brewed",sr_legacy_food,14,2019-04-01,0.6,0.0,0.0,0.15
174121,"Beverages, tea, green, ready-to-drink, citrus, diet, fortified with vitamin C",sr_legacy_food,14,2019-04-01,1.2,0.0,0.0,0.31
174122,"Beverages, Cocoa mix, powder",sr_legacy_food,14,2019-04-01,397.6,6.67,4.0,83.73
174123,"Beverages, Cocoa mix, powder, prepared with water",sr_legacy_food,14,2019-04-01,54.8,0.92,0.55,11.54
174124,"Beverages, Cocoa mix, NESTLE, Hot Cocoa Mix Rich Chocolate With Marshmallows",sr_legacy_food,14,2019-04-01,446.2,2.8,15.0,75.0
174125,"Beverages, coffee, brewed, espresso, restaurant-prepared, decaffeinated",sr_legacy_food,14,2019-04-01,8.8,0.1,0.18,1.69
174126,"Beverages, coffee, instant, regular, half the caffeine",sr_legacy_food,14,2019-04-01,354.9,14.42,0.5,73.18
174127,"Beverages, coffee and cocoa, instant, decaffeinated, with whitener and low calorie sweetener",sr_legacy_food,14,2019-04-01,440.5,9.0,13.21,71.4
174128,"Beverages, tea, green, ready-to-drink, sweetened",sr_legacy_food,14,2019-04-01,26.8,0.0,0.22,6.2
174129,"Beverages, tea, ready-to-drink, lemon, diet",sr_legacy_food,14,2019-04-01,1.6,0.0,0.0,0.41
174130,"Beverages, coffee, instant, regular, prepared with water",sr_legacy_food,14,2019-04-01,1.8,0.1,0.0,0.34
174131,"Beverages, aloe vera juice drink, fortified with Vitamin C",sr_legacy_food,14,2019-04-01,15.0,0.0,0.0,3.75
174132,"Beverages, OCEAN SPRAY, Cran Grape",sr_legacy_food,14,2019-04-01,53.5,0.21,0.0,13.16
174133,"Beverages, coffee, instant, decaffeinated, powder",sr_legacy_food,14,2019-04-01,352.2,11.6,0.2,76.0
174134,"Beverages, coffee, instant, chicory",sr_legacy_food,14,2019-04-01,3.4,0.09,0.0,0.75
174135,"Beverages, coffee, instant, mocha, sweetened",sr_legacy_food,14,2019-04-01,460.2,5.29,15.87,74.04
174136,"Beverages, OCEAN SPRAY, Light Cranberry and Raspberry Flavored Juice",sr_legacy_food,14,2019-04-01,26.0,0.73,0.0,5.77
174137,"Beverages, OCEAN SPRAY, White Cranberry Strawberry Flavored Juice Drink",sr_legacy_food,14,2019-04-01,48.9,0.22,0.01,11.98
174138,"Beverages, coffee substitute, cereal grain beverage, powder",sr_legacy_food,14,2019-04-01,360.4,6.01,2.52,78.42
174139,"Beverages, coffee substitute, cereal grain beverage, prepared with water",sr_legacy_food,14,2019-04-01,6.0,0.1,0.04,1.3
174140,"Beverages, cranberry-apple juice drink, bottled",sr_legacy_food,14,2019-04-01,64.4,0.0,0.11,15.85
174141,"Alcoholic beverage, malt beer, hard lemonade",sr_legacy_food,14,2019-04-01,40.3,0.0,0.0,10.07
174142,"Beverages, cranberry-apricot juice drink, bottled",sr_legacy_food,14,2019-04-01,65.6,0.2,0.0,16.2
174143,"Beverages, tea, green, instant, decaffeinated, lemon, unsweetened, fortified with vitamin C",sr_legacy_food,14,2019-04-01,377.8,0.0,0.0,94.45
174144,"Beverages, tea, black, ready to drink",sr_legacy_food,14,2019-04-01,0.0,0.0,0.0,0.0
174145,"Alcoholic beverage, beer, light, higher alcohol",sr_legacy_food,14,2019-04-01,4.1,0.25,0.0,0.77
174146,"Beverages, AMBER, hard cider",sr_legacy_food,14,2019-04-01,23.7,0.0,0.0,5.92
174147,"Beverages, OCEAN SPRAY, Cran Cherry",sr_legacy_food,14,2019-04-01,51.8,0.19,0.0,12.76
174148,"Beverages, OCEAN SPRAY, Light Cranberry",sr_legacy_food,14,2019-04-01,19.8,0.22,0.01,4.72
174149,"Beverages, OCEAN SPRAY, White Cranberry Peach",sr_legacy_food,14,2019-04-01,48.1,0.13,0.01,11.88
174150,"Beverages, OCEAN SPRAY, Light Cranberry, Concord Grape",sr_legacy_food,14,2019-04-01,24.7,0.36,0.02,5.78
174151,"Beverages, Fruit punch drink, with added nutrients, canned",sr_legacy_food,14,2019-04-01,47.8,0.0,0.0,11.94
174152,"Beverages, Fruit punch drink, frozen concentrate",sr_legacy_food,14,2019-04-01,166.4,0.2,0.0,41.4
174153,"Beverages, Fruit punch drink, frozen concentrate, prepared with water",sr_legacy_food,14,2019-04-01,46.9,0.06,0.0,11.66
174154,"Beverages, coffee, instant, vanilla, sweetened, decaffeinated, with non dairy creamer",sr_legacy_food,14,2019-04-01,465.1,0.0,13.33,86.28
174155,"Beverages, tea, black, brewed, prepared with distilled water",sr_legacy_food,14,2019-04-01,1.2,0.0,0.0,0.3
174156,"Beverages, tea, herb, brewed, chamomile",sr_legacy_food,14,2019-04-01,0.8,0.0,0.0,0.2
174157,"Beverages, Wine, non-alcoholic",sr_legacy_food,14,2019-04-01,6.4,0.5,0.0,1.1
174158,"Water, bottled, generic",sr_legacy_food,14,2019-04-01,0.0,0.0,0.0,0.0
174159,"Beverages, chocolate-flavor beverage mix for milk, powder, with added nutrients",sr_legacy_food,14,2019-04-01,399.8,4.55,2.27,90.28
174160,"Beverages, chocolate-flavor beverage mix for milk, powder, with added nutrients, prepared with whole milk",sr_legacy_food,14,2019-04-01,89.1,3.27,3.17,11.87
174161,"Beverages, Water with added vitamins and minerals, bottles, sweetened, assorted fruit flavors",sr_legacy_food,14,2019-04-01,22.0,0.0,0.0,5.49
174162,"Beverages, V8 SPLASH Juice Drinks, Diet Berry Blend",sr_legacy_food,14,2019-04-01,4.9,0.0,0.0,1.23
174163,"Beverages, V8 SPLASH Juice Drinks, Diet Fruit Medley",sr_legacy_food,14,2019-04-01,5.0,0.0,0.0,1.26
174164,"Beverages, V8 SPLASH Juice Drinks, Diet Strawberry Kiwi",sr_legacy_food,14,2019-04-01,5.0,0.0,0.0,1.26
174165,"Beverages, V8 SPLASH Juice Drinks, Mango Peach",sr_legacy_food,14,2019-04-01,32.9,0.0,0.0,8.23
174166,"Beverages, V8 SPLASH Juice Drinks, Orange Pineapple",sr_legacy_food,14,2019-04-01,29.6,0.0,0.0,7.41
174167,"Beverages, V8 SPLASH Juice Drinks, Orchard Blend",sr_legacy_food,14,2019-04-01,31.3,0.0,0.0,7.82
174168,"Beverages, V8 SPLASH Juice Drinks, Strawberry Banana",sr_legacy_food,14,2019-04-01,29.6,0.0,0.0,7.41
174169,"Beverages, V8 V-FUSION Juices, Tropical",sr_legacy_food,14,2019-04-01,47.2,0.41,0.0,11.38
174170,"Beverages, V8 V- FUSION Juices, Acai Berry",sr_legacy_food,14,2019-04-01,43.9,0.0,0.0,10.98
174171,"Beverages, Energy drink, AMP",sr_legacy_food,14,2019-04-01,50.0,0.25,0.08,12.08
174172,"Beverages, Energy drink, FULL THROTTLE",sr_legacy_food,14,2019-04-01,50.0,0.25,0.08,12.08
174173,"Beverages, Vegetable and fruit juice drink, reduced calorie, with low-calorie sweetener, added vitamin C",sr_legacy_food,14,2019-04-01,4.4,0.0,0.0,1.1
174174,"Beverages, milk beverage, reduced fat, flavored and sweetened, Ready-to-drink,  added calcium, vitamin A and vitamin D",sr_legacy_food,14,2019-04-01,77.0,3.05,1.83,12.08
174175,"Beverages, vegetable and fruit juice blend, 100% juice, with added vitamins A, C, E",sr_legacy_food,14,2019-04-01,45.9,0.3,0.01,11.15
174176,"Beverages, fruit juice drink, reduced sugar, with vitamin E added",sr_legacy_food,14,2019-04-01,40.6,0.0,0.07,10.0
174177,"Beverages, Energy drink, VAULT Zero, sugar-free, citrus flavor",sr_legacy_food,14,2019-04-01,4.5,0.25,0.08,0.7
174178,"Beverages, PEPSICO QUAKER, Gatorade G2, low calorie",sr_legacy_food,14,2019-04-01,8.0,0.05,0.01,1.94
174179,"Beverages, Fruit flavored drink, less than 3% juice, not fortified with vitamin C",sr_legacy_food,14,2019-04-01,64.1,0.0,0.0,16.03
174180,"Beverages, Fruit flavored drink containing less than 3% fruit juice, with high vitamin C",sr_legacy_food,14,2019-04-01,26.7,0.0,0.0,6.67
174181,"Beverages, nutritional shake mix, high protein, powder",sr_legacy_food,14,2019-04-01,392.2,53.57,10.71,20.38
174182,"Fish, anchovy, european, raw",sr_legacy_food,15,2019-04-01,125.0,20.35,4.84,0.0
174183,"Fish, anchovy, european, canned in oil, drained solids",sr_legacy_food,15,2019-04-01,203.0,28.89,9.71,0.0
174184,"Fish, bass, fresh water, mixed species, raw",sr_legacy_food,15,2019-04-01,108.6,18.86,3.69,0.0
174185,"Fish, carp, cooked, dry heat",sr_legacy_food,15,2019-04-01,156.0,22.86,7.17,0.0
174186,"Fish, catfish, channel, wild, raw",sr_legacy_food,15,2019-04-01,90.9,16.38,2.82,0.0
174187,"Fish, catfish, channel, cooked, breaded and fried",sr_legacy_food,15,2019-04-01,224.5,18.09,13.33,8.04
174188,"Fish, caviar, black and red, granular",sr_legacy_food,15,2019-04-01,275.5,24.6,17.9,4.0
174189,"Fish, cod, Atlantic, canned, solids and liquid",sr_legacy_food,15,2019-04-01,98.8,22.76,0.86,0.0
174190,"Fish, cod, Atlantic, dried and salted",sr_legacy_food,15,2019-04-01,272.6,62.82,2.37,0.0
174191,"Fish, cod, Pacific, raw (may have been previously frozen)",sr_legacy_food,15,2019-04-01,64.8,15.27,0.41,0.0
174192,"Fish, croaker, Atlantic, raw",sr_legacy_food,15,2019-04-01,99.6,17.78,3.17,0.0
174193,"Fish, eel, mixed species, raw",sr_legacy_food,15,2019-04-01,178.7,18.44,11.66,0.0
174194,"Fish, eel, mixed species, cooked, dry heat",sr_legacy_food,15,2019-04-01,229.2,23.65,14.95,0.0
174195,"Fish, fish sticks, frozen, prepared",sr_legacy_food,15,2019-04-01,276.8,11.01,16.23,21.66
174196,"Fish, flatfish (flounder and sole species), raw",sr_legacy_food,15,2019-04-01,67.0,12.41,1.93,0.0
174197,"Fish, flatfish (flounder and sole species), cooked, dry heat",sr_legacy_food,15,2019-04-01,82.3,15.24,2.37,0.0
174198,"Fish, haddock, cooked, dry heat",sr_legacy_food,15,2019-04-01,84.9,19.99,0.55,0.0
174199,"Fish, haddock, smoked",sr_legacy_food,15,2019-04-01,109.6,25.23,0.96,0.0
174200,"Fish, halibut, Atlantic and Pacific, raw",sr_legacy_food,15,2019-04-01,86.2,18.56,1.33,0.0
174201,"Fish, halibut, Atlantic and Pacific, cooked, dry heat",sr_legacy_food,15,2019-04-01,104.6,22.54,1.61,0.0
174202,"Crustaceans, crab, alaska king, cooked, moist heat",sr_legacy_food,15,2019-04-01,91.3,19.35,1.54,0.0
174203,"Crustaceans, crab, alaska king, imitation, made from surimi",sr_legacy_food,15,2019-04-01,94.6,7.62,0.46,15.0
174204,"Crustaceans, crab, blue, raw",sr_legacy_food,15,2019-04-01,82.1,18.06,1.08,0.04
174205,"Crustaceans, crab, blue, cooked, moist heat",sr_legacy_food,15,2019-04-01,78.2,17.88,0.74,0.0
174206,"Crustaceans, crayfish, mixed species, wild, raw",sr_legacy_food,15,2019-04-01,72.4,15.97,0.95,0.0
174207,"Crustaceans, crayfish, mixed species, wild, cooked, moist heat",sr_legacy_food,15,2019-04-01,77.9,16.77,1.2,0.0
174208,"Crustaceans, lobster, northern, raw",sr_legacy_food,15,2019-04-01,72.8,16.52,0.75,0.0
174209,"Crustaceans, lobster, northern, cooked, moist heat",sr_legacy_food,15,2019-04-01,83.7,19.0,0.86,0.0
174210,"Crustaceans, shrimp, mixed species, raw (may contain additives to retain moisture)",sr_legacy_food,15,2019-04-01,67.2,13.61,1.01,0.91
174211,"Crustaceans, spiny lobster, mixed species, raw",sr_legacy_food,15,2019-04-01,105.7,20.6,1.51,2.43
174212,"Mollusks, abalone, mixed species, raw",sr_legacy_food,15,2019-04-01,99.3,17.1,0.76,6.01
174213,"Mollusks, abalone, mixed species, cooked, fried",sr_legacy_food,15,2019-04-01,183.7,19.63,6.78,11.05
174214,"Mollusks, clam, mixed species, raw",sr_legacy_food,15,2019-04-01,81.6,14.67,0.96,3.57
174215,"Mollusks, cuttlefish, mixed species, raw",sr_legacy_food,15,2019-04-01,74.5,16.24,0.7,0.82
174216,"Mollusks, mussel, blue, raw",sr_legacy_food,15,2019-04-01,82.5,11.9,2.24,3.69
174217,"Mollusks, mussel, blue, cooked, moist heat",sr_legacy_food,15,2019-04-01,165.1,23.8,4.48,7.39
174218,"Mollusks, octopus, common, raw",sr_legacy_food,15,2019-04-01,77.8,14.91,1.04,2.2
174219,"Mollusks, oyster, Pacific, raw",sr_legacy_food,15,2019-04-01,78.3,9.45,2.3,4.95
174220,"Mollusks, scallop, mixed species, raw",sr_legacy_food,15,2019-04-01,65.4,12.06,0.49,3.18
174221,"Mollusks, scallop, mixed species, cooked, breaded and fried",sr_legacy_food,15,2019-04-01,211.3,18.07,10.94,10.13
174222,"Mollusks, scallop, mixed species, imitation, made from surimi",sr_legacy_food,15,2019-04-01,97.2,12.77,0.41,10.62
174223,"Mollusks, squid, mixed species, raw",sr_legacy_food,15,2019-04-01,87.1,15.58,1.38,3.08
174224,"Fish, salmon, chum, canned, without salt, drained solids with bone",sr_legacy_food,15,2019-04-01,135.2,21.43,5.5,0.0
174225,"Fish, salmon, pink, canned, without salt, solids with bone and liquid",sr_legacy_food,15,2019-04-01,133.6,19.78,6.05,0.0
174226,"Fish, salmon, sockeye, canned, without salt, drained solids with bone",sr_legacy_food,15,2019-04-01,147.7,20.47,7.31,0.0
174227,"Fish, tuna, light, canned in oil, without salt, drained solids",sr_legacy_food,15,2019-04-01,190.4,29.13,8.21,0.0
174228,"Fish, bass, striped, cooked, dry heat",sr_legacy_food,15,2019-04-01,117.8,22.73,2.99,0.0
174229,"Fish, bluefish, cooked, dry heat",sr_legacy_food,15,2019-04-01,151.7,25.69,5.44,0.0
174230,"Fish, burbot, cooked, dry heat",sr_legacy_food,15,2019-04-01,108.4,24.76,1.04,0.0
174231,"Fish, butterfish, cooked, dry heat",sr_legacy_food,15,2019-04-01,181.1,22.15,10.28,0.0
174232,"Fish, halibut, greenland, cooked, dry heat",sr_legacy_food,15,2019-04-01,233.3,18.42,17.74,0.0
174233,"Fish, herring, Pacific, cooked, dry heat",sr_legacy_food,15,2019-04-01,244.2,21.01,17.79,0.0
174234,"Fish, ling, cooked, dry heat",sr_legacy_food,15,2019-04-01,104.8,24.35,0.82,0.0
174235,"Fish, lingcod, cooked, dry heat",sr_legacy_food,15,2019-04-01,102.8,22.64,1.36,0.0
174236,"Fish, mackerel, king, cooked, dry heat",sr_legacy_food,15,2019-04-01,127.0,26.0,2.56,0.0
174237,"Fish, pollock, Atlantic, cooked, dry heat",sr_legacy_food,15,2019-04-01,111.0,24.92,1.26,0.0
174238,"Fish, pout, ocean, cooked, dry heat",sr_legacy_food,15,2019-04-01,95.8,21.33,1.17,0.0
174239,"Fish, roe, mixed species, cooked, dry heat",sr_legacy_food,15,2019-04-01,196.2,28.62,8.23,1.92
174240,"Fish, sablefish, cooked, dry heat",sr_legacy_food,15,2019-04-01,245.3,17.19,19.62,0.0
174241,"Fish, scup, cooked, dry heat",sr_legacy_food,15,2019-04-01,128.3,24.21,3.5,0.0
174242,"Fish, seatrout, mixed species, cooked, dry heat",sr_legacy_food,15,2019-04-01,127.5,21.46,4.63,0.0
174243,"Fish, shad, american, cooked, dry heat",sr_legacy_food,15,2019-04-01,245.7,21.71,17.65,0.0
174244,"Fish, spot, cooked, dry heat",sr_legacy_food,15,2019-04-01,151.4,23.73,6.28,0.0
174245,"Fish, turbot, european, cooked, dry heat",sr_legacy_food,15,2019-04-01,116.3,20.58,3.78,0.0
174246,"Fish, whitefish, mixed species, cooked, dry heat",sr_legacy_food,15,2019-04-01,165.5,24.47,7.51,0.0
174247,"Fish, wolffish, Atlantic, cooked, dry heat",sr_legacy_food,15,2019-04-01,117.3,22.44,3.06,0.0
174248,"Fish, yellowtail, mixed species, cooked, dry heat",sr_legacy_food,15,2019-04-01,179.2,29.67,6.72,0.0
174249,"Mollusks, octopus, common, cooked, moist heat",sr_legacy_food,15,2019-04-01,155.6,29.82,2.08,4.4
174250,"Mollusks, oyster, Pacific, cooked, moist heat",sr_legacy_food,15,2019-04-01,156.6,18.9,4.6,9.9
174251,"Fish, roughy, orange, cooked, dry heat",sr_legacy_food,15,2019-04-01,98.7,22.64,0.9,0.0
174252,"Lima beans, large, mature seeds, raw",sr_legacy_food,16,2019-04-01,345.6,21.46,0.69,63.38
174253,"Lima beans, large, mature seeds, cooked, boiled, without salt",sr_legacy_food,16,2019-04-01,118.1,7.8,0.38,20.88
174254,"Lima beans, large, mature seeds, canned",sr_legacy_food,16,2019-04-01,80.9,4.93,0.17,14.91
174255,"Lima beans, thin seeded (baby), mature seeds, raw",sr_legacy_food,16,2019-04-01,342.2,20.62,0.93,62.83
174256,"Mung beans, mature seeds, raw",sr_legacy_food,16,2019-04-01,356.3,23.86,1.15,62.62
174257,"Mung beans, mature seeds, cooked, boiled, without salt",sr_legacy_food,16,2019-04-01,108.1,7.02,0.38,19.15
174258,"Noodles, chinese, cellophane or long rice (mung beans), dehydrated",sr_legacy_food,16,2019-04-01,345.5,0.16,0.06,86.09
174259,"Mungo beans, mature seeds, raw",sr_legacy_food,16,2019-04-01,351.6,25.21,1.64,58.99
174260,"Peanuts, all types, cooked, boiled, with salt",sr_legacy_food,16,2019-04-01,337.1,13.5,22.01,21.26
174261,"Peanuts, all types, oil-roasted, with salt",sr_legacy_food,16,2019-04-01,645.7,28.03,52.5,15.26
174262,"Peanuts, all types, dry-roasted, with salt",sr_legacy_food,16,2019-04-01,629.4,24.35,49.66,21.26
174263,"Peanuts, spanish, raw",sr_legacy_food,16,2019-04-01,614.3,26.15,49.6,15.83
174264,"Peanuts, virginia, oil-roasted, with salt",sr_legacy_food,16,2019-04-01,620.5,25.87,48.62,19.86
174265,"Peanut butter, chunk style, with salt",sr_legacy_food,16,2019-04-01,632.0,24.06,49.94,21.57
174266,"Peanut butter, smooth style, with salt (Includes foods for USDA's Food Distribution Program)",sr_legacy_food,16,2019-04-01,640.3,22.21,51.36,22.31
174267,"Peanut flour, defatted",sr_legacy_food,16,2019-04-01,352.6,52.2,0.55,34.7
174268,Meat extender,sr_legacy_food,16,2019-04-01,332.4,41.71,2.97,34.71
174269,"Sausage, meatless",sr_legacy_food,16,2019-04-01,276.9,20.28,18.16,8.09
174270,"Soybeans, mature seeds, raw",sr_legacy_food,16,2019-04-01,446.1,36.49,19.94,30.16
174271,"Soybeans, mature cooked, boiled, without salt",sr_legacy_food,16,2019-04-01,187.0,18.21,8.97,8.36
174272,Tempeh,sr_legacy_food,16,2019-04-01,208.9,20.29,10.8,7.64
174273,"Soy flour, full-fat, raw",sr_legacy_food,16,2019-04-01,464.8,37.81,20.65,31.92
174274,"Soy flour, full-fat, roasted",sr_legacy_food,16,2019-04-01,470.6,38.09,21.86,30.38
174275,"Soy flour, defatted",sr_legacy_food,16,2019-04-01,352.5,51.46,1.22,33.92
174276,Soy protein isolate,sr_legacy_food,16,2019-04-01,383.8,88.32,3.39,0.0
174277,Soy sauce made from soy and wheat (shoyu),sr_legacy_food,16,2019-04-01,57.4,8.14,0.57,4.93
174278,Soy sauce made from soy (tamari),sr_legacy_food,16,2019-04-01,65.2,10.51,0.1,5.57
174279,Soy sauce made from hydrolyzed vegetable protein,sr_legacy_food,16,2019-04-01,64.0,7.0,0.51,7.84
174280,"Tofu, salted and fermented (fuyu)",sr_legacy_food,16,2019-04-01,125.2,8.92,8.0,4.38
174281,"Yardlong beans, mature seeds, raw",sr_legacy_food,16,2019-04-01,356.8,24.33,1.31,61.91
174282,"Yardlong beans, mature seeds, cooked, boiled, without salt",sr_legacy_food,16,2019-04-01,121.6,8.29,0.45,21.09
174283,"Winged beans, mature seeds, raw",sr_legacy_food,16,2019-04-01,432.3,29.65,16.32,41.71
174284,"Lentils, pink or red, raw",sr_legacy_food,16,2019-04-01,367.6,23.91,2.17,63.1
174285,"Beans, kidney, red, mature seeds, canned, drained solids",sr_legacy_food,16,2019-04-01,127.3,7.98,1.05,21.49
174286,"Beans, pinto, canned, drained solids",sr_legacy_food,16,2019-04-01,116.9,6.99,0.9,20.22
174287,"Veggie burgers or soyburgers, unprepared",sr_legacy_food,16,2019-04-01,176.6,15.7,6.3,14.27
174288,Chickpea flour (besan),sr_legacy_food,16,2019-04-01,381.0,22.39,6.69,57.82
174289,"Hummus, commercial",sr_legacy_food,16,2019-04-01,251.5,7.78,17.82,15.0
174290,"Tofu, extra firm, prepared with nigari",sr_legacy_food,16,2019-04-01,92.0,9.98,5.26,1.18
174291,"Tofu, hard, prepared with nigari",sr_legacy_food,16,2019-04-01,158.2,12.68,9.99,4.39
174292,"MORI-NU, Tofu, silken, soft",sr_legacy_food,16,2019-04-01,55.1,4.8,2.7,2.9
174293,"Soymilk, chocolate, unfortified",sr_legacy_food,16,2019-04-01,62.6,2.26,1.53,9.95
174294,"Peanut Butter, smooth (Includes foods for USDA's Food Distribution Program)",sr_legacy_food,16,2019-04-01,629.5,21.93,49.54,23.98
174295,"Soymilk, chocolate, with added calcium, vitamins A and D",sr_legacy_food,16,2019-04-01,62.6,2.26,1.53,9.95
174296,"Refried beans, canned, vegetarian",sr_legacy_food,16,2019-04-01,83.0,5.28,0.87,13.5
174297,"Vitasoy USA, Organic Nasoya Super Firm Cubed Tofu",sr_legacy_food,16,2019-04-01,117.5,12.4,6.3,2.8
174298,"Refried beans, canned, traditional, reduced sodium",sr_legacy_food,16,2019-04-01,92.2,4.98,2.01,13.55
174299,"Soybeans, mature seeds, cooked, boiled, with salt",sr_legacy_food,16,2019-04-01,187.0,18.21,8.97,8.36
174300,"Soybeans, mature seeds, roasted, no salt added",sr_legacy_food,16,2019-04-01,503.7,38.55,25.4,30.22
174301,"Soy protein concentrate, produced by acid wash",sr_legacy_food,16,2019-04-01,360.3,63.63,0.46,25.41
174302,"Soy protein isolate, potassium type",sr_legacy_food,16,2019-04-01,368.4,88.32,0.53,2.59
174303,"Tofu, dried-frozen (koyadofu), prepared with calcium sulfate",sr_legacy_food,16,2019-04-01,516.0,52.43,30.34,8.3
174304,"Tofu, fried, prepared with calcium sulfate",sr_legacy_food,16,2019-04-01,292.3,18.82,20.18,8.86
174305,"Tofu, salted and fermented (fuyu), prepared with calcium sulfate",sr_legacy_food,16,2019-04-01,125.2,8.15,8.0,5.15
174306,"Yardlong beans, mature seeds, cooked, boiled, with salt",sr_legacy_food,16,2019-04-01,121.6,8.29,0.45,21.09
174307,"Lamb, composite of trimmed retail cuts, separable lean only, trimmed to 1/4"" fat, choice, raw",sr_legacy_food,17,2019-04-01,128.4,20.29,5.25,0.0
174308,"Lamb, composite of trimmed retail cuts, separable lean only, trimmed to 1/4"" fat, choice, cooked",sr_legacy_food,17,2019-04-01,198.6,28.22,9.52,0.0
174309,"Lamb, composite of trimmed retail cuts, separable fat, trimmed to 1/4"" fat, choice, raw",sr_legacy_food,17,2019-04-01,662.1,6.65,70.61,0.0
174310,"Lamb, composite of trimmed retail cuts, separable fat, trimmed to 1/4"" fat, choice, cooked",sr_legacy_food,17,2019-04-01,581.3,12.16,59.18,0.0
174311,"Lamb, leg, whole (shank and sirloin), separable lean and fat, trimmed to 1/4"" fat, choice, raw",sr_legacy_food,17,2019-04-01,225.3,17.91,17.07,0.0
174312,"Lamb, leg, whole (shank and sirloin), separable lean and fat, trimmed to 1/4"" fat, choice, cooked, roasted",sr_legacy_food,17,2019-04-01,250.5,25.55,16.48,0.0
174313,"Lamb, leg, whole (shank and sirloin), separable lean only, trimmed to 1/4"" fat, choice, raw",sr_legacy_food,17,2019-04-01,122.8,20.56,4.51,0.0
174314,"Lamb, leg, whole (shank and sirloin), separable lean only, trimmed to 1/4"" fat, choice, cooked, roasted",sr_legacy_food,17,2019-04-01,182.9,28.3,7.74,0.0
174315,"Lamb, leg, shank half, separable lean and fat, trimmed to 1/4"" fat, choice, raw",sr_legacy_food,17,2019-04-01,195.7,18.58,13.49,0.0
174316,"Lamb, leg, sirloin half, separable lean and fat, trimmed to 1/4"" fat, choice, cooked, roasted",sr_legacy_food,17,2019-04-01,284.6,24.63,20.67,0.0
174317,"Lamb, leg, sirloin half, separable lean only, trimmed to 1/4"" fat, choice, raw",sr_legacy_food,17,2019-04-01,127.9,20.55,5.08,0.0
174318,"Lamb, leg, sirloin half, separable lean only, trimmed to 1/4"" fat, choice, cooked, roasted",sr_legacy_food,17,2019-04-01,195.9,28.35,9.17,0.0
174319,"Lamb, loin, separable lean and fat, trimmed to 1/4"" fat, choice, raw",sr_legacy_food,17,2019-04-01,305.0,16.32,26.63,0.0
174320,"Lamb, loin, separable lean only, trimmed to 1/4"" fat, choice, cooked, roasted",sr_legacy_food,17,2019-04-01,194.2,26.59,9.76,0.0
174321,"Lamb, rib, separable lean and fat, trimmed to 1/4"" fat, choice, raw",sr_legacy_food,17,2019-04-01,367.6,14.52,34.39,0.0
174322,"Lamb, rib, separable lean and fat, trimmed to 1/4"" fat, choice, cooked, broiled",sr_legacy_food,17,2019-04-01,354.8,22.13,29.59,0.0
174323,"Lamb, rib, separable lean and fat, trimmed to 1/4"" fat, choice, cooked, roasted",sr_legacy_food,17,2019-04-01,352.9,21.12,29.82,0.0
174324,"Lamb, shoulder, whole (arm and blade), separable lean and fat, trimmed to 1/4"" fat, choice, cooked, broiled",sr_legacy_food,17,2019-04-01,271.0,24.42,19.26,0.0
174325,"Lamb, shoulder, whole (arm and blade), separable lean and fat, trimmed to 1/4"" fat, choice, cooked, roasted",sr_legacy_food,17,2019-04-01,269.8,22.51,19.97,0.0
174326,"Lamb, shoulder, whole (arm and blade), separable lean only, trimmed to 1/4"" fat, choice, raw",sr_legacy_food,17,2019-04-01,139.0,19.55,6.76,0.0
174327,"Lamb, shoulder, whole (arm and blade), separable lean only, trimmed to 1/4"" fat, choice, cooked, braised",sr_legacy_food,17,2019-04-01,274.2,32.81,15.89,0.0
174328,"Lamb, shoulder, arm, separable lean and fat, trimmed to 1/4"" fat, choice, cooked, broiled",sr_legacy_food,17,2019-04-01,273.7,24.44,19.55,0.0
174329,"Lamb, shoulder, arm, separable lean and fat, trimmed to 1/4"" fat, choice, cooked, roasted",sr_legacy_food,17,2019-04-01,272.3,22.53,20.24,0.0
174330,"Lamb, shoulder, arm, separable lean only, trimmed to 1/4"" fat, choice, raw",sr_legacy_food,17,2019-04-01,126.8,19.99,5.2,0.0
174331,"Lamb, shoulder, arm, separable lean only, trimmed to 1/4"" fat, choice, cooked, braised",sr_legacy_food,17,2019-04-01,268.9,35.54,14.08,0.0
174332,"Lamb, shoulder, blade, separable lean and fat, trimmed to 1/4"" fat, choice, cooked, broiled",sr_legacy_food,17,2019-04-01,271.8,23.08,19.94,0.0
174333,"Lamb, shoulder, blade, separable lean and fat, trimmed to 1/4"" fat, choice, cooked, roasted",sr_legacy_food,17,2019-04-01,274.5,22.25,20.61,0.0
174334,"Lamb, shoulder, blade, separable lean only, trimmed to 1/4"" fat, choice, raw",sr_legacy_food,17,2019-04-01,145.8,19.29,7.63,0.0
174335,"Lamb, shoulder, blade, separable lean only, trimmed to 1/4"" fat, choice, cooked, braised",sr_legacy_food,17,2019-04-01,279.2,32.35,16.64,0.0
174336,"Lamb, New Zealand, imported, frozen, composite of trimmed retail cuts, separable lean and fat, raw",sr_legacy_food,17,2019-04-01,271.6,16.74,22.74,0.0
174337,"Lamb, New Zealand, imported, frozen, composite of trimmed retail cuts, separable lean and fat, cooked",sr_legacy_food,17,2019-04-01,298.0,24.42,22.26,0.0
174338,"Lamb, New Zealand, imported, frozen, composite of trimmed retail cuts, separable lean only, raw",sr_legacy_food,17,2019-04-01,122.7,20.75,4.41,0.0
174339,"Lamb, New Zealand, imported, frozen, composite of trimmed retail cuts, separable lean only, cooked",sr_legacy_food,17,2019-04-01,198.1,29.59,8.86,0.0
174340,"Lamb, New Zealand, imported, fore-shank, separable lean only, raw",sr_legacy_food,17,2019-04-01,122.1,22.05,3.77,0.0
174341,"Lamb, New Zealand, imported, fore-shank, separable lean only, cooked, braised",sr_legacy_food,17,2019-04-01,208.8,33.31,8.4,0.0
174342,"Lamb, New Zealand, imported, leg chop/steak, bone-in, separable lean and fat, raw",sr_legacy_food,17,2019-04-01,205.8,18.64,14.52,0.13
174343,"Lamb, New Zealand, imported, frozen, leg, whole (shank and sirloin), separable lean and fat, cooked, roasted",sr_legacy_food,17,2019-04-01,239.3,24.81,15.56,0.0
174344,"Game meat, moose, raw",sr_legacy_food,17,2019-04-01,95.6,22.24,0.74,0.0
174345,"Game meat, moose, cooked, roasted",sr_legacy_food,17,2019-04-01,125.8,29.27,0.97,0.0
174346,"Game meat, rabbit, domesticated, composite of cuts, cooked, stewed",sr_legacy_food,17,2019-04-01,197.2,30.38,8.41,0.0
174347,"Game meat, rabbit, wild, raw",sr_legacy_food,17,2019-04-01,108.0,21.79,2.32,0.0
174348,"Game meat, rabbit, wild, cooked, stewed",sr_legacy_food,17,2019-04-01,163.7,33.02,3.51,0.0
174349,"Game meat, raccoon, cooked, roasted",sr_legacy_food,17,2019-04-01,247.3,29.2,14.5,0.0
174350,"Lamb, variety meats and by-products, brain, cooked, pan-fried",sr_legacy_food,17,2019-04-01,267.6,16.97,22.19,0.0
174351,"Veal, variety meats and by-products, brain, raw",sr_legacy_food,17,2019-04-01,115.2,10.32,8.21,0.0
174352,"Veal, variety meats and by-products, brain, cooked, braised",sr_legacy_food,17,2019-04-01,132.6,11.48,9.63,0.0
174353,"Veal, variety meats and by-products, brain, cooked, pan-fried",sr_legacy_food,17,2019-04-01,208.7,14.48,16.75,0.0
174354,"Lamb, variety meats and by-products, kidneys, raw",sr_legacy_food,17,2019-04-01,92.8,15.74,2.95,0.82
174355,"Lamb, variety meats and by-products, kidneys, cooked, braised",sr_legacy_food,17,2019-04-01,131.1,23.65,3.62,0.99
174356,"Veal, variety meats and by-products, kidneys, raw",sr_legacy_food,17,2019-04-01,94.5,15.76,3.12,0.85
174357,"Veal, variety meats and by-products, kidneys, cooked, braised",sr_legacy_food,17,2019-04-01,156.2,26.32,5.66,0.0
174358,"Veal, variety meats and by-products, liver, cooked, pan-fried",sr_legacy_food,17,2019-04-01,186.0,27.37,6.51,4.47
174359,"Lamb, variety meats and by-products, lungs, raw",sr_legacy_food,17,2019-04-01,90.2,16.7,2.6,0.0
174360,"Lamb, variety meats and by-products, lungs, cooked, braised",sr_legacy_food,17,2019-04-01,107.4,19.88,3.1,0.0
174361,"Veal, variety meats and by-products, lungs, raw",sr_legacy_food,17,2019-04-01,85.9,16.3,2.3,0.0
174362,"Veal, variety meats and by-products, pancreas, raw",sr_legacy_food,17,2019-04-01,177.9,15.0,13.1,0.0
174363,"Veal, variety meats and by-products, pancreas, cooked, braised",sr_legacy_food,17,2019-04-01,247.8,29.1,14.6,0.0
174364,"Lamb, variety meats and by-products, spleen, raw",sr_legacy_food,17,2019-04-01,96.7,17.2,3.1,0.0
174365,"Lamb, variety meats and by-products, spleen, cooked, braised",sr_legacy_food,17,2019-04-01,148.8,26.46,4.77,0.0
174366,"Lamb, variety meats and by-products, tongue, raw",sr_legacy_food,17,2019-04-01,217.3,15.7,17.17,0.0
174367,"Lamb, variety meats and by-products, tongue, cooked, braised",sr_legacy_food,17,2019-04-01,268.8,21.57,20.28,0.0
174368,"Veal, variety meats and by-products, tongue, raw",sr_legacy_food,17,2019-04-01,125.7,17.18,5.48,1.91
174369,"Veal, variety meats and by-products, tongue, cooked, braised",sr_legacy_food,17,2019-04-01,194.3,25.85,10.1,0.0
174370,"Lamb, ground, raw",sr_legacy_food,17,2019-04-01,276.9,16.56,23.41,0.0
174371,"Lamb, foreshank, separable lean and fat, trimmed to 1/8"" fat, cooked, braised",sr_legacy_food,17,2019-04-01,234.6,28.37,13.46,0.0
174372,"Lamb, leg, whole (shank and sirloin), separable lean and fat, trimmed to 1/8"" fat, choice, raw",sr_legacy_food,17,2019-04-01,203.7,18.47,14.42,0.0
174373,"Lamb, leg, whole (shank and sirloin), separable lean and fat, trimmed to 1/8"" fat, choice, cooked, roasted",sr_legacy_food,17,2019-04-01,234.6,26.2,14.42,0.0
174374,"Lamb, leg, shank half, separable lean and fat, trimmed to 1/8"" fat, choice, raw",sr_legacy_food,17,2019-04-01,179.5,18.99,11.5,0.0
174375,"Lamb, loin, separable lean and fat, trimmed to 1/8"" fat, choice, cooked, broiled",sr_legacy_food,17,2019-04-01,289.7,26.06,20.61,0.0
174376,"Lamb, loin, separable lean and fat, trimmed to 1/8"" fat, choice, cooked, roasted",sr_legacy_food,17,2019-04-01,283.2,23.27,21.12,0.0
174377,"Lamb, rib, separable lean and fat, trimmed to 1/8"" fat, choice, raw",sr_legacy_food,17,2019-04-01,337.7,15.32,30.71,0.0
174378,"Lamb, rib, separable lean and fat, trimmed to 1/8"" fat, choice, cooked, broiled",sr_legacy_food,17,2019-04-01,333.6,23.06,26.82,0.0
174379,"Lamb, shoulder, whole (arm and blade), separable lean and fat, trimmed to 1/8"" fat, choice, cooked, roasted",sr_legacy_food,17,2019-04-01,262.5,22.7,19.08,0.0
174380,"Lamb, shoulder, arm, separable lean and fat, trimmed to 1/8"" fat, choice, raw",sr_legacy_food,17,2019-04-01,239.2,17.19,18.94,0.0
174381,"Lamb, shoulder, arm, separable lean and fat, trimmed to 1/8"" fat, choice, cooked, braised",sr_legacy_food,17,2019-04-01,328.2,31.1,22.65,0.0
174382,"Lamb, shoulder, arm, separable lean and fat, trimmed to 1/8"" fat, cooked, broiled",sr_legacy_food,17,2019-04-01,262.1,24.91,18.05,0.0
174383,"Lamb, shoulder, arm, separable lean and fat, trimmed to 1/8"" fat, choice, roasted",sr_legacy_food,17,2019-04-01,260.5,22.93,18.75,0.0
174384,"Lamb, New Zealand, imported, frozen, composite of trimmed retail cuts, separable lean and fat, trimmed to 1/8"" fat, raw",sr_legacy_food,17,2019-04-01,226.6,17.95,17.2,0.0
174385,"Lamb, New Zealand, imported, frozen, composite of trimmed retail cuts, separable lean and fat, trimmed to 1/8"" fat, cooked",sr_legacy_food,17,2019-04-01,262.9,25.26,17.98,0.0
174386,"Lamb, New Zealand, imported, frozen, foreshank, separable lean and fat, trimmed to 1/8"" fat, raw",sr_legacy_food,17,2019-04-01,217.5,18.04,16.15,0.0
174387,"Lamb, New Zealand, imported, frozen, foreshank, separable lean and fat, trimmed to 1/8"" fat, cooked, braised",sr_legacy_food,17,2019-04-01,250.4,26.97,15.83,0.0
174388,"Lamb, new zealand, imported, frozen, rib, separable lean and fat, trimmed to 1/8"" fat, raw",sr_legacy_food,17,2019-04-01,306.5,15.87,27.0,0.0
174389,"Lamb, New Zealand, imported, frozen, rib, separable lean and fat, trimmed to 1/8"" fat, cooked, roasted",sr_legacy_food,17,2019-04-01,311.1,19.86,25.74,0.0
174390,"Lamb, New Zealand, imported, frozen, shoulder, whole (arm and blade), separable lean and fat, trimmed to 1/8"" fat, raw",sr_legacy_food,17,2019-04-01,246.4,17.19,19.74,0.0
174391,"Lamb, New Zealand, imported, frozen, shoulder, whole (arm and blade), separable lean and fat, trimmed to 1/8"" fat, cooked, braised",sr_legacy_food,17,2019-04-01,334.0,29.43,24.03,0.0
174392,"Veal, breast, whole, boneless, separable lean and fat, raw",sr_legacy_food,17,2019-04-01,202.6,17.47,14.75,0.0
174393,"Veal, breast, whole, boneless, separable lean and fat, cooked, braised",sr_legacy_food,17,2019-04-01,258.8,26.97,16.77,0.0
174394,"Veal, breast, plate half, boneless, separable lean and fat, cooked, braised",sr_legacy_food,17,2019-04-01,274.3,25.93,18.95,0.0
174395,"Veal, breast, point half, boneless, separable lean and fat, cooked, braised",sr_legacy_food,17,2019-04-01,240.4,28.23,14.16,0.0
174396,"Veal, breast, whole, boneless, separable lean only, cooked, braised",sr_legacy_food,17,2019-04-01,209.5,30.32,9.8,0.0
174397,"Lamb, Australian, imported, fresh, composite of trimmed retail cuts, separable lean and fat, trimmed to 1/8"" fat, raw",sr_legacy_food,17,2019-04-01,224.1,17.84,16.97,0.0
174398,"Lamb, Australian, imported, fresh, composite of trimmed retail cuts, separable lean and fat, trimmed to 1/8"" fat, cooked",sr_legacy_food,17,2019-04-01,249.5,24.52,16.82,0.0
174399,"Lamb, Australian, imported, fresh, composite of trimmed retail cuts, separable lean only, trimmed to 1/8"" fat, raw",sr_legacy_food,17,2019-04-01,136.6,20.25,6.18,0.0
174400,"Lamb, Australian, imported, fresh, composite of trimmed retail cuts, separable lean only, trimmed to 1/8"" fat, cooked",sr_legacy_food,17,2019-04-01,193.5,26.71,9.63,0.0
174401,"Lamb, Australian, imported, fresh, foreshank, separable lean only, trimmed to 1/8"" fat, raw",sr_legacy_food,17,2019-04-01,117.6,20.83,3.81,0.0
174402,"Lamb, Australian, imported, fresh, foreshank, separable lean only, trimmed to 1/8"" fat, cooked, braised",sr_legacy_food,17,2019-04-01,157.0,27.5,5.22,0.0
174403,"Lamb, Australian, imported, fresh, leg, whole (shank and sirloin), separable lean and fat, trimmed to 1/8"" fat, raw",sr_legacy_food,17,2019-04-01,209.7,18.24,15.19,0.0
174404,"Lamb, Australian, imported, fresh, leg, whole (shank and sirloin), separable lean and fat, trimmed to 1/8"" fat, cooked, roasted",sr_legacy_food,17,2019-04-01,236.8,25.16,15.13,0.0
174405,"Lamb, Australian, imported, fresh, leg, shank half, separable lean only, trimmed to 1/8"" fat, cooked, roasted",sr_legacy_food,17,2019-04-01,174.1,27.18,7.27,0.0
174406,"Lamb, Australian, imported, fresh, leg, sirloin half, boneless, separable lean and fat, trimmed to 1/8"" fat, raw",sr_legacy_food,17,2019-04-01,249.0,17.25,20.0,0.0
174407,"Lamb, Australian, imported, fresh, leg, sirloin half, boneless, separable lean and fat, trimmed to 1/8"" fat, cooked, roasted",sr_legacy_food,17,2019-04-01,273.9,24.88,19.38,0.0
174408,"Lamb, Australian, imported, fresh, leg, sirloin half, boneless, separable lean only, trimmed to 1/8"" fat, raw",sr_legacy_food,17,2019-04-01,132.7,20.48,5.64,0.0
174409,"Lamb, Australian, imported, fresh, leg, sirloin chops, boneless, separable lean only, trimmed to 1/8"" fat, cooked, broiled",sr_legacy_food,17,2019-04-01,180.7,27.63,7.8,0.0
174410,"Lamb, Australian, imported, fresh, leg, center slice, bone-in, separable lean and fat, trimmed to 1/8"" fat, raw",sr_legacy_food,17,2019-04-01,189.7,19.17,12.56,0.0
174411,"Lamb, Australian, imported, fresh, leg, center slice, bone-in, separable lean and fat, trimmed to 1/8"" fat, cooked, broiled",sr_legacy_food,17,2019-04-01,208.2,25.54,11.78,0.0
174412,"Lamb, Australian, imported, fresh, leg, center slice, bone-in, separable lean only, trimmed to 1/8"" fat, raw",sr_legacy_food,17,2019-04-01,137.3,20.65,6.08,0.0
174413,"Lamb, Australian, imported, fresh, loin, separable lean only, trimmed to 1/8"" fat, cooked, broiled",sr_legacy_food,17,2019-04-01,184.9,26.53,8.75,0.0
174414,"Lamb, Australian, imported, fresh, rib chop/rack roast, frenched, bone-in, separable lean and fat, trimmed to 1/8"" fat, raw",sr_legacy_food,17,2019-04-01,237.0,21.26,16.89,0.0
174415,"Lamb, Australian, imported, fresh, rib chop, frenched, bone-in, separable lean and fat, trimmed to 1/8"" fat, cooked, grilled",sr_legacy_food,17,2019-04-01,304.7,28.48,21.2,0.0
174416,"Lamb, Australian, imported, fresh, rib chop/rack roast, frenched, bone-in, separable lean only, trimmed to 1/8"" fat, raw",sr_legacy_food,17,2019-04-01,146.6,24.07,5.59,0.0
174417,"Lamb, Australian, imported, fresh, shoulder, arm, separable lean and fat, trimmed to 1/8"" fat, raw",sr_legacy_food,17,2019-04-01,238.2,17.06,18.89,0.0
174418,"Lamb, Australian, imported, fresh, shoulder, arm, separable lean and fat, trimmed to 1/8"" fat, cooked, braised",sr_legacy_food,17,2019-04-01,302.2,29.7,20.38,0.0
174419,"Lamb, Australian, imported, fresh, shoulder, arm, separable lean only, trimmed to 1/8"" fat, raw",sr_legacy_food,17,2019-04-01,131.8,19.88,5.81,0.0
174420,"Lamb, Australian, imported, fresh, shoulder, arm, separable lean only,   trimmed to 1/8"" fat, cooked, braised",sr_legacy_food,17,2019-04-01,228.8,34.17,10.23,0.0
174421,"Game meat , bison, ground, raw",sr_legacy_food,17,2019-04-01,218.0,18.67,15.93,0.0
174422,"Game meat, bison, ground, cooked, pan-broiled",sr_legacy_food,17,2019-04-01,231.2,23.77,15.13,0.0
174423,"Game meat , bison, top sirloin, separable lean only, 1"" steak, cooked, broiled",sr_legacy_food,17,2019-04-01,163.0,28.05,5.65,0.0
174424,"Game meat, bison, chuck, shoulder clod, separable lean only, cooked, braised",sr_legacy_food,17,2019-04-01,184.0,33.78,5.43,0.0
174425,"Game meat, elk, ground, raw",sr_legacy_food,17,2019-04-01,166.4,21.76,8.82,0.0
174426,"Game meat, elk, ground, cooked, pan-broiled",sr_legacy_food,17,2019-04-01,185.2,26.64,8.74,0.0
174427,"Game meat, elk, loin, separable lean only, cooked, broiled",sr_legacy_food,17,2019-04-01,158.6,31.0,3.84,0.0
174428,"Game meat, elk, round, separable lean only, cooked, broiled",sr_legacy_food,17,2019-04-01,147.5,30.94,2.64,0.0
174429,"Game meat, elk, tenderloin, separable lean only, cooked, broiled",sr_legacy_food,17,2019-04-01,153.7,30.76,3.41,0.0
174430,"Game meat, deer, tenderloin, separable lean only, cooked, broiled",sr_legacy_food,17,2019-04-01,140.8,29.9,2.35,0.0
174431,"Game meat, deer, top round, separable lean only, 1"" steak, cooked, broiled",sr_legacy_food,17,2019-04-01,143.2,31.47,1.92,0.0
174432,"Veal, Australian, shank, fore, bone-in, separable lean only, raw",sr_legacy_food,17,2019-04-01,122.6,20.18,4.65,0.0
174433,"Veal, Australian, shank, fore, bone-in, separable lean and fat, raw",sr_legacy_food,17,2019-04-01,145.1,19.58,7.42,0.0
174434,"Lamb, New Zealand, imported, Intermuscular fat, raw",sr_legacy_food,17,2019-04-01,640.3,4.63,68.53,1.26
174435,"Lamb, New Zealand, imported, subcutaneous fat, raw",sr_legacy_food,17,2019-04-01,703.1,3.87,76.16,0.55
174436,"Lamb, New Zealand, imported, brains, cooked, soaked and fried",sr_legacy_food,17,2019-04-01,154.4,14.03,10.92,0.0
174437,"Lamb, New Zealand, imported, brains, raw",sr_legacy_food,17,2019-04-01,117.6,11.33,8.03,0.0
174438,"Lamb, New Zealand, imported, chump, boneless, separable lean only, raw",sr_legacy_food,17,2019-04-01,121.2,21.68,3.83,0.0
174439,"Lamb, New Zealand, imported, kidney, cooked, soaked and fried",sr_legacy_food,17,2019-04-01,111.9,19.78,3.56,0.18
174440,"Lamb, New Zealand, imported, flap, boneless, separable lean only, cooked, braised",sr_legacy_food,17,2019-04-01,233.9,27.88,13.6,0.0
174441,"Lamb, New Zealand, imported, flap, boneless, separable lean only, raw",sr_legacy_food,17,2019-04-01,179.7,21.72,10.31,0.0
174442,"Lamb, New Zealand, imported, kidney, raw",sr_legacy_food,17,2019-04-01,83.8,15.21,2.54,0.03
174443,"Lamb, New Zealand, imported, heart, cooked, soaked and simmered",sr_legacy_food,17,2019-04-01,160.9,26.26,6.21,0.0
174444,"Lamb, New Zealand, imported, heart, raw",sr_legacy_food,17,2019-04-01,105.5,18.09,3.68,0.0
174445,"Lamb, New Zealand, imported, sweetbread, cooked, soaked and simmered",sr_legacy_food,17,2019-04-01,144.0,21.13,6.61,0.0
174446,"Lamb, New Zealand, imported, sweetbread, raw",sr_legacy_food,17,2019-04-01,72.4,11.0,3.16,0.0
174447,"Lamb, New Zealand, imported, tunnel-boned leg, chump off, shank off, separable lean only, cooked, slow roasted",sr_legacy_food,17,2019-04-01,159.1,25.29,6.44,0.0
174448,"Lamb, New Zealand, imported, tunnel-boned leg, chump off, shank off, separable lean only, raw",sr_legacy_food,17,2019-04-01,120.5,20.93,4.09,0.0
174449,"Lamb, New Zealand, imported, square-cut shoulder chops, separable lean only, cooked, braised",sr_legacy_food,17,2019-04-01,255.3,31.06,14.56,0.0
174450,"Lamb, New Zealand, imported, square-cut shoulder chops, separable lean only, raw",sr_legacy_food,17,2019-04-01,164.2,20.62,9.08,0.0
174451,"Lamb, New Zealand, imported, loin, boneless, separable lean only, cooked, fast roasted",sr_legacy_food,17,2019-04-01,156.4,28.99,4.49,0.0
174452,"Lamb, New Zealand, imported, loin, boneless, separable lean only, raw",sr_legacy_food,17,2019-04-01,119.9,21.5,3.77,0.0
174453,"Lamb, New Zealand, imported, hind-shank, separable lean only, cooked, braised",sr_legacy_food,17,2019-04-01,196.3,32.5,7.37,0.0
174454,"Lamb, New Zealand, imported, hind-shank, separable lean only, raw",sr_legacy_food,17,2019-04-01,114.7,20.4,3.35,0.73
174455,"Lamb, New Zealand, imported, neck chops, separable lean only, raw",sr_legacy_food,17,2019-04-01,151.1,19.84,7.97,0.0
174456,"Lamb, New Zealand, imported, rack - fully frenched, separable lean only, raw",sr_legacy_food,17,2019-04-01,146.5,20.61,7.12,0.0
174457,"Lamb, New Zealand, imported, loin chop, separable lean only, cooked, fast fried",sr_legacy_food,17,2019-04-01,207.7,27.43,10.7,0.41
174458,"Lamb, New Zealand, imported, square-cut shoulder, separable lean only, cooked, slow roasted",sr_legacy_food,17,2019-04-01,191.5,25.08,10.13,0.0
174459,"Lamb, New Zealand, imported, leg chop/steak, bone-in, separable lean only, cooked, fast fried",sr_legacy_food,17,2019-04-01,162.4,26.31,6.35,0.0
174460,"Lamb, New Zealand, imported, leg chop/steak, bone-in, separable lean and fat, cooked, fast fried",sr_legacy_food,17,2019-04-01,212.0,24.26,12.76,0.04
174461,"Lamb, New Zealand, imported, loin chop, separable lean and fat, cooked, fast fried",sr_legacy_food,17,2019-04-01,331.6,21.5,27.11,0.41
174462,"Lamb, New Zealand, imported, loin saddle, separable lean and fat, cooked, fast roasted",sr_legacy_food,17,2019-04-01,273.7,21.13,20.98,0.1
174463,"Lamb, New Zealand, imported, loin saddle, separable lean and fat, raw",sr_legacy_food,17,2019-04-01,273.1,16.56,22.9,0.2
174464,"Lamb, New Zealand, imported, netted shoulder, rolled, boneless, separable lean and fat, raw",sr_legacy_food,17,2019-04-01,251.6,16.9,20.36,0.2
174465,"Chicken, capons, giblets, raw",sr_legacy_food,5,2019-04-01,125.4,18.28,5.18,1.42
174466,"Chicken, capons, giblets, cooked, simmered",sr_legacy_food,5,2019-04-01,157.2,26.39,5.4,0.76
174467,"Duck, domesticated, liver, raw",sr_legacy_food,5,2019-04-01,130.8,18.74,4.64,3.53
174468,"Duck, wild, meat and skin, raw",sr_legacy_food,5,2019-04-01,206.5,17.42,15.2,0.0
174469,"Duck, wild, breast, meat only, raw",sr_legacy_food,5,2019-04-01,117.6,19.85,4.25,0.0
174470,"Goose, domesticated, meat and skin, raw",sr_legacy_food,5,2019-04-01,366.0,15.86,33.62,0.0
174471,"Guinea hen, meat only, raw",sr_legacy_food,5,2019-04-01,104.8,20.64,2.47,0.0
174472,"Pheasant, raw, meat and skin",sr_legacy_food,5,2019-04-01,174.4,22.7,9.29,0.0
174473,"Pheasant, raw, meat only",sr_legacy_food,5,2019-04-01,127.0,23.57,3.64,0.0
174474,"Pheasant, breast, meat only, raw",sr_legacy_food,5,2019-04-01,126.7,24.37,3.25,0.0
174475,"Squab, (pigeon), meat and skin, raw",sr_legacy_food,5,2019-04-01,288.1,18.47,23.8,0.0
174476,"Emu, fan fillet, raw",sr_legacy_food,5,2019-04-01,97.2,22.5,0.8,0.0
174477,"Emu, fan fillet, cooked, broiled",sr_legacy_food,5,2019-04-01,145.8,31.27,2.3,0.0
174478,"Emu, flat fillet, raw",sr_legacy_food,5,2019-04-01,95.7,22.25,0.74,0.0
174479,"Emu, full rump, raw",sr_legacy_food,5,2019-04-01,106.1,22.83,1.64,0.0
174480,"Emu, top loin, cooked, broiled",sr_legacy_food,5,2019-04-01,144.4,29.07,3.13,0.0
174481,"Ostrich, ground, raw",sr_legacy_food,5,2019-04-01,159.2,20.22,8.7,0.0
174482,"Ostrich, ground, cooked, pan-broiled",sr_legacy_food,5,2019-04-01,168.2,26.15,7.07,0.0
174483,"Ostrich, fan, raw",sr_legacy_food,5,2019-04-01,111.1,21.81,2.65,0.0
174484,"Ostrich, outside leg, raw",sr_legacy_food,5,2019-04-01,109.1,22.86,1.96,0.0
174485,"Ostrich, outside strip, raw",sr_legacy_food,5,2019-04-01,113.3,23.36,2.21,0.0
174486,"Ostrich, outside strip, cooked",sr_legacy_food,5,2019-04-01,148.7,28.55,3.83,0.0
174487,"Ostrich, oyster, raw",sr_legacy_food,5,2019-04-01,119.2,21.55,3.67,0.0
174488,"Ostrich, tip trimmed, cooked",sr_legacy_food,5,2019-04-01,137.1,28.49,2.57,0.0
174489,"Ostrich, top loin, raw",sr_legacy_food,5,2019-04-01,113.2,21.67,2.95,0.0
174490,"Ostrich, top loin, cooked",sr_legacy_food,5,2019-04-01,147.3,28.12,3.87,0.0
174491,"Chicken, liver, all classes, cooked, pan-fried",sr_legacy_food,5,2019-04-01,165.4,25.78,6.43,1.11
174492,"Turkey, ground, 93% lean, 7% fat, patties, broiled",sr_legacy_food,5,2019-04-01,206.5,25.86,11.45,0.0
174493,"Turkey, ground, 85% lean, 15% fat, raw",sr_legacy_food,5,2019-04-01,180.5,16.9,12.54,0.0
174494,"Turkey, ground, 85% lean, 15% fat, pan-broiled crumbles",sr_legacy_food,5,2019-04-01,257.5,25.11,17.45,0.0
174495,"Turkey, ground, 85% lean, 15% fat, patties, broiled",sr_legacy_food,5,2019-04-01,249.3,25.88,16.2,0.0
174496,"Chicken, skin (drumsticks and thighs), cooked, roasted",sr_legacy_food,5,2019-04-01,462.2,16.57,43.99,0.0
174497,"Chicken, broilers or fryers, dark meat, drumstick, meat and skin, cooked, braised",sr_legacy_food,5,2019-04-01,187.4,22.72,10.73,0.0
174498,"Chicken, broilers or fryers, dark meat, thigh, meat and skin, cooked, braised",sr_legacy_food,5,2019-04-01,229.2,22.57,15.43,0.0
174499,"Chicken, dark meat, drumstick, meat only, with added solution, raw",sr_legacy_food,5,2019-04-01,106.1,19.19,3.26,0.0
174500,"Chicken, dark meat, thigh, meat only, with added solution, cooked, roasted",sr_legacy_food,5,2019-04-01,166.5,24.23,7.73,0.0
174501,"Chicken, skin (drumsticks and thighs), with added solution, cooked, braised",sr_legacy_food,5,2019-04-01,403.5,12.26,38.94,1.0
174502,"Chicken, skin (drumsticks and thighs), with added solution, raw",sr_legacy_food,5,2019-04-01,385.6,11.11,37.9,0.01
174503,"Chicken, skin (drumsticks and thighs), with added solution, cooked, roasted",sr_legacy_food,5,2019-04-01,421.4,20.31,37.6,0.44
174504,"Chicken, dark meat, drumstick, meat and skin, with added solution, cooked, braised",sr_legacy_food,5,2019-04-01,183.1,21.55,10.71,0.13
174505,"Chicken, dark meat, thigh, meat and skin, with added solution, cooked, roasted",sr_legacy_food,5,2019-04-01,218.5,23.47,13.81,0.09
174506,"Chicken, broiler, rotisserie, BBQ, back meat only",sr_legacy_food,5,2019-04-01,213.5,21.85,13.87,0.31
174507,"Turkey, dark meat from whole, meat only, with added solution, raw",sr_legacy_food,5,2019-04-01,114.6,19.27,4.12,0.1
174508,"Turkey, dark meat, meat only, with added solution, cooked, roasted",sr_legacy_food,5,2019-04-01,158.4,26.1,6.0,0.0
174509,"Turkey, dark meat from whole, meat and skin, with added solution, raw",sr_legacy_food,5,2019-04-01,169.4,17.84,10.83,0.15
174510,"Turkey, dark meat from whole, meat and skin, with added solution, cooked, roasted",sr_legacy_food,5,2019-04-01,199.5,25.55,10.81,0.0
174511,"Turkey from whole, light meat, meat and skin, with added solution, raw",sr_legacy_food,5,2019-04-01,147.4,20.02,7.42,0.14
174512,"Turkey from whole, light meat, meat and skin, with added solution, cooked, roasted",sr_legacy_food,5,2019-04-01,156.8,26.52,5.64,0.0
174513,"Turkey, retail parts, breast, meat only, with added solution, raw",sr_legacy_food,5,2019-04-01,110.7,21.99,2.53,0.0
174514,"Turkey, retail parts, breast, meat only, with added solution, cooked, roasted",sr_legacy_food,5,2019-04-01,130.5,27.94,2.08,0.0
174515,"Turkey, retail parts, breast, meat only, raw",sr_legacy_food,5,2019-04-01,114.3,23.34,2.33,0.0
174516,"Turkey, retail parts, breast, meat only, cooked, roasted",sr_legacy_food,5,2019-04-01,135.8,29.51,1.97,0.0
174517,"Turkey, retail parts, wing, meat only, raw",sr_legacy_food,5,2019-04-01,112.3,22.48,2.49,0.0
174518,"Turkey, retail parts, thigh, meat only, raw",sr_legacy_food,5,2019-04-01,115.6,20.6,3.69,0.0
174519,"Turkey, breast, from whole bird, meat only, with added solution, roasted",sr_legacy_food,5,2019-04-01,126.6,26.97,2.08,0.0
174520,"Turkey, back, from whole bird, meat only, with added solution, raw",sr_legacy_food,5,2019-04-01,114.8,19.27,4.12,0.15
174521,"Turkey, back, from whole bird, meat only, with added solution, roasted",sr_legacy_food,5,2019-04-01,126.6,26.97,2.08,0.0
174522,"Soup, chicken mushroom, canned, condensed",sr_legacy_food,6,2019-04-01,97.8,1.61,4.84,11.95
174523,"Sauce, barbecue",sr_legacy_food,6,2019-04-01,172.0,0.82,0.63,40.77
174524,"Sauce, salsa, ready-to-serve",sr_legacy_food,6,2019-04-01,34.2,1.52,0.17,6.64
174525,"Sauce, homemade, white, medium",sr_legacy_food,6,2019-04-01,147.7,3.84,10.63,9.17
174526,"Sauce, homemade, white, thick",sr_legacy_food,6,2019-04-01,186.9,3.99,13.83,11.61
174527,"Sauce, ready-to-serve, pepper or hot",sr_legacy_food,6,2019-04-01,12.4,0.51,0.37,1.75
174528,"Sauce, ready-to-serve, pepper, TABASCO",sr_legacy_food,6,2019-04-01,15.2,1.29,0.76,0.8
174529,"Sauce, oyster, ready-to-serve",sr_legacy_food,6,2019-04-01,51.3,1.35,0.25,10.92
174530,"Soup, minestrone, canned, reduced sodium, ready-to-serve",sr_legacy_food,6,2019-04-01,51.2,2.0,0.8,9.0
174531,"Sauce, fish, ready-to-serve",sr_legacy_food,6,2019-04-01,34.9,5.06,0.01,3.64
174532,"Soup, shark fin, restaurant-prepared",sr_legacy_food,6,2019-04-01,46.0,3.2,2.0,3.8
174533,"Soup, bean & ham, canned, reduced sodium, prepared with water or ready-to-serve",sr_legacy_food,6,2019-04-01,80.7,4.19,1.03,13.66
174534,"Split pea soup, canned, reduced sodium, prepared with water or ready-to serve",sr_legacy_food,6,2019-04-01,71.0,3.85,0.92,11.83
174535,"Split pea with ham soup, canned, reduced sodium, prepared with water or ready-to-serve",sr_legacy_food,6,2019-04-01,67.9,4.0,0.7,11.4
174536,"Soup, chicken broth, ready-to-serve",sr_legacy_food,6,2019-04-01,6.2,0.64,0.21,0.44
174537,"Soup, cream of chicken, canned, prepared with equal volume milk",sr_legacy_food,6,2019-04-01,77.8,3.01,4.62,6.04
174538,"Soup, vegetable, canned, low sodium, condensed",sr_legacy_food,6,2019-04-01,65.3,2.2,0.9,12.11
174539,"Soup, clam chowder, new england, canned, prepared with equal volume low fat (2%) milk",sr_legacy_food,6,2019-04-01,61.0,3.24,2.02,7.46
174540,"Soup, cream of mushroom, canned, prepared with equal volume low fat (2%) milk",sr_legacy_food,6,2019-04-01,64.7,2.36,3.58,5.76
174541,"Soup, cream of onion, canned, prepared with equal volume milk",sr_legacy_food,6,2019-04-01,74.6,2.74,3.78,7.4
174542,"Sauce, white, thin, prepared-from-recipe, with butter",sr_legacy_food,6,2019-04-01,72.0,3.95,2.56,8.29
174543,"Sauce, sweet and sour, prepared-from-recipe",sr_legacy_food,6,2019-04-01,79.5,1.84,0.58,16.72
174544,"Sauce, barbecue, KRAFT, original",sr_legacy_food,6,2019-04-01,171.6,0.74,0.62,40.77
174545,"Soup, HEALTHY CHOICE Chicken Noodle Soup, canned",sr_legacy_food,6,2019-04-01,41.2,3.69,0.63,5.2
174546,"Soup, tomato, canned, prepared with equal volume low fat (2%) milk",sr_legacy_food,6,2019-04-01,60.1,2.42,1.24,9.82
174547,"CAMPBELL'S, Tomato Soup, condensed",sr_legacy_food,6,2019-04-01,70.7,1.46,0.44,15.22
174548,"CAMPBELL'S CHUNKY, Classic Chicken Noodle Soup",sr_legacy_food,6,2019-04-01,47.0,3.41,1.3,5.41
174549,"Soup, cream of asparagus, canned, prepared with equal volume water",sr_legacy_food,6,2019-04-01,36.4,0.94,1.68,4.38
174550,"Soup, cheese, canned, prepared with equal volume water",sr_legacy_food,6,2019-04-01,64.0,2.19,4.24,4.26
174551,"Soup, chicken broth, canned, prepared with equal volume water",sr_legacy_food,6,2019-04-01,14.7,2.02,0.57,0.38
174552,"CAMPBELL'S CHUNKY, Hearty Beef Barley Soup",sr_legacy_food,6,2019-04-01,55.8,2.89,0.92,8.98
174553,"Soup, cream of chicken, canned, prepared with equal volume water",sr_legacy_food,6,2019-04-01,48.0,1.41,3.02,3.8
174554,"Soup, clam chowder, manhattan, canned, prepared with equal volume water",sr_legacy_food,6,2019-04-01,30.2,0.85,0.86,4.77
174555,"Soup, clam chowder, new england, canned, prepared with equal volume water",sr_legacy_food,6,2019-04-01,35.5,1.55,1.01,5.05
174556,"CAMPBELL'S CHUNKY, New England Clam Chowder",sr_legacy_food,6,2019-04-01,80.5,2.46,3.85,9.01
174557,"Soup, beef broth, bouillon, consomme, prepared with equal volume water",sr_legacy_food,6,2019-04-01,11.8,2.22,0.0,0.73
174558,"Soup, mushroom with beef stock, canned, prepared with equal volume water",sr_legacy_food,6,2019-04-01,35.2,1.29,1.65,3.81
174559,"Soup, cream of onion, canned, prepared with equal volume water",sr_legacy_food,6,2019-04-01,44.8,1.13,2.16,5.2
174560,"Soup, oyster stew, canned, prepared with equal volume water",sr_legacy_food,6,2019-04-01,24.5,0.87,1.59,1.69
174561,"Soup, pea, green, canned, prepared with equal volume water",sr_legacy_food,6,2019-04-01,62.1,3.2,1.09,9.88
174562,"Soup, turkey noodle, canned, prepared with equal volume water",sr_legacy_food,6,2019-04-01,27.9,1.6,0.82,3.54
174563,"Soup, turkey vegetable, canned, prepared with equal volume water",sr_legacy_food,6,2019-04-01,30.8,1.28,1.26,3.58
174564,"Soup, vegetarian vegetable, canned, prepared with equal volume water",sr_legacy_food,6,2019-04-01,30.1,0.86,0.79,4.89
174565,"Soup, vegetable beef, canned, prepared with equal volume water",sr_legacy_food,6,2019-04-01,32.0,2.23,0.76,4.06
174566,"Soup, chicken broth cubes, dry, prepared with water",sr_legacy_food,6,2019-04-01,5.1,0.39,0.12,0.62
174567,"Soup, cream of chicken, dry, mix, prepared with water",sr_legacy_food,6,2019-04-01,41.5,0.68,2.04,5.11
174568,"Soup, onion, dry, mix, prepared with water",sr_legacy_food,6,2019-04-01,12.4,0.32,0.01,2.77
174569,"Soup, tomato, dry, mix, prepared with water",sr_legacy_food,6,2019-04-01,37.9,0.93,0.61,7.17
174570,"Roast beef, deli style, prepackaged, sliced",sr_legacy_food,7,2019-04-01,110.2,18.62,3.69,0.64
174571,"Luncheon meat, pork, canned",sr_legacy_food,7,2019-04-01,331.1,12.5,30.3,2.1
174572,"Turkey breast, low salt, prepackaged or deli, luncheon meat",sr_legacy_food,7,2019-04-01,108.8,21.81,0.83,3.51
174573,"Mortadella, beef, pork",sr_legacy_food,7,2019-04-01,306.2,16.37,25.39,3.05
174574,"Peppered loaf, pork, beef",sr_legacy_food,7,2019-04-01,144.6,17.3,6.37,4.53
174575,"Pepperoni, beef and pork, sliced",sr_legacy_food,7,2019-04-01,498.2,19.25,46.28,1.18
174576,"Pickle and pimiento loaf, pork",sr_legacy_food,7,2019-04-01,222.3,11.23,15.95,8.46
174577,"Polish sausage, pork",sr_legacy_food,7,2019-04-01,321.4,14.1,28.72,1.63
174578,"Pork sausage, link/patty, cooked, pan-fried",sr_legacy_food,7,2019-04-01,325.0,18.53,27.25,1.42
174579,"Sausage, pork and beef, fresh, cooked",sr_legacy_food,7,2019-04-01,392.2,13.8,36.25,2.7
174580,"Sausage, turkey, reduced fat, brown and serve, cooked",sr_legacy_food,7,2019-04-01,204.4,17.0,10.3,10.92
174581,Poultry salad sandwich spread,sr_legacy_food,7,2019-04-01,197.9,11.64,13.52,7.41
174582,"Salami, dry or hard, pork, beef",sr_legacy_food,7,2019-04-01,372.0,21.07,31.65,0.72
174583,"Sandwich spread, pork, beef",sr_legacy_food,7,2019-04-01,234.5,7.66,17.34,11.94
174584,"Sausage, smoked link sausage, pork",sr_legacy_food,7,2019-04-01,305.8,11.98,28.23,0.94
174585,"Sausage, smoked link sausage, pork and beef",sr_legacy_food,7,2019-04-01,316.2,12.0,28.73,2.42
174586,"Sausage, Italian, pork, mild, cooked, pan-fried",sr_legacy_food,7,2019-04-01,318.6,18.4,26.4,1.86
174587,"Luncheon sausage, pork and beef",sr_legacy_food,7,2019-04-01,255.9,15.38,20.9,1.58
174588,"Sausage, New england brand, pork, beef",sr_legacy_food,7,2019-04-01,156.6,17.27,7.58,4.83
174589,"Oscar Mayer, Bologna (beef)",sr_legacy_food,7,2019-04-01,315.9,11.05,29.1,2.45
174590,"Oscar Mayer, Smokies Sausage Little Cheese (pork, turkey)",sr_legacy_food,7,2019-04-01,314.6,13.5,28.2,1.7
174591,"Oscar Mayer, Wieners (beef franks)",sr_legacy_food,7,2019-04-01,328.9,11.35,30.26,2.78
174592,"Bacon, turkey, unprepared",sr_legacy_food,7,2019-04-01,223.7,15.94,16.93,1.89
174593,Hormel Pillow Pak Sliced Turkey Pepperoni,sr_legacy_food,7,2019-04-01,242.8,30.99,11.52,3.78
174594,"Luncheon meat, pork and chicken, minced, canned, includes Spam Lite",sr_legacy_food,7,2019-04-01,191.4,15.23,13.9,1.35
174595,"Bratwurst, veal, cooked",sr_legacy_food,7,2019-04-01,341.3,13.99,31.7,0.0
174596,Liverwurst spread,sr_legacy_food,7,2019-04-01,302.1,12.38,25.45,5.89
174597,Roast beef spread,sr_legacy_food,7,2019-04-01,222.5,15.27,16.28,3.73
174598,"Salami, pork, beef, less sodium",sr_legacy_food,7,2019-04-01,396.1,15.01,30.5,15.38
174599,"Sausage, summer, pork and beef, sticks, with cheddar cheese",sr_legacy_food,7,2019-04-01,426.2,19.43,37.91,1.82
174600,"Sausage, turkey, breakfast links, mild, raw",sr_legacy_food,7,2019-04-01,169.9,15.91,10.39,3.18
174601,"Swisswurst, pork and beef, with swiss cheese, smoked",sr_legacy_food,7,2019-04-01,303.5,12.69,27.37,1.6
174602,Bacon and beef sticks,sr_legacy_food,7,2019-04-01,517.4,29.1,44.2,0.8
174603,"Salami, Italian, pork",sr_legacy_food,7,2019-04-01,424.6,21.7,37.0,1.2
174604,"Sausage, Italian, turkey, smoked",sr_legacy_food,7,2019-04-01,157.5,15.05,8.75,4.65
174605,"Sausage, chicken, beef, pork, skinless, smoked",sr_legacy_food,7,2019-04-01,215.5,13.6,14.3,8.1
174606,"Sausage, turkey, hot, smoked",sr_legacy_food,7,2019-04-01,157.5,15.05,8.75,4.65
174607,"Kielbasa, Polish, turkey and beef, smoked",sr_legacy_food,7,2019-04-01,226.4,13.1,17.6,3.9
174608,"Chicken breast, roll, oven-roasted",sr_legacy_food,7,2019-04-01,134.4,14.59,7.65,1.79
174609,"Bologna, pork and turkey, lite",sr_legacy_food,7,2019-04-01,210.6,13.06,16.06,3.45
174610,"Bologna, pork, turkey and beef",sr_legacy_food,7,2019-04-01,336.1,11.56,29.25,6.66
174611,"Ham, honey, smoked, cooked",sr_legacy_food,7,2019-04-01,122.1,17.93,2.37,7.27
174612,"Turkey, breast, smoked, lemon pepper flavor, 97% fat-free",sr_legacy_food,7,2019-04-01,95.0,20.9,0.69,1.31
174613,"Turkey, white, rotisserie, deli cut",sr_legacy_food,7,2019-04-01,111.8,13.5,3.0,7.7
174614,"Frankfurter, beef, heated",sr_legacy_food,7,2019-04-01,321.6,11.69,29.36,2.66
174615,"Frankfurter, meat, heated",sr_legacy_food,7,2019-04-01,277.5,9.77,24.31,4.9
174616,"Sausage, breakfast sausage, beef, pre-cooked, unprepared",sr_legacy_food,7,2019-04-01,324.0,12.9,28.22,4.61
174617,"Sausage, turkey, fresh, raw",sr_legacy_food,7,2019-04-01,149.8,18.79,8.08,0.47
174618,"Sausage, beef, fresh, cooked",sr_legacy_food,7,2019-04-01,326.1,18.21,27.98,0.35
174619,"Cereals ready-to-eat, MALT-O-MEAL, COCO-ROOS",sr_legacy_food,8,2019-04-01,402.1,3.41,4.61,86.75
174620,"Cereals ready-to-eat, QUAKER, QUAKER OAT CINNAMON LIFE",sr_legacy_food,8,2019-04-01,389.5,9.14,4.1,79.02
174621,"Cereals ready-to-eat, QUAKER, HONEY GRAHAM OH!S",sr_legacy_food,8,2019-04-01,419.0,3.92,7.63,83.65
174622,"Cereals ready-to-eat, QUAKER, Oatmeal Squares",sr_legacy_food,8,2019-04-01,400.1,11.38,4.83,77.77
174623,"Cereals ready-to-eat, QUAKER, Oatmeal Squares, cinnamon",sr_legacy_food,8,2019-04-01,401.2,11.23,4.88,78.09
174624,"Cereals, QUAKER, Instant Oatmeal, fruit and cream variety, dry",sr_legacy_food,8,2019-04-01,392.2,8.3,6.37,75.42
174625,"Cereals, QUAKER, Instant Oatmeal, raisins, dates and walnuts, dry",sr_legacy_food,8,2019-04-01,387.7,8.82,6.98,72.41
174626,"Cereals, QUAKER, Oat Bran, QUAKER/MOTHER'S Oat Bran, dry",sr_legacy_food,8,2019-04-01,391.6,17.03,7.97,62.94
174627,"Cereals, QUAKER, Oat Bran, QUAKER/MOTHER'S Oat Bran, prepared with water, no salt",sr_legacy_food,8,2019-04-01,46.6,2.03,0.95,7.49
174628,"Cereals ready-to-eat, Post, Waffle Crisp",sr_legacy_food,8,2019-04-01,403.4,6.6,5.0,83.0
174629,"Cereals, QUAKER, hominy grits, white, quick, dry",sr_legacy_food,8,2019-04-01,364.4,8.8,1.2,79.6
174630,"Cereals, QUAKER, hominy grits, white, regular, dry",sr_legacy_food,8,2019-04-01,366.4,8.8,1.6,79.2
174631,"Cereals ready-to-eat, MALT-O-MEAL, COLOSSAL CRUNCH",sr_legacy_food,8,2019-04-01,388.4,3.64,5.28,81.59
174632,"Cereals ready-to-eat, QUAKER, MOTHER'S Cinnamon Oat Crunch",sr_legacy_food,8,2019-04-01,402.6,10.6,4.56,79.79
174633,"Cereals ready-to-eat, QUAKER, MOTHER'S GRAHAM BUMPERS",sr_legacy_food,8,2019-04-01,386.8,4.55,1.45,88.89
174634,"Cereals ready-to-eat, QUAKER, MOTHER'S COCOA BUMPERS",sr_legacy_food,8,2019-04-01,391.0,4.21,1.61,89.91
174635,"Cereals ready-to-eat, SUN COUNTRY, KRETSCHMER Toasted Wheat Bran",sr_legacy_food,8,2019-04-01,354.7,17.56,5.16,59.51
174636,"Cereals, QUAKER, Instant Oatmeal, Cinnamon-Spice, dry",sr_legacy_food,8,2019-04-01,385.5,10.39,5.1,74.52
174637,"Cereals, QUAKER, Instant Oatmeal, DINOSAUR EGGS, Brown Sugar, dry",sr_legacy_food,8,2019-04-01,397.8,8.69,7.59,73.68
174638,"Cereals, QUAKER, Instant Oatmeal, Banana Bread, dry",sr_legacy_food,8,2019-04-01,382.3,8.97,4.85,75.7
174639,"Cereals ready-to-eat, UNCLE SAM CEREAL",sr_legacy_food,8,2019-04-01,431.4,15.98,11.6,65.78
174640,"Cereals, QUAKER, Quick Oats with Iron, Dry",sr_legacy_food,8,2019-04-01,389.4,13.7,6.87,68.18
174641,"Cereals, QUAKER, Whole Wheat Natural Cereal, dry",sr_legacy_food,8,2019-04-01,364.4,11.8,2.0,74.8
174642,"Cereals ready-to-eat, MALT-O-MEAL, Honey BUZZERS",sr_legacy_food,8,2019-04-01,387.9,3.45,1.72,89.66
174643,"Cereals ready-to-eat, MALT-O-MEAL, GOLDEN PUFFS",sr_legacy_food,8,2019-04-01,390.0,5.77,0.89,89.72
174644,"Cereals ready-to-eat, MOM'S BEST, Honey Nut TOASTY O'S",sr_legacy_food,8,2019-04-01,394.4,8.6,4.51,79.84
174645,"Cereals ready-to-eat, MALT-O-MEAL, Apple ZINGS",sr_legacy_food,8,2019-04-01,391.6,4.51,2.71,87.3
174646,"Cereals ready-to-eat, MALT-O-MEAL, CINNAMON TOASTERS",sr_legacy_food,8,2019-04-01,435.1,3.32,12.06,78.33
174647,"Cereals ready-to-eat, MALT-O-MEAL, Cocoa DYNO-BITES",sr_legacy_food,8,2019-04-01,399.2,4.15,3.43,87.93
174648,"Cereals ready-to-eat, RALSTON Corn Flakes",sr_legacy_food,8,2019-04-01,383.8,5.9,0.91,88.01
174649,"Cereals ready-to-eat, RALSTON Crispy Hexagons",sr_legacy_food,8,2019-04-01,379.4,5.94,0.95,86.78
174650,Milk and cereal bar,sr_legacy_food,23,2019-04-01,412.9,6.47,10.98,72.05
174651,"Cereals, MALT-O-MEAL, original, plain, prepared with water, without salt",sr_legacy_food,8,2019-04-01,47.8,1.67,0.09,10.09
174652,"Cereals ready-to-eat, QUAKER, Christmas Crunch",sr_legacy_food,8,2019-04-01,404.9,4.44,4.83,85.92
174653,"Cereals ready-to-eat, POST SELECTS Maple Pecan Crunch",sr_legacy_food,8,2019-04-01,421.9,8.5,8.7,77.4
174654,"Cereals ready-to-eat, NATURE'S PATH, Organic FLAX PLUS, Pumpkin Granola",sr_legacy_food,8,2019-04-01,474.3,11.23,18.33,66.1
174655,"Cereals, CREAM OF WHEAT, 2 1/2 minute cook time, dry",sr_legacy_food,8,2019-04-01,346.3,11.61,1.41,71.79
174656,"Incaparina, dry mix (corn and soy flours), unprepared",sr_legacy_food,8,2019-04-01,379.3,21.75,5.58,60.53
174657,"Cereals ready-to-eat, QUAKER, CAP'N CRUNCH'S Halloween Crunch",sr_legacy_food,8,2019-04-01,409.1,4.41,5.66,85.14
174658,"Cereals ready-to-eat, QUAKER, Natural Granola Apple Cranberry Almond",sr_legacy_food,8,2019-04-01,435.3,9.21,11.06,74.73
174659,"Cereals ready-to-eat, QUAKER, Maple Brown Sugar LIFE Cereal",sr_legacy_food,8,2019-04-01,388.7,9.17,4.06,78.86
174660,"Cereals, QUAKER, Instant Oatmeal Organic, Regular",sr_legacy_food,8,2019-04-01,388.7,16.0,6.3,67.0
174661,"Cereals, QUAKER, Instant Oatmeal, fruit and cream, variety of flavors, reduced sugar",sr_legacy_food,8,2019-04-01,394.1,10.16,7.46,71.57
174662,"Cereals, QUAKER, Instant Oatmeal, Apple and Cinnamon, reduced sugar",sr_legacy_food,8,2019-04-01,380.6,10.29,5.64,72.17
174663,"Cereals ready-to-eat, POST, HONEY BUNCHES OF OATS, pecan bunches",sr_legacy_food,8,2019-04-01,404.6,7.0,5.4,82.0
174664,"Cereals ready-to-eat, MALT-O-MEAL, CHOCOLATE MARSHMALLOW MATEYS",sr_legacy_food,8,2019-04-01,399.8,3.5,3.67,88.18
174665,"Figs, dried, uncooked",sr_legacy_food,9,2019-04-01,277.0,3.3,0.93,63.87
174666,"Figs, dried, stewed",sr_legacy_food,9,2019-04-01,119.6,1.42,0.4,27.57
174667,"Fruit cocktail, (peach and pineapple and pear and grape and cherry), canned, water pack, solids and liquids",sr_legacy_food,9,2019-04-01,36.2,0.42,0.05,8.51
174668,"Fruit cocktail, (peach and pineapple and pear and grape and cherry), canned, juice pack, solids and liquids",sr_legacy_food,9,2019-04-01,49.4,0.46,0.01,11.86
174669,"Fruit salad, (peach and pear and apricot and pineapple and cherry), canned, water pack, solids and liquids",sr_legacy_food,9,2019-04-01,33.5,0.35,0.07,7.87
174670,"Fruit salad, (peach and pear and apricot and pineapple and cherry), canned, juice pack, solids and liquids",sr_legacy_food,9,2019-04-01,54.5,0.51,0.03,13.05
174671,"Fruit salad, (peach and pear and apricot and pineapple and cherry), canned, light syrup, solids and liquids",sr_legacy_food,9,2019-04-01,62.6,0.34,0.07,15.14
174672,"Fruit salad, (peach and pear and apricot and pineapple and cherry), canned, extra heavy syrup, solids and liquids",sr_legacy_food,9,2019-04-01,92.9,0.33,0.06,22.77
174673,"Grapefruit, raw, pink and red, all areas",sr_legacy_food,9,2019-04-01,47.0,0.77,0.14,10.66
174674,"Grapefruit, raw, pink and red, California and Arizona",sr_legacy_food,9,2019-04-01,41.7,0.5,0.1,9.69
174675,"Grapefruit, raw, pink and red, Florida",sr_legacy_food,9,2019-04-01,33.1,0.55,0.1,7.5
174676,"Grapefruit, raw, white, all areas",sr_legacy_food,9,2019-04-01,37.3,0.69,0.1,8.41
174677,"Grapefruit, raw, white, California",sr_legacy_food,9,2019-04-01,40.8,0.88,0.1,9.09
174678,"Grapefruit juice, white, canned or bottled, unsweetened",sr_legacy_food,9,2019-04-01,38.3,0.55,0.66,7.54
174679,"Grapefruit juice, white, canned, sweetened",sr_legacy_food,9,2019-04-01,47.7,0.58,0.09,11.13
174680,"Grapefruit juice, white, frozen concentrate, unsweetened, undiluted",sr_legacy_food,9,2019-04-01,150.4,1.97,0.48,34.56
174681,"Grapefruit juice, white, frozen concentrate, unsweetened, diluted with 3 volume water",sr_legacy_food,9,2019-04-01,42.3,0.55,0.13,9.73
174682,"Grapes, american type (slip skin), raw",sr_legacy_food,9,2019-04-01,74.3,0.63,0.35,17.15
174683,"Grapes, red or green (European type, such as Thompson seedless), raw",sr_legacy_food,9,2019-04-01,76.7,0.72,0.16,18.1
174684,"Grapes, canned, thompson seedless, water pack, solids and liquids",sr_legacy_food,9,2019-04-01,44.2,0.5,0.11,10.3
174685,"Grapes, canned, thompson seedless, heavy syrup pack, solids and liquids",sr_legacy_food,9,2019-04-01,81.4,0.48,0.1,19.65
174686,"Guava sauce, cooked",sr_legacy_food,9,2019-04-01,40.5,0.32,0.14,9.48
174687,"Jackfruit, raw",sr_legacy_food,9,2019-04-01,105.6,1.72,0.64,23.25
174688,"Beef, top loin filet, boneless, separable lean only, trimmed to 1/8"" fat, all grades, cooked, grilled",sr_legacy_food,13,2019-04-01,195.4,29.33,8.54,0.3
174689,"Beef, top loin filet, boneless, separable lean only, trimmed to 1/8"" fat, choice, cooked, grilled",sr_legacy_food,13,2019-04-01,202.7,28.99,9.48,0.36
174690,"Beef, top loin filet, boneless, separable lean only, trimmed to 1/8"" fat, select, cooked, grilled",sr_legacy_food,13,2019-04-01,184.3,29.85,7.12,0.2
174691,"Beef, top loin petite roast/filet, boneless, separable lean only, trimmed to 1/8"" fat, choice, raw",sr_legacy_food,13,2019-04-01,149.2,22.5,6.48,0.23
174692,"Beef, top loin petite roast/filet, boneless, separable lean only, trimmed to 1/8"" fat, select, raw",sr_legacy_food,13,2019-04-01,135.0,22.77,4.88,0.0
174693,"Beef, loin, top sirloin filet, boneless, separable lean only, trimmed to 0"" fat, all grades, cooked, grilled",sr_legacy_food,13,2019-04-01,170.6,30.58,5.37,0.0
174694,"Beef, loin, top sirloin filet, boneless, separable lean only, trimmed to 0"" fat, choice, cooked, grilled",sr_legacy_food,13,2019-04-01,174.3,30.45,5.83,0.0
174695,"Beef, loin, top sirloin petite roast/filet, boneless, separable lean only, trimmed to 0"" fat, select, raw",sr_legacy_food,13,2019-04-01,122.4,23.05,3.35,0.0
174696,"Beef, ribeye  petite roast/filet, boneless, separable lean only, trimmed to 0"" fat, all grades, raw",sr_legacy_food,13,2019-04-01,132.7,22.66,4.66,0.04
174697,"Beef, ribeye  petite roast/filet, boneless, separable lean only, trimmed to 0"" fat, choice, raw",sr_legacy_food,13,2019-04-01,138.4,22.52,5.29,0.18
174698,"Beef, ribeye  petite roast/filet, boneless, separable lean only, trimmed to 0"" fat, select, raw",sr_legacy_food,13,2019-04-01,125.0,22.89,3.72,0.0
174699,"Beef, ribeye cap steak, boneless, separable lean only, trimmed to 0"" fat, choice, raw",sr_legacy_food,13,2019-04-01,187.4,19.46,11.4,1.75
174700,"Beef, ribeye cap steak, boneless, separable lean only, trimmed to 0"" fat, select, raw",sr_legacy_food,13,2019-04-01,169.3,20.05,9.39,1.15
174701,"Beef, ribeye filet, boneless, separable lean only, trimmed to 0"" fat, all grades, cooked, grilled",sr_legacy_food,13,2019-04-01,198.6,28.77,9.2,0.17
174702,"Beef, ribeye filet, boneless, separable lean only, trimmed to 0"" fat, choice, cooked, grilled",sr_legacy_food,13,2019-04-01,207.8,28.35,10.26,0.51
174703,"Beef, ribeye filet, boneless, separable lean only, trimmed to 0"" fat, select, cooked, grilled",sr_legacy_food,13,2019-04-01,186.0,29.39,7.61,0.0
174704,"Beef, loin, top sirloin cap steak, boneless, separable lean and fat, trimmed to 1/8"" fat, choice, cooked, grilled",sr_legacy_food,13,2019-04-01,238.3,26.3,14.3,1.1
174705,"Beef, loin, top sirloin cap steak, boneless, separable lean and fat, trimmed to 1/8"" fat, select, cooked, grilled",sr_legacy_food,13,2019-04-01,248.5,25.5,16.1,0.4
174706,"Beef, loin, top sirloin cap steak, boneless, separable lean and fat, trimmed to 1/8"" fat, all grades, raw",sr_legacy_food,13,2019-04-01,191.2,19.9,12.4,0.0
174707,"Beef, loin, top sirloin cap steak, boneless, separable lean and fat, trimmed to 1/8"" fat, choice, raw",sr_legacy_food,13,2019-04-01,199.4,19.7,13.4,0.0
174708,"Beef, top loin petite roast, boneless, separable lean and fat, trimmed to 1/8"" fat, all grades, cooked, roasted",sr_legacy_food,13,2019-04-01,228.1,27.0,12.9,1.0
174709,"Beef, top loin petite roast, boneless, separable lean and fat, trimmed to 1/8"" fat, choice, cooked, roasted",sr_legacy_food,13,2019-04-01,238.5,26.8,14.1,1.1
174710,"Beef, top loin petite roast, boneless, separable lean and fat, trimmed to 1/8"" fat, select, cooked, roasted",sr_legacy_food,13,2019-04-01,212.8,27.1,11.2,0.9
174711,"Beef, top loin petite roast/filet, boneless, separable lean and fat, trimmed to 1/8"" fat, all grades, raw",sr_legacy_food,13,2019-04-01,187.3,21.1,11.3,0.3
174712,"Beef, loin, top loin steak, boneless, lip-on, separable lean and fat, trimmed to 1/8"" fat, choice, cooked, grilled",sr_legacy_food,13,2019-04-01,275.5,25.69,19.19,0.0
174713,"Beef, loin, top loin steak, boneless, lip-on, separable lean and fat, trimmed to 1/8"" fat, select, cooked, grilled",sr_legacy_food,13,2019-04-01,246.6,26.92,15.44,0.0
174714,"Beef, loin, top loin steak, boneless, lip-on, separable lean and fat, trimmed to 1/8"" fat, all grades, cooked, grilled",sr_legacy_food,13,2019-04-01,263.9,26.18,17.69,0.0
174715,"Beef, New Zealand, imported, bolar blade, separable lean only, cooked, fast roasted",sr_legacy_food,13,2019-04-01,193.2,33.53,6.57,0.0
174716,"Beef, New Zealand, imported, bolar blade, separable lean only, raw",sr_legacy_food,13,2019-04-01,128.8,22.09,4.49,0.0
174717,"Beef, New Zealand, imported, brisket navel end, separable lean only, cooked, braised",sr_legacy_food,13,2019-04-01,264.7,29.35,16.37,0.0
174718,"Beef, New Zealand, imported, brisket navel end, separable lean only, raw",sr_legacy_food,13,2019-04-01,193.7,19.74,12.75,0.0
174719,"Beef, New Zealand, imported, cube roll, separable lean only, cooked, fast roasted",sr_legacy_food,13,2019-04-01,239.3,30.09,13.22,0.0
174720,"Beef, New Zealand, imported, cube roll, separable lean only, raw",sr_legacy_food,13,2019-04-01,161.2,19.77,8.51,1.38
174721,"Beef, New Zealand, imported, eye round, separable lean only, cooked, slow roasted",sr_legacy_food,13,2019-04-01,163.5,29.68,4.98,0.0
174722,"Beef, New Zealand, imported, eye round, separable lean only, raw",sr_legacy_food,13,2019-04-01,116.2,20.15,3.35,1.35
174723,"Beef, New Zealand, imported, variety meats and by-products, heart, raw",sr_legacy_food,13,2019-04-01,104.7,18.52,3.4,0.0
174724,"Beef, New Zealand, imported, hind shin, separable lean only, cooked, braised",sr_legacy_food,13,2019-04-01,166.7,31.23,4.64,0.0
174725,"Beef, New Zealand, imported, hind shin, separable lean only, raw",sr_legacy_food,13,2019-04-01,113.9,21.46,3.12,0.0
174726,"Beef, New Zealand, imported, inside, raw",sr_legacy_food,13,2019-04-01,128.3,22.16,4.36,0.1
174727,"Beef, New Zealand, imported, variety meats and by-products, kidney, raw",sr_legacy_food,13,2019-04-01,86.5,15.68,2.64,0.0
174728,"Beef, New Zealand, imported, variety meats and by-products liver, cooked, boiled",sr_legacy_food,13,2019-04-01,150.4,23.3,4.68,3.78
174729,"Beef, New Zealand, imported, variety meats and by-products, liver, raw",sr_legacy_food,13,2019-04-01,132.8,20.5,4.05,3.6
174730,"Beef, New Zealand, imported, manufacturing beef, cooked, boiled",sr_legacy_food,13,2019-04-01,126.2,24.21,3.26,0.0
174731,"Beef, New Zealand, imported, ribs prepared, raw",sr_legacy_food,13,2019-04-01,146.3,21.31,6.78,0.0
174732,"Beef, New Zealand, imported, rump centre, separable lean only, cooked, fast fried",sr_legacy_food,13,2019-04-01,188.0,30.17,7.48,0.0
174733,"Beef, New Zealand, imported, striploin, separable lean only, cooked, fast fried",sr_legacy_food,13,2019-04-01,216.7,28.53,11.4,0.0
174734,"Beef, New Zealand, imported, striploin, separable lean only, raw",sr_legacy_food,13,2019-04-01,149.7,20.93,7.0,0.74
174735,"Beef, New Zealand, imported, oyster blade, separable lean and fat, raw",sr_legacy_food,13,2019-04-01,177.9,21.27,10.31,0.0
174736,"Beef, New Zealand, imported, tenderloin, separable lean only, raw",sr_legacy_food,13,2019-04-01,139.7,21.19,6.1,0.0
174737,"Beef, New Zealand, imported, variety meats and by-products, tongue, cooked, boiled",sr_legacy_food,13,2019-04-01,271.0,18.31,20.34,3.68
174738,"Beef, New Zealand, imported, variety meats and by-products, tongue, raw",sr_legacy_food,13,2019-04-01,242.9,17.77,19.09,0.0
174739,"Beef, New Zealand, imported, brisket navel end, separable lean and fat, cooked, braised",sr_legacy_food,13,2019-04-01,452.5,20.14,41.33,0.0
174740,"Beef, New Zealand, imported, brisket navel end, separable lean and fat, raw",sr_legacy_food,13,2019-04-01,344.7,15.81,31.27,0.0
174741,"Beef, New Zealand, imported, brisket point end, separable lean and fat, cooked, braised",sr_legacy_food,13,2019-04-01,250.2,31.94,13.6,0.0
174742,"Beef, New Zealand, imported, brisket point end, separable lean and fat, raw",sr_legacy_food,13,2019-04-01,163.3,20.05,9.23,0.0
174743,"Beef, New Zealand, imported, eye round, separable lean and fat, cooked, slow roasted",sr_legacy_food,13,2019-04-01,168.1,29.49,5.57,0.0
174744,"Beef, New Zealand, imported, eye round, separable lean and fat, raw",sr_legacy_food,13,2019-04-01,129.1,19.88,4.92,1.32
174745,"Beef, New Zealand, imported, flank, separable lean and fat, cooked, braised",sr_legacy_food,13,2019-04-01,208.1,30.13,9.73,0.0
174746,"Beef, New Zealand, imported, flank, separable lean and fat, raw",sr_legacy_food,13,2019-04-01,160.6,20.12,8.9,0.0
174747,"Beef, New Zealand, imported, flat, separable lean and fat, cooked, braised",sr_legacy_food,13,2019-04-01,251.6,31.86,13.79,0.0
174748,"Beef, New Zealand, imported, rump centre, separable lean and fat, cooked, fast fried",sr_legacy_food,13,2019-04-01,191.7,30.01,7.96,0.0
174749,"Beef, New Zealand, imported, rump centre, separable lean only, raw",sr_legacy_food,13,2019-04-01,141.4,21.74,6.05,0.0
174750,"Beef, New Zealand, imported, rump centre, separable lean and fat, raw",sr_legacy_food,13,2019-04-01,145.1,21.65,6.5,0.0
174751,"Beef, New Zealand, imported, striploin, separable lean and fat, cooked, fast fried",sr_legacy_food,13,2019-04-01,300.6,24.89,22.33,0.02
174752,"Beef, ground, 93% lean meat / 7% fat, patty, cooked, broiled",sr_legacy_food,13,2019-04-01,185.3,26.22,8.94,0.0
174753,"Beef, ground, 93% lean meat /7% fat, patty, cooked, pan-broiled",sr_legacy_food,13,2019-04-01,174.6,25.56,8.01,0.06
174754,"Beef, ground, 93% lean meat / 7% fat, loaf, cooked, baked",sr_legacy_food,13,2019-04-01,184.0,27.03,8.43,0.0
174755,"Beef, ground, 93% lean meat / 7% fat, crumbles, cooked, pan-browned",sr_legacy_food,13,2019-04-01,201.1,28.88,9.51,0.0
174756,"Beef, ground, 97% lean meat / 3% fat, crumbles, cooked, pan-browned",sr_legacy_food,13,2019-04-01,167.0,29.46,5.46,0.0
174757,"Beef, composite of trimmed retail cuts, separable lean and fat, trimmed to 0"" fat, all grades, raw",sr_legacy_food,13,2019-04-01,167.5,20.95,9.3,0.0
174758,"Beef, composite of trimmed retail cuts, separable lean only, trimmed to 1/8"" fat, all grades, raw",sr_legacy_food,13,2019-04-01,137.0,22.15,5.38,0.0
174759,"Beef, composite of trimmed retail cuts, separable lean only, trimmed to 1/8"" fat, all grades, cooked",sr_legacy_food,13,2019-04-01,189.2,28.95,8.15,0.0
174760,"Beef, composite of trimmed retail cuts, separable lean only, trimmed to 0"" fat, all grades, raw",sr_legacy_food,13,2019-04-01,138.5,22.15,5.54,0.0
174761,"Beef, rib, small end (ribs 10-12), separable lean only, trimmed to 1/8"" fat, choice, raw",sr_legacy_food,13,2019-04-01,141.7,22.12,5.91,0.0
174762,"Beef, tenderloin, steak, separable lean only, trimmed to 1/8"" fat, choice, raw",sr_legacy_food,13,2019-04-01,152.3,22.17,7.07,0.0
174763,"Beef, top sirloin, steak, separable lean only, trimmed to 1/8"" fat, choice, raw",sr_legacy_food,13,2019-04-01,129.2,21.91,4.62,0.0
174764,"Beef, rib, small end (ribs 10-12), separable lean only, trimmed to 1/8""fat, choice, cooked, broiled",sr_legacy_food,13,2019-04-01,194.6,28.29,9.05,0.0
174765,"Beef, chuck, arm pot roast, separable lean only, trimmed to 1/8"" fat, select, raw",sr_legacy_food,13,2019-04-01,118.9,22.26,3.32,0.0
174766,"Beef, brisket, flat half, separable lean only, trimmed to 1/8"" fat, select, raw",sr_legacy_food,13,2019-04-01,118.3,21.45,3.61,0.0
174767,"Beef, chuck, arm pot roast, separable lean only, trimmed to 1/8"" fat, select, cooked, braised",sr_legacy_food,13,2019-04-01,195.6,34.6,6.35,0.0
174768,"Beef, brisket, flat half, separable lean only, trimmed to 1/8"" fat, select, cooked, braised",sr_legacy_food,13,2019-04-01,179.6,33.18,5.21,0.0
174769,"Beef, variety meats and by-products, tripe, cooked, simmered",sr_legacy_food,13,2019-04-01,91.2,11.71,4.05,1.99
174770,"Beef, bottom sirloin, tri-tip roast, separable lean only, trimmed to 0"" fat, all grades, raw",sr_legacy_food,13,2019-04-01,135.7,21.26,5.63,0.0
174771,"Beef, bottom sirloin, tri-tip roast, separable lean only, trimmed to 0"" fat, choice, cooked, roasted",sr_legacy_food,13,2019-04-01,192.9,26.34,9.73,0.0
174772,"Beef, bottom sirloin, tri-tip roast, separable lean only, trimmed to 0"" fat, choice, raw",sr_legacy_food,13,2019-04-01,148.2,21.17,7.06,0.0
174773,"Beef, bottom sirloin, tri-tip roast, separable lean only, trimmed to 0"" fat, select, cooked, roasted",sr_legacy_food,13,2019-04-01,171.2,27.17,6.95,0.0
174774,"Beef, flank, steak, separable lean only, trimmed to 0"" fat, all grades, cooked, broiled",sr_legacy_food,13,2019-04-01,178.2,27.89,7.4,0.0
174775,"Beef, flank, steak, separable lean only, trimmed to 0"" fat, select, cooked, broiled",sr_legacy_food,13,2019-04-01,170.2,27.96,6.48,0.0
174776,"Beef, flank, steak, separable lean only, trimmed to 0"" fat, all grades, raw",sr_legacy_food,13,2019-04-01,135.5,21.57,5.47,0.0
174777,"Beef, flank, steak, separable lean only, trimmed to 0"" fat, select, raw",sr_legacy_food,13,2019-04-01,130.7,21.43,5.0,0.0
174778,"Snacks, popcorn, microwave, low fat",sr_legacy_food,23,2019-04-01,423.9,12.6,9.5,72.0
174779,"Snacks, candy rolls, yogurt-covered, fruit flavored with high vitamin C",sr_legacy_food,23,2019-04-01,359.2,0.46,6.53,74.64
174780,"Formulated bar, MARS SNACKFOOD US, SNICKERS MARATHON Chewy Chocolate Peanut Bar",sr_legacy_food,23,2019-04-01,404.2,24.29,13.12,47.24
174781,"Formulated bar, MARS SNACKFOOD US, SNICKERS MARATHON MULTIGRAIN CRUNCH BAR",sr_legacy_food,23,2019-04-01,421.7,18.49,13.18,57.27
174782,"Formulated bar, MARS SNACKFOOD US, COCOAVIA, Chocolate Almond Snack Bar",sr_legacy_food,23,2019-04-01,365.3,7.72,14.19,51.68
174783,"Snacks, sweet potato chips, unsalted",sr_legacy_food,23,2019-04-01,530.2,2.94,32.35,56.82
174784,"Snacks, FRITOLAY, SUNCHIPS, Multigrain Snack, original flavor",sr_legacy_food,23,2019-04-01,490.8,7.95,21.11,67.26
174785,"Snacks, popcorn, microwave, regular (butter) flavor, made with partially hydrogenated oil",sr_legacy_food,23,2019-04-01,556.8,7.5,34.02,55.16
174786,"Formulated bar, MARS SNACKFOOD US, SNICKERS MARATHON Protein Performance Bar, Caramel Nut Rush",sr_legacy_food,23,2019-04-01,414.5,25.0,12.5,50.5
174787,"Formulated bar, LUNA BAR, NUTZ OVER CHOCOLATE",sr_legacy_food,23,2019-04-01,402.7,20.75,12.19,52.49
174788,"Snacks, FRITOLAY, SUNCHIPS, multigrain, French onion flavor",sr_legacy_food,23,2019-04-01,496.0,8.68,22.15,65.49
174789,"Snacks, FRITOLAY, SUNCHIPS, Multigrain Snack, Harvest Cheddar flavor",sr_legacy_food,23,2019-04-01,491.1,8.08,22.22,64.7
174790,"Pretzels, soft, unsalted",sr_legacy_food,23,2019-04-01,344.9,8.2,3.1,71.04
174791,"Snacks, vegetable chips, HAIN CELESTIAL GROUP, TERRA CHIPS",sr_legacy_food,23,2019-04-01,516.7,4.13,29.81,57.97
174792,"Formulated bar, ZONE PERFECT CLASSIC CRUNCH BAR, mixed flavors",sr_legacy_food,23,2019-04-01,426.0,30.0,14.0,45.0
174793,"Snacks, granola bar, KASHI GOLEAN, chewy, mixed flavors",sr_legacy_food,23,2019-04-01,389.6,16.67,7.69,63.42
174794,"Snacks, granola bar, KASHI TLC Bar, chewy, mixed flavors",sr_legacy_food,23,2019-04-01,428.7,18.57,15.71,53.26
174795,"Snacks, granola bars, QUAKER OATMEAL TO GO, all flavors",sr_legacy_food,23,2019-04-01,388.6,6.67,6.67,75.47
174796,"Snacks, vegetable chips, made from garden vegetables",sr_legacy_food,23,2019-04-01,472.7,5.32,23.3,60.43
174797,"Snacks, granola bar, KASHI TLC Bar, crunchy, mixed flavors",sr_legacy_food,23,2019-04-01,446.1,15.0,15.0,62.78
174798,"Snacks, candy bits, yogurt covered with vitamin C",sr_legacy_food,23,2019-04-01,415.1,0.0,7.5,86.9
174799,"Snacks, CLIF BAR, mixed flavors",sr_legacy_food,23,2019-04-01,373.5,14.71,5.88,65.44
174800,"Snacks, granola bar, QUAKER, chewy, 90 Calorie Bar",sr_legacy_food,23,2019-04-01,408.3,4.17,8.33,79.17
174801,"Snacks, granola bar, GENERAL MILLS NATURE VALLEY, SWEET&SALTY NUT, peanut",sr_legacy_food,23,2019-04-01,486.9,9.14,22.86,61.14
174802,"Snacks, granola bar, GENERAL MILLS, NATURE VALLEY, with yogurt coating",sr_legacy_food,23,2019-04-01,422.9,5.71,11.43,74.29
174803,"Snack, Mixed Berry Bar",sr_legacy_food,23,2019-04-01,382.8,13.16,10.53,58.84
174804,"Snacks, potato chips, made from dried potatoes (preformed), multigrain",sr_legacy_food,23,2019-04-01,505.2,5.3,24.74,65.34
174805,"Snacks, potato chips, lightly salted",sr_legacy_food,23,2019-04-01,559.6,6.72,35.39,53.54
174806,"Snacks, Pretzels, gluten- free made with cornstarch and potato flour",sr_legacy_food,23,2019-04-01,388.6,3.52,6.67,78.62
174807,"Soup, egg drop, Chinese restaurant",sr_legacy_food,6,2019-04-01,27.3,1.16,0.61,4.29
174808,"Soup, hot and sour, Chinese restaurant",sr_legacy_food,6,2019-04-01,38.6,2.58,1.21,4.35
174809,"Beverages, THE COCA-COLA COMPANY, NOS Zero, energy drink, sugar-free with guarana, fortified with vitamins B6 and B12",sr_legacy_food,14,2019-04-01,4.1,0.0,0.0,1.03
174810,"Alcoholic beverage, whiskey sour, canned",sr_legacy_food,14,2019-04-01,53.6,0.0,0.0,13.4
174811,"Beverages, Whiskey sour mix, bottled",sr_legacy_food,14,2019-04-01,86.9,0.1,0.1,21.4
174812,"Alcoholic beverage, whiskey sour, prepared from item 14028",sr_legacy_food,14,2019-04-01,52.1,0.06,0.06,12.82
174813,"Beverages, ABBOTT, EAS soy protein powder",sr_legacy_food,14,2019-04-01,398.4,47.62,3.57,43.94
174814,"Beverages, CYTOSPORT, Muscle Milk, ready-to-drink",sr_legacy_food,14,2019-04-01,52.1,5.87,2.17,2.28
174815,"Alcoholic beverage, distilled, all (gin, rum, vodka, whiskey) 80 proof",sr_legacy_food,14,2019-04-01,0.0,0.0,0.0,0.0
174816,"Beverages, OCEAN SPRAY, Cran-Energy, Cranberry Energy Juice Drink",sr_legacy_food,14,2019-04-01,15.0,0.0,0.0,3.75
174817,"Alcoholic beverage, distilled, rum, 80 proof",sr_legacy_food,14,2019-04-01,0.0,0.0,0.0,0.0
174818,"Alcoholic beverage, distilled, vodka, 80 proof",sr_legacy_food,14,2019-04-01,0.0,0.0,0.0,0.0
174819,"Alcoholic beverage, distilled, whiskey, 86 proof",sr_legacy_food,14,2019-04-01,0.4,0.0,0.0,0.1
174820,"Beverages, almond milk, chocolate, ready-to-drink",sr_legacy_food,14,2019-04-01,51.3,0.63,1.25,9.38
174821,"Beverages, Energy Drink with carbonated water and high fructose corn syrup",sr_legacy_food,14,2019-04-01,61.7,0.42,0.0,15.0
174822,"Beverages, Energy Drink, sugar free",sr_legacy_food,14,2019-04-01,3.4,0.42,0.0,0.42
174823,"Beverages, ABBOTT, ENSURE, Nutritional Shake, Ready-to-Drink",sr_legacy_food,14,2019-04-01,105.5,3.8,2.53,16.88
174824,"Beverages, chocolate powder, no sugar added",sr_legacy_food,14,2019-04-01,350.1,9.09,4.5,68.31
174825,"Beverages, ZEVIA, cola",sr_legacy_food,14,2019-04-01,4.5,0.0,0.0,1.13
174826,"Beverages, ZEVIA, cola, caffeine free",sr_legacy_food,14,2019-04-01,4.5,0.0,0.0,1.13
174827,"Beverages, GEROLSTEINER BRUNNEN GmbH & Co. KG,Gerolsteiner naturally sparkling mineral water,",sr_legacy_food,14,2019-04-01,0.0,0.0,0.0,0.0
174828,"Beverages, yellow green colored citrus soft drink with caffeine",sr_legacy_food,14,2019-04-01,51.3,0.0,0.0,12.83
174829,"Beverages, V8 SPLASH Smoothies, Strawberry Banana",sr_legacy_food,14,2019-04-01,37.5,1.22,0.0,8.16
174830,"Beverages, V8 SPLASH Smoothies, Tropical Colada",sr_legacy_food,14,2019-04-01,39.0,1.22,0.0,8.54
174831,"Beverages, Coconut water, ready-to-drink, unsweetened",sr_legacy_food,14,2019-04-01,17.8,0.22,0.0,4.24
174832,"Beverages, almond milk, unsweetened, shelf stable",sr_legacy_food,14,2019-04-01,15.5,0.4,0.96,1.31
174833,"Alcoholic Beverage, wine, table, red, Cabernet Sauvignon",sr_legacy_food,14,2019-04-01,10.7,0.07,0.0,2.6
174834,"Alcoholic Beverage, wine, table, red, Cabernet Franc",sr_legacy_food,14,2019-04-01,10.1,0.07,0.0,2.45
174835,"Alcoholic Beverage, wine, table, red, Pinot Noir",sr_legacy_food,14,2019-04-01,9.5,0.07,0.0,2.31
174836,"Alcoholic Beverage, wine, table, red, Syrah",sr_legacy_food,14,2019-04-01,10.6,0.07,0.0,2.58
174837,"Alcoholic beverage, wine, table, white",sr_legacy_food,14,2019-04-01,10.7,0.07,0.0,2.6
174838,"Alcoholic Beverage, wine, table, red, Lemberger",sr_legacy_food,14,2019-04-01,10.1,0.07,0.0,2.46
174839,"Alcoholic Beverage, wine, table, red, Sangiovese",sr_legacy_food,14,2019-04-01,10.8,0.07,0.0,2.62
174840,"Alcoholic Beverage, wine, table, red, Carignane",sr_legacy_food,14,2019-04-01,9.9,0.07,0.0,2.4
174841,"Alcoholic beverage, wine, table, white, Pinot Gris (Grigio)",sr_legacy_food,14,2019-04-01,8.5,0.07,0.0,2.06
174842,"Beverages, carbonated, club soda",sr_legacy_food,14,2019-04-01,0.0,0.0,0.0,0.0
174843,"Alcoholic beverage, wine, table, white, Gewurztraminer",sr_legacy_food,14,2019-04-01,10.7,0.07,0.0,2.6
174844,"Alcoholic beverage, wine, table, white, late harvest, Gewurztraminer",sr_legacy_food,14,2019-04-01,45.8,0.07,0.0,11.39
174845,"Alcoholic beverage, wine, table, white, Semillon",sr_legacy_food,14,2019-04-01,12.8,0.07,0.0,3.12
174846,"Beverages, carbonated, ginger ale",sr_legacy_food,14,2019-04-01,35.0,0.0,0.0,8.76
174847,"Beverages, NESTEA, tea, black, ready-to-drink, lemon",sr_legacy_food,14,2019-04-01,36.4,0.0,0.0,9.09
174848,"Alcoholic beverage, wine, table, white, Pinot Blanc",sr_legacy_food,14,2019-04-01,8.0,0.07,0.0,1.94
174849,"Alcoholic beverage, wine, table, white, Muscat",sr_legacy_food,14,2019-04-01,21.2,0.07,0.0,5.23
174850,"Beverages, carbonated, low calorie, cola or pepper-type, with aspartame, without caffeine",sr_legacy_food,14,2019-04-01,1.0,0.12,0.0,0.12
174851,"Beverages, carbonated, cola, without caffeine",sr_legacy_food,14,2019-04-01,42.3,0.0,0.0,10.58
174852,"Beverages, carbonated, cola, regular",sr_legacy_food,14,2019-04-01,43.7,0.0,0.25,10.36
174853,"Beverages, carbonated, reduced sugar, cola, contains caffeine and sweeteners",sr_legacy_food,14,2019-04-01,20.6,0.0,0.0,5.16
174854,"Beverages, carbonated, orange",sr_legacy_food,14,2019-04-01,49.2,0.0,0.0,12.3
174855,"Beverages, tea, black, ready-to-drink, peach, diet",sr_legacy_food,14,2019-04-01,1.0,0.0,0.0,0.25
174856,"Beverages, OCEAN SPRAY, Ruby Red cranberry",sr_legacy_food,14,2019-04-01,46.7,0.07,0.01,11.58
174857,"Beverages, MOTTS, Apple juice light, fortified with vitamin C",sr_legacy_food,14,2019-04-01,21.3,0.0,0.1,5.1
174858,"Beverages, Lemonade, powder",sr_legacy_food,14,2019-04-01,399.7,0.0,1.05,97.57
174859,"Lemonade, powder, prepared with water",sr_legacy_food,14,2019-04-01,14.7,0.0,0.04,3.59
174860,"Beverages, lemonade-flavor drink, powder",sr_legacy_food,14,2019-04-01,400.7,0.0,1.01,97.9
174861,"Beverages, lemonade-flavor drink, powder, prepared with water",sr_legacy_food,14,2019-04-01,28.2,0.0,0.07,6.9
174862,"Limeade, frozen concentrate, prepared with water",sr_legacy_food,14,2019-04-01,55.2,0.0,0.0,13.79
174863,"Malt beverage, includes non-alcoholic beer",sr_legacy_food,14,2019-04-01,34.1,0.21,0.12,8.05
174864,"Beverages, OVALTINE, Classic Malt powder",sr_legacy_food,14,2019-04-01,373.3,0.0,0.0,93.33
174865,"Beverages, Malted drink mix, chocolate, with added nutrients, powder, prepared with whole milk",sr_legacy_food,14,2019-04-01,87.3,3.29,3.26,11.19
174866,"Beverages, malted drink mix, chocolate, powder",sr_legacy_food,14,2019-04-01,411.0,5.1,4.76,86.94
174867,"Beverages, Malted drink mix, chocolate, powder, prepared with whole milk",sr_legacy_food,14,2019-04-01,87.9,3.37,3.29,11.2
174868,"Beverages, orange drink, canned, with added vitamin C",sr_legacy_food,14,2019-04-01,50.0,0.0,0.07,12.34
174869,"Strawberry-flavor beverage mix, powder",sr_legacy_food,14,2019-04-01,398.6,0.1,0.2,99.1
174870,"Beverages, Strawberry-flavor beverage mix, powder, prepared with whole milk",sr_legacy_food,14,2019-04-01,89.1,3.0,3.1,12.3
174871,"Beverages, tea, black, brewed, prepared with tap water, decaffeinated",sr_legacy_food,14,2019-04-01,1.2,0.0,0.0,0.3
174872,"Beverages, tea, instant, decaffeinated, unsweetened",sr_legacy_food,14,2019-04-01,315.5,20.21,0.0,58.66
174873,"Beverages, tea, instant, unsweetened, prepared with water",sr_legacy_food,14,2019-04-01,0.9,0.06,0.0,0.17
174874,"Lamb, New Zealand, imported, square-cut shoulder chops, separable lean and fat, cooked, braised",sr_legacy_food,17,2019-04-01,322.1,26.79,23.86,0.05
174875,"Lamb, New Zealand, imported, square-cut shoulder chops, separable lean and fat, raw",sr_legacy_food,17,2019-04-01,274.6,17.02,22.84,0.23
174876,"Lamb, New Zealand, imported, square-cut shoulder, separable lean and fat, cooked, slow roasted",sr_legacy_food,17,2019-04-01,294.2,20.88,23.39,0.03
174877,"Lamb, New Zealand, imported, tunnel-boned leg, chump off, shank off, separable lean and fat, raw",sr_legacy_food,17,2019-04-01,120.5,20.93,4.09,0.0
174878,"Lamb, New Zealand, imported, tenderloin, separable lean and fat, raw",sr_legacy_food,17,2019-04-01,119.7,20.43,4.22,0.01
174879,"Veal, ground, cooked, pan-fried",sr_legacy_food,17,2019-04-01,215.4,25.83,11.78,1.51
174880,"Veal, leg, top round, cap off, cutlet, boneless, cooked, grilled",sr_legacy_food,17,2019-04-01,151.2,31.89,2.63,0.0
174881,"Veal, shoulder, blade chop, separable lean only, cooked, grilled",sr_legacy_food,17,2019-04-01,159.1,27.33,5.53,0.0
174882,"Veal, external fat only, raw",sr_legacy_food,17,2019-04-01,503.4,8.85,51.6,0.89
174883,"Veal, external fat only, cooked",sr_legacy_food,17,2019-04-01,540.2,15.28,53.23,0.0
174884,"Veal, seam fat only, raw",sr_legacy_food,17,2019-04-01,443.9,12.53,43.75,0.0
174885,"Lamb, Australian, imported, fresh, leg, bottom, boneless, separable lean only, trimmed to 1/8"" fat, cooked, roasted",sr_legacy_food,17,2019-04-01,189.6,28.6,8.35,0.0
174886,"Lamb, Australian, imported, fresh, leg, hindshank, heel on, bone-in, separable lean only, trimmed to 1/8"" fat, cooked, braised",sr_legacy_food,17,2019-04-01,173.6,30.73,5.63,0.0
174887,"Lamb, Australian, imported, fresh, leg, hindshank, heel on, bone-in, separable lean only, trimmed to 1/8"" fat, raw",sr_legacy_food,17,2019-04-01,121.7,22.49,3.53,0.0
174888,"Lamb, Australian, imported, fresh, tenderloin, boneless, separable lean only, trimmed to 1/8"" fat, cooked, roasted",sr_legacy_food,17,2019-04-01,184.3,30.97,6.71,0.0
174889,"Lamb, Australian, imported, fresh, rack, roast, frenched, denuded, bone-in, separable lean only, trimmed to 0"" fat, cooked, roasted",sr_legacy_food,17,2019-04-01,174.8,26.52,7.63,0.0
174890,"Lamb, Australian, imported, fresh, rack, roast, frenched, bone-in, separable lean only, trimmed to 1/8"" fat, cooked, roasted",sr_legacy_food,17,2019-04-01,243.8,28.01,14.64,0.0
174891,"Lamb, Australian, imported, fresh, external fat, cooked",sr_legacy_food,17,2019-04-01,538.3,16.9,52.3,0.0
174892,"Lamb, Australian, imported, fresh, external fat, raw",sr_legacy_food,17,2019-04-01,486.9,12.59,48.5,0.0
174893,"Lamb, Australian, imported, fresh, leg, hindshank, heel on, bone-in, separable lean and fat, trimmed to 1/8"" fat, cooked, braised",sr_legacy_food,17,2019-04-01,203.6,29.52,9.5,0.0
174894,"Lamb, Australian, imported, fresh, leg, hindshank, heel on, bone-in, separable lean and fat, trimmed to 1/8"" fat, raw",sr_legacy_food,17,2019-04-01,196.4,20.58,12.68,0.0
174895,"Lamb, Australian, imported, fresh, leg, trotter off, bone-in, separable lean and fat, trimmed to 1/8"" fat, cooked, roasted",sr_legacy_food,17,2019-04-01,225.7,30.15,11.64,0.08
174896,"Lamb, Australian, imported, fresh, leg, trotter off, bone-in, separable lean and fat, trimmed to 1/8"" fat, raw",sr_legacy_food,17,2019-04-01,175.4,21.95,9.73,0.0
174897,"Lamb, Australian, imported, fresh, tenderloin, boneless, separable lean and fat, trimmed to 1/8"" fat, cooked, roasted",sr_legacy_food,17,2019-04-01,186.7,30.87,7.02,0.0
174898,"Lamb, Australian, imported, fresh, rib chop, frenched, denuded, bone-in, separable lean and fat, trimmed to 0"" fat, cooked, grilled",sr_legacy_food,17,2019-04-01,276.2,30.9,16.96,0.0
174899,"Bagels, plain, enriched, with calcium propionate (includes onion, poppy, sesame)",sr_legacy_food,18,2019-04-01,263.6,10.56,1.32,52.38
174900,"Bagels, plain, enriched, with calcium propionate (includes onion, poppy, sesame), toasted",sr_legacy_food,18,2019-04-01,287.0,11.14,1.43,57.39
174901,"Bagels, egg",sr_legacy_food,18,2019-04-01,273.3,10.6,2.1,53.0
174902,"Biscuits, plain or buttermilk, dry mix",sr_legacy_food,18,2019-04-01,424.2,8.0,15.4,63.4
174903,"Biscuits, plain or buttermilk, dry mix, prepared",sr_legacy_food,18,2019-04-01,331.7,7.3,12.1,48.4
174904,"Biscuits, plain or buttermilk, refrigerated dough, lower fat",sr_legacy_food,18,2019-04-01,272.1,6.7,7.83,43.7
174905,"Biscuits, plain or buttermilk, refrigerated dough, lower fat, baked",sr_legacy_food,18,2019-04-01,319.5,7.8,9.1,51.6
174906,"Bread, banana, prepared from recipe, made with margarine",sr_legacy_food,18,2019-04-01,330.1,4.3,10.5,54.6
174907,"Bread, boston brown, canned",sr_legacy_food,18,2019-04-01,207.5,5.2,1.5,43.3
174908,"Bread, cornbread, dry mix, enriched (includes corn muffin mix)",sr_legacy_food,18,2019-04-01,415.8,7.0,12.2,69.5
174909,"Bread, cornbread, dry mix, prepared with 2% milk, 80% margarine, and eggs",sr_legacy_food,18,2019-04-01,330.4,6.59,9.58,54.46
174910,"Bread, cornbread, prepared from recipe, made with low fat (2%) milk",sr_legacy_food,18,2019-04-01,264.7,6.7,7.1,43.5
174911,"Bread, french or vienna, toasted (includes sourdough)",sr_legacy_food,18,2019-04-01,319.0,13.0,2.14,61.93
174912,"Bread, irish soda, prepared from recipe",sr_legacy_food,18,2019-04-01,295.4,6.6,5.0,56.0
174913,"Bread, Italian",sr_legacy_food,18,2019-04-01,255.0,9.49,2.73,48.11
174914,"Bread, multi-grain, toasted (includes whole-grain)",sr_legacy_food,18,2019-04-01,287.9,14.52,4.6,47.11
174915,"Bread, pita, white, enriched",sr_legacy_food,18,2019-04-01,270.0,9.1,1.2,55.7
174916,"Bread, pita, whole-wheat",sr_legacy_food,18,2019-04-01,278.2,9.8,1.71,55.89
174917,"Bread, protein (includes gluten)",sr_legacy_food,18,2019-04-01,243.4,12.1,2.2,43.8
174918,"Bread, pumpernickel",sr_legacy_food,18,2019-04-01,252.7,8.7,3.1,47.5
174919,"Bread, reduced-calorie, oatmeal",sr_legacy_food,18,2019-04-01,235.1,7.6,3.5,43.3
174920,"Bread, reduced-calorie, rye",sr_legacy_food,18,2019-04-01,224.5,9.1,2.9,40.5
174921,"Bread, reduced-calorie, wheat",sr_legacy_food,18,2019-04-01,249.4,13.32,2.92,42.47
174922,"Bread, reduced-calorie, white",sr_legacy_food,18,2019-04-01,234.5,8.7,2.5,44.3
174923,"Bread, rice bran",sr_legacy_food,18,2019-04-01,251.0,8.9,4.6,43.5
174924,"Bread, white, commercially prepared (includes soft bread crumbs)",sr_legacy_food,18,2019-04-01,263.0,8.85,3.33,49.42
174925,"Bread, white, commercially prepared, toasted",sr_legacy_food,18,2019-04-01,290.0,9.0,4.0,54.5
174926,"Bread, white, prepared from recipe, made with nonfat dry milk",sr_legacy_food,18,2019-04-01,268.6,7.7,2.6,53.6
174927,"Bread, white, prepared from recipe, made with low fat (2%) milk",sr_legacy_food,18,2019-04-01,281.3,7.9,5.7,49.6
174928,"Bread, crumbs, dry, grated, plain",sr_legacy_food,18,2019-04-01,389.0,13.35,5.3,71.98
174929,"Bread, sticks, plain",sr_legacy_food,18,2019-04-01,407.1,12.0,9.5,68.4
174930,"Bread, stuffing, dry mix",sr_legacy_food,18,2019-04-01,379.4,11.0,3.4,76.2
174931,"Bread, stuffing, dry mix, prepared",sr_legacy_food,18,2019-04-01,194.7,2.73,12.05,18.84
174932,"Cake, pudding-type, carrot, dry mix",sr_legacy_food,18,2019-04-01,425.4,5.1,9.8,79.2
174933,"Cake, cherry fudge with chocolate frosting",sr_legacy_food,18,2019-04-01,274.1,2.4,12.5,38.0
174934,"Cake, chocolate, commercially prepared with chocolate frosting, in-store bakery",sr_legacy_food,18,2019-04-01,405.7,3.48,20.05,52.84
174935,"Cake, pudding-type, chocolate, dry mix",sr_legacy_food,18,2019-04-01,412.3,4.6,8.14,80.16
174936,"Cake, coffeecake, creme-filled with chocolate frosting",sr_legacy_food,18,2019-04-01,332.4,5.0,10.8,53.8
174937,"Cake, coffeecake, fruit",sr_legacy_food,18,2019-04-01,318.6,5.2,10.2,51.5
174938,"Cake, coffeecake, cinnamon with crumb topping, dry mix, prepared",sr_legacy_food,18,2019-04-01,319.6,5.5,9.6,52.8
174939,"Cake, fruitcake, commercially prepared",sr_legacy_food,18,2019-04-01,339.9,2.9,9.1,61.6
174940,"Cake, pound, commercially prepared, other than all butter, enriched",sr_legacy_food,18,2019-04-01,391.9,5.2,17.9,52.5
174941,"Cake, shortcake, biscuit-type, prepared from recipe",sr_legacy_food,18,2019-04-01,346.2,6.1,14.2,48.5
174942,"Cake, snack cakes, creme-filled, chocolate with frosting",sr_legacy_food,18,2019-04-01,399.1,3.63,15.93,60.31
174943,"Cake, snack cakes, creme-filled, sponge",sr_legacy_food,18,2019-04-01,373.9,3.47,11.54,64.03
174944,"Cake, yellow, commercially prepared, with chocolate frosting, in-store bakery",sr_legacy_food,18,2019-04-01,393.8,3.16,17.75,55.36
174945,"Cake, yellow, commercially prepared, with vanilla frosting",sr_legacy_food,18,2019-04-01,398.0,2.99,17.91,56.2
174946,"Cake, pudding-type, yellow, dry mix",sr_legacy_food,18,2019-04-01,424.2,4.0,9.8,80.0
174947,"Cake, yellow, enriched, dry mix",sr_legacy_food,18,2019-04-01,374.0,3.7,3.5,81.92
174948,"Cookies, brownies, dry mix, regular",sr_legacy_food,18,2019-04-01,456.5,4.0,14.9,76.6
174949,"Cookies, brownies, prepared from recipe",sr_legacy_food,18,2019-04-01,487.5,6.2,29.1,50.2
174950,"Cookies, butter, commercially prepared, enriched",sr_legacy_food,18,2019-04-01,469.2,6.1,18.8,68.9
174951,"Cookies, fudge, cake-type (includes trolley cakes)",sr_legacy_food,18,2019-04-01,366.5,5.0,3.7,78.3
174952,"Cookies, chocolate chip, dry mix",sr_legacy_food,18,2019-04-01,509.6,4.6,25.2,66.1
174953,"Cookies, chocolate chip, refrigerated dough",sr_legacy_food,18,2019-04-01,452.0,3.98,21.33,61.02
174954,"Cookies, chocolate chip, refrigerated dough, baked",sr_legacy_food,18,2019-04-01,495.8,4.9,22.6,68.2
174955,"Cookies, chocolate chip, prepared from recipe, made with margarine",sr_legacy_food,18,2019-04-01,511.1,5.7,28.3,58.4
174956,"Cookies, gingersnaps",sr_legacy_food,18,2019-04-01,418.2,5.6,9.8,76.9
174957,"Cookies, graham crackers, plain or honey (includes cinnamon)",sr_legacy_food,18,2019-04-01,432.8,6.69,10.6,77.66
174958,"Cookies, graham crackers, chocolate-coated",sr_legacy_food,18,2019-04-01,515.3,4.0,25.8,66.78
174959,"Cookies, ladyfingers, with lemon juice and rind",sr_legacy_food,18,2019-04-01,363.1,10.6,9.1,59.7
174960,"Cookies, oatmeal, dry mix",sr_legacy_food,18,2019-04-01,468.0,6.5,19.2,67.3
174961,"Cookies, oatmeal, refrigerated dough",sr_legacy_food,18,2019-04-01,428.1,5.4,18.9,59.1
174962,"Cookies, oatmeal, refrigerated dough, baked",sr_legacy_food,18,2019-04-01,475.8,6.0,21.0,65.7
174963,"Cookies, oatmeal, with raisins",sr_legacy_food,18,2019-04-01,441.1,5.86,15.76,68.95
174964,"Cookies, peanut butter, prepared from recipe",sr_legacy_food,18,2019-04-01,485.8,9.0,23.8,58.9
174965,"Cookies, peanut butter sandwich, regular",sr_legacy_food,18,2019-04-01,487.5,8.8,21.1,65.6
174966,"Cookies, raisin, soft-type",sr_legacy_food,18,2019-04-01,410.8,4.1,13.6,68.0
174967,"Cookies, shortbread, commercially prepared, plain",sr_legacy_food,18,2019-04-01,512.6,5.37,26.22,63.78
174968,"Cookies, shortbread, commercially prepared, pecan",sr_legacy_food,18,2019-04-01,545.3,4.9,32.5,58.3
174969,"Cookies, peanut butter sandwich, special dietary",sr_legacy_food,18,2019-04-01,549.2,10.0,34.0,50.8
174970,"Cookies, sugar wafer, with creme filling, sugar free",sr_legacy_food,18,2019-04-01,536.4,3.57,28.57,66.26
174971,"Cookies, sugar, commercially prepared, regular (includes vanilla)",sr_legacy_food,18,2019-04-01,466.7,5.35,19.55,67.34
174972,"Cookies, sugar, refrigerated dough",sr_legacy_food,18,2019-04-01,436.2,4.0,19.48,61.22
174973,"Cookies, vanilla wafers, lower fat",sr_legacy_food,18,2019-04-01,451.2,5.0,15.2,73.6
174974,"Cookies, vanilla wafers, higher fat",sr_legacy_food,18,2019-04-01,457.7,4.9,16.41,72.6
174975,"Crackers, cheese, regular",sr_legacy_food,18,2019-04-01,486.1,10.93,22.74,59.42
174976,"Crackers, cheese, sandwich-type with peanut butter filling",sr_legacy_food,18,2019-04-01,502.7,12.41,25.12,56.74
174977,"Crackers, melba toast, plain",sr_legacy_food,18,2019-04-01,383.6,12.1,3.2,76.6
174978,"Crackers, melba toast, rye (includes pumpernickel)",sr_legacy_food,18,2019-04-01,386.2,11.6,3.4,77.3
174979,"Crackers, melba toast, wheat",sr_legacy_food,18,2019-04-01,377.9,12.9,2.3,76.4
174980,"Crackers, milk",sr_legacy_food,18,2019-04-01,441.2,7.6,13.77,71.73
174981,"Crackers, rusk toast",sr_legacy_food,18,2019-04-01,408.0,13.5,7.2,72.3
174982,"Crackers, standard snack-type, regular",sr_legacy_food,18,2019-04-01,509.6,6.64,26.43,61.3
174983,"Crackers, standard snack-type, sandwich, with cheese filling",sr_legacy_food,18,2019-04-01,473.9,9.3,21.1,61.7
174984,"Crackers, standard snack-type, sandwich, with peanut butter filling",sr_legacy_food,18,2019-04-01,500.3,11.47,24.54,58.38
174985,"Crackers, wheat, regular",sr_legacy_food,18,2019-04-01,459.7,7.3,16.4,70.73
174986,"Cream puff shell, prepared from recipe",sr_legacy_food,18,2019-04-01,360.3,9.0,25.9,22.8
174987,"Croissants, butter",sr_legacy_food,18,2019-04-01,405.0,8.2,21.0,45.8
174988,"Croissants, apple",sr_legacy_food,18,2019-04-01,256.3,7.4,8.7,37.1
174989,"Croissants, cheese",sr_legacy_food,18,2019-04-01,412.9,9.2,20.9,47.0
174990,"Doughnuts, cake-type, plain (includes unsugared, old-fashioned)",sr_legacy_food,18,2019-04-01,433.8,5.31,24.93,47.06
174991,"Doughnuts, cake-type, plain, chocolate-coated or frosted",sr_legacy_food,18,2019-04-01,452.3,4.93,25.25,51.33
174992,"Doughnuts, cake-type, plain, sugared or glazed",sr_legacy_food,18,2019-04-01,430.1,5.2,22.9,50.8
174993,"Doughnuts, cake-type, chocolate, sugared or glazed",sr_legacy_food,18,2019-04-01,426.7,4.5,19.9,57.4
174994,"Muffins, English, plain, enriched, with ca prop (includes sourdough)",sr_legacy_food,18,2019-04-01,227.4,8.87,1.69,44.17
174995,"Muffins, English, plain, toasted, enriched, with calcium propionate (includes sourdough)",sr_legacy_food,18,2019-04-01,270.1,10.32,2.02,52.65
174996,"Muffins, English, mixed-grain (includes granola)",sr_legacy_food,18,2019-04-01,237.8,9.1,1.8,46.3
174997,"Muffins, English, raisin-cinnamon (includes apple-cinnamon)",sr_legacy_food,18,2019-04-01,240.2,7.91,1.8,48.1
174998,"French toast, prepared from recipe, made with low fat (2%) milk",sr_legacy_food,18,2019-04-01,228.0,7.7,10.8,25.0
174999,"Hush puppies, prepared from recipe",sr_legacy_food,18,2019-04-01,336.3,7.7,13.5,46.0
175000,"Ice cream cones, cake or wafer-type",sr_legacy_food,18,2019-04-01,410.5,8.1,6.9,79.0
175001,"Ice cream cones, sugar, rolled-type",sr_legacy_food,18,2019-04-01,402.2,7.9,3.8,84.1
175002,"Muffins, corn, commercially prepared",sr_legacy_food,18,2019-04-01,303.2,5.9,8.4,51.0
175003,"Muffins, corn, dry mix, prepared",sr_legacy_food,18,2019-04-01,317.8,7.4,10.2,49.1
175004,"Muffins, corn, toaster-type",sr_legacy_food,18,2019-04-01,354.5,5.3,11.3,57.9
175005,"Muffins, corn, prepared from recipe, made with low fat (2%) milk",sr_legacy_food,18,2019-04-01,315.9,7.1,12.3,44.2
175006,"Pancakes, plain, dry mix, complete, prepared",sr_legacy_food,18,2019-04-01,190.1,5.2,2.5,36.7
175007,"Pancakes, plain, dry mix, incomplete (includes buttermilk)",sr_legacy_food,18,2019-04-01,349.7,10.0,1.7,73.6
175008,"Pancakes, plain, dry mix, incomplete, prepared",sr_legacy_food,18,2019-04-01,216.1,7.8,7.7,28.9
175009,"Pancakes, plain, prepared from recipe",sr_legacy_food,18,2019-04-01,226.1,6.4,9.7,28.3
175010,"Pancakes, whole-wheat, dry mix, incomplete, prepared",sr_legacy_food,18,2019-04-01,210.1,8.5,6.5,29.4
175011,"Pie, apple, commercially prepared, enriched flour",sr_legacy_food,18,2019-04-01,242.6,1.9,11.0,34.0
175012,"Pie, apple, prepared from recipe",sr_legacy_food,18,2019-04-01,270.5,2.4,12.5,37.1
175013,"Pie, banana cream, prepared from mix, no-bake type",sr_legacy_food,18,2019-04-01,256.1,3.4,12.9,31.6
175014,"Pie, chocolate creme, commercially prepared",sr_legacy_food,18,2019-04-01,372.0,4.15,22.41,38.44
175015,"Pie, chocolate mousse, prepared from mix, no-bake type",sr_legacy_food,18,2019-04-01,271.0,3.5,15.4,29.6
175016,"Pie, coconut creme, commercially prepared",sr_legacy_food,18,2019-04-01,307.0,2.1,16.6,37.3
175017,"Pie, coconut cream, prepared from mix, no-bake type",sr_legacy_food,18,2019-04-01,283.6,2.8,17.6,28.5
175018,"Pie, lemon meringue, prepared from recipe",sr_legacy_food,18,2019-04-01,287.7,3.8,12.9,39.1
175019,"Pie, mince, prepared from recipe",sr_legacy_food,18,2019-04-01,299.6,2.6,10.8,48.0
175020,"Pie, peach",sr_legacy_food,18,2019-04-01,229.2,1.9,10.0,32.9
175021,"Pie, pecan, commercially prepared",sr_legacy_food,18,2019-04-01,406.6,4.5,16.69,59.61
175022,"Pie crust, standard-type, dry mix",sr_legacy_food,18,2019-04-01,518.6,6.9,31.4,52.1
175023,"Pie crust, standard-type, dry mix, prepared, baked",sr_legacy_food,18,2019-04-01,502.0,6.7,30.4,50.4
175024,"Pie crust, standard-type, frozen, ready-to-bake, enriched",sr_legacy_food,18,2019-04-01,453.8,6.16,26.07,48.62
175025,"Pie crust, standard-type, frozen, ready-to-bake, enriched, baked",sr_legacy_food,18,2019-04-01,508.3,6.5,28.59,56.24
175026,"Pie crust, standard-type, prepared from recipe, baked",sr_legacy_food,18,2019-04-01,527.0,6.4,34.6,47.5
175027,"Rolls, dinner, egg",sr_legacy_food,18,2019-04-01,303.6,9.5,6.4,52.0
175028,"Rolls, dinner, oat bran",sr_legacy_food,18,2019-04-01,240.2,9.5,4.6,40.2
175029,"Rolls, dinner, rye",sr_legacy_food,18,2019-04-01,284.2,10.3,3.4,53.1
175030,"Rolls, dinner, wheat",sr_legacy_food,18,2019-04-01,275.1,8.6,6.3,46.0
175031,"Rolls, hard (includes kaiser)",sr_legacy_food,18,2019-04-01,289.1,9.9,4.3,52.7
175032,"Strudel, apple",sr_legacy_food,18,2019-04-01,278.4,3.3,11.2,41.1
175033,"Sweet rolls, cheese",sr_legacy_food,18,2019-04-01,367.9,7.1,18.3,43.7
175034,"Sweet rolls, cinnamon, commercially prepared with raisins",sr_legacy_food,18,2019-04-01,376.0,6.2,16.4,50.9
175035,"Toaster pastries, fruit (includes apple, blueberry, cherry, strawberry)",sr_legacy_food,18,2019-04-01,387.6,4.2,9.95,70.32
175036,"Tortillas, ready-to-bake or -fry, corn",sr_legacy_food,18,2019-04-01,227.0,5.7,2.85,44.64
175037,"Tortillas, ready-to-bake or -fry, flour, refrigerated",sr_legacy_food,18,2019-04-01,302.2,8.2,7.99,49.38
175038,"Waffles, plain, frozen, ready-to-heat",sr_legacy_food,18,2019-04-01,285.1,6.47,9.7,42.98
175039,"Waffles, plain, prepared from recipe",sr_legacy_food,18,2019-04-01,290.1,7.9,14.1,32.9
175040,"Leavening agents, baking soda",sr_legacy_food,18,2019-04-01,0.0,0.0,0.0,0.0
175041,"Leavening agents, cream of tartar",sr_legacy_food,18,2019-04-01,246.0,0.0,0.0,61.5
175042,"Leavening agents, yeast, baker's, compressed",sr_legacy_food,18,2019-04-01,123.1,8.4,1.9,18.1
175043,"Leavening agents, yeast, baker's, active dry",sr_legacy_food,18,2019-04-01,395.1,40.44,7.61,41.22
175044,"Bread, rice bran, toasted",sr_legacy_food,18,2019-04-01,273.0,9.7,5.0,47.3
175045,"Muffins, blueberry, toaster-type, toasted",sr_legacy_food,18,2019-04-01,337.3,4.9,10.1,56.7
175046,"Muffins, wheat bran, toaster-type with raisins, toasted",sr_legacy_food,18,2019-04-01,328.6,5.5,9.4,55.5
175047,"Pancakes, buttermilk, prepared from recipe",sr_legacy_food,18,2019-04-01,225.7,6.8,9.3,28.7
175048,"Waffles, plain, frozen, ready -to-heat, toasted",sr_legacy_food,18,2019-04-01,312.4,7.19,9.61,49.29
175049,"Bagels, plain, enriched, without calcium propionate (includes onion, poppy, sesame)",sr_legacy_food,18,2019-04-01,270.0,10.5,1.6,53.4
175050,"Bagels, plain, unenriched, with calcium propionate (includes onion, poppy, sesame)",sr_legacy_food,18,2019-04-01,270.0,10.5,1.6,53.4
175051,"Bagels, plain, unenriched, without calcium propionate(includes onion, poppy, sesame)",sr_legacy_food,18,2019-04-01,270.0,10.5,1.6,53.4
175052,"Cake, coffeecake, cinnamon with crumb topping, commercially prepared, unenriched",sr_legacy_food,18,2019-04-01,423.7,6.8,23.3,46.7
175053,"Cake, pound, commercially prepared, other than all butter, unenriched",sr_legacy_food,18,2019-04-01,391.9,5.2,17.9,52.5
175054,"Cake, pudding-type, white, unenriched, dry mix",sr_legacy_food,18,2019-04-01,425.1,3.9,9.5,81.0
175055,"Cake, yellow, unenriched, dry mix",sr_legacy_food,18,2019-04-01,434.4,4.4,11.6,78.1
175056,"Crackers, saltines, low salt (includes oyster, soda, soup)",sr_legacy_food,18,2019-04-01,415.0,9.5,8.85,74.34
175057,"Crackers, saltines, unsalted tops (includes oyster, soda, soup)",sr_legacy_food,18,2019-04-01,429.0,9.2,11.8,71.5
175058,"Crackers, standard snack-type, regular, low salt",sr_legacy_food,18,2019-04-01,501.3,7.4,25.3,61.0
175059,"Crackers, wheat, low salt",sr_legacy_food,18,2019-04-01,479.4,8.6,20.6,64.9
175060,"Crackers, cheese, low sodium",sr_legacy_food,18,2019-04-01,500.9,10.1,25.3,58.2
175061,"Danish pastry, raspberry, unenriched",sr_legacy_food,18,2019-04-01,379.3,5.4,18.5,47.8
175062,"Doughnuts, yeast-leavened, glazed, unenriched (includes honey buns)",sr_legacy_food,18,2019-04-01,408.0,6.4,22.8,44.3
175063,"English muffins, plain, enriched, without calcium propionate(includes sourdough)",sr_legacy_food,18,2019-04-01,231.0,7.7,1.8,46.0
175064,"Pie, fried pies, lemon",sr_legacy_food,18,2019-04-01,327.3,3.0,16.1,42.6
175065,"Pie crust, standard-type, frozen, ready-to-bake, unenriched",sr_legacy_food,18,2019-04-01,454.8,3.9,29.2,44.1
175066,"Popovers, dry mix, unenriched",sr_legacy_food,18,2019-04-01,364.3,10.4,4.3,71.0
175067,"Taco shells, baked, without added salt",sr_legacy_food,18,2019-04-01,481.8,7.2,22.6,62.4
175068,"Crackers, saltines, fat-free, low-sodium",sr_legacy_food,18,2019-04-01,385.6,10.5,1.6,82.3
175069,"Tart, breakfast, low fat",sr_legacy_food,18,2019-04-01,377.1,3.99,5.99,76.8
175070,"Archway Home Style Cookies, Sugar Free Oatmeal",sr_legacy_food,18,2019-04-01,479.2,5.54,20.92,67.2
175071,"Archway Home Style Cookies, Chocolate Chip Ice Box",sr_legacy_food,18,2019-04-01,496.8,4.28,24.4,65.02
175072,"Archway Home Style Cookies, Iced Oatmeal",sr_legacy_food,18,2019-04-01,435.4,4.89,16.53,66.76
175073,"Archway Home Style Cookies, Molasses",sr_legacy_food,18,2019-04-01,403.2,4.25,12.06,69.41
175074,"Archway Home Style Cookies, Oatmeal",sr_legacy_food,18,2019-04-01,421.3,5.48,14.08,68.17
175075,"Archway Home Style Cookies, Oatmeal Raisin",sr_legacy_food,18,2019-04-01,406.5,5.17,12.08,69.27
175076,"Archway Home Style Cookies, Strawberry Filled",sr_legacy_food,18,2019-04-01,400.4,4.35,13.26,65.92
175077,"Archway Home Style Cookies, Reduced Fat Ginger Snaps",sr_legacy_food,18,2019-04-01,423.9,4.67,11.14,76.23
175078,"Artificial Blueberry Muffin Mix, dry",sr_legacy_food,18,2019-04-01,406.9,4.7,8.7,77.45
175079,"Kraft, Stove Top Stuffing Mix Chicken Flavor",sr_legacy_food,18,2019-04-01,379.7,12.6,4.1,73.1
175080,"Martha White Foods, Martha White's Chewy Fudge Brownie Mix, dry",sr_legacy_food,18,2019-04-01,407.4,4.42,6.16,83.58
175081,"Martha White Foods, Martha White's Buttermilk Biscuit Mix, dry",sr_legacy_food,18,2019-04-01,388.0,7.81,13.23,59.41
175082,"Mission Foods, Mission Flour Tortillas, Soft Taco, 8 inch",sr_legacy_food,18,2019-04-01,287.2,8.7,6.0,49.6
175083,"Nabisco, Nabisco Grahams Crackers",sr_legacy_food,18,2019-04-01,422.8,6.99,10.0,76.2
175084,"Nabisco, Nabisco Oreo Crunchies, Cookie Crumb Topping",sr_legacy_food,18,2019-04-01,493.5,4.78,21.5,70.23
175085,"Game meat, deer, cooked, roasted",sr_legacy_food,17,2019-04-01,149.6,30.21,3.19,0.0
175086,"Game meat, horse, raw",sr_legacy_food,17,2019-04-01,127.0,21.39,4.6,0.0
175087,"Game meat, horse, cooked, roasted",sr_legacy_food,17,2019-04-01,167.0,28.14,6.05,0.0
175088,"Beverages, tea, instant, lemon, unsweetened",sr_legacy_food,14,2019-04-01,345.3,7.4,0.18,78.52
175089,"Beverages, tea, instant, lemon, sweetened, powder",sr_legacy_food,14,2019-04-01,401.2,0.12,0.73,98.55
175090,"Beverages, tea, instant, lemon, sweetened, prepared with water",sr_legacy_food,14,2019-04-01,35.0,0.01,0.06,8.61
175091,"Beverages, tea, instant, sweetened with sodium saccharin, lemon-flavored, powder",sr_legacy_food,14,2019-04-01,360.2,3.3,0.6,85.4
175092,"Beverages, cocoa mix, with aspartame, powder, prepared with water",sr_legacy_food,14,2019-04-01,29.4,1.21,0.23,5.61
175093,"Beverages, carbonated, cola, fast-food cola",sr_legacy_food,14,2019-04-01,38.7,0.07,0.02,9.56
175094,"Beverages, fruit punch juice drink, frozen concentrate",sr_legacy_food,14,2019-04-01,179.9,0.3,0.7,43.1
175095,"Beverages, fruit punch juice drink, frozen concentrate, prepared with water",sr_legacy_food,14,2019-04-01,47.4,0.07,0.17,11.4
175096,"Beverages, water, tap, well",sr_legacy_food,14,2019-04-01,0.0,0.0,0.0,0.0
175097,"Alcoholic beverage, liqueur, coffee, 53 proof",sr_legacy_food,14,2019-04-01,190.3,0.1,0.3,46.8
175098,"Alcoholic beverage, liqueur, coffee with cream, 34 proof",sr_legacy_food,14,2019-04-01,236.1,2.8,15.7,20.9
175099,"Beverages, carbonated, low calorie, cola or pepper-type, with aspartame, contains caffeine",sr_legacy_food,14,2019-04-01,1.9,0.11,0.03,0.29
175100,"Beverages, Orange drink, breakfast type, with juice and pulp, frozen concentrate",sr_legacy_food,14,2019-04-01,157.6,0.4,0.0,39.0
175101,"Beverages, Orange drink, breakfast type, with juice and pulp, frozen concentrate, prepared with water",sr_legacy_food,14,2019-04-01,45.8,0.12,0.0,11.32
175102,"Beverages, shake, fast food, strawberry",sr_legacy_food,14,2019-04-01,114.4,3.4,2.8,18.9
175103,"Beverages, water, tap, municipal",sr_legacy_food,14,2019-04-01,0.0,0.0,0.0,0.0
175104,"Beverages, The COCA-COLA company, DASANI, water, bottled, non-carbonated",sr_legacy_food,14,2019-04-01,0.0,0.0,0.0,0.0
175105,"Beverages, orange breakfast drink, ready-to-drink, with added nutrients",sr_legacy_food,14,2019-04-01,52.8,0.0,0.0,13.2
175106,"Beverages, water, bottled, non-carbonated, CALISTOGA",sr_legacy_food,14,2019-04-01,0.0,0.0,0.0,0.0
175107,"Beverages, water, bottled, non-carbonated, CRYSTAL GEYSER",sr_legacy_food,14,2019-04-01,0.0,0.0,0.0,0.0
175108,"Beverages, COCA-COLA, POWERADE, lemon-lime flavored, ready-to-drink",sr_legacy_food,14,2019-04-01,31.8,0.0,0.05,7.84
175109,"Beverages, Propel Zero, fruit-flavored, non-carbonated",sr_legacy_food,14,2019-04-01,4.6,0.0,0.0,1.14
175110,"Beverages, ARIZONA, tea, ready-to-drink, lemon",sr_legacy_food,14,2019-04-01,39.1,0.0,0.0,9.77
175111,"Beverages, LIPTON BRISK, tea, black, ready-to-drink, lemon",sr_legacy_food,14,2019-04-01,35.2,0.0,0.0,8.81
175112,"Alcoholic beverage, wine, dessert, dry",sr_legacy_food,14,2019-04-01,47.5,0.2,0.0,11.67
175113,"Carbonated beverage, low calorie, other than cola or pepper, with sodium saccharin, without caffeine",sr_legacy_food,14,2019-04-01,0.4,0.0,0.0,0.1
175114,"Beverages, Cocoa mix, low calorie, powder, with added calcium, phosphorus, aspartame, without added sodium or vitamin A",sr_legacy_food,14,2019-04-01,359.4,25.1,3.0,58.0
175115,"Beverages, fruit punch-flavor drink, powder, without added sodium, prepared with water",sr_legacy_food,14,2019-04-01,38.0,0.0,0.01,9.47
175116,"Fish, herring, Atlantic, raw",sr_legacy_food,15,2019-04-01,153.2,17.96,9.04,0.0
175117,"Fish, herring, Atlantic, cooked, dry heat",sr_legacy_food,15,2019-04-01,196.4,23.03,11.59,0.0
175118,"Fish, herring, Atlantic, pickled",sr_legacy_food,15,2019-04-01,257.3,14.19,18.0,9.64
175119,"Fish, mackerel, Atlantic, raw",sr_legacy_food,15,2019-04-01,199.4,18.6,13.89,0.0
175120,"Fish, mackerel, Atlantic, cooked, dry heat",sr_legacy_food,15,2019-04-01,255.7,23.85,17.81,0.0
175121,"Fish, mackerel, jack, canned, drained solids",sr_legacy_food,15,2019-04-01,149.5,23.19,6.3,0.0
175122,"Fish, mackerel, king, raw",sr_legacy_food,15,2019-04-01,99.1,20.28,2.0,0.0
175123,"Fish, mullet, striped, raw",sr_legacy_food,15,2019-04-01,111.5,19.35,3.79,0.0
175124,"Fish, mullet, striped, cooked, dry heat",sr_legacy_food,15,2019-04-01,143.0,24.81,4.86,0.0
175125,"Fish, ocean perch, Atlantic, raw",sr_legacy_food,15,2019-04-01,75.1,15.31,1.54,0.0
175126,"Fish, ocean perch, Atlantic, cooked, dry heat",sr_legacy_food,15,2019-04-01,90.9,18.51,1.87,0.0
175127,"Fish, pike, northern, cooked, dry heat",sr_legacy_food,15,2019-04-01,106.7,24.69,0.88,0.0
175128,"Fish, pike, walleye, raw",sr_legacy_food,15,2019-04-01,87.5,19.14,1.22,0.0
175129,"Fish, pollock, Atlantic, raw",sr_legacy_food,15,2019-04-01,86.6,19.44,0.98,0.0
175130,"Fish, pollock, Alaska, raw (may contain additives to retain moisture)",sr_legacy_food,15,2019-04-01,52.4,12.19,0.41,0.0
175131,"Fish, rockfish, Pacific, mixed species, cooked, dry heat",sr_legacy_food,15,2019-04-01,103.5,22.23,1.62,0.0
175132,"Fish, roe, mixed species, raw",sr_legacy_food,15,2019-04-01,153.1,22.32,6.42,1.5
175133,"Fish, roughy, orange, raw",sr_legacy_food,15,2019-04-01,71.9,16.41,0.7,0.0
175134,"Fish, sablefish, raw",sr_legacy_food,15,2019-04-01,191.3,13.41,15.3,0.0
175135,"Fish, salmon, chum, canned, drained solids with bone",sr_legacy_food,15,2019-04-01,135.2,21.43,5.5,0.0
175136,"Fish, salmon, coho, wild, raw",sr_legacy_food,15,2019-04-01,139.8,21.62,5.93,0.0
175137,"Fish, salmon, coho, wild, cooked, moist heat",sr_legacy_food,15,2019-04-01,176.9,27.36,7.5,0.0
175138,"Fish, salmon, pink, raw",sr_legacy_food,15,2019-04-01,121.6,20.5,4.4,0.0
175139,"Fish, sardine, Atlantic, canned in oil, drained solids with bone",sr_legacy_food,15,2019-04-01,201.5,24.62,11.45,0.0
175140,"Fish, sardine, Pacific, canned in tomato sauce, drained solids with bone",sr_legacy_food,15,2019-04-01,179.6,20.86,10.45,0.54
175141,"Fish, scup, raw",sr_legacy_food,15,2019-04-01,100.1,18.88,2.73,0.0
175142,"Fish, sea bass, mixed species, raw",sr_legacy_food,15,2019-04-01,91.7,18.43,2.0,0.0
175143,"Fish, shark, mixed species, cooked, batter-dipped and fried",sr_legacy_food,15,2019-04-01,224.4,18.62,13.82,6.39
175144,"Fish, sheepshead, raw",sr_legacy_food,15,2019-04-01,102.5,20.21,2.41,0.0
175145,"Fish, sheepshead, cooked, dry heat",sr_legacy_food,15,2019-04-01,118.8,26.02,1.63,0.0
175146,"Fish, smelt, rainbow, raw",sr_legacy_food,15,2019-04-01,92.3,17.63,2.42,0.0
175147,"Fish, smelt, rainbow, cooked, dry heat",sr_legacy_food,15,2019-04-01,118.3,22.6,3.1,0.0
175148,"Fish, sturgeon, mixed species, cooked, dry heat",sr_legacy_food,15,2019-04-01,129.4,20.7,5.18,0.0
175149,"Fish, sturgeon, mixed species, smoked",sr_legacy_food,15,2019-04-01,164.4,31.2,4.4,0.0
175150,"Fish, sucker, white, raw",sr_legacy_food,15,2019-04-01,87.9,16.76,2.32,0.0
175151,"Fish, sunfish, pumpkin seed, raw",sr_legacy_food,15,2019-04-01,83.9,19.4,0.7,0.0
175152,"Fish, tilefish, cooked, dry heat",sr_legacy_food,15,2019-04-01,140.2,24.49,4.69,0.0
175153,"Fish, trout, mixed species, raw",sr_legacy_food,15,2019-04-01,142.6,20.77,6.61,0.0
175154,"Fish, trout, rainbow, wild, raw",sr_legacy_food,15,2019-04-01,113.1,20.48,3.46,0.0
175155,"Fish, trout, rainbow, wild, cooked, dry heat",sr_legacy_food,15,2019-04-01,144.1,22.92,5.82,0.0
175156,"Fish, tuna, fresh, skipjack, raw",sr_legacy_food,15,2019-04-01,97.1,22.0,1.01,0.0
175157,"Fish, tuna, white, canned in oil, drained solids",sr_legacy_food,15,2019-04-01,178.8,26.53,8.08,0.0
175158,"Fish, tuna, white, canned in water, drained solids",sr_legacy_food,15,2019-04-01,121.2,23.62,2.97,0.0
175159,"Fish, tuna, fresh, yellowfin, raw",sr_legacy_food,15,2019-04-01,102.0,24.4,0.49,0.0
175160,"Fish, tuna salad",sr_legacy_food,15,2019-04-01,185.1,16.04,9.26,9.41
175161,"Fish, whiting, mixed species, cooked, dry heat",sr_legacy_food,15,2019-04-01,109.1,23.48,1.69,0.0
175162,"Fish, wolffish, Atlantic, raw",sr_legacy_food,15,2019-04-01,91.5,17.5,2.39,0.0
175163,"Fish, yellowtail, mixed species, raw",sr_legacy_food,15,2019-04-01,139.7,23.14,5.24,0.0
175164,"Crustaceans, crab, alaska king, raw",sr_legacy_food,15,2019-04-01,78.6,18.29,0.6,0.0
175165,"Fish, catfish, channel, farmed, raw",sr_legacy_food,15,2019-04-01,114.4,15.23,5.94,0.0
175166,"Fish, catfish, channel, farmed, cooked, dry heat",sr_legacy_food,15,2019-04-01,138.5,18.44,7.19,0.0
175167,"Fish, salmon, Atlantic, farmed, raw",sr_legacy_food,15,2019-04-01,202.5,20.42,13.42,0.0
175168,"Fish, salmon, Atlantic, farmed, cooked, dry heat",sr_legacy_food,15,2019-04-01,199.6,22.1,12.35,0.0
175169,"Crustaceans, crayfish, mixed species, farmed, raw",sr_legacy_food,15,2019-04-01,68.1,14.85,0.97,0.0
175170,"Crustaceans, crayfish, mixed species, farmed, cooked, moist heat",sr_legacy_food,15,2019-04-01,81.8,17.52,1.3,0.0
175171,"Mollusks, oyster, eastern, wild, cooked, dry heat",sr_legacy_food,15,2019-04-01,76.2,8.87,2.65,4.23
175172,"Mollusks, oyster, eastern, farmed, raw",sr_legacy_food,15,2019-04-01,57.0,5.22,1.55,5.53
175173,"Mollusks, oyster, eastern, farmed, cooked, dry heat",sr_legacy_food,15,2019-04-01,76.2,7.0,2.12,7.28
175174,"Salmon, sockeye, canned, total can contents",sr_legacy_food,15,2019-04-01,147.0,20.63,7.17,0.0
175175,"Fish, salmon, pink, canned, drained solids",sr_legacy_food,15,2019-04-01,137.6,23.1,5.02,0.0
175176,"Fish, tilapia, raw",sr_legacy_food,15,2019-04-01,95.6,20.08,1.7,0.0
175177,"Fish, tilapia, cooked, dry heat",sr_legacy_food,15,2019-04-01,128.4,26.15,2.65,0.0
175178,"Fish, cod, Pacific, cooked",sr_legacy_food,15,2019-04-01,83.9,20.42,0.25,0.0
175179,"Crustaceans, shrimp, raw",sr_legacy_food,15,2019-04-01,85.0,20.1,0.51,0.0
175180,"Crustaceans, shrimp, cooked",sr_legacy_food,15,2019-04-01,99.2,23.98,0.28,0.2
175181,"Fish, trout, brook, raw, New York State",sr_legacy_food,15,2019-04-01,109.5,21.23,2.73,0.0
175182,"Beans, baked, canned, plain or vegetarian",sr_legacy_food,16,2019-04-01,106.9,4.75,0.37,21.14
175183,"Beans, baked, canned, with beef",sr_legacy_food,16,2019-04-01,124.2,6.38,3.45,16.91
175184,"Beans, baked, canned, with franks",sr_legacy_food,16,2019-04-01,147.7,6.75,6.57,15.39
175185,"Beans, baked, canned, with pork",sr_legacy_food,16,2019-04-01,114.7,5.19,1.55,19.99
175186,"Beans, black turtle, mature seeds, raw",sr_legacy_food,16,2019-04-01,346.1,21.25,0.9,63.25
175187,"Beans, black turtle, mature seeds, cooked, boiled, without salt",sr_legacy_food,16,2019-04-01,133.3,8.18,0.35,24.35
175188,"Beans, black turtle, mature seeds, canned",sr_legacy_food,16,2019-04-01,92.9,6.03,0.29,16.55
175189,"Beans, cranberry (roman), mature seeds, raw",sr_legacy_food,16,2019-04-01,343.4,23.03,1.23,60.05
175190,"Beans, great northern, mature seeds, raw (Includes foods for USDA's Food Distribution Program)",sr_legacy_food,16,2019-04-01,347.2,21.86,1.14,62.37
175191,"Beans, great northern, mature seeds, cooked, boiled, without salt",sr_legacy_food,16,2019-04-01,121.7,8.33,0.45,21.09
175192,"Beans, great northern, mature seeds, canned",sr_legacy_food,16,2019-04-01,117.1,7.37,0.39,21.02
175193,"Beans, kidney, all types, mature seeds, raw",sr_legacy_food,16,2019-04-01,341.8,23.58,0.83,60.01
175194,"Beans, kidney, red, mature seeds, cooked, boiled, without salt",sr_legacy_food,16,2019-04-01,130.4,8.67,0.5,22.8
175195,"Beans, kidney, red, mature seeds, canned, solids and liquids",sr_legacy_food,16,2019-04-01,83.4,5.22,0.36,14.83
175196,"Beans, kidney, royal red, mature seeds, raw",sr_legacy_food,16,2019-04-01,338.7,25.33,0.45,58.33
175197,"Beans, kidney, royal red, mature seeds, cooked, boiled, without salt",sr_legacy_food,16,2019-04-01,126.9,9.49,0.17,21.85
175198,"Beans, pink, mature seeds, cooked, boiled, without salt",sr_legacy_food,16,2019-04-01,152.3,9.06,0.49,27.91
175199,"Beans, pinto, mature seeds, raw (Includes foods for USDA's Food Distribution Program)",sr_legacy_food,16,2019-04-01,347.0,21.42,1.23,62.55
175200,"Beans, pinto, mature seeds, cooked, boiled, without salt",sr_legacy_food,16,2019-04-01,146.8,9.01,0.65,26.22
175201,"Beans, pinto, mature seeds, canned, solids and liquids",sr_legacy_food,16,2019-04-01,84.2,4.6,0.56,15.18
175202,"Beans, white, mature seeds, raw",sr_legacy_food,16,2019-04-01,342.2,23.36,0.85,60.27
175203,"Beans, white, mature seeds, cooked, boiled, without salt",sr_legacy_food,16,2019-04-01,142.4,9.73,0.35,25.09
175204,"Beans, white, mature seeds, canned",sr_legacy_food,16,2019-04-01,116.4,7.26,0.29,21.2
175205,"Broadbeans (fava beans), mature seeds, raw",sr_legacy_food,16,2019-04-01,351.4,26.12,1.53,58.29
175206,"Chickpeas (garbanzo beans, bengal gram), mature seeds, canned, solids and liquids",sr_legacy_food,16,2019-04-01,91.2,4.92,1.95,13.49
175207,"Chili with beans, canned",sr_legacy_food,16,2019-04-01,111.3,6.12,3.76,13.24
175208,"Cowpeas, catjang, mature seeds, raw",sr_legacy_food,16,2019-04-01,352.6,23.85,2.07,59.64
175209,"Cowpeas, catjang, mature seeds, cooked, boiled, without salt",sr_legacy_food,16,2019-04-01,120.2,8.13,0.71,20.32
175210,"Hyacinth beans, mature seeds, raw",sr_legacy_food,16,2019-04-01,353.8,23.9,1.69,60.74
175211,"Hyacinth beans, mature seeds, cooked, boiled, without salt",sr_legacy_food,16,2019-04-01,120.5,8.14,0.58,20.69
175212,"Vitasoy USA, Vitasoy Organic Creamy Original Soymilk",sr_legacy_food,16,2019-04-01,44.0,2.9,1.6,4.5
175213,"Vitasoy USA, Vitasoy Organic Classic Original Soymilk",sr_legacy_food,16,2019-04-01,47.0,3.2,1.8,4.5
175214,"Vitasoy USA, Vitasoy Light Vanilla Soymilk",sr_legacy_food,16,2019-04-01,30.2,1.6,0.82,4.1
175215,"Soymilk (all flavors), unsweetened, with added calcium, vitamins A and D",sr_legacy_food,16,2019-04-01,32.9,2.86,1.61,1.74
175216,"Soymilk (all flavors), nonfat, with added calcium, vitamins A and D",sr_legacy_food,16,2019-04-01,26.8,2.47,0.04,4.14
175217,"Soymilk, chocolate, nonfat, with added calcium, vitamins A and D",sr_legacy_food,16,2019-04-01,44.3,2.47,0.04,8.51
175218,"SILK Plain, soymilk",sr_legacy_food,16,2019-04-01,39.5,2.88,1.65,3.29
175219,"SILK Vanilla, soymilk",sr_legacy_food,16,2019-04-01,39.3,2.47,1.44,4.12
175220,"SILK Plus Omega-3 DHA, soymilk",sr_legacy_food,16,2019-04-01,43.2,2.88,2.06,3.29
175221,"SILK Plus for Bone Health, soymilk",sr_legacy_food,16,2019-04-01,41.0,2.47,1.44,4.53
175222,"SILK Plus Fiber, soymilk",sr_legacy_food,16,2019-04-01,45.9,2.47,1.44,5.76
175223,"SILK Unsweetened, soymilk",sr_legacy_food,16,2019-04-01,33.0,2.88,1.65,1.65
175224,"SILK Coffee, soymilk",sr_legacy_food,16,2019-04-01,62.4,2.06,1.44,10.29
175225,SILK Vanilla soy yogurt (family size),sr_legacy_food,16,2019-04-01,81.0,2.64,1.76,13.66
175226,SILK Vanilla soy yogurt (single serving size),sr_legacy_food,16,2019-04-01,86.4,2.94,1.76,14.71
175227,SILK Plain soy yogurt,sr_legacy_food,16,2019-04-01,65.2,2.64,1.76,9.69
175228,SILK Strawberry soy yogurt,sr_legacy_food,16,2019-04-01,93.0,2.35,1.18,18.24
175229,SILK Key Lime soy yogurt,sr_legacy_food,16,2019-04-01,90.6,2.35,1.18,17.65
175230,SILK Banana-Strawberry soy yogurt,sr_legacy_food,16,2019-04-01,88.3,2.35,1.18,17.06
175231,SILK Original Creamer,sr_legacy_food,16,2019-04-01,86.7,0.0,6.67,6.67
175232,SILK French Vanilla Creamer,sr_legacy_food,16,2019-04-01,140.0,0.0,6.67,20.0
175233,"Vitasoy USA Organic Nasoya, Tofu Plus Firm",sr_legacy_food,16,2019-04-01,74.2,9.19,3.4,1.71
175234,"Vitasoy USA Organic Nasoya Sprouted, Tofu Plus Super Firm",sr_legacy_food,16,2019-04-01,114.7,13.24,5.9,2.16
175235,"Vitasoy USA Azumaya, Extra Firm Tofu",sr_legacy_food,16,2019-04-01,87.8,10.07,4.6,1.53
175236,"Vitasoy USA Azumaya, Firm Tofu",sr_legacy_food,16,2019-04-01,80.2,9.08,4.2,1.52
175237,"Beans, black, mature seeds, cooked, boiled, with salt",sr_legacy_food,16,2019-04-01,135.1,8.86,0.54,23.71
175238,"Beans, black, mature seeds, canned, low sodium",sr_legacy_food,16,2019-04-01,92.9,6.03,0.29,16.55
175239,"Beans, black turtle, mature seeds, cooked, boiled, with salt",sr_legacy_food,16,2019-04-01,133.3,8.18,0.35,24.35
175240,"Beans, cranberry (roman), mature seeds, cooked, boiled, with salt",sr_legacy_food,16,2019-04-01,139.3,9.34,0.46,24.46
175241,"Beans, french, mature seeds, cooked, boiled, with salt",sr_legacy_food,16,2019-04-01,131.1,7.05,0.76,24.02
175242,"Beans, kidney, red, mature seeds, cooked, boiled, with salt",sr_legacy_food,16,2019-04-01,130.4,8.67,0.5,22.8
175243,"Beans, kidney, red, mature seeds, canned, drained solids, rinsed in tap water",sr_legacy_food,16,2019-04-01,124.0,8.12,0.93,20.8
175244,"Beans, kidney, royal red, mature seeds, cooked, boiled with salt",sr_legacy_food,16,2019-04-01,126.9,9.49,0.17,21.85
175245,"Beans, kidney, red, mature seeds, canned, solids and liquid, low sodium",sr_legacy_food,16,2019-04-01,83.4,5.22,0.36,14.83
175246,"Beans, small white, mature seeds, cooked, boiled, with salt",sr_legacy_food,16,2019-04-01,144.9,8.97,0.64,25.81
175247,"Beans, pinto, mature seeds, canned, solids and liquids, low sodium",sr_legacy_food,16,2019-04-01,84.2,4.6,0.56,15.18
175248,"Beans, yellow, mature seeds, cooked, boiled, with salt",sr_legacy_food,16,2019-04-01,147.5,9.16,1.08,25.28
175249,"Beans, white, mature seeds, cooked, boiled, with salt",sr_legacy_food,16,2019-04-01,142.4,9.73,0.35,25.09
175250,"Chickpeas (garbanzo beans, bengal gram), mature seeds, canned, solids and liquids, low sodium",sr_legacy_food,16,2019-04-01,91.2,4.92,1.95,13.49
175251,"Cowpeas, catjang, mature seeds, cooked, boiled, with salt",sr_legacy_food,16,2019-04-01,120.2,8.13,0.71,20.32
175252,"Cowpeas, common (blackeyes, crowder, southern), mature seeds, cooked, boiled, with salt",sr_legacy_food,16,2019-04-01,118.7,7.73,0.53,20.76
175253,"Hyacinth beans, mature seeds, cooked, boiled, with salt",sr_legacy_food,16,2019-04-01,120.6,8.14,0.58,20.7
175254,"Lentils, mature seeds, cooked, boiled, with salt",sr_legacy_food,16,2019-04-01,117.7,9.02,0.38,19.54
175255,"Mung beans, mature seeds, cooked, boiled, with salt",sr_legacy_food,16,2019-04-01,108.1,7.02,0.38,19.15
175256,"Mungo beans, mature seeds, cooked, boiled, with salt",sr_legacy_food,16,2019-04-01,108.5,7.54,0.55,18.34
175257,"Peas, split, mature seeds, cooked, boiled, with salt",sr_legacy_food,16,2019-04-01,118.9,8.34,0.39,20.51
175258,"Peanuts, all types, oil-roasted, without salt",sr_legacy_food,16,2019-04-01,645.7,28.03,52.5,15.26
175259,"Lamb, New Zealand, imported, frozen, loin, separable lean and fat, cooked, broiled",sr_legacy_food,17,2019-04-01,308.6,23.43,23.88,0.0
175260,"Lamb, New Zealand, imported, rack - partly frenched, separable lean only, raw",sr_legacy_food,17,2019-04-01,160.1,20.65,8.61,0.0
175261,"Lamb, New Zealand, imported, rack - partly frenched, separable lean only, cooked, fast roasted",sr_legacy_food,17,2019-04-01,193.4,24.43,10.63,0.0
175262,"Lamb, New Zealand, imported, square-cut shoulder, separable lean and fat, raw",sr_legacy_food,17,2019-04-01,271.6,16.16,22.89,0.24
175263,"Lamb, New Zealand, imported, frozen, shoulder, whole (arm and blade), separable lean and fat, cooked, braised",sr_legacy_food,17,2019-04-01,349.3,28.21,26.27,0.0
175264,"Lamb, New Zealand, imported, square-cut shoulder, separable lean only, raw",sr_legacy_food,17,2019-04-01,153.6,19.72,8.3,0.0
175265,"Veal, composite of trimmed retail cuts, separable lean only, cooked",sr_legacy_food,17,2019-04-01,186.8,31.9,6.58,0.0
175266,"Veal, composite of trimmed retail cuts, separable fat, raw",sr_legacy_food,17,2019-04-01,634.6,6.02,67.83,0.0
175267,"Veal, composite of trimmed retail cuts, separable fat, cooked",sr_legacy_food,17,2019-04-01,638.3,9.42,66.74,0.0
175268,"Veal, leg (top round), separable lean and fat, raw",sr_legacy_food,17,2019-04-01,111.6,20.98,3.08,0.0
175269,"Veal, leg (top round), separable lean only, raw",sr_legacy_food,17,2019-04-01,101.0,21.28,1.76,0.0
175270,"Veal, leg (top round), separable lean only, cooked, braised",sr_legacy_food,17,2019-04-01,192.6,36.71,5.09,0.0
175271,"Veal, leg (top round), separable lean only, cooked, pan-fried, breaded",sr_legacy_food,17,2019-04-01,209.4,28.41,6.27,9.84
175272,"Veal, leg (top round), separable lean only, cooked, pan-fried, not breaded",sr_legacy_food,17,2019-04-01,174.3,33.17,4.62,0.0
175273,"Veal, loin, separable lean only, cooked, braised",sr_legacy_food,17,2019-04-01,216.6,33.57,9.15,0.0
175274,"Veal, loin, separable lean only, cooked, roasted",sr_legacy_food,17,2019-04-01,167.7,26.32,6.94,0.0
175275,"Veal, rib, separable lean and fat, raw",sr_legacy_food,17,2019-04-01,156.5,18.86,9.01,0.0
175276,"Veal, rib, separable lean and fat, cooked, braised",sr_legacy_food,17,2019-04-01,242.5,32.43,12.53,0.0
175277,"Veal, shoulder, whole (arm and blade), separable lean and fat, raw",sr_legacy_food,17,2019-04-01,124.6,19.27,5.28,0.0
175278,"Veal, shoulder, whole (arm and blade), separable lean and fat, cooked, braised",sr_legacy_food,17,2019-04-01,219.5,32.06,10.14,0.0
175279,"Veal, shoulder, whole (arm and blade), separable lean and fat, cooked, roasted",sr_legacy_food,17,2019-04-01,177.1,25.32,8.42,0.0
175280,"Veal, shoulder, whole (arm and blade), separable lean only, raw",sr_legacy_food,17,2019-04-01,106.2,19.79,3.0,0.0
175281,"Veal, shoulder, arm, separable lean and fat, cooked, roasted",sr_legacy_food,17,2019-04-01,176.1,25.46,8.25,0.0
175282,"Veal, shoulder, arm, separable lean only, raw",sr_legacy_food,17,2019-04-01,99.6,20.04,2.16,0.0
175283,"Veal, shoulder, arm, separable lean only, cooked, braised",sr_legacy_food,17,2019-04-01,190.9,35.73,5.33,0.0
175284,"Veal, shoulder, arm, separable lean only, cooked, roasted",sr_legacy_food,17,2019-04-01,156.8,26.13,5.81,0.0
175285,"Veal, shoulder, blade, separable lean only, cooked, roasted",sr_legacy_food,17,2019-04-01,164.5,25.64,6.88,0.0
175286,"Veal, sirloin, separable lean and fat, raw",sr_legacy_food,17,2019-04-01,146.6,19.07,7.81,0.0
175287,"Veal, sirloin, separable lean and fat, cooked, braised",sr_legacy_food,17,2019-04-01,243.3,31.26,13.14,0.0
175288,"Veal, sirloin, separable lean and fat, cooked, roasted",sr_legacy_food,17,2019-04-01,194.6,25.14,10.45,0.0
175289,"Veal, cubed for stew (leg and shoulder), separable lean only, cooked, braised",sr_legacy_food,17,2019-04-01,178.5,34.94,4.31,0.0
175290,"Veal, ground, raw",sr_legacy_food,17,2019-04-01,191.9,18.58,13.06,0.0
175291,"Veal, ground, cooked, broiled",sr_legacy_food,17,2019-04-01,165.6,24.38,7.56,0.0
175292,"Game meat, antelope, raw",sr_legacy_food,17,2019-04-01,107.8,22.38,2.03,0.0
175293,"Bison, ground, grass-fed, raw",sr_legacy_food,17,2019-04-01,146.0,20.23,7.21,0.05
175294,"Game meat, beaver, raw",sr_legacy_food,17,2019-04-01,139.4,24.05,4.8,0.0
175295,"Game meat, beaver, cooked, roasted",sr_legacy_food,17,2019-04-01,202.0,34.85,6.96,0.0
175296,"Game meat, beefalo, composite of cuts, raw",sr_legacy_food,17,2019-04-01,136.4,23.3,4.8,0.0
175297,"Game meat, boar, wild, raw",sr_legacy_food,17,2019-04-01,116.0,21.51,3.33,0.0
175298,"Game meat, boar, wild, cooked, roasted",sr_legacy_food,17,2019-04-01,152.6,28.3,4.38,0.0
175299,"Game meat, buffalo, water, raw",sr_legacy_food,17,2019-04-01,93.9,20.39,1.37,0.0
175300,"Game meat, buffalo, water, cooked, roasted",sr_legacy_food,17,2019-04-01,123.5,26.83,1.8,0.0
175301,"Game meat, elk, raw",sr_legacy_food,17,2019-04-01,104.8,22.95,1.45,0.0
175302,"Game meat, elk, cooked, roasted",sr_legacy_food,17,2019-04-01,137.9,30.19,1.9,0.0
175303,"Game meat, goat, raw",sr_legacy_food,17,2019-04-01,103.2,20.6,2.31,0.0
175304,"Game meat, goat, cooked, roasted",sr_legacy_food,17,2019-04-01,135.7,27.1,3.03,0.0
