food_id,description,food_category,calories,protein_g,fat_g,carbs_g,price_g,quantity_other,price
167512,"Pillsbury Golden Layer Buttermilk Biscuits, Artificial Flavor, refrigerated dough",Baked Products,307.4,5.88,13.24,41.18,0.8282464595024029,10 biscuits,4.79
167513,"Pillsbury, Cinnamon Rolls with Icing, refrigerated dough",Baked Products,332.5,4.34,11.27,53.42,0.8519799680563978,16 rolls,5.99
167514,"Kraft Foods, Shake N Bake Original Recipe, Coating for Pork, dry",Baked Products,376.9,6.1,3.7,79.8,21.15155027449385,12 ct,16.49
167515,"George Weston Bakeries, Thomas English Muffins",Baked Products,232.2,8.0,1.8,46.0,1.0826392936832756,6 ct,3.99
167516,"Waffles, buttermilk, frozen, ready-to-heat",Baked Products,273.5,6.58,9.22,41.05,0.5350678687622163,24 ct,4.49
167517,"Waffle, buttermilk, frozen, ready-to-heat, toasted",Baked Products,308.6,7.42,9.49,48.39,0.5350678687622163,24 ct,4.49
167518,"Waffle, buttermilk, frozen, ready-to-heat, microwaved",Baked Products,288.9,6.92,9.4,44.16,0.5350678687622163,24 ct,4.49
167519,"Waffle, plain, frozen, ready-to-heat, microwave",Baked Products,297.7,6.71,9.91,45.41,0.7140826443451644,10 ct,2.49
167520,"Pie Crust, Cookie-type, Graham Cracker, Ready Crust",Baked Products,501.1,5.1,24.83,64.3,2.1693486598991956,9 in,3.69
167521,"Pie Crust, Cookie-type, Chocolate, Ready Crust",Baked Products,484.0,6.08,22.42,64.48,2.1693486598991956,9 in,3.69
167522,"Pie, Dutch Apple, Commercially Prepared",Baked Products,290.3,2.17,11.5,44.54,0.7138664550185282,,7.49
167523,"Pie crust, deep dish, frozen, unbaked, made with enriched flour",Baked Products,467.9,5.52,28.74,46.79,2.3457184696470974,2 ct,3.99
167524,"Waffles, chocolate chip, frozen, ready-to-heat",Baked Products,296.8,5.8,10.1,45.68,2.13552250982068,8 ct,6.49
167525,"Tostada shells, corn",Baked Products,492.7,6.15,23.38,64.43,,30 ct,2.49
167526,"Bread, salvadoran sweet cheese (quesadilla salvadorena)",Baked Products,373.9,7.12,17.12,47.84,1.2310612720403564,,3.49
167527,"Bread, pound cake type, pan de torta salvadoran",Baked Products,390.4,7.06,17.45,51.29,0.9394631865904917,,7.99
167528,"Pastry, Pastelitos de Guava (guava pastries)",Baked Products,379.5,5.48,18.5,47.76,,,
167529,"Crackers, snack, Goya Crackers",Baked Products,434.6,14.25,13.35,64.35,9.91148649146661,8 ct,3.99
167530,"Crackers, cream, Gamesa Sabrosas",Baked Products,469.6,7.01,20.37,64.55,2.0647025727821067,,4.39
167531,"Crackers, cream, La Moderna Rikis Cream Crackers",Baked Products,463.8,7.19,19.5,64.88,2.0647025727821067,,4.39
167532,"Bread, white wheat",Baked Products,237.6,10.66,2.15,43.91,,16.0 ounce,6.79
167533,"Bagels, wheat",Baked Products,250.1,10.2,1.53,48.89,0.4585615053445454,6 ct,1.69
167534,"Cream puff, eclair, custard or cream filled, iced",Baked Products,334.0,4.41,18.52,37.43,,,
167535,"Tortillas, ready-to-bake or -fry, flour, shelf stable",Baked Products,297.3,8.01,7.58,49.27,,,
167536,"Snacks, beef jerky, chopped and formed",Snacks,407.2,33.2,25.6,11.0,8.451641283119466,,5.99
167537,"Snacks, corn-based, extruded, chips, plain",Snacks,554.0,6.17,33.36,57.27,2.14289318843701,,7.29
167538,"Snacks, corn-based, extruded, chips, barbecue-flavor",Snacks,547.1,7.0,32.7,56.2,,,
167539,"Snacks, corn-based, extruded, cones, plain",Snacks,516.9,5.8,26.9,62.9,2.14289318843701,,7.29
167540,"Snacks, fruit leather, pieces",Sweets,359.4,1.0,2.68,82.82,,,
167541,"Snacks, fruit leather, rolls",Sweets,370.6,0.1,3.0,85.8,,,
167542,"Snacks, granola bars, hard, plain",Snacks,476.2,10.1,19.8,64.4,,8 ct,3.49
167543,"Snacks, granola bars, hard, almond",Snacks,508.3,7.7,25.5,62.0,,8 ct,3.49
167544,"Snacks, granola bars, soft, uncoated, raisin",Snacks,456.2,7.6,17.8,66.4,,8 ct,3.49
167545,"Snacks, granola bars, soft, coated, milk chocolate coating, chocolate chip",Snacks,502.5,5.8,24.9,63.8,,8 ct,3.49
167546,"Candies, honey-combed, with peanut butter",Sweets,486.1,8.72,20.18,67.41,,,
167547,"Snacks, granola bars, soft, coated, milk chocolate coating, peanut butter",Snacks,534.3,10.2,31.1,53.4,,8 ct,3.49
167548,"Snacks, granola bars, soft, uncoated, peanut butter and chocolate chip",Snacks,468.0,9.8,20.0,62.2,,8 ct,3.49
167549,"Snacks, popcorn, oil-popped, microwave, regular flavor, no trans fat",Snacks,601.4,7.29,43.55,45.06,2.14289318843701,,7.29
167550,"Snacks, popcorn, cakes",Snacks,387.1,9.7,3.1,80.1,2.14289318843701,,7.29
167551,"Snacks, popcorn, caramel-coated, with peanuts",Snacks,418.6,6.4,7.8,80.7,2.14289318843701,,7.29
167552,"Snacks, popcorn, caramel-coated, without peanuts",Snacks,446.8,3.8,12.8,79.1,2.14289318843701,,7.29
167553,"Snacks, potato chips, made from dried potatoes, reduced fat",Snacks,512.5,4.56,26.14,64.76,1.5969484591719132,,2.49
167554,"Snacks, potato chips, made from dried potatoes, sour-cream and onion-flavor",Snacks,564.6,6.6,37.0,51.3,1.5969484591719132,,2.49
167555,"Snacks, pretzels, hard, plain, salted",Snacks,388.1,10.04,2.93,80.39,2.814862163576517,,3.99
167556,"Snacks, pretzels, hard, confectioner's coating, chocolate-flavor",Snacks,463.9,7.5,16.7,70.9,2.814862163576517,,3.99
167557,"Snacks, rice cakes, brown rice, sesame seed",Snacks,390.6,7.6,3.8,81.5,3.0453187149804424,,2.59
167558,"Snacks, tortilla chips, plain, white corn, salted",Snacks,485.6,7.1,20.68,67.78,1.1718794025471715,,2.99
167559,"Snacks, tortilla chips, nacho cheese",Snacks,519.5,7.36,27.42,60.81,1.1718794025471715,,2.99
167560,"Snacks, tortilla chips, ranch-flavor",Snacks,501.4,7.19,24.63,62.74,1.1718794025471715,,2.99
167561,"Snacks, trail mix, regular",Snacks,499.4,13.8,29.4,44.9,4.400426753210156,,4.99
167562,"Candies, ALMOND JOY Candy Bar",Sweets,496.9,4.13,26.93,59.51,4.359949334140684,,1.99
167563,"Candies, TWIZZLERS CHERRY BITES",Sweets,344.7,2.97,1.7,79.38,0.9898755572101003,,4.49
167564,"Candies, NESTLE, BIT-O'-HONEY Candy Chews",Sweets,399.1,2.0,7.5,80.89,6.2737260896039455,,2.49
167565,"Candies, NESTLE, BUTTERFINGER Bar",Sweets,483.3,5.4,18.9,72.9,1.206873412417787,,4.79
167566,"Candies, caramels, chocolate-flavor roll",Sweets,387.1,1.59,3.31,87.73,1.1140692982409146,,3.79
167567,"Baking chocolate, unsweetened, liquid",Sweets,622.5,12.1,47.7,36.2,3.5229869497143436,,7.99
167568,"Baking chocolate, unsweetened, squares",Sweets,641.8,14.32,52.31,28.42,3.5229869497143436,,7.99
167569,"Candies, confectioner's coating, yogurt",Sweets,522.2,5.87,27.0,63.94,,30 ct,5.99
167570,"Candies, confectioner's coating, peanut butter",Sweets,528.9,18.3,29.8,46.88,,30 ct,5.99
167571,"Candies, white chocolate",Sweets,549.3,5.87,32.09,59.24,4.8020689108633325,1 bar,5.99
167572,"Ice creams, vanilla, light",Sweets,180.4,4.78,4.83,29.46,0.21972738797759467,,2.99
167573,"Ice creams, vanilla, rich",Sweets,249.0,3.5,16.2,22.29,0.21972738797759467,,2.99
167574,"Desserts, flan, caramel custard, prepared-from-recipe",Sweets,145.5,4.53,4.03,22.78,0.7334044588683595,1.5 lb,4.99
167575,"Ice creams, vanilla",Sweets,207.4,3.5,11.0,23.6,0.21972738797759467,,2.99
167576,"Ice creams, vanilla, light, soft-serve",Sweets,130.2,4.9,2.6,21.8,0.21972738797759467,,2.99
167577,"Sherbet, orange",Sweets,144.0,1.1,2.0,30.4,0.5048585804033696,,2.29
167578,"Candies, fudge, peanut butter, prepared-from-recipe",Sweets,385.4,3.78,6.59,77.75,,14 fo,3.99
167579,"Candies, fudge, vanilla, prepared-from-recipe",Sweets,381.8,1.05,5.45,82.15,,14 fo,3.99
167580,"Candies, fudge, vanilla with nuts",Sweets,433.6,3.0,13.69,74.61,,14 fo,3.99
167581,"Candies, NESTLE, GOOBERS Chocolate Covered Peanuts",Sweets,556.8,9.7,34.0,53.0,1.206873412417787,,4.79
167582,"Candies, NESTLE, BABY RUTH Bar",Sweets,475.2,5.4,21.6,64.8,1.206873412417787,,4.79
167583,"Candies, TWIZZLERS Strawberry Twists Candy",Sweets,347.8,2.56,2.32,79.16,2.321026696282391,,3.29
167584,"Syrups, table blends, pancake, with butter",Sweets,290.5,0.0,0.09,72.43,,24 oza,4.79
167585,"Ice creams, chocolate, light",Sweets,187.5,5.0,7.19,25.7,,8 ct,9.29
167586,"Candies, NESTLE, CHUNKY Bar",Sweets,519.1,7.5,27.5,60.4,1.206873412417787,,4.79
167587,"Candies, milk chocolate",Sweets,535.1,7.65,29.66,59.4,4.488784569662292,1 bag,6.49
167588,"Puddings, banana, dry mix, instant, prepared with 2% milk",Sweets,105.3,2.76,1.7,19.74,1.7221993187148088,,2.49
167589,"Puddings, banana, dry mix, regular, prepared with 2% milk",Sweets,100.9,2.9,1.73,18.43,1.7221993187148088,,2.49
167590,"Andrea's, Gluten Free Soft Dinner Roll",Baked Products,257.4,5.65,8.2,40.24,1.4285954589580068,,7.29
167591,"Crunchmaster, Multi-Grain Crisps, Snack Crackers, Gluten-Free",Baked Products,455.6,10.91,15.92,67.18,37.578527463619665,6 ct,7.99
167592,"Glutino, Gluten Free Cookies, Chocolate Vanilla Creme",Baked Products,473.9,2.19,17.89,76.03,2.012295543599873,,5.99
167593,"Glutino, Gluten Free Cookies, Vanilla Creme",Baked Products,487.2,2.19,18.79,77.34,2.012295543599873,,5.99
167594,"Pepperidge Farm, Goldfish, Baked Snack Crackers, Original",Baked Products,466.7,9.42,18.42,65.81,1.5980173671097795,,2.99
167595,"Pepperidge Farm, Goldfish, Baked Snack Crackers, Parmesan",Baked Products,459.0,11.16,17.29,64.7,1.5980173671097795,,2.99
167596,"Pepperidge Farm, Goldfish, Baked Snack Crackers, Pizza",Baked Products,469.5,9.67,18.93,65.11,1.5980173671097795,,2.99
167597,"Rudi's, Gluten-Free Bakery, Original Sandwich Bread",Baked Products,320.1,3.13,10.7,52.83,1.4285954589580068,,7.29
167598,"Udi's, Gluten Free, Soft & Delicious White Sandwich Bread",Baked Products,298.4,5.4,8.02,51.15,1.724230727465504,,6.99
167599,"Udi's, Gluten Free, Soft & Hearty Whole Grain Bread",Baked Products,309.4,7.25,9.34,49.09,1.724230727465504,,6.99
167600,"Udi's, Gluten Free, Whole Grain Dinner Rolls",Baked Products,328.8,11.8,11.6,44.29,1.724230727465504,,6.99
167601,"Van's, Gluten Free, Totally Original Pancakes",Baked Products,215.5,3.31,4.55,40.32,1.0270029629568103,8 ct,3.29
167602,"Seaweed, Canadian Cultivated EMI-TSUNOMATA, dry",Vegetables and Vegetable Products,258.8,15.34,1.39,46.24,,,
167603,"Seaweed, Canadian Cultivated EMI-TSUNOMATA, rehydrated",Vegetables and Vegetable Products,31.4,1.86,0.17,5.62,,,
167604,"Potatoes, hash brown, refrigerated, unprepared",Vegetables and Vegetable Products,84.4,1.75,0.08,19.16,0.625524925239226,,3.99
167605,"Potatoes, hash brown, refrigerated, prepared, pan-fried in canola oil",Vegetables and Vegetable Products,241.6,3.24,10.3,33.99,0.625524925239226,,3.99
167606,"Sweet Potatoes, french fried, frozen as packaged, salt added in processing",Vegetables and Vegetable Products,231.2,2.16,8.92,35.58,2.013135399836768,,7.99
167607,"Moose, meat, raw (Alaska Native)",American Indian/Alaska Native Foods,102.7,22.3,1.5,0.0,0.8796444261176615,,3.99
167608,"Mashu roots, raw (Alaska Native)",American Indian/Alaska Native Foods,135.2,5.8,2.4,22.6,,,
167609,"Moose, liver, braised (Alaska Native)",American Indian/Alaska Native Foods,155.2,24.38,4.89,3.43,0.8796444261176615,,3.99
167610,"Seal, bearded (Oogruk), meat, raw (Alaska Native)",American Indian/Alaska Native Foods,110.4,26.7,0.4,0.0,,,
167611,"Oil, bearded seal (Oogruk) (Alaska Native)",American Indian/Alaska Native Foods,898.6,0.56,99.6,0.0,,,
167612,"Oopah (tunicate), whole animal (Alaska Native)",American Indian/Alaska Native Foods,66.6,11.7,2.2,0.0,,,
167613,"Owl, horned, flesh, raw (Alaska Native)",American Indian/Alaska Native Foods,135.8,22.7,5.0,0.0,0.5723200326319422,,6.49
167614,"Fish, salmon, king, chinook, smoked and canned (Alaska Native)",American Indian/Alaska Native Foods,145.9,23.2,5.9,0.0,3.5273961949580412,,10.0
167615,"Fish, salmon, king, chinook, smoked, brined (Alaska Native)",American Indian/Alaska Native Foods,429.6,39.9,30.0,0.0,3.5273961949580412,,10.0
167616,"Fish, salmon, king, chinook, liver (Alaska Native)",American Indian/Alaska Native Foods,155.6,16.6,8.0,4.3,3.5273961949580412,,10.0
167617,"Duck, scoter, white-winged, meat (Alaska Native)",American Indian/Alaska Native Foods,84.4,20.2,0.4,0.0,,,
167618,"Sea cucumber, yane (Alaska Native)",American Indian/Alaska Native Foods,55.6,13.0,0.4,0.0,,,
167619,"Squirrel, ground, meat (Alaska Native)",American Indian/Alaska Native Foods,111.4,19.3,3.8,0.0,,1 ct,10.99
167620,"Tea, tundra, herb and laborador combination (Alaska Native)",American Indian/Alaska Native Foods,0.8,0.0,0.0,0.2,,,
167621,"Walrus, meat, dried (Alaska Native)",American Indian/Alaska Native Foods,251.4,57.0,2.6,0.0,,,
167622,"Deer (venison), sitka, raw (Alaska Native)",American Indian/Alaska Native Foods,109.9,21.5,2.66,0.0,,,
167623,"Whale, bowhead, subcutaneous fat (blubber) (Alaska Native)",American Indian/Alaska Native Foods,870.1,0.4,96.5,0.0,,,
167624,"Whale, bowhead, skin and subcutaneous fat (muktuk) (Alaska Native)",American Indian/Alaska Native Foods,465.3,12.6,46.1,0.0,,,
167625,"Oil, whale, bowhead (Alaska Native)",American Indian/Alaska Native Foods,900.0,0.0,100.0,0.0,1.7802976089847053,,4.29
167626,"Fish, whitefish, broad, liver (Alaska Native)",American Indian/Alaska Native Foods,104.0,11.0,4.4,5.1,2.7337320510924816,4 pk,8.99
167627,"Mush, blue corn with ash (Navajo)",American Indian/Alaska Native Foods,54.0,0.66,0.49,11.74,,,
167628,"Cornmeal, blue (Navajo)",American Indian/Alaska Native Foods,398.3,10.4,5.44,76.93,,,
167629,"Melon, banana (Navajo)",American Indian/Alaska Native Foods,21.4,0.84,0.2,4.06,,,
167630,Chilchen (Red Berry Beverage) (Navajo),American Indian/Alaska Native Foods,43.6,0.81,0.63,8.68,,,
167631,"Corn, dried (Navajo)",American Indian/Alaska Native Foods,386.2,9.88,5.22,74.93,37.74313928605104,9 ct,7.49
167632,"Squash, Indian, cooked, boiled (Navajo)",American Indian/Alaska Native Foods,15.5,0.31,0.15,3.22,0.3284887706554676,1 lb,1.49
167633,"Bread, kneel down (Navajo)",American Indian/Alaska Native Foods,194.9,4.29,2.21,39.47,,,
167634,"Mutton, cooked, roasted (Navajo)",American Indian/Alaska Native Foods,233.8,33.43,11.09,0.08,,,
167635,"Frybread, made with lard (Navajo)",American Indian/Alaska Native Foods,329.8,6.69,12.22,48.26,,,
167636,Tamales (Navajo),American Indian/Alaska Native Foods,152.7,6.28,6.12,18.12,,,
167637,"Stew, steamed corn (Navajo)",American Indian/Alaska Native Foods,112.2,8.82,3.75,10.8,,,
167638,"Fish, halibut, raw, with skin (Alaska Native)",American Indian/Alaska Native Foods,115.6,20.53,2.92,1.81,,12 ounces,17.99
167639,"Fish, salmon, coho (silver), raw (Alaska Native)",American Indian/Alaska Native Foods,140.4,22.56,5.57,0.0,3.5273961949580412,,10.0
167640,"Blueberries, wild, raw (Alaska Native)",American Indian/Alaska Native Foods,61.0,1.22,0.76,12.31,0.7199188725382201,,3.49
167641,"Oil, spotted seal (Alaska Native)",American Indian/Alaska Native Foods,893.9,0.0,99.32,0.0,,,
167642,"Fish, salmon, red, canned, bones removed (Alaska Native)",American Indian/Alaska Native Foods,161.1,27.31,5.76,0.0,3.5273961949580412,,10.0
167643,"Fish, whitefish, eggs (Alaska Native)",American Indian/Alaska Native Foods,104.1,14.66,2.88,4.89,2.7337320510924816,4 pk,8.99
167644,"Caribou, rump meat, half dried (Alaska Native)",American Indian/Alaska Native Foods,255.3,52.06,5.23,0.0,,,
167645,"Fish, salmon, red, (sockeye), canned, smoked (Alaska Native)",American Indian/Alaska Native Foods,206.1,35.19,7.26,0.0,3.5273961949580412,,10.0
167646,"Fish, salmon, red, (sockeye), kippered (Alaska Native)",American Indian/Alaska Native Foods,140.8,24.5,4.75,0.0,3.5273961949580412,,10.0
167647,"Fish, salmon, king, with skin, kippered, (Alaska Native)",American Indian/Alaska Native Foods,209.3,23.19,12.95,0.0,3.5273961949580412,,10.0
167648,"Fish, sheefish, raw (Alaska Native)",American Indian/Alaska Native Foods,114.6,22.25,2.84,0.0,3.131543955301639,,7.99
167649,"Buffalo, free range, top round steak, raw (Shoshone Bannock)",American Indian/Alaska Native Foods,97.5,21.44,1.3,0.0,0.40675287373109914,,3.69
167650,"Seal, bearded (Oogruk), meat, partially dried (Alaska Native)",American Indian/Alaska Native Foods,270.3,62.38,2.31,0.0,,,
167651,"Buffalo, free range, top round steak, cooked (Shoshone Bannock)",American Indian/Alaska Native Foods,146.2,32.51,1.8,0.0,0.40675287373109914,,3.69
167652,"Elk, free range, roast, eye of round, raw (Shoshone Bannock)",American Indian/Alaska Native Foods,97.9,19.74,2.1,0.0,,18 ct,11.99
167653,"Corn, dried, yellow (Northern Plains Indians)",American Indian/Alaska Native Foods,418.8,14.48,10.64,66.27,17.60758600649889,,5.99
167654,"Smelt, dried (Alaska Native)",American Indian/Alaska Native Foods,385.9,56.19,17.9,0.0,,,
167655,"Frybread, made with lard (Apache)",American Indian/Alaska Native Foods,308.8,8.38,10.14,46.01,,,
167656,Corned beef and potatoes in tortilla (Apache),American Indian/Alaska Native Foods,223.8,7.91,8.31,29.35,,,
167657,"ON THE BORDER, soft taco with ground beef, cheese and lettuce",Restaurant Foods,229.3,13.19,11.05,19.28,0.40084047669977735,,2.5
167658,"Restaurant, Mexican, soft taco with ground beef, cheese and lettuce",Restaurant Foods,219.2,12.56,10.81,17.92,1.4308000815798554,,6.49
167659,"Restaurant, Latino, chicken and rice, entree, prepared",Restaurant Foods,173.7,12.02,5.06,20.03,0.37258122309244307,,1.69
167660,"Restaurant, Latino, empanadas, beef, prepared",Restaurant Foods,335.3,11.31,18.37,31.19,0.37258122309244307,,1.69
167661,"Restaurant, Latino, pupusas con frijoles (pupusas, bean)",Restaurant Foods,229.4,5.59,9.01,31.49,0.37258122309244307,,1.69
167662,"Restaurant, Latino, pupusas con queso (pupusas, cheese)",Restaurant Foods,255.7,11.72,13.25,22.39,0.37258122309244307,,1.69
167663,"Restaurant, Latino, pupusas del cerdo (pupusas, pork)",Restaurant Foods,232.0,11.51,10.43,23.02,0.37258122309244307,,1.69
167664,"Restaurant, Latino, tamale, corn",Restaurant Foods,185.5,3.48,7.21,26.68,0.37258122309244307,,1.69
167665,"Restaurant, Mexican, spanish rice",Restaurant Foods,185.4,3.28,5.29,31.16,1.4308000815798554,,6.49
167666,"Restaurant, Mexican, refried beans",Restaurant Foods,155.7,6.91,6.77,16.79,1.4308000815798554,,6.49
167667,"Restaurant, Chinese, egg rolls, assorted",Restaurant Foods,249.7,8.28,11.94,27.29,1.4308000815798554,,6.49
167668,"Restaurant, Chinese, fried rice, without meat",Restaurant Foods,174.0,4.05,2.96,32.79,1.4308000815798554,,6.49
167669,"CRACKER BARREL, steak fries",Restaurant Foods,255.1,3.26,13.18,30.87,,,
167670,"CRACKER BARREL, grilled sirloin steak",Restaurant Foods,202.8,31.52,8.52,0.0,,,
167671,"CRACKER BARREL, macaroni n' cheese plate, from kid's menu",Restaurant Foods,191.8,6.46,11.51,15.58,0.8560388326788417,,1.99
167672,"DENNY'S, french fries",Restaurant Foods,281.6,3.41,14.13,35.2,,,
167673,"DENNY'S, top sirloin steak",Restaurant Foods,182.2,28.9,7.34,0.14,,,
167674,"Restaurant, Chinese, lemon chicken",Restaurant Foods,251.9,11.87,13.55,20.61,1.4308000815798554,,6.49
167675,"Restaurant, Chinese, general tso's chicken",Restaurant Foods,294.8,12.9,16.36,23.99,1.4308000815798554,,6.49
167676,"Restaurant, Chinese, kung pao chicken",Restaurant Foods,129.3,9.76,6.98,6.87,1.4308000815798554,,6.49
167677,"Restaurant, Chinese, vegetable lo mein, without meat",Restaurant Foods,120.9,4.77,2.35,20.16,1.4308000815798554,,6.49
167678,"Restaurant, Chinese, chicken and vegetables",Restaurant Foods,95.3,8.18,4.56,5.38,1.4308000815798554,,6.49
167679,"Restaurant, Chinese, orange chicken",Restaurant Foods,261.8,14.46,12.68,22.46,1.4308000815798554,,6.49
167680,"Restaurant, Italian, spaghetti with meat sauce",Restaurant Foods,121.1,5.79,3.59,16.4,0.5930434852773206,,2.69
167681,"Beverages, fruit-flavored drink, dry powdered mix, low calorie, with aspartame",Beverages,351.7,0.45,0.04,87.38,,10 ct,3.79
167682,"Pectin, liquid",Sweets,8.4,0.0,0.0,2.1,,2 ct,5.49
167683,"Frozen novelties, ice cream type, vanilla ice cream, light, no sugar added, chocolate coated",Sweets,220.9,6.4,10.1,26.11,,,
167684,"Creamy dressing, made with sour cream and/or buttermilk and oil, reduced calorie",Fats and Oils,160.0,1.5,14.0,7.0,,,
167685,"Bologna, beef and pork, low fat",Sausages and Luncheon Meats,230.1,11.5,19.3,2.6,0.4166736755294186,1 lb,1.89
167686,"Milk dessert, frozen, milk-fat free, chocolate",Sweets,177.0,4.3,1.0,37.7,1.4308000815798554,,6.49
167687,"Whipped topping, frozen, low fat",Dairy and Egg Products,224.3,3.0,13.1,23.6,0.9656247083697638,,2.19
167688,"Cream substitute, powdered, light",Dairy and Egg Products,442.5,1.9,15.7,73.4,0.6984844023443827,,6.99
167689,"Candies, MARS SNACKFOOD US, M&M's Peanut Butter Chocolate Candies",Sweets,532.1,10.16,29.32,56.89,,,
167690,"Babyfood, apple yogurt dessert, strained",Baby Foods,95.6,0.8,1.6,19.5,,,
167691,"Vegetable oil-butter spread, reduced calorie",Fats and Oils,477.0,0.0,53.0,0.0,,,
167692,"Salad dressing, blue or roquefort cheese dressing, light",Fats and Oils,85.5,2.1,2.7,13.2,,,
167693,"Salad dressing, french dressing, reduced calorie",Fats and Oils,226.6,0.4,13.0,27.0,,15 oza,2.99
167694,"Sausage, turkey and pork, fresh, bulk, patty or link, cooked",Sausages and Luncheon Meats,300.6,22.7,23.0,0.7,0.8927025754932273,,3.29
167695,"Mayonnaise, made with tofu",Fats and Oils,322.2,5.95,31.79,3.06,,,
167696,"Frankfurter, beef, low fat",Sausages and Luncheon Meats,139.9,12.0,9.5,1.6,1.760758600649889,,5.99
167697,"Milk, buttermilk, fluid, cultured, reduced fat",Dairy and Egg Products,55.6,4.1,2.0,5.3,,1 pt,1.19
167698,"Pork sausage rice links, brown and serve, cooked",Sausages and Luncheon Meats,402.9,13.7,37.63,2.36,0.986568623277327,,1.79
167699,"Salad dressing, blue or roquefort cheese dressing, fat-free",Fats and Oils,117.6,1.52,1.01,25.6,1.0273541417815295,,6.99
167700,"Salad Dressing, mayonnaise-like, fat-free",Fats and Oils,87.1,0.2,2.7,15.5,,30 fo,6.49
167701,"Candies, MARS SNACKFOOD US, MILKY WAY Midnight Bar",Sweets,455.2,3.2,17.5,71.22,,,
167702,"Oil, flaxseed, cold pressed",Fats and Oils,900.3,0.11,99.98,0.0,,125 ct,18.99
167703,"Cheese, cottage, lowfat, 1% milkfat, lactose reduced",Dairy and Egg Products,71.4,12.4,1.0,3.2,0.48354722839216485,,3.29
167704,"Salad dressing, bacon and tomato",Fats and Oils,330.2,1.8,35.0,2.0,2.5621723270649768,,7.99
167705,"Cheese, parmesan, low sodium",Dairy and Egg Products,451.1,41.6,29.99,3.7,2.6411379009748335,,5.99
167706,"Jams, preserves, marmalade, reduced sugar",Sweets,151.3,0.0,0.1,37.6,1.9780552508649323,,7.29
167707,"Beverages, fruit-flavored drink, powder, with high vitamin C with other added vitamins, low calorie",Beverages,366.4,0.25,0.16,91.0,,10 ct,3.79
167708,"Tomato and vegetable juice, low sodium",Vegetables and Vegetable Products,21.7,0.6,0.1,4.59,1.8373133224172755,6 cans,5.99
167709,"Turkey, wing, smoked, cooked, with skin, bone removed",Poultry Products,221.3,27.4,12.41,0.0,0.9898755572101003,1 lb,4.49
167710,"Turkey, drumstick, smoked, cooked, with skin, bone removed",Poultry Products,199.8,27.9,9.8,0.0,0.9898755572101003,1 lb,4.49
167711,"Beverages, Chocolate-flavored drink, whey and milk based",Beverages,48.9,0.64,0.4,10.68,1.215348325353725,,3.79
167712,"Pork, cured, bacon, cooked, broiled, pan-fried or roasted, reduced sodium",Pork Products,529.9,37.04,41.78,1.43,1.613783759193304,,5.49
167713,"Turkey, light or dark meat, smoked, cooked, skin and bone removed",Poultry Products,162.2,29.3,5.0,0.0,1.681392186263333,,4.29
167714,"Hearts of palm, raw",Vegetables and Vegetable Products,115.0,2.7,0.2,25.61,2.8160379623081697,,4.79
167715,"Cereals ready-to-eat, POST, Shredded Wheat n' Bran, spoon-size",Breakfast Cereals,384.9,10.93,2.06,80.65,1.1489233320720476,,3.99
167716,"Cheese, cottage, lowfat, 1% milkfat, with vegetables",Dairy and Egg Products,64.6,10.9,1.0,3.0,0.48354722839216485,,3.29
167717,Yeast extract spread,Vegetables and Vegetable Products,185.3,23.88,0.9,20.42,0.806891879596652,,5.49
167718,"Babyfood, juice, pear",Baby Foods,47.4,0.0,0.0,11.86,3.518577704470646,,3.99
167719,"Chicken, meatless, breaded, fried",Legumes and Legume Products,234.1,21.28,12.77,8.51,2.2772101966089666,,9.49
167720,"Babyfood, meat, beef with vegetables, toddler",Baby Foods,67.8,3.5,2.1,8.72,1.6402392306554892,,2.79
167721,"Frozen novelties, juice type, juice with cream",Sweets,114.8,1.41,1.41,24.11,0.9670944567843297,,3.29
167722,Tofu yogurt,Legumes and Legume Products,94.0,3.5,1.8,15.96,,,
167723,"Alcoholic beverage, rice (sake)",Beverages,22.0,0.5,0.0,5.0,6.75790321017378,12 cans,22.99
167724,"Millet, puffed",Breakfast Cereals,402.6,13.0,3.4,80.0,,,
167725,"Cereals ready-to-eat, OAT BRAN FLAKES, HEALTH VALLEY",Breakfast Cereals,379.0,10.0,3.0,78.0,0.5407382079084031,,2.79
167726,"Babyfood, mixed fruit yogurt, strained",Baby Foods,75.3,0.8,0.8,16.23,1.5873282877311186,,1.89
167727,"Beverages, ABBOTT, ENSURE PLUS, ready-to-drink",Beverages,140.8,5.16,4.52,19.88,2.6396681525602674,8 pk,4.49
167728,"Babyfood, rice and apples, dry",Baby Foods,396.0,6.7,2.4,86.89,7.281553573877671,,2.89
167729,"Babyfood, juice, apple - cherry",Baby Foods,46.5,0.2,0.1,11.2,3.518577704470646,,3.99
167730,"Milk, imitation, non-soy",Dairy and Egg Products,45.6,1.6,2.0,5.3,,,
167731,"Babyfood, cereal, rice with pears and apple, dry, instant fortified",Baby Foods,388.5,6.6,0.9,88.5,2.200213376605078,,4.99
167732,"Babyfood, banana no tapioca, strained",Baby Foods,91.2,1.0,0.2,21.34,,,
167733,"Babyfood, banana apple dessert, strained",Baby Foods,68.2,0.3,0.2,16.3,1.4008802031404792,,1.39
167734,"Breakfast bar, corn flake crust with fruit",Snacks,376.3,4.4,7.5,72.8,,,
167735,"Cheese, mozzarella, low sodium",Dairy and Egg Products,276.3,27.5,17.1,3.1,1.0979020656806904,,2.49
167736,"Mayonnaise dressing, no cholesterol",Fats and Oils,701.4,0.0,77.8,0.3,0.7231162199663985,,3.69
167737,"Oil, corn, peanut, and olive",Fats and Oils,900.0,0.0,100.0,0.0,0.5723200326319422,,6.49
167738,"Pie fillings, blueberry, canned",Sweets,181.0,0.41,0.2,44.38,0.7037995265178187,,4.19
167739,"Beverages, Cocktail mix, non-alcoholic, concentrated, frozen",Beverages,286.8,0.08,0.01,71.6,0.4581440620078639,,4.39
167740,"Puddings, chocolate flavor, low calorie, regular, dry mix",Sweets,365.0,10.08,3.0,74.42,1.7998765199914109,,1.99
167741,"Puddings, all flavors except chocolate, low calorie, regular, dry mix",Sweets,351.5,1.6,0.1,86.04,,,
167742,"Mollusks, scallop, (bay and sea), cooked, steamed",Finfish and Shellfish Products,111.4,20.54,0.84,5.41,,,
167743,"Syrup, Cane",Sweets,292.6,0.0,0.0,73.14,11.45521914312624,,12.99
167744,"Mollusks, snail, raw",Finfish and Shellfish Products,85.0,16.1,1.4,2.0,,8 count,3.69
167745,"Turtle, green, raw",Finfish and Shellfish Products,83.7,19.8,0.5,0.0,,,
167746,"Lemons, raw, without peel",Fruits and Fruit Juices,44.4,1.1,0.3,9.32,2.054708283563059,,6.99
167747,"Lemon juice, raw",Fruits and Fruit Juices,31.2,0.35,0.24,6.9,1.1023113109243878,,1.25
167748,"Lemon juice from concentrate, canned or bottled",Fruits and Fruit Juices,24.9,0.45,0.07,5.62,,12 fo,1.99
167749,"Lemon peel, raw",Fruits and Fruit Juices,72.7,1.5,0.3,16.0,,16 ounces,12.99
167750,"Prickly pears, raw",Fruits and Fruit Juices,45.8,0.73,0.51,9.57,,12 bottle / 12 fl. oz,19.99
167751,"Plums, dried (prunes), stewed, without added sugar",Fruits and Fruit Juices,117.6,0.96,0.16,28.08,1.4021399874958214,,1.59
167752,"Plums, dried (prunes), stewed, with added sugar",Fruits and Fruit Juices,137.9,1.09,0.22,32.88,1.4021399874958214,,1.59
167753,"Prune juice, canned",Fruits and Fruit Juices,72.5,0.61,0.03,17.45,2.8172137610398225,4 ct,5.99
167754,"Pummelo, raw",Fruits and Fruit Juices,41.9,0.76,0.04,9.62,,,
167755,"Raspberries, raw",Fruits and Fruit Juices,58.4,1.2,0.65,11.94,2.14289318843701,,7.29
167756,"Raspberries, canned, red, heavy syrup pack, solids and liquids",Fruits and Fruit Juices,97.8,0.83,0.12,23.36,0.7025397421624766,,2.39
167757,"Raspberries, frozen, red, sweetened",Fruits and Fruit Juices,108.9,0.7,0.16,26.16,1.466808917736719,,4.99
167758,"Rhubarb, raw",Fruits and Fruit Juices,23.6,0.9,0.2,4.54,,,
167759,"Sapodilla, raw",Fruits and Fruit Juices,91.5,0.44,1.1,19.96,,,
167760,"Sapote, mamey, raw",Fruits and Fruit Juices,138.3,1.45,0.46,32.1,,,
167761,"Soursop, raw",Fruits and Fruit Juices,74.1,1.0,0.3,16.84,4.444519205647132,,14.49
167762,"Strawberries, raw",Fruits and Fruit Juices,36.1,0.67,0.3,7.68,1.466808917736719,,4.99
167763,"Tamarinds, raw",Fruits and Fruit Juices,266.6,2.8,0.6,62.5,,,
167764,"Fruit salad, (pineapple and papaya and banana and guava), tropical, canned, heavy syrup, solids and liquids",Fruits and Fruit Juices,92.0,0.41,0.1,22.36,,,
167765,"Watermelon, raw",Fruits and Fruit Juices,34.0,0.61,0.15,7.55,2.054708283563059,,6.99
167766,"Maraschino cherries, canned, drained",Fruits and Fruit Juices,170.6,0.22,0.21,41.97,1.2663352339899367,,3.59
167767,"Pineapple, canned, juice pack, drained",Fruits and Fruit Juices,65.3,0.51,0.11,15.56,0.4038868643226957,,2.29
167768,"Apricots, canned, heavy syrup, drained",Fruits and Fruit Juices,88.8,0.64,0.11,21.31,0.5065572240628269,,2.19
167769,"Cherries, sour, canned, water pack, drained",Fruits and Fruit Juices,46.4,0.69,0.21,10.45,,30 ct,17.99
167770,"Cherries, sweet, canned, pitted, heavy syrup, drained",Fruits and Fruit Juices,89.1,0.73,0.21,21.07,0.7694132950252227,,3.49
167771,"Apple juice, canned or bottled, unsweetened, with added ascorbic acid",Fruits and Fruit Juices,46.8,0.1,0.13,11.3,,,
167772,"Applesauce, canned, unsweetened, with added ascorbic acid",Fruits and Fruit Juices,46.7,0.17,0.1,11.27,,,
167773,"Applesauce, canned, sweetened, with salt",Fruits and Fruit Juices,82.0,0.18,0.18,19.91,0.31526103492437496,,4.29
167774,"Grapefruit juice, pink, raw",Fruits and Fruit Juices,39.7,0.5,0.1,9.2,0.3384943656315505,,4.99
167775,"Apple juice, frozen concentrate, unsweetened, diluted with 3 volume water, with added ascorbic acid",Fruits and Fruit Juices,47.6,0.14,0.1,11.54,0.5849598689972085,,1.99
167776,"Pears, raw, bartlett (Includes foods for USDA's Food Distribution Program)",Fruits and Fruit Juices,63.0,0.39,0.16,15.01,0.659182163932784,1 lb,2.99
167777,"Pears, raw, red anjou",Fruits and Fruit Juices,62.3,0.33,0.14,14.94,,,
167778,"Pears, raw, bosc (Includes foods for USDA's Food Distribution Program)",Fruits and Fruit Juices,66.6,0.36,0.09,16.1,,,
167779,"Pears, raw, green anjou (Includes foods for USDA's Food Distribution Program)",Fruits and Fruit Juices,65.8,0.44,0.1,15.79,0.659182163932784,1 lb,2.99
167780,Prune puree,Fruits and Fruit Juices,270.6,2.1,0.2,65.1,1.1375852728739684,,1.29
167781,Candied fruit,Fruits and Fruit Juices,333.0,0.34,0.07,82.74,1.7617384329262662,,8.99
167782,"Abiyuch, raw",Fruits and Fruit Juices,77.3,1.5,0.1,17.6,,,
167783,"Rowal, raw",Fruits and Fruit Juices,122.8,2.3,2.0,23.9,,,
167784,"Guava nectar, canned, with added ascorbic acid",Fruits and Fruit Juices,65.9,0.09,0.06,16.25,0.24660557469175684,,0.79
167785,"Mango nectar, canned",Fruits and Fruit Juices,53.5,0.11,0.06,13.12,,,
167786,"Tamarind nectar, canned",Fruits and Fruit Juices,60.4,0.09,0.12,14.73,,,
167787,"Pomegranate juice, bottled",Fruits and Fruit Juices,55.7,0.15,0.29,13.13,0.34430454163829577,,4.49
167788,"Nance, canned, syrup, drained",Fruits and Fruit Juices,104.9,0.56,1.28,22.79,,,
167789,"Nance, frozen, unsweetened",Fruits and Fruit Juices,81.0,0.66,1.16,16.97,,,
167790,"Naranjilla (lulo) pulp, frozen, unsweetened",Fruits and Fruit Juices,27.3,0.44,0.22,5.9,,,
167791,Horned melon (Kiwano),Fruits and Fruit Juices,48.7,1.78,1.26,7.56,,,
167792,Orange Pineapple Juice Blend,Fruits and Fruit Juices,51.2,0.41,0.08,12.2,0.1372377582100863,,2.49
167793,"Apples, raw, fuji, with skin (Includes foods for USDA's Food Distribution Program)",Fruits and Fruit Juices,63.3,0.2,0.18,15.22,0.659182163932784,,2.99
167794,"Orange juice, chilled, includes from concentrate, with added calcium and vitamins A, D, E",Fruits and Fruit Juices,50.0,0.68,0.12,11.54,0.29833401716679026,,4.99
167795,"Fruit juice smoothie, NAKED JUICE, MIGHTY MANGO",Fruits and Fruit Juices,61.7,0.42,0.0,15.0,0.8795283933480905,,3.79
167796,"Fruit juice smoothie, NAKED JUICE, GREEN MACHINE",Fruits and Fruit Juices,54.9,0.6,0.26,12.53,0.8795283933480905,,3.79
167797,"Fruit juice smoothie, BOLTHOUSE FARMS, BERRY BOOST",Fruits and Fruit Juices,46.3,0.63,0.02,10.9,0.4741634500530136,,6.99
167798,"Fruit juice smoothie, BOLTHOUSE FARMS, GREEN GOODNESS",Fruits and Fruit Juices,57.6,0.63,0.33,13.04,0.4741634500530136,,6.99
167799,"Fruit juice smoothie, BOLTHOUSE FARMS, strawberry banana",Fruits and Fruit Juices,53.9,0.44,0.3,12.37,0.4741634500530136,,6.99
167800,"Apple juice, canned or bottled, unsweetened, with added ascorbic acid, calcium, and potassium",Fruits and Fruit Juices,48.0,0.12,0.17,11.49,2.4206756387899557,6 bottles,5.49
167801,"Lemon juice from concentrate, bottled, CONCORD",Fruits and Fruit Juices,23.7,0.4,0.07,5.37,,12 fo,1.99
167802,"Lemon juice from concentrate, bottled, REAL LEMON",Fruits and Fruit Juices,25.2,0.47,0.07,5.66,,12 fo,1.99
167803,"Cranberry sauce, whole, canned, OCEAN SPRAY",Fruits and Fruit Juices,165.0,0.75,0.05,40.4,0.7533510444946102,,2.99
167804,"Cranberry sauce, jellied, canned, OCEAN SPRAY",Fruits and Fruit Juices,167.0,1.05,0.04,40.61,0.7533510444946102,,2.99
167805,"Ruby Red grapefruit juice blend (grapefruit, grape, apple), OCEAN SPRAY, bottled, with added vitamin C",Fruits and Fruit Juices,45.0,0.5,0.1,10.53,,,
167806,Baobab powder,Fruits and Fruit Juices,337.6,3.69,0.47,79.65,4.057574532139613,,9.49
167807,"Cherry juice, tart",Fruits and Fruit Juices,60.9,0.31,0.54,13.7,0.6051689096974889,,5.49
167808,"Raspberries, puree, seedless",Fruits and Fruit Juices,43.9,1.02,0.87,7.99,0.7495716914285837,,0.85
167809,"Raspberries, puree, with seeds",Fruits and Fruit Juices,59.2,1.1,0.97,11.51,0.7495716914285837,,0.85
167810,"Pork, fresh, composite of trimmed leg, loin, shoulder, and spareribs, (includes cuts to be cured), separable lean and fat, raw",Pork Products,206.0,18.22,14.79,0.0,,1 package,3.99
167811,"Pork, fresh, backfat, raw",Pork Products,809.9,2.92,88.69,0.0,,1 package,3.99
167812,"Pork, fresh, belly, raw",Pork Products,514.4,9.34,53.01,0.0,,1 package,3.99
167813,"Pork, fresh, separable fat, raw",Pork Products,628.3,9.25,65.7,0.0,,1 package,3.99
167814,"Pork, fresh, leg (ham), rump half, separable lean and fat, raw",Pork Products,176.8,20.27,10.63,0.0,,1 package,3.99
167815,"Pork, fresh, leg (ham), rump half, separable lean and fat, cooked, roasted",Pork Products,201.0,27.03,10.32,0.0,,1 package,3.99
167816,"Pork, fresh, leg (ham), rump half, separable lean only, raw (Includes foods for USDA's Food Distribution Program)",Pork Products,113.6,21.81,2.93,0.0,,1 package,3.99
167817,"Pork, fresh, leg (ham), rump half, separable lean only, cooked, roasted",Pork Products,157.0,28.86,4.62,0.0,,1 package,3.99
167818,"Pork, fresh, loin, whole, separable lean and fat, raw",Pork Products,192.2,19.74,12.58,0.0,,1 package,3.99
167819,"Pork, fresh, loin, whole, separable lean and fat, cooked, braised",Pork Products,231.5,27.23,13.62,0.0,,1 package,3.99
167820,"Pork, fresh, loin, whole, separable lean and fat, cooked, broiled",Pork Products,234.6,27.32,13.92,0.0,,1 package,3.99
167821,"Pork, fresh, loin, whole, separable lean and fat, cooked, roasted",Pork Products,240.2,27.09,14.65,0.0,,1 package,3.99
167822,"Pork, fresh, loin, blade (chops or roasts), bone-in, separable lean and fat, raw",Pork Products,188.7,19.56,12.27,0.0,,1 package,3.99
167823,"Pork, fresh, loin, blade (chops), bone-in, separable lean and fat, cooked, braised",Pork Products,247.6,26.54,15.71,0.0,,1 package,3.99
167824,"Pork, fresh, loin, blade (chops), bone-in, separable lean and fat, cooked, broiled",Pork Products,224.0,23.72,14.35,0.0,,1 package,3.99
167825,"Pork, fresh, loin, blade (roasts), bone-in, separable lean and fat, cooked, roasted",Pork Products,247.6,24.29,16.71,0.0,,1 package,3.99
167826,"Pork, fresh, loin, center loin (chops), bone-in, separable lean and fat, cooked, braised",Pork Products,234.4,28.21,13.51,0.0,,1 package,3.99
167827,"Pork, fresh, loin, center loin (chops), bone-in, separable lean and fat, cooked, broiled",Pork Products,202.0,25.61,11.06,0.0,,1 package,3.99
167828,"Pork, fresh, loin, center loin (roasts), bone-in, separable lean and fat, cooked, roasted",Pork Products,223.2,27.01,12.8,0.0,,1 package,3.99
167829,"Pork, fresh, loin, center loin (chops), bone-in, separable lean only, raw",Pork Products,121.4,21.99,3.71,0.0,,1 package,3.99
167830,"Pork, fresh, loin, center rib (chops), bone-in, separable lean and fat, cooked, braised",Pork Products,253.2,26.66,16.28,0.0,,1 package,3.99
167831,"Pork, fresh, loin, center rib (chops), bone-in, separable lean and fat, cooked, broiled",Pork Products,215.0,24.42,13.04,0.0,,1 package,3.99
167832,"Pork, fresh, loin, center rib (roasts), bone-in, separable lean and fat, cooked, roasted",Pork Products,240.1,26.99,14.68,0.0,,1 package,3.99
167833,"Pork, fresh, loin, center rib (chops or roasts), bone-in, separable lean only, raw",Pork Products,130.4,21.79,4.8,0.0,,1 package,3.99
167834,"Pork, fresh, loin, sirloin (chops), bone-in, separable lean and fat, cooked, braised",Pork Products,226.0,28.81,12.31,0.0,,1 package,3.99
167835,"Pork, fresh, loin, sirloin (chops), bone-in, separable lean and fat, cooked, broiled",Pork Products,214.2,26.96,11.82,0.0,,1 package,3.99
167836,"Pork, fresh, loin, sirloin (roasts), bone-in, separable lean and fat, cooked, roasted",Pork Products,222.4,26.64,12.87,0.0,,1 package,3.99
167837,"Pork, fresh, loin, sirloin (chops or roasts), bone-in, separable lean only, raw",Pork Products,122.8,21.65,4.02,0.0,,1 package,3.99
167838,"Pork, fresh, loin, sirloin (chops), bone-in, separable lean only, cooked, braised",Pork Products,186.1,31.0,6.9,0.0,,1 package,3.99
167839,"Pork, fresh, loin, top loin (chops), boneless, separable lean and fat, raw",Pork Products,148.7,21.55,6.94,0.0,,1 package,3.99
167840,"Pork, fresh, loin, top loin (chops), boneless, separable lean and fat, cooked, braised",Pork Products,191.6,29.2,8.31,0.0,,1 package,3.99
167841,"Pork, fresh, loin, top loin (chops), boneless, separable lean and fat, cooked, broiled",Pork Products,188.7,26.62,9.14,0.0,,1 package,3.99
167842,"Pork, fresh, loin, top loin (roasts), boneless, separable lean and fat, cooked, roasted",Pork Products,185.2,26.45,8.82,0.0,,1 package,3.99
167843,"Pork, fresh, shoulder, whole, separable lean and fat, raw",Pork Products,230.6,17.18,17.99,0.0,,1 package,3.99
167844,"Pork, fresh, shoulder, whole, separable lean and fat, cooked, roasted",Pork Products,285.6,23.28,21.39,0.0,,1 package,3.99
167845,"Pork, fresh, shoulder, whole, separable lean only, raw",Pork Products,142.5,19.55,7.14,0.0,,1 package,3.99
167846,"Pork, fresh, shoulder, whole, separable lean only, cooked, roasted",Pork Products,223.2,25.33,13.54,0.0,,1 package,3.99
167847,"Pork, fresh, shoulder, arm picnic, separable lean only, cooked, braised",Pork Products,186.9,26.76,8.87,0.0,,1 package,3.99
167848,"Pork, fresh, shoulder, arm picnic, separable lean only, cooked, roasted",Pork Products,220.3,26.68,12.62,0.0,,1 package,3.99
167849,"Pork, fresh, shoulder, (Boston butt), blade (steaks), separable lean and fat, raw",Pork Products,180.9,17.42,12.36,0.0,,1 package,3.99
167850,"Pork, fresh, shoulder, (Boston butt), blade (steaks), separable lean and fat, cooked, braised",Pork Products,259.5,25.07,17.69,0.0,,1 package,3.99
167851,"Pork, fresh, shoulder, blade, boston (steaks), separable lean and fat, cooked, broiled",Pork Products,251.8,25.58,16.61,0.0,,1 package,3.99
167852,"Pork, fresh, shoulder, blade, boston (roasts), separable lean only, cooked, roasted",Pork Products,225.5,24.21,14.3,0.0,,1 package,3.99
167853,"Pork, fresh, spareribs, separable lean and fat, raw",Pork Products,272.5,15.47,23.4,0.0,,1 package,3.99
167854,"Pork, fresh, spareribs, separable lean and fat, cooked, braised",Pork Products,388.9,29.06,30.3,0.0,,1 package,3.99
167855,"Pork, fresh, composite of trimmed retail cuts (leg, loin, and shoulder), separable lean only, cooked",Pork Products,192.9,27.51,9.21,0.0,,1 package,3.99
167856,"Pork, fresh, variety meats and by-products, chitterlings, cooked, simmered",Pork Products,232.8,12.49,20.32,0.0,,1 package,3.99
167857,"Pork, fresh, variety meats and by-products, ears, frozen, raw",Pork Products,228.1,22.45,15.1,0.6,,1 package,3.99
167858,"Pork, fresh, variety meats and by-products, ears, frozen, cooked, simmered",Pork Products,161.8,15.95,10.8,0.2,,1 package,3.99
167859,"Pork, fresh, variety meats and by-products, feet, raw",Pork Products,206.0,23.16,12.59,0.0,,1 package,3.99
167860,"Pork, fresh, variety meats and by-products, kidneys, cooked, braised",Pork Products,143.9,25.4,4.7,0.0,,1 package,3.99
167861,"Pork, fresh, variety meats and by-products, leaf fat, raw",Pork Products,854.5,1.76,94.16,0.0,,1 package,3.99
167862,"Pork, fresh, variety meats and by-products, liver, raw",Pork Products,128.3,21.39,3.65,2.47,,1 package,3.99
167863,"Pork, fresh, variety meats and by-products, liver, cooked, braised",Pork Products,158.7,26.02,4.4,3.76,,1 package,3.99
167864,"Pork, fresh, variety meats and by-products, lungs, raw",Pork Products,80.8,14.08,2.72,0.0,,1 package,3.99
167865,"Pork, fresh, variety meats and by-products, spleen, raw",Pork Products,94.8,17.86,2.59,0.0,,1 package,3.99
167866,"Pork, fresh, variety meats and by-products, spleen, cooked, braised",Pork Products,141.6,28.2,3.2,0.0,,1 package,3.99
167867,"Pork, fresh, variety meats and by-products, stomach, raw",Pork Products,158.7,16.85,10.14,0.0,,1 package,3.99
167868,"Pork, fresh, loin, blade (chops), bone-in, separable lean only, cooked, pan-fried",Pork Products,214.8,26.38,12.14,0.0,,1 package,3.99
167869,"Canadian bacon, unprepared",Pork Products,110.2,20.31,2.62,1.34,2.462122544080713,,3.49
167870,"Pork, cured, feet, pickled",Pork Products,136.7,11.63,10.02,0.01,1.613783759193304,,5.49
167871,"Pork, cured, ham, boneless, extra lean (approximately 5% fat), roasted",Pork Products,139.5,20.93,5.53,1.5,1.613783759193304,,5.49
167872,"Pork, cured, ham, boneless, regular (approximately 11% fat), roasted",Pork Products,171.7,22.62,9.02,0.0,1.613783759193304,,5.49
167873,"Pork, cured, ham, patties, unheated",Pork Products,311.6,12.78,28.19,1.69,1.613783759193304,,5.49
167874,"Pork, cured, ham, steak, boneless, extra lean, unheated",Pork Products,116.5,19.56,4.25,0.0,1.613783759193304,,5.49
167875,"Pork, cured, ham, whole, separable lean and fat, unheated",Pork Products,240.9,18.49,18.52,0.06,1.613783759193304,,5.49
167876,"Pork, cured, ham, whole, separable lean only, unheated",Pork Products,140.9,22.32,5.71,0.05,1.613783759193304,,5.49
167877,"Pork, cured, separable fat (from ham and arm picnic), unheated",Pork Products,575.8,5.68,61.41,0.09,1.613783759193304,,5.49
167878,"Pork, cured, separable fat (from ham and arm picnic), roasted",Pork Products,587.3,7.64,61.86,0.0,1.613783759193304,,5.49
167879,"Pork, cured, shoulder, arm picnic, separable lean and fat, roasted",Pork Products,273.9,20.43,21.35,0.0,1.613783759193304,,5.49
167880,"Pork, cured, shoulder, arm picnic, separable lean only, roasted",Pork Products,163.1,24.94,7.04,0.0,1.613783759193304,,5.49
167881,"Pork, fresh, variety meats and by-products, tail, cooked, simmered",Pork Products,390.2,17.0,35.8,0.0,,1 package,3.99
167882,"Pork, fresh, loin, center loin (chops), bone-in, separable lean only, cooked, pan-fried",Pork Products,187.2,29.56,7.66,0.0,,1 package,3.99
167883,"Pork, fresh, loin, center rib (chops), bone-in, separable lean only, cooked, pan-fried",Pork Products,202.9,28.84,9.73,0.0,,1 package,3.99
167884,"Pork, fresh, loin, blade (chops), bone-in, separable lean and fat, cooked, pan-fried",Pork Products,249.1,25.02,16.56,0.0,,1 package,3.99
167885,"Pork, cured, ham, extra lean and regular, canned, unheated",Pork Products,139.0,17.97,7.46,0.0,1.613783759193304,,5.49
167886,"Pork, cured, ham, extra lean and regular, canned, roasted",Pork Products,161.6,20.94,8.43,0.49,1.613783759193304,,5.49
167887,"Pork, fresh, loin, top loin (chops), boneless, separable lean and fat, cooked, pan-fried",Pork Products,188.2,29.36,7.86,0.0,,1 package,3.99
167888,"Pork, fresh, composite of trimmed retail cuts (leg, loin, shoulder, and spareribs), separable lean and fat, raw",Pork Products,210.3,18.95,14.95,0.0,,1 package,3.99
167889,"Pork, fresh, loin, center rib (chops or roasts), boneless, separable lean and fat, raw",Pork Products,205.7,19.9,14.01,0.0,,1 package,3.99
167890,"Pork, fresh, loin, center rib (chops), boneless, separable lean and fat, cooked, braised",Pork Products,247.3,26.29,15.79,0.0,,1 package,3.99
167891,"Pork, fresh, loin, center rib (chops), boneless, separable lean and fat, cooked, broiled",Pork Products,252.4,27.63,15.76,0.0,,1 package,3.99
167892,"Pork, fresh, loin, center rib (chops), boneless, separable lean and fat, cooked, pan-fried",Pork Products,265.7,25.82,18.05,0.0,,1 package,3.99
167893,"Pork, fresh, loin, center rib (chops), boneless, separable lean only, cooked, pan-fried",Pork Products,216.9,27.68,11.8,0.0,,1 package,3.99
167894,"Pork, fresh, loin, center rib (roasts), boneless, separable lean only, cooked, roasted",Pork Products,206.4,28.81,10.13,0.0,,1 package,3.99
167895,"Pork, fresh, loin, country-style ribs, separable lean and fat, raw",Pork Products,183.7,19.34,11.82,0.0,,1 package,3.99
167896,"Pork, fresh, loin, country-style ribs, separable lean and fat, cooked, braised",Pork Products,265.4,26.49,17.71,0.0,,1 package,3.99
167897,"Pork, fresh, loin, country-style ribs, separable lean and fat, bone-in, cooked, roasted",Pork Products,352.1,21.75,29.46,0.0,,1 package,3.99
167898,"Pork, fresh, loin, sirloin (chops), boneless, separable lean and fat, cooked, braised",Pork Products,162.9,28.41,5.47,0.0,,1 package,3.99
167899,"Pork, fresh, loin, sirloin (chops), boneless, separable lean and fat, cooked, broiled",Pork Products,162.5,28.19,5.53,0.0,,1 package,3.99
167900,"Pork, fresh, loin, sirloin (roasts), boneless, separable lean and fat, cooked, roasted",Pork Products,184.4,29.62,7.32,0.0,,1 package,3.99
167901,"Pork, fresh, loin, sirloin (chops or roasts), boneless, separable lean only, raw",Pork Products,114.6,22.81,2.59,0.0,,1 package,3.99
167902,"Pork, fresh, ground, raw",Pork Products,258.2,16.88,21.19,0.0,,1 package,3.99
167903,"Pork, fresh, ground, cooked",Pork Products,289.7,25.69,20.77,0.0,,1 package,3.99
167904,"Pork, fresh, loin, tenderloin, separable lean and fat, cooked, broiled",Pork Products,192.4,29.86,8.11,0.0,,1 package,3.99
167905,"Pork, fresh, loin, tenderloin, separable lean and fat, cooked, roasted",Pork Products,139.8,26.04,3.96,0.0,,1 package,3.99
167906,"Pork, fresh, composite of trimmed retail cuts (loin and shoulder blade), separable lean and fat, cooked",Pork Products,227.2,26.07,13.66,0.0,,1 package,3.99
167907,"Pork, fresh, composite of trimmed retail cuts (loin and shoulder blade), separable lean only, raw",Pork Products,137.8,21.23,5.88,0.0,,1 package,3.99
167908,"Pork, fresh, composite of trimmed retail cuts (loin and shoulder blade), separable lean only, cooked",Pork Products,202.8,29.47,9.44,0.0,,1 package,3.99
167909,"HORMEL, Cure 81 Ham",Pork Products,106.9,18.43,3.59,0.21,1.2103378193949779,1 lb,5.49
167910,"HORMEL ALWAYS TENDER, Pork Tenderloin, Teriyaki-Flavored",Pork Products,119.0,18.2,3.07,4.63,,,
167911,HORMEL Canadian Style Bacon,Pork Products,119.5,16.88,4.94,1.87,,,
167912,"Pork, fresh, loin, top loin (chops), boneless, separable lean only, with added solution, cooked, pan-broiled",Pork Products,160.8,28.95,5.0,0.0,,1 package,3.99
167913,"Pork, fresh, loin, top loin (chops), boneless, separable lean and fat, with added solution, cooked, pan-broiled",Pork Products,182.3,28.35,7.66,0.0,,1 package,3.99
167914,"Pork, cured, bacon, cooked, baked",Pork Products,537.8,35.73,43.27,1.35,1.613783759193304,,5.49
167915,"Pork, cured, ham -- water added, rump, bone-in, separable lean only, heated, roasted",Pork Products,121.2,21.41,3.56,0.87,1.613783759193304,,5.49
167916,"Pork, cured, ham -- water added, rump, bone-in, separable lean only, unheated",Pork Products,95.7,15.43,3.48,0.67,1.613783759193304,,5.49
167917,"Pork, cured, ham -- water added, shank, bone-in, separable lean only, heated, roasted",Pork Products,128.4,20.92,4.43,1.2,1.613783759193304,,5.49
167918,"Pork, cured, ham -- water added, slice, bone-in, separable lean only, heated, pan-broil",Pork Products,132.8,22.04,4.3,1.48,1.613783759193304,,5.49
167919,"Pork, cured, ham with natural juices, rump, bone-in, separable lean only, heated, roasted",Pork Products,136.7,24.14,4.25,0.48,1.613783759193304,,5.49
167920,"Pork, cured, ham with natural juices, shank, bone-in, separable lean only, heated, roasted",Pork Products,145.9,24.95,4.97,0.34,1.613783759193304,,5.49
167921,"Pillsbury Grands, Buttermilk Biscuits, refrigerated dough",Baked Products,296.3,6.16,11.34,42.41,11.006154473691195,20 ct,6.49
167922,"Heinz, Weight Watcher, Chocolate Eclair, frozen",Baked Products,240.9,4.4,6.9,40.3,,,
167923,"Interstate Brands Corp, Wonder Hamburger Rolls",Baked Products,273.0,8.07,4.15,50.84,0.5261699324145745,8 ct,1.79
167924,"Nabisco, Nabisco Snackwell's Fat Free Devil's Food Cookie Cakes",Baked Products,326.8,5.0,1.09,74.25,,,
167925,"Crackers, cheese, sandwich-type with cheese filling",Baked Products,490.4,8.92,24.41,58.76,0.8505576308810116,,2.99
167926,"Pancakes, plain, frozen, ready-to-heat, microwave (includes buttermilk)",Baked Products,239.4,5.88,4.73,43.33,1.2472758581969163,8 ct,3.49
167927,"Toaster Pastries, fruit, frosted (include apples, blueberry, cherry, strawberry)",Baked Products,384.5,4.01,9.02,71.83,6.756320404188863,8 ct,2.49
167928,"Toaster pastries, fruit, toasted (include apple, blueberry, cherry, strawberry)",Baked Products,408.9,4.7,11.03,72.7,6.756320404188863,8 ct,2.49
167929,"Muffin, blueberry, commercially prepared, low-fat",Baked Products,255.1,4.23,4.22,50.05,1.3332220215540465,5 ct,3.19
167930,"Pie crust, refrigerated, regular, baked",Baked Products,505.9,3.41,28.69,58.52,0.820707514693571,2 ct,3.49
167931,"Pie crust, deep dish, frozen, baked, made with enriched flour",Baked Products,520.8,6.1,31.84,52.47,2.3457184696470974,2 ct,3.99
167932,"Pie crust, refrigerated, regular, unbaked",Baked Products,445.5,2.97,25.46,51.11,0.820707514693571,2 ct,3.49
167933,"Crackers, whole-wheat, reduced fat",Baked Products,415.8,11.34,7.59,75.52,1.7749857653028864,,6.29
167934,"Crackers, wheat, reduced fat",Baked Products,443.8,9.34,13.37,71.52,1.2824409421979235,,4.69
167935,"Bread, pan dulce, sweet yeast bread",Baked Products,367.4,9.42,11.58,56.38,,4.7 qt,19.99
167936,"Keikitos (muffins), Latino bakery item",Baked Products,467.0,6.81,25.24,53.16,,,
167937,"Cake, pound, Bimbo Bakeries USA, Panque Casero, home baked style",Baked Products,417.5,6.62,21.7,48.94,0.9394631865904917,,7.99
167938,"Pan Dulce, La Ricura, Salpora de Arroz con Azucar, cookie-like, contains wheat flour and rice flour",Baked Products,445.4,8.81,16.11,66.28,,,
167939,"Garlic bread, frozen",Baked Products,349.8,8.36,16.61,41.72,,8 ct,2.39
167940,"Cinnamon buns, frosted (includes honey buns)",Baked Products,451.7,4.45,26.61,48.6,,6 ct,3.49
167941,"Crackers, cheese, reduced fat",Baked Products,417.8,10.0,11.67,68.19,10.198775954987381,8 ct,3.99
167942,"Crackers, saltines, whole wheat (includes multi-grain)",Baked Products,398.0,7.14,10.71,68.25,0.4828123541848819,,2.19
167943,"Bread, potato",Baked Products,266.4,12.5,3.13,47.07,1.5651187561332345,,5.99
167944,"Bread, cheese",Baked Products,408.5,10.42,20.83,44.83,1.173185845582341,,4.49
167945,"Focaccia, Italian flatbread, plain",Baked Products,249.4,8.77,7.89,35.82,2.501699429048256,,5.0
167946,"SCHIFF,TIGER'S MILK BAR",Sweets,421.6,16.8,14.29,56.46,,,
167947,"Candies, TOBLERONE, milk chocolate with honey and almond nougat",Sweets,524.8,5.71,28.57,61.21,4.2990141126051125,,4.29
167948,"Snacks, corn-based, extruded, onion-flavor",Snacks,494.6,7.7,22.6,65.1,2.14289318843701,,7.29
167949,"Snacks, corn-based, extruded, puffs or twists, cheese-flavor",Snacks,568.9,5.46,36.54,54.54,2.14289318843701,,7.29
167950,"Snacks, KRAFT, CORNNUTS, plain",Snacks,462.2,8.5,15.64,71.86,2.0106158311260836,,3.99
167951,"Snacks, crisped rice bar, chocolate chip",Snacks,433.9,5.1,13.5,73.0,1.5657719776508194,,7.99
167952,"Snacks, granola bars, hard, chocolate chip",Snacks,464.3,7.3,16.3,72.1,,8 ct,3.49
167953,Fruit syrup,Sweets,340.5,0.0,0.0,85.13,0.6222095583237462,,2.69
167954,"Snacks, granola bars, soft, uncoated, plain",Snacks,453.6,7.4,17.2,67.3,,8 ct,3.49
167955,"Snacks, granola bars, soft, uncoated, peanut butter",Snacks,441.8,10.5,15.8,64.4,,8 ct,3.49
167956,"Topping, SMUCKER'S MAGIC SHELL",Sweets,608.9,2.94,44.1,50.07,1.9412842507424255,,3.99
167957,"Syrup, fruit flavored",Sweets,260.6,0.0,0.02,65.1,7.045973899428687,,7.99
167958,"Snacks, oriental mix, rice-based",Snacks,505.9,17.31,25.58,51.62,1.990678374371973,,6.49
167959,"Snacks, popcorn, air-popped",Snacks,403.7,12.94,4.54,77.78,2.14289318843701,,7.29
167960,"Snacks, popcorn, cheese-flavor",Snacks,542.4,9.3,33.2,51.6,2.14289318843701,,7.29
167961,"Snacks, pork skins, plain",Snacks,526.9,61.3,31.3,0.0,2.636728655731136,,2.99
167962,"Snacks, potato chips, barbecue-flavor",Snacks,529.3,6.51,31.06,55.92,1.5969484591719132,,2.49
167963,"Snacks, potato chips, sour-cream-and-onion-flavor",Snacks,543.5,8.1,33.9,51.5,1.5969484591719132,,2.49
167964,"Snacks, M&M MARS, COMBOS Snacks Cheddar Cheese Pretzel",Snacks,457.7,9.85,16.92,66.5,2.0509973350774127,55 ct,17.99
167965,"Snacks, pretzels, hard, whole-wheat including both salted and unsalted",Snacks,393.0,11.1,2.6,81.3,2.814862163576517,,3.99
167966,"Snacks, rice cracker brown rice, plain",Snacks,384.0,8.2,2.8,81.5,,,
167967,"Snacks, rice cakes, brown rice, buckwheat",Snacks,387.9,9.0,3.5,80.1,3.0453187149804424,,2.59
167968,"Snacks, trail mix, tropical",Snacks,441.5,6.3,17.1,65.6,1.9819557370420493,,8.99
167969,"Snacks, trail mix, regular, with chocolate chips, salted nuts and seeds",Snacks,523.5,14.2,31.9,44.9,4.400426753210156,,4.99
167970,"Snacks, tortilla chips, taco-flavor",Snacks,501.8,7.9,24.2,63.1,1.1718794025471715,,2.99
167971,"Candies, TOOTSIE ROLL, chocolate-flavor roll",Sweets,387.1,1.59,3.31,87.73,1.2139108284717675,,4.99
167972,"Candies, butterscotch",Sweets,391.4,0.03,3.3,90.4,,,
167973,"Candies, carob, unsweetened",Sweets,540.0,8.15,31.36,56.29,,13 pc,3.99
167974,"Candies, caramels",Sweets,399.3,4.6,8.1,77.0,1.1140692982409146,,3.79
167975,"Candies, CARAMELLO Candy Bar",Sweets,470.7,6.19,21.19,63.81,3.0820624253445885,,6.99
167976,"Candies, semisweet chocolate",Sweets,542.4,4.2,30.0,63.9,,10 onz,8.49
167977,"Candies, sweet chocolate",Sweets,565.0,3.9,34.2,60.4,2.896614757742015,,3.49
167978,"Candies, sweet chocolate coated fondant",Sweets,414.1,2.2,9.3,80.4,12.794828016256893,,3.99
167979,"Candies, HERSHEY'S GOLDEN ALMOND SOLITAIRES",Sweets,569.4,11.97,37.13,46.85,4.841047191701036,,1.99
167980,"Candies, confectioner's coating, butterscotch",Sweets,538.6,2.2,29.05,67.1,,,
167981,"Ice creams, french vanilla, soft-serve",Sweets,222.2,4.1,13.0,22.2,0.6973956227114961,,9.49
167982,"Candies, YORK Peppermint Pattie",Sweets,397.2,2.19,7.17,80.99,5.013941734261787,,1.99
167983,"Candies, TWIZZLERS NIBS CHERRY BITS",Sweets,350.4,2.3,2.64,79.37,1.9341889135686594,,3.29
167984,"Candies, SYMPHONY Milk Chocolate Bar",Sweets,541.2,8.51,30.57,58.01,2.896614757742015,,3.49
167985,"Candies, 5TH AVENUE Candy Bar",Sweets,501.7,8.78,23.98,62.68,,,
167986,"Candies, fondant, prepared-from-recipe",Sweets,372.9,0.0,0.02,93.18,,,
167987,"Candies, fudge, chocolate, prepared-from-recipe",Sweets,410.0,2.39,10.41,76.7,,14 fo,3.99
167988,"Candies, fudge, chocolate, with nuts, prepared-from-recipe",Sweets,460.5,4.38,18.93,68.15,,14 fo,3.99
167989,"Candies, gumdrops, starch jelly pieces",Sweets,395.6,0.0,0.0,98.9,0.8140145065287787,,1.5
167990,"Candies, hard",Sweets,393.8,0.0,0.2,98.0,1.6875063396679268,,2.99
167991,"Candies, jellybeans",Sweets,374.6,0.0,0.05,93.55,1.5092216576999047,,5.99
167992,"Candies, KIT KAT Wafer Bar",Sweets,518.3,6.51,25.99,64.59,2.8629331907915265,,3.49
167993,"Candies, KRACKEL Chocolate Bar",Sweets,523.1,6.62,26.58,64.34,2.201230894738239,,6.49
167994,"Candies, MARS SNACKFOOD US, MARS Almond Bar",Sweets,490.2,8.1,23.0,62.7,4.034205993084196,,1.99
167995,"Candies, marshmallows",Sweets,334.2,1.8,0.2,81.3,3.377602657911878,,6.99
167996,"Candies, halavah, plain",Sweets,485.6,12.49,21.52,60.49,1.5121495843863888,,5.29
167997,"Candies, NESTLE, OH HENRY! Bar",Sweets,499.8,7.7,23.0,65.5,6.2737260896039455,,2.49
167998,"Puddings, chocolate, dry mix, instant, prepared with 2% milk",Sweets,105.4,3.15,1.92,18.89,,4 ct,3.29
167999,"Baking chocolate, mexican, squares",Sweets,464.5,3.64,15.59,77.41,4.303423357848811,,5.49
168000,Chocolate-flavored hazelnut spread,Sweets,538.6,5.41,29.73,62.36,,4 count,4.79
168001,"Candies, milk chocolate coated peanuts",Sweets,552.7,13.1,33.5,49.7,,,
168002,"Glutino, Gluten Free Wafers, Lemon Flavored",Baked Products,515.2,0.0,24.18,74.39,,,
168003,"Glutino, Gluten Free Wafers, Milk Chocolate",Baked Products,541.3,4.06,30.42,62.82,,,
168004,"Mary's Gone Crackers, Original Crackers, Organic Gluten Free",Baked Products,446.1,12.06,15.63,64.29,3.9595022288404014,,4.49
168005,"Pepperidge Farm, Goldfish, Baked Snack Crackers, Cheddar",Baked Products,456.6,11.71,16.11,66.2,1.5980173671097795,,2.99
168006,"Pepperidge Farm, Goldfish, Baked Snack Crackers, Explosive Pizza",Baked Products,458.4,9.56,16.82,67.2,1.5980173671097795,,2.99
168007,"Sage Valley, Gluten Free Vanilla Sandwich Cookies",Baked Products,499.4,3.13,22.15,71.88,,,
168008,"Schar, Gluten-Free, Classic White Rolls",Baked Products,239.1,3.34,2.65,50.47,2.702237442208928,,4.29
168009,"Schar, Gluten-Free, Wheat-Free, Classic White Bread",Baked Products,240.0,3.81,4.47,46.13,2.702237442208928,,4.29
168010,"Udi's, Gluten Free, Classic French Dinner Rolls",Baked Products,310.0,7.99,6.4,55.1,1.724230727465504,,6.99
168011,"Van's, Gluten Free, Totally Original Waffles",Baked Products,248.1,2.99,8.22,40.54,,,
168012,"Van's, The Perfect 10, Crispy Six Whole Grain + Four Seed Baked Crackers, Gluten Free",Baked Products,471.2,7.63,18.93,67.57,1.0270029629568103,8 ct,3.29
168013,"Bread, multi-grain (includes whole-grain)",Baked Products,264.9,13.36,4.23,43.34,0.7774969113053349,,5.29
168014,"Cookies, animal crackers (includes arrowroot, tea biscuits)",Baked Products,448.2,6.9,13.8,74.1,0.7032746163697594,,3.19
168015,"Sweet Potatoes, french fried, crosscut, frozen, unprepared",Vegetables and Vegetable Products,208.8,1.7,11.1,25.52,0.6850574715471143,,3.69
168016,"Sweet Potato puffs, frozen, unprepared",Vegetables and Vegetable Products,160.5,1.36,3.58,30.72,1.0564551603899333,,5.99
168017,"Mouse nuts, roots (Alaska Native)",American Indian/Alaska Native Foods,80.9,3.9,0.1,16.1,,,
168018,"Mouse nuts, seedlings (Alaska Native)",American Indian/Alaska Native Foods,104.3,7.3,1.1,16.3,,,
168019,Octopus (Alaska Native),American Indian/Alaska Native Foods,56.4,12.3,0.8,0.0,,8in,20.99
168020,"Seal, bearded (Oogruk), meat, dried (Alaska Native)",American Indian/Alaska Native Foods,351.1,82.6,2.3,0.0,,,
168021,"Fish, pike, northern, liver (Alaska Native)",American Indian/Alaska Native Foods,155.6,16.6,8.0,4.3,1.7614934748571718,1 lb,7.99
168022,"Rhubarb, wild, leaves (Alaska Native)",American Indian/Alaska Native Foods,60.9,4.2,0.5,9.9,,,
168023,"Fish, salmon, tipnuk, fermented (Alaska Native)",American Indian/Alaska Native Foods,159.0,15.9,10.6,0.0,3.5273961949580412,,10.0
168024,"Fish, salmon, king, chinook, kippered, canned (Alaska Native)",American Indian/Alaska Native Foods,265.9,30.7,15.9,0.0,3.5273961949580412,,10.0
168025,"Seal, ringed, meat (Alaska Native)",American Indian/Alaska Native Foods,142.4,28.4,3.2,0.0,1.9819557370420493,1 lb,8.99
168026,"Seal, ringed, liver (Alaska Native)",American Indian/Alaska Native Foods,115.7,18.6,3.3,2.9,1.9819557370420493,1 lb,8.99
168027,"Soup, fish, homemade (Alaska Native)",American Indian/Alaska Native Foods,71.8,7.4,2.2,5.6,0.531969480212591,,2.79
168028,"Sourdock, young leaves (Alaska Native)",American Indian/Alaska Native Foods,41.5,2.3,0.7,6.5,18.62198972357094,,13.99
168029,"Walrus, meat, raw (Alaska Native)",American Indian/Alaska Native Foods,199.2,19.2,13.6,0.0,,,
168030,"Walrus, meat and subcutaneous fat raw (Alaska Native)",American Indian/Alaska Native Foods,282.1,16.3,24.1,0.0,,,
168031,"Walrus, liver, raw (Alaska Native)",American Indian/Alaska Native Foods,125.0,21.0,3.0,3.5,,,
168032,"Oil, walrus (Alaska Native)",American Indian/Alaska Native Foods,900.0,0.0,100.0,0.0,,,
168033,"Fish, whitefish, mixed species, raw (Alaska Native)",American Indian/Alaska Native Foods,130.5,18.9,6.1,0.0,2.7337320510924816,4 pk,8.99
168034,"Fish, whitefish, broad, head, eyes, cheeks and soft bones (Alaska Native)",American Indian/Alaska Native Foods,106.8,18.6,3.6,0.0,2.7337320510924816,4 pk,8.99
168035,"Willow, leaves in oil (Alaska Native)",American Indian/Alaska Native Foods,591.8,2.6,61.0,8.1,,,
168036,"Willow, young leaves, chopped (Alaska Native)",American Indian/Alaska Native Foods,121.6,6.1,1.6,20.7,,,
168037,"Corn, white, steamed (Navajo)",American Indian/Alaska Native Foods,386.3,9.72,5.18,75.2,0.22899162183662036,,0.99
168038,"Cornmeal, white (Navajo)",American Indian/Alaska Native Foods,397.9,10.99,5.04,77.14,0.14506416851764944,5 lb,3.29
168039,"Cornmeal, yellow (Navajo)",American Indian/Alaska Native Foods,383.9,9.85,5.88,72.9,0.14506416851764944,5 lb,3.29
168040,"Squash, Indian, raw (Navajo)",American Indian/Alaska Native Foods,26.4,0.52,0.2,5.64,,,
168041,"Tortilla, includes plain and from mutton sandwich (Navajo)",American Indian/Alaska Native Foods,237.4,7.28,0.95,49.94,,,
168042,"Stew, dumpling with mutton (Navajo)",American Indian/Alaska Native Foods,101.0,8.71,3.78,8.03,3.202715408831221,10 ct,7.99
168043,"Stew, hominy with mutton (Navajo)",American Indian/Alaska Native Foods,82.9,6.71,2.06,9.38,,,
168044,"Stew, mutton, corn, squash (Navajo)",American Indian/Alaska Native Foods,102.6,8.62,4.34,7.27,0.6684415789445488,,3.79
168045,"Fish, salmon, sockeye (red), raw (Alaska Native)",American Indian/Alaska Native Foods,153.3,21.94,7.28,0.0,3.5273961949580412,,10.0
168046,"Fish, Salmon, Chum, raw (Alaska Native)",American Indian/Alaska Native Foods,115.8,20.69,3.67,0.0,3.5273961949580412,,10.0
168047,"Fish, salmon, king (chinook), raw (Alaska Native)",American Indian/Alaska Native Foods,186.6,20.25,11.73,0.0,3.5273961949580412,,10.0
168048,"Salmonberries, raw (Alaska Native)",American Indian/Alaska Native Foods,46.6,0.85,0.33,10.05,,,
168049,"Caribou, shoulder meat, dried (Alaska Native)",American Indian/Alaska Native Foods,270.6,59.38,3.67,0.0,,,
168050,"Caribou, hind quarter meat, raw (Alaska Native)",American Indian/Alaska Native Foods,120.8,22.63,3.37,0.0,,,
168051,"Seal, bearded (Oogruk), meat, dried, in oil (Alaska Native)",American Indian/Alaska Native Foods,367.0,35.31,25.08,0.0,,,
168052,"Fish, whitefish, dried (Alaska Native)",American Indian/Alaska Native Foods,370.7,62.44,13.44,0.0,2.7337320510924816,4 pk,8.99
168053,"Seal, bearded (Oogruk), meat, low quadrant, raw (Alaska Native)",American Indian/Alaska Native Foods,186.0,23.63,10.17,0.0,,,
168054,"Fish, salmon, chum, dried (Alaska Native)",American Indian/Alaska Native Foods,377.8,62.09,14.38,0.0,3.5273961949580412,,10.0
168055,"Elk, free range, ground, cooked patties (Shoshone Bannock)",American Indian/Alaska Native Foods,143.0,29.45,2.8,0.0,,18 ct,11.99
168056,"Elk, free range, ground, raw (Shoshone Bannock)",American Indian/Alaska Native Foods,96.8,20.14,1.8,0.0,,18 ct,11.99
168057,"Elk, free range, roast, eye of round, cooked (Shoshone Bannock)",American Indian/Alaska Native Foods,147.9,30.56,2.85,0.0,,18 ct,11.99
168058,"Chokecherries, raw, pitted (Shoshone Bannock)",American Indian/Alaska Native Foods,155.9,2.89,0.98,33.88,,,
168059,"Steelhead trout, dried, flesh (Shoshone Bannock)",American Indian/Alaska Native Foods,381.6,77.27,8.06,0.0,2.4228802614118043,1 lb,10.99
168060,"Steelhead trout, boiled, canned (Alaska Native)",American Indian/Alaska Native Foods,158.8,21.11,8.26,0.0,,,
168061,Acorn stew (Apache),American Indian/Alaska Native Foods,95.4,6.81,3.47,9.22,,,
168062,"Restaurant, Italian, chicken parmesan without pasta",Restaurant Foods,204.1,16.17,10.64,10.92,0.5930434852773206,,2.69
168063,"Restaurant, Latino, arroz con leche (rice pudding)",Restaurant Foods,145.7,3.2,3.69,24.92,0.37258122309244307,,1.69
168064,"Restaurant, Latino, Arroz con frijoles negros (rice and black beans)",Restaurant Foods,150.8,4.64,3.85,24.4,0.37258122309244307,,1.69
168065,"Restaurant, Latino, Arroz con habichuelas colorados (Rice And Red Beans)",Restaurant Foods,141.9,3.96,3.46,23.74,0.37258122309244307,,1.69
168066,"Restaurant, Latino, Arroz con grandules (rice and pigeonpeas)",Restaurant Foods,181.8,3.5,4.98,30.75,0.37258122309244307,,1.69
168067,"Restaurant, Latino, tamale, pork",Restaurant Foods,173.8,7.35,9.04,15.75,0.37258122309244307,,1.69
168068,"Restaurant, Latino, black bean soup",Restaurant Foods,102.7,5.1,2.57,14.79,0.37258122309244307,,1.69
168069,"Restaurant, Latino, tripe soup",Restaurant Foods,73.9,8.61,2.58,4.07,0.37258122309244307,,1.69
168070,"Restaurant, Latino, arepa (unleavened cornmeal bread)",Restaurant Foods,218.9,5.48,5.38,37.14,0.37258122309244307,,1.69
168071,"Restaurant, Latino, bunuelos (fried yeast bread)",Restaurant Foods,462.5,8.02,26.24,48.57,0.37258122309244307,,1.69
168072,"Restaurant, Chinese, beef and vegetables",Restaurant Foods,105.2,7.08,5.3,7.29,1.4308000815798554,,6.49
168073,"CRACKER BARREL, chicken tenderloin platter, fried, from kid's menu",Restaurant Foods,294.3,18.67,15.41,20.24,2.042691146652024,,22.99
168074,"CRACKER BARREL, country fried shrimp platter",Restaurant Foods,287.0,12.62,16.77,21.4,0.3626604212941236,2 lb,3.29
168075,"CRACKER BARREL, farm raised catfish platter",Restaurant Foods,266.5,22.94,17.05,5.31,,,
168076,"DENNY'S, mozzarella cheese sticks",Restaurant Foods,324.0,13.56,17.87,27.22,1.318364327865568,,2.99
168077,"DENNY'S, golden fried shrimp",Restaurant Foods,319.3,13.88,20.01,20.93,1.2310612720403564,,3.49
168078,"DENNY'S, macaroni & cheese, from kid's menu",Restaurant Foods,149.7,5.19,4.92,21.16,,8 ct,8.49
168079,"DENNY'S, chicken nuggets, star shaped, from kid's menu",Restaurant Foods,376.6,16.27,28.57,13.59,0.7650800712512441,,6.29
168080,"Restaurant, Chinese, shrimp and vegetables",Restaurant Foods,78.1,5.9,4.05,4.52,1.4308000815798554,,6.49
168081,"Restaurant, Chinese, sweet and sour chicken",Restaurant Foods,249.7,10.1,12.65,23.86,1.4308000815798554,,6.49
168082,"Restaurant, Chinese, sweet and sour pork",Restaurant Foods,269.9,8.91,15.66,23.34,1.4308000815798554,,6.49
168083,"Restaurant, Chinese, chicken chow mein",Restaurant Foods,85.4,6.76,2.8,8.29,1.4308000815798554,,6.49
168084,"Restaurant, Chinese, vegetable chow mein, without meat or noodles",Restaurant Foods,43.4,1.34,1.68,5.74,1.4308000815798554,,6.49
168085,"OLIVE GARDEN, spaghetti with meat sauce",Restaurant Foods,121.5,5.8,3.28,17.19,1.1140692982409146,,3.79
168086,"CARRABBA'S ITALIAN GRILL, spaghetti with meat sauce",Restaurant Foods,121.6,5.87,3.92,15.71,,,
168087,"Restaurant, Chinese, sesame chicken",Restaurant Foods,293.1,14.33,14.25,26.88,1.4308000815798554,,6.49
168088,"Syrups, grenadine",Sweets,267.6,0.0,0.0,66.91,0.6617395261741286,,4.69
168089,"Imitation cheese, american or cheddar, low cholesterol",Dairy and Egg Products,392.0,25.0,32.0,1.0,,,
168090,"Babyfood, banana juice with low fat yogurt",Baby Foods,87.4,2.5,0.8,17.54,,,
168091,"Babyfood, mixed fruit juice with low fat yogurt",Baby Foods,75.5,2.4,0.8,14.68,,,
168092,"Ham, turkey, sliced, extra lean, prepackaged or deli",Sausages and Luncheon Meats,134.3,19.6,5.8,0.93,1.447492224288139,,11.49
168093,"Salad dressing, peppercorn dressing, commercial, regular",Fats and Oils,571.4,1.2,61.4,3.5,0.9237368785546372,,4.19
168094,"Mayonnaise, reduced-calorie or diet, cholesterol-free",Fats and Oils,330.1,0.9,33.3,6.7,0.9898755572101003,,4.49
168095,"Granola bar, soft, milk chocolate coated, peanut butter",Snacks,535.6,9.6,31.2,54.1,12.823554917087046,6 ct,3.49
168096,"Salad dressing, italian dressing, reduced calorie",Fats and Oils,208.0,0.3,20.0,6.7,1.1728592348235487,,3.99
168097,"Cream substitute, liquid, light",Dairy and Egg Products,71.1,0.8,3.5,9.1,0.4769333605266185,,6.49
168098,"Cheese, monterey, low fat",Dairy and Egg Products,310.0,28.2,21.6,0.7,0.8796444261176615,,3.99
168099,"Creamy dressing, made with sour cream and/or buttermilk and oil, reduced calorie, fat-free",Fats and Oils,109.9,1.4,2.7,20.0,,,
168100,"Creamy dressing, made with sour cream and/or buttermilk and oil, reduced calorie, cholesterol-free",Fats and Oils,140.0,1.0,8.0,16.0,,,
168101,"Bologna, beef, low fat",Sausages and Luncheon Meats,201.2,11.8,14.8,5.2,1.4588302834862183,,5.79
168102,"Candies, MARS SNACKFOOD US, TWIX chocolate fudge cookie bars",Sweets,552.9,7.3,33.3,56.0,4.034205993084196,,1.99
168103,"Frozen yogurts, chocolate, nonfat milk, sweetened without sugar",Sweets,103.6,4.4,0.8,19.7,0.21972738797759467,,2.99
168104,"Frozen yogurts, chocolate",Sweets,130.8,3.0,3.6,21.6,0.21972738797759467,,2.99
168105,"Frozen yogurts, flavors other than chocolate",Sweets,130.8,3.0,3.6,21.6,6.036886630799619,,5.99
168106,Papad,Legumes and Legume Products,371.0,25.56,3.25,59.87,0.43871990174790637,,1.99
168107,"Rice cake, cracker (include hain mini rice cakes)",Snacks,391.5,7.1,4.3,81.1,,,
168108,"Candies, MARS SNACKFOOD US, M&M's Almond Chocolate Candies",Sweets,522.0,7.53,27.76,60.5,4.034205993084196,,1.99
168109,"Salad Dressing, coleslaw, reduced fat",Fats and Oils,340.0,0.0,20.0,40.0,1.0366625484071132,,5.29
168110,"Pork, cured, ham, low sodium, lean and fat, cooked",Pork Products,165.1,22.3,8.3,0.3,1.613783759193304,,5.49
168111,"Pork, cured, ham, boneless, low sodium, extra lean (approximately 5% fat), roasted",Pork Products,139.1,20.9,5.5,1.5,1.613783759193304,,5.49
168112,"Salad dressing, mayonnaise and mayonnaise-type, low calorie",Fats and Oils,270.2,0.9,19.0,23.9,,,
168113,"Frozen novelties, juice type, orange",Sweets,94.7,0.5,0.0,23.17,0.9670944567843297,,3.29
168114,"Cheese, cottage, lowfat, 1% milkfat, no sodium added",Dairy and Egg Products,69.4,12.4,1.0,2.7,0.48354722839216485,,3.29
168115,"Mayonnaise, low sodium, low calorie or diet",Fats and Oils,238.0,0.3,19.2,16.0,,30 fo,6.49
168116,"Snacks, tortilla chips, unsalted, white corn",Snacks,502.7,7.79,23.36,65.32,1.1718794025471715,,2.99
168117,"Cranberry juice, unsweetened",Fruits and Fruit Juices,51.5,0.39,0.13,12.2,0.6602844752437084,,5.99
168118,"Beef, bologna, reduced sodium",Sausages and Luncheon Meats,310.4,11.7,28.4,2.0,2.202417999226927,1 lb,9.99
168119,"Turnip greens, canned, no salt added",Vegetables and Vegetable Products,19.4,1.36,0.3,2.81,0.39062646751572383,,2.99
168120,"Turkey, light or dark meat, smoked, cooked, with skin, bone removed",Poultry Products,199.7,28.1,9.7,0.0,1.681392186263333,,4.29
168121,"Cheese, pasteurized process, cheddar or American, low sodium",Dairy and Egg Products,375.9,22.2,31.19,1.6,2.9559580113748387,,4.19
168122,"Beverages, coffee, instant, with whitener, reduced calorie",Beverages,509.5,1.96,29.1,59.94,,10 ct,9.99
168123,"Beverages, cranberry-apple juice drink, low calorie, with vitamin C added",Beverages,19.2,0.1,0.0,4.7,0.2088879934201715,,3.79
168124,"Cheese, swiss, low sodium",Dairy and Egg Products,373.8,28.4,27.4,3.4,1.3198340762801337,16 slices,4.49
168125,"Babyfood, dinner, macaroni, beef and tomato sauce, toddler",Baby Foods,80.6,4.34,1.9,11.53,21.587664713143212,,4.59
168126,"Rolls, pumpernickel",Baked Products,275.9,10.8,2.8,51.87,0.7819061565490325,,3.99
168127,"Snacks, corn-based, extruded, chips, unsalted",Snacks,556.6,6.6,33.4,57.4,2.14289318843701,,7.29
168128,"Beans, baked, canned, no salt added",Legumes and Legume Products,104.8,4.8,0.4,20.49,0.7182288637926614,,1.69
168129,"Jellyfish, dried, salted",Finfish and Shellfish Products,34.6,5.5,1.4,0.0,,,
168130,"Frozen novelties, ice cream type, chocolate or caramel covered, with nuts",Sweets,323.0,4.4,20.2,30.9,1.651262343764733,,7.49
168131,"Frankfurter, low sodium",Sausages and Luncheon Meats,311.8,12.0,28.51,1.8,,,
168132,"Frozen novelties, ice type, pop, with low calorie sweetener",Sweets,23.7,0.0,0.0,5.92,,12 ct,4.29
168133,"Babyfood, dessert, peach yogurt",Baby Foods,75.6,0.9,0.18,17.6,,,
168134,"Babyfood, dessert, blueberry yogurt, strained",Baby Foods,76.5,0.5,0.7,17.05,0.7508314757839258,,1.49
168135,"Babyfood, dessert, banana yogurt, strained",Baby Foods,78.5,1.1,0.52,17.35,0.7508314757839258,,1.49
168136,"Ice creams, chocolate, rich",Sweets,250.8,4.72,16.98,19.78,,8 ct,9.29
168137,"Snacks, tortilla chips, light (baked with less oil)",Snacks,465.2,8.7,15.2,73.4,1.1718794025471715,,2.99
168138,"Cereals ready-to-eat, POST, HONEY BUNCHES OF OATS, honey roasted",Breakfast Cereals,402.4,7.12,5.46,81.19,,,
168139,"Popcorn, microwave, low fat and sodium",Snacks,429.5,12.6,9.5,73.39,0.9452849985475197,,5.29
168140,"Babyfood, fruit supreme dessert",Baby Foods,72.5,0.5,0.2,17.18,,,
168141,"Cheese, swiss, low fat",Dairy and Egg Products,173.1,28.4,5.1,3.4,1.3198340762801337,16 slices,4.49
168142,"Sweeteners, tabletop, fructose, liquid",Sweets,304.4,0.0,0.0,76.1,,250 ct,4.79
168143,"Puddings, chocolate flavor, low calorie, instant, dry mix",Sweets,355.6,5.3,2.4,78.2,1.7998765199914109,,1.99
168144,"Babyfood, grape juice, no sugar, canned",Baby Foods,61.5,0.0,0.0,15.38,,,
168145,"Jellies, reduced sugar, home preserved",Sweets,185.9,0.3,0.03,46.1,0.7231162199663985,,3.69
168146,"Puddings, all flavors except chocolate, low calorie, instant, dry mix",Sweets,350.0,0.81,0.9,84.66,1.7998765199914109,,1.99
168147,Vital wheat gluten,Cereal Grains and Pasta,372.4,75.16,1.85,13.79,1.726660437431961,,9.79
168148,"Frog legs, raw",Finfish and Shellfish Products,68.3,16.4,0.3,0.0,1.9819557370420493,1 lb,8.99
168149,"Fish, mackerel, salted",Finfish and Shellfish Products,299.9,18.5,25.1,0.0,1.173447134189375,,4.99
168150,"Java-plum, (jambolan), raw",Fruits and Fruit Juices,67.2,0.72,0.23,15.56,,,
168151,"Jujube, raw",Fruits and Fruit Juices,87.5,1.2,0.2,20.23,1.0582188584874124,,1.5
168152,"Jujube, Chinese, fresh, dried",Fruits and Fruit Juices,313.5,4.72,0.5,72.52,,,
168153,"Kiwifruit, green, raw",Fruits and Fruit Juices,67.9,1.14,0.52,14.66,0.69335381457144,2 lb,6.29
168154,"Kumquats, raw",Fruits and Fruit Juices,78.9,1.88,0.86,15.9,0.69335381457144,2 lb,6.29
168155,"Limes, raw",Fruits and Fruit Juices,46.8,0.7,0.2,10.54,,1 each,0.5
168156,"Lime juice, raw",Fruits and Fruit Juices,36.0,0.42,0.07,8.42,,,
168157,"Lime juice, canned or bottled, unsweetened",Fruits and Fruit Juices,29.8,0.25,0.23,6.69,,,
168158,"Blueberries, dried, sweetened",Fruits and Fruit Juices,352.5,2.5,2.5,80.0,2.7356917156452365,6 pk,3.49
168159,"Prunes, canned, heavy syrup pack, solids and liquids",Fruits and Fruit Juices,116.5,0.87,0.2,27.8,2.8172137610398225,4 ct,5.99
168160,"Prunes, dehydrated (low-moisture), uncooked",Fruits and Fruit Juices,377.6,3.7,0.73,89.07,,,
168161,"Prunes, dehydrated (low-moisture), stewed",Fruits and Fruit Juices,125.9,1.23,0.24,29.7,1.9098330826987107,,3.79
168162,"Plums, dried (prunes), uncooked",Fruits and Fruit Juices,267.7,2.18,0.38,63.88,1.4021399874958214,,1.59
168163,"Quinces, raw",Fruits and Fruit Juices,63.7,0.4,0.1,15.3,,,
168164,"Raisins, golden, seedless",Fruits and Fruit Juices,335.0,3.28,0.2,80.02,1.466808917736719,,4.99
168165,"Raisins, dark, seedless (Includes foods for USDA's Food Distribution Program)",Fruits and Fruit Juices,332.7,3.3,0.25,79.32,2.218340273718057,,8.49
168166,"Raisins, seeded",Fruits and Fruit Juices,328.8,2.52,0.54,78.47,,,
168167,"Rambutan, canned, syrup pack",Fruits and Fruit Juices,88.0,0.65,0.21,20.87,,,
168168,"Rhubarb, frozen, uncooked",Fruits and Fruit Juices,23.6,0.55,0.11,5.1,0.9898755572101003,1 lb,4.49
168169,"Rhubarb, frozen, cooked, with sugar",Fruits and Fruit Juices,126.8,0.39,0.05,31.2,0.9898755572101003,1 lb,4.49
168170,"Roselle, raw",Fruits and Fruit Juices,54.8,0.96,0.64,11.31,1.2374487192041992,,6.49
168171,"Rose-apples, raw",Fruits and Fruit Juices,27.9,0.6,0.3,5.7,,,
168172,"Strawberries, canned, heavy syrup pack, solids and liquids",Fruits and Fruit Juices,98.7,0.56,0.26,23.53,1.5067020889892204,2 ct,2.99
168173,"Strawberries, frozen, unsweetened (Includes foods for USDA's Food Distribution Program)",Fruits and Fruit Juices,39.2,0.43,0.11,9.13,0.6606519123473498,,8.99
168174,"Strawberries, frozen, sweetened, sliced",Fruits and Fruit Juices,107.0,0.53,0.13,25.92,0.6606519123473498,,8.99
168175,"Sugar-apples, (sweetsop), raw",Fruits and Fruit Juices,105.4,2.06,0.29,23.64,2.432998913958239,6 pk,2.69
168176,"Feijoa, raw",Fruits and Fruit Juices,67.5,0.71,0.42,15.21,,,
168177,"Pears, asian, raw",Fruits and Fruit Juices,46.7,0.5,0.23,10.65,,large / 1 count,2.49
168178,"Fruit cocktail, canned, heavy syrup, drained",Fruits and Fruit Juices,78.0,0.47,0.1,18.8,0.4209359459316596,,1.79
168179,"Blueberries, canned, light syrup, drained",Fruits and Fruit Juices,98.4,1.04,0.4,22.66,0.5687926364369842,,1.29
168180,"Blueberries, wild, canned, heavy syrup, drained",Fruits and Fruit Juices,118.6,0.56,0.34,28.32,0.7199188725382201,,3.49
168181,"Peaches, canned, heavy syrup, drained",Fruits and Fruit Juices,77.4,0.52,0.18,18.43,0.6222095583237462,,2.69
168182,"Pears, canned, heavy syrup, drained",Fruits and Fruit Juices,78.9,0.24,0.18,19.08,0.4354509785499927,,1.79
168183,"Plums, canned, heavy syrup, drained",Fruits and Fruit Juices,95.5,0.44,0.14,23.12,0.43966474001441297,,3.49
168184,"Tangerines, (mandarin oranges), canned, juice pack, drained",Fruits and Fruit Juices,41.0,0.75,0.04,9.41,0.8240597919284955,1 jar,5.49
168185,"Peach nectar, canned, with added ascorbic acid",Fruits and Fruit Juices,53.2,0.21,0.51,11.93,,,
168186,"Pear nectar, canned, with added ascorbic acid",Fruits and Fruit Juices,63.6,0.11,0.01,15.76,,,
168187,"Pineapple juice, canned or bottled, unsweetened, with added ascorbic acid",Fruits and Fruit Juices,54.0,0.36,0.12,12.87,,,
168188,"Apple juice, frozen concentrate, unsweetened, undiluted, with added ascorbic acid",Fruits and Fruit Juices,169.4,0.51,0.37,41.0,0.5849598689972085,,1.99
168189,"Grapefruit juice, white, bottled, unsweetened, OCEAN SPRAY",Fruits and Fruit Juices,38.0,0.54,0.64,7.51,0.6602844752437084,,5.99
168190,"Jackfruit, canned, syrup pack",Fruits and Fruit Juices,98.5,0.36,0.14,23.94,6.036886630799619,4 pk,5.99
168191,"Dates, medjool",Fruits and Fruit Juices,308.5,1.81,0.15,74.97,1.7614934748571718,,7.99
168192,"Durian, raw or frozen",Fruits and Fruit Juices,162.2,1.47,5.33,27.09,,,
168193,"Pineapple, raw, traditional varieties",Fruits and Fruit Juices,50.6,0.55,0.13,11.82,1.7614934748571718,,7.99
168194,"Pineapple, raw, extra sweet variety",Fruits and Fruit Juices,57.1,0.53,0.11,13.5,1.7614934748571718,,7.99
168195,"Clementines, raw",Fruits and Fruit Juices,52.8,0.85,0.15,12.02,,,
168196,"Guanabana nectar, canned",Fruits and Fruit Juices,61.7,0.11,0.17,14.93,,,
168197,"Juice, apple and grape blend, with added ascorbic acid",Fruits and Fruit Juices,51.6,0.16,0.12,12.46,0.5957688848964566,,4.29
168198,"Juice, apple, grape and pear blend, with added ascorbic acid and calcium",Fruits and Fruit Juices,53.6,0.17,0.12,12.96,2.346371691164682,,4.49
168199,"Plantains, green, fried",Fruits and Fruit Juices,309.0,1.5,11.81,49.17,2.5256156755899575,,1.79
168200,"Plantains, yellow, fried, Latino restaurant",Fruits and Fruit Juices,236.4,1.42,7.51,40.77,,8-inch pot,7.99
168201,"Apples, raw, red delicious, with skin (Includes foods for USDA's Food Distribution Program)",Fruits and Fruit Juices,59.1,0.27,0.2,14.06,0.659182163932784,,2.99
168202,"Apples, raw, golden delicious, with skin",Fruits and Fruit Juices,56.9,0.28,0.15,13.6,0.659182163932784,,2.99
168203,"Apples, raw, granny smith, with skin (Includes foods for USDA's Food Distribution Program)",Fruits and Fruit Juices,57.9,0.44,0.19,13.61,0.659182163932784,,2.99
168204,"Apples, raw, gala, with skin (Includes foods for USDA's Food Distribution Program)",Fruits and Fruit Juices,56.8,0.25,0.12,13.68,0.659182163932784,,2.99
168205,"Pineapple juice, canned, not from concentrate, unsweetened, with added vitamins A, C and E",Fruits and Fruit Juices,51.4,0.36,0.14,12.18,2.8160379623081697,6 pk,4.79
168206,"Fruit juice smoothie, NAKED JUICE, BLUE MACHINE",Fruits and Fruit Juices,68.4,0.42,0.0,16.67,0.8795283933480905,,3.79
168207,"Grape juice, canned or bottled, unsweetened, with added ascorbic acid and calcium",Fruits and Fruit Juices,61.7,0.37,0.13,14.77,,,
168208,"Fruit juice smoothie, ODWALLA, ORIGINAL SUPERFOOD",Fruits and Fruit Juices,51.8,0.63,0.36,11.51,0.4741634500530136,,6.99
168209,"Raspberries, frozen, red, unsweetened",Fruits and Fruit Juices,62.1,1.15,0.81,12.55,1.466808917736719,,4.99
168210,"Guava nectar, with sucralose, canned",Fruits and Fruit Juices,55.0,0.3,0.07,13.3,0.2116437716974825,,0.69
168211,"Kiwifruit, ZESPRI SunGold, raw",Fruits and Fruit Juices,69.8,1.02,0.28,15.79,1.0560142358655635,1 lb,4.79
168212,"Cranberry juice blend, 100% juice, bottled, with added vitamin C and calcium",Fruits and Fruit Juices,45.8,0.27,0.12,10.91,0.27502667207563475,,4.99
168213,"Fruit juice smoothie, ODWALLA, strawberry banana",Fruits and Fruit Juices,49.1,0.5,0.32,11.05,0.4741634500530136,,6.99
168214,"Fruit juice smoothie, NAKED JUICE, strawberry banana",Fruits and Fruit Juices,51.0,0.48,0.27,11.66,0.8795283933480905,,3.79
168215,"Plantains, green, raw",Fruits and Fruit Juices,152.3,1.25,0.07,36.66,2.5256156755899575,,1.79
168216,"Plantains, green, boiled",Fruits and Fruit Juices,121.7,1.09,0.08,29.15,2.5256156755899575,,1.79
168217,Raspberry juice concentrate,Fruits and Fruit Juices,237.0,3.04,1.34,53.19,,,
168218,"Pork, fresh, composite of separable fat, with added solution, cooked",Pork Products,585.3,10.06,60.42,0.32,,1 package,3.99
168219,"Pork, fresh, carcass, separable lean and fat, raw",Pork Products,371.3,13.91,35.07,0.0,,1 package,3.99
168220,"Pork, fresh, composite of trimmed retail cuts (leg, loin, shoulder), separable lean only, raw",Pork Products,128.5,21.2,4.86,0.0,,1 package,3.99
168221,"Pork, fresh, separable fat, cooked",Pork Products,623.1,7.06,66.1,0.0,,1 package,3.99
168222,"Pork, fresh, leg (ham), whole, separable lean and fat, raw",Pork Products,239.6,17.43,18.87,0.0,,1 package,3.99
168223,"Pork, fresh, leg (ham), whole, separable lean and fat, cooked, roasted",Pork Products,265.8,26.83,17.61,0.0,,1 package,3.99
168224,"Pork, fresh, leg (ham), whole, separable lean only, raw",Pork Products,130.6,20.48,5.41,0.0,,1 package,3.99
168225,"Pork, fresh, leg (ham), whole, separable lean only, cooked, roasted",Pork Products,202.6,29.41,9.44,0.0,,1 package,3.99
168226,"Pork, fresh, leg (ham), shank half, separable lean and fat, raw",Pork Products,187.1,19.87,11.96,0.0,,1 package,3.99
168227,"Pork, fresh, leg (ham), shank half, separable lean and fat, cooked, roasted",Pork Products,224.6,25.96,13.42,0.0,,1 package,3.99
168228,"Pork, fresh, leg (ham), shank half, separable lean only, raw",Pork Products,113.2,21.66,2.95,0.0,,1 package,3.99
168229,"Pork, fresh, leg (ham), shank half, separable lean only, cooked, roasted",Pork Products,167.2,28.69,5.83,0.0,,1 package,3.99
168230,"Pork, fresh, loin, whole, separable lean only, raw",Pork Products,136.7,21.43,5.66,0.0,,1 package,3.99
168231,"Pork, fresh, loin, whole, separable lean only, cooked, braised",Pork Products,196.4,28.57,9.12,0.0,,1 package,3.99
168232,"Pork, fresh, loin, whole, separable lean only, cooked, broiled",Pork Products,202.5,28.57,9.8,0.0,,1 package,3.99
168233,"Pork, fresh, loin, whole, separable lean only, cooked, roasted",Pork Products,201.2,28.62,9.63,0.0,,1 package,3.99
168234,"Pork, fresh, loin, blade (chops or roasts), bone-in, separable lean only, raw",Pork Products,137.4,21.22,5.84,0.0,,1 package,3.99
168235,"Pork, fresh, loin, blade (chops), bone-in, separable lean only, cooked, braised",Pork Products,213.7,28.02,11.29,0.0,,1 package,3.99
168236,"Pork, fresh, loin, blade (chops), bone-in, separable lean only, cooked, broiled",Pork Products,186.0,24.99,9.56,0.0,,1 package,3.99
168237,"Pork, fresh, loin, blade (roasts), bone-in, separable lean only, cooked, roasted",Pork Products,209.8,25.7,11.89,0.0,,1 package,3.99
168238,"Pork, fresh, loin, center loin (chops), bone-in, separable lean and fat, raw",Pork Products,164.1,20.71,9.03,0.0,,1 package,3.99
168239,"Pork, fresh, loin, center loin (chops), bone-in, separable lean only, cooked, braised",Pork Products,191.5,30.2,7.86,0.0,,1 package,3.99
168240,"Pork, fresh, loin, center loin (chops), bone-in, separable lean only, cooked, broiled",Pork Products,172.6,26.76,7.29,0.0,,1 package,3.99
168241,"Pork, fresh, loin, center loin (roasts), bone-in, separable lean only, cooked, roasted",Pork Products,185.9,28.58,7.95,0.0,,1 package,3.99
168242,"Pork, fresh, loin, center rib (chops or roasts), bone-in, separable lean and fat, raw",Pork Products,180.5,20.28,11.04,0.0,,1 package,3.99
168243,"Pork, fresh, loin, center rib (chops), bone-in, separable lean only, cooked, braised",Pork Products,200.0,29.03,9.32,0.0,,1 package,3.99
168244,"Pork, fresh, loin, center rib (chops), bone-in, separable lean only, cooked, broiled",Pork Products,178.4,25.79,8.36,0.0,,1 package,3.99
168245,"Pork, fresh, loin, center rib (roasts), bone-in, separable lean only, cooked, roasted",Pork Products,198.2,28.82,9.21,0.0,,1 package,3.99
168246,"Pork, fresh, loin, sirloin (chops or roasts), bone-in, separable lean and fat, raw",Pork Products,162.6,20.48,8.96,0.0,,1 package,3.99
168247,"Pork, fresh, loin, sirloin (chops), bone-in, separable lean only, cooked, broiled",Pork Products,166.2,29.29,5.45,0.0,,1 package,3.99
168248,"Pork, fresh, loin, sirloin (roasts), bone-in, separable lean only, cooked, roasted",Pork Products,196.1,27.78,9.44,0.0,,1 package,3.99
168249,"Pork, fresh, loin, tenderloin, separable lean only, raw",Pork Products,103.3,20.95,2.17,0.0,,1 package,3.99
168250,"Pork, fresh, loin, tenderloin, separable lean only, cooked, roasted",Pork Products,136.3,26.17,3.51,0.0,,1 package,3.99
168251,"Pork, fresh, loin, top loin (chops), boneless, separable lean only, raw",Pork Products,120.4,22.41,3.42,0.0,,1 package,3.99
168252,"Pork, fresh, loin, top loin (chops), boneless, separable lean only, cooked, braised",Pork Products,161.2,30.54,4.34,0.0,,1 package,3.99
168253,"Pork, fresh, loin, top loin (chops), boneless, separable lean only, cooked, broiled",Pork Products,165.0,27.58,6.08,0.0,,1 package,3.99
168254,"Pork, fresh, loin, top loin (roasts), boneless, separable lean only, cooked, roasted",Pork Products,165.4,27.23,6.28,0.0,,1 package,3.99
168255,"Pork, fresh, shoulder, arm picnic, separable lean and fat, raw",Pork Products,187.4,18.71,12.51,0.0,,1 package,3.99
168256,"Pork, fresh, shoulder, arm picnic, separable lean and fat, cooked, braised",Pork Products,228.5,24.88,14.33,0.0,,1 package,3.99
168257,"Pork, fresh, shoulder, arm picnic, separable lean and fat, cooked, roasted",Pork Products,310.0,23.47,24.01,0.0,,1 package,3.99
168258,"Pork, fresh, shoulder, arm picnic, separable lean only, raw",Pork Products,115.0,20.26,3.77,0.0,,1 package,3.99
168259,"Pork, fresh, shoulder, blade, boston (roasts), separable lean and fat, cooked, roasted",Pork Products,262.2,23.11,18.86,0.0,,1 package,3.99
168260,"Pork, fresh, shoulder, (Boston butt), blade (steaks), separable lean only, raw",Pork Products,126.3,18.73,5.71,0.0,,1 package,3.99
168261,"Pork, fresh, shoulder, (Boston butt), blade (steaks), separable lean only, cooked, braised",Pork Products,225.1,26.57,13.2,0.0,,1 package,3.99
168262,"Pork, fresh, shoulder, blade, boston (steaks), separable lean only, cooked, broiled",Pork Products,219.8,26.74,12.54,0.0,,1 package,3.99
168263,"Pork, fresh, loin, center loin (chops), boneless, separable lean only, raw",Pork Products,122.8,23.75,3.09,0.0,,1 package,3.99
168264,"Pork, fresh, variety meats and by-products, brain, raw",Pork Products,124.0,10.28,9.21,0.0,,1 package,3.99
168265,"Pork, fresh, variety meats and by-products, brain, cooked, braised",Pork Products,134.2,12.14,9.51,0.0,,1 package,3.99
168266,"Pork, fresh, variety meats and by-products, chitterlings, raw",Pork Products,180.0,7.64,16.61,0.0,,1 package,3.99
168267,"Pork, fresh, variety meats and by-products, heart, raw",Pork Products,113.6,17.27,4.36,1.33,,1 package,3.99
168268,"Pork, fresh, variety meats and by-products, heart, cooked, braised",Pork Products,141.4,23.6,5.05,0.4,,1 package,3.99
168269,"Pork, fresh, variety meats and by-products, jowl, raw",Pork Products,652.0,6.38,69.61,0.0,,1 package,3.99
168270,"Pork, fresh, variety meats and by-products, kidneys, raw",Pork Products,95.1,16.46,3.25,0.0,,1 package,3.99
168271,"Pork, fresh, variety meats and by-products, lungs, cooked, braised",Pork Products,94.3,16.6,3.1,0.0,,1 package,3.99
168272,"Pork, fresh, variety meats and by-products, mechanically separated, raw",Pork Products,299.0,15.03,26.54,0.0,,1 package,3.99
168273,"Pork, fresh, variety meats and by-products, pancreas, raw",Pork Products,193.4,18.56,13.24,0.0,,1 package,3.99
168274,"Pork, fresh, variety meats and by-products, pancreas, cooked, braised",Pork Products,211.2,28.5,10.8,0.0,,1 package,3.99
168275,"Pork, fresh, variety meats and by-products, tongue, raw",Pork Products,220.0,16.3,17.2,0.0,,1 package,3.99
168276,"Pork, fresh, variety meats and by-products, tongue, cooked, braised",Pork Products,263.8,24.1,18.6,0.0,,1 package,3.99
168277,"Pork, cured, bacon, unprepared",Pork Products,388.8,13.66,37.13,0.0,1.613783759193304,,5.49
168278,"Pork, cured, breakfast strips, raw or unheated",Pork Products,384.2,11.74,37.16,0.7,1.613783759193304,,5.49
168279,"Pork, cured, ham, extra lean (approximately 4% fat), canned, unheated",Pork Products,115.0,18.49,4.56,0.0,1.613783759193304,,5.49
168280,"Pork, cured, ham, extra lean (approximately 4% fat), canned, roasted",Pork Products,130.6,21.16,4.88,0.52,1.613783759193304,,5.49
168281,"Pork, cured, ham, regular (approximately 13% fat), canned, roasted",Pork Products,220.6,20.53,15.2,0.42,1.613783759193304,,5.49
168282,"Pork, cured, ham, center slice, country-style, separable lean only, raw",Pork Products,187.3,27.8,8.32,0.3,1.613783759193304,,5.49
168283,"Pork, cured, ham, center slice, separable lean and fat, unheated",Pork Products,197.0,20.17,12.9,0.05,1.613783759193304,,5.49
168284,"Pork, cured, ham, whole, separable lean only, roasted",Pork Products,149.7,25.05,5.5,0.0,1.613783759193304,,5.49
168285,"Pork, fresh, loin, center loin (chops), boneless, separable lean only, cooked, pan-broiled",Pork Products,161.9,30.02,4.65,0.0,,1 package,3.99
168286,"Pork, fresh, loin, center loin (chops), boneless, separable lean and fat, raw",Pork Products,201.2,21.14,12.96,0.0,,1 package,3.99
168287,"Pork, cured, salt pork, raw",Pork Products,744.7,5.05,80.5,0.0,1.613783759193304,,5.49
168288,"Pork, cured, shoulder, blade roll, separable lean and fat, unheated",Pork Products,263.7,16.47,21.98,0.0,1.613783759193304,,5.49
168289,"Pork, cured, shoulder, blade roll, separable lean and fat, roasted",Pork Products,281.9,17.28,23.48,0.37,1.613783759193304,,5.49
168290,"Pork, fresh, variety meats and by-products, feet, cooked, simmered",Pork Products,232.2,21.94,16.05,0.0,,1 package,3.99
168291,"Pork, fresh, variety meats and by-products, tail, raw",Pork Products,372.5,17.75,33.5,0.0,,1 package,3.99
168292,"Pork, fresh, loin, center loin (chops), bone-in, separable lean and fat, cooked, pan-fried",Pork Products,230.4,27.63,13.32,0.0,,1 package,3.99
168293,"Pork, fresh, loin, center rib (chops), bone-in, separable lean and fat, cooked, pan-fried",Pork Products,248.6,26.81,15.71,0.0,,1 package,3.99
168294,"Pork, fresh, loin, top loin (chops), boneless, separable lean only, cooked, pan-fried",Pork Products,163.4,30.46,4.62,0.0,,1 package,3.99
168295,"Pork, cured, ham, boneless, extra lean and regular, unheated",Pork Products,157.7,18.26,8.39,2.28,1.613783759193304,,5.49
168296,"Pork, cured, ham, boneless, extra lean and regular, roasted",Pork Products,158.8,21.97,7.66,0.5,1.613783759193304,,5.49
168297,"Pork, fresh, composite of trimmed retail cuts (leg, loin, shoulder, and spareribs), separable lean and fat, cooked",Pork Products,230.4,26.36,13.89,0.0,,1 package,3.99
168298,"Pork, fresh, loin, center loin (chops), boneless, separable lean and fat, cooked, pan-broiled",Pork Products,229.1,26.68,13.6,0.0,,1 package,3.99
168299,"Pork, fresh, backribs, separable lean and fat, raw",Pork Products,223.2,19.07,16.33,0.0,,1 package,3.99
168300,"Pork, fresh, backribs, separable lean and fat, cooked, roasted",Pork Products,285.6,23.01,21.51,0.0,,1 package,3.99
168301,"Pork, fresh, loin, center rib (roasts), boneless, separable lean and fat, cooked, roasted",Pork Products,244.3,26.99,15.15,0.0,,1 package,3.99
168302,"Pork, fresh, loin, center rib (chops or roasts), boneless, separable lean only, raw",Pork Products,145.5,21.8,6.48,0.0,,1 package,3.99
168303,"Pork, fresh, loin, center rib (chops), boneless, separable lean only, cooked, braised",Pork Products,203.1,27.95,10.14,0.0,,1 package,3.99
168304,"Pork, fresh, loin, center rib (chops), boneless, separable lean only, cooked, broiled",Pork Products,208.3,29.46,10.05,0.0,,1 package,3.99
168305,"Pork, fresh, loin, country-style ribs, separable lean only, raw",Pork Products,133.8,20.76,5.64,0.0,,1 package,3.99
168306,"Pork, fresh, loin, country-style ribs, separable lean only, cooked, braised",Pork Products,239.3,27.74,14.26,0.0,,1 package,3.99
168307,"Pork, fresh, loin, country-style ribs, separable lean only, bone-in, cooked, roasted",Pork Products,219.2,29.2,11.38,0.0,,1 package,3.99
168308,"Pork, fresh, loin, sirloin (chops or roasts), boneless, separable lean and fat, raw",Pork Products,126.4,22.49,4.05,0.0,,1 package,3.99
168309,"Pork, fresh, loin, sirloin (chops), boneless, separable lean only, cooked, braised",Pork Products,155.5,28.75,4.5,0.0,,1 package,3.99
168310,"Pork, fresh, loin, sirloin (chops), boneless, separable lean only, cooked, broiled",Pork Products,153.6,28.6,4.36,0.0,,1 package,3.99
168311,"Pork, fresh, loin, sirloin (roasts), boneless, separable lean only, cooked, roasted",Pork Products,169.4,30.39,5.31,0.0,,1 package,3.99
168312,"Pork, fresh, loin, tenderloin, separable lean and fat, raw",Pork Products,114.4,20.65,3.53,0.0,,1 package,3.99
168313,"Pork, fresh, loin, tenderloin, separable lean only, cooked, broiled",Pork Products,178.6,30.42,6.33,0.0,,1 package,3.99
168314,"Pork, fresh, loin, top loin (roasts), boneless, separable lean and fat, raw",Pork Products,160.3,21.34,8.33,0.0,,1 package,3.99
168315,"Pork, fresh, loin, top loin (roasts), boneless, separable lean only, raw",Pork Products,126.1,22.39,4.06,0.0,,1 package,3.99
168316,"Pork, fresh, composite of trimmed retail cuts (loin and shoulder blade), separable lean and fat, raw",Pork Products,171.6,20.08,10.14,0.0,,1 package,3.99
168317,"HORMEL ALWAYS TENDER, Pork Tenderloin, Peppercorn-Flavored",Pork Products,110.3,17.21,3.8,1.82,1.4682786661512848,1.5 lbs,9.99
168318,"HORMEL ALWAYS TENDER, Pork Loin Filets, Lemon Garlic-Flavored",Pork Products,115.9,17.83,4.16,1.79,1.4682786661512848,1.5 lbs,9.99
168319,"HORMEL ALWAYS TENDER, Center Cut Chops, Fresh Pork",Pork Products,164.9,18.74,9.62,0.84,,,
168320,"HORMEL ALWAYS TENDER, Boneless Pork Loin, Fresh Pork",Pork Products,143.7,19.02,7.18,0.76,1.4682786661512848,1.5 lbs,9.99
168321,"Pork, cured, bacon, cooked, microwaved",Pork Products,465.0,39.01,34.12,0.48,1.613783759193304,,5.49
168322,"Pork, cured, bacon, pre-sliced, cooked, pan-fried",Pork Products,458.3,33.92,35.09,1.7,1.613783759193304,,5.49
168323,"Pork, fresh, variety meats and by-products, stomach, cooked, simmered",Pork Products,151.3,21.4,7.26,0.09,,1 package,3.99
168324,"Pork, bacon, rendered fat, cooked",Pork Products,895.8,0.07,99.5,0.0,1.3492290445714508,,4.59
168325,"Pork, cured, ham and water product, slice, bone-in, separable lean only, heated, pan-broil",Pork Products,121.7,20.9,3.63,1.35,1.613783759193304,,5.49
168326,"Pork, cured, ham and water product, slice, boneless, separable lean only, heated, pan-broil",Pork Products,124.7,15.09,5.06,4.69,1.613783759193304,,5.49
168327,"Pork, cured, ham and water product, whole, boneless, separable lean only, heated, roasted",Pork Products,123.1,13.88,5.46,4.61,1.613783759193304,,5.49
168328,"Pork, cured, ham and water product, whole, boneless, separable lean only, unheated",Pork Products,116.9,14.07,4.86,4.22,1.613783759193304,,5.49
168329,"Pork, cured, ham -- water added, slice, boneless, separable lean only, heated, pan-broil",Pork Products,119.1,18.82,4.09,1.75,1.613783759193304,,5.49
168330,"Pork, cured, ham with natural juices, slice, bone-in, separable lean only, heated, pan-broil",Pork Products,150.4,27.75,4.38,0.0,1.613783759193304,,5.49
168331,"Pork, cured, ham with natural juices, spiral slice, meat only, boneless, separable lean only, heated, roasted",Pork Products,128.6,22.56,3.78,1.08,1.613783759193304,,5.49
168332,"Pork, cured, ham and water product, rump, bone-in, separable lean only, heated, roasted",Pork Products,132.0,21.28,4.7,1.15,1.613783759193304,,5.49
168333,"Pork, cured, ham with natural juices, slice, boneless, separable lean only, heated, pan-broil",Pork Products,116.4,20.95,3.16,1.05,1.613783759193304,,5.49
168334,"Pork, cured, ham with natural juices, whole, boneless, separable lean only, heated, roasted",Pork Products,112.7,20.57,3.01,0.84,1.613783759193304,,5.49
168335,"Pork, cured, ham with natural juices, whole, boneless, separable lean only, unheated",Pork Products,110.8,19.44,3.21,1.03,1.613783759193304,,5.49
168336,"Pork, cured, ham -- water added, shank, bone-in, separable lean only, unheated",Pork Products,94.3,18.65,1.87,0.71,1.613783759193304,,5.49
168337,"Pork, cured, ham with natural juices, rump, bone-in, separable lean only, unheated",Pork Products,123.8,22.71,3.47,0.43,1.613783759193304,,5.49
168338,"Pork, cured, ham with natural juices, shank, bone-in, separable lean only, unheated",Pork Products,131.6,25.11,3.33,0.3,1.613783759193304,,5.49
168339,"Pork, cured, ham with natural juices, slice, bone-in, separable lean only, unheated",Pork Products,123.2,24.34,2.87,0.0,1.613783759193304,,5.49
168340,"Pork, cured, ham with natural juices, spiral slice, boneless, separable lean only, unheated",Pork Products,111.2,19.25,3.26,1.22,1.613783759193304,,5.49
168341,"Pork, cured, ham with natural juices, spiral slice, boneless, separable lean and fat, unheated",Pork Products,131.1,18.66,5.75,1.18,1.613783759193304,,5.49
168342,"Pork, cured, ham with natural juices, slice, bone-in, separable lean and fat, unheated",Pork Products,158.6,22.82,7.4,0.17,1.613783759193304,,5.49
168343,"Pork, cured, ham with natural juices, shank, bone-in, separable lean and fat, unheated",Pork Products,190.7,22.35,11.11,0.32,1.613783759193304,,5.49
168344,"Pork, cured, ham with natural juices, rump, bone-in, separable lean and fat, unheated",Pork Products,199.9,19.7,13.26,0.43,1.613783759193304,,5.49
168345,"Pork, cured, ham -- water added, whole, boneless, separable lean and fat, unheated",Pork Products,122.3,17.06,5.38,1.42,1.613783759193304,,5.49
168346,"Pork, cured, ham -- water added, slice, bone-in, separable lean and fat, unheated",Pork Products,164.2,15.73,10.77,1.1,1.613783759193304,,5.49
168347,"Pork, cured, ham -- water added, shank, bone-in, separable lean and fat, unheated",Pork Products,168.4,16.65,11.02,0.66,1.613783759193304,,5.49
168348,"Pork, cured, ham -- water added, rump, bone-in, separable lean and fat, unheated",Pork Products,171.7,13.99,12.5,0.8,1.613783759193304,,5.49
168349,"Pork, cured, ham -- water added, whole, boneless, separable lean and fat, heated, roasted",Pork Products,126.6,17.77,5.48,1.54,1.613783759193304,,5.49
168350,"Pork, cured, ham and water product, rump, bone-in, separable lean and fat, heated, roasted",Pork Products,185.8,19.46,11.48,1.15,1.613783759193304,,5.49
168351,"Pork, cured, ham and water product, shank, bone-in, separable lean and fat, heated, roasted",Pork Products,234.0,18.17,17.29,1.42,1.613783759193304,,5.49
168352,"Pork, cured, ham and water product, slice, bone-in, separable lean and fat, heated, pan-broil",Pork Products,155.1,19.85,7.78,1.41,1.613783759193304,,5.49
168353,"Pork, cured, ham with natural juices, slice, boneless, separable lean and fat, heated, pan-broil",Pork Products,118.3,20.89,3.4,1.04,1.613783759193304,,5.49
168354,"Pork, cured, ham with natural juices, spiral slice, boneless, separable lean and fat, heated, roasted",Pork Products,138.9,22.18,5.1,1.06,1.613783759193304,,5.49
168355,"Pork, cured, ham with natural juices, whole, boneless, separable lean and fat, heated, roasted",Pork Products,113.7,20.54,3.13,0.84,1.613783759193304,,5.49
168356,"Pork, cured, ham, rump, bone-in, separable lean and fat, heated, roasted",Pork Products,178.3,23.95,8.88,0.64,1.613783759193304,,5.49
168357,"Pork, cured, ham, shank, bone-in, separable lean and fat, heated, roasted",Pork Products,184.3,24.39,9.35,0.64,1.613783759193304,,5.49
168358,"Pork, cured, ham, shank, bone-in, separable lean and fat, unheated",Pork Products,176.7,21.61,9.85,0.41,1.613783759193304,,5.49
168359,"Pork, cured, ham, slice, bone-in, separable lean and fat, heated, pan-broil",Pork Products,181.0,25.48,8.48,0.7,1.613783759193304,,5.49
168360,"Pork, cured, ham, slice, bone-in, separable lean only, unheated",Pork Products,129.8,24.36,3.59,0.0,1.613783759193304,,5.49
168361,"Pork, fresh, enhanced, loin, tenderloin, separable lean only, raw",Pork Products,100.4,20.39,2.09,0.0,,1 package,3.99
168362,"Pork, fresh, shoulder, (Boston butt), blade (steaks), separable lean only, with added solution cooked, braised",Pork Products,219.6,27.58,12.14,0.0,,1 package,3.99
168363,"Pork, fresh, shoulder, (Boston butt), blade (steaks), separable lean only, with added solution, raw",Pork Products,122.1,18.29,5.36,0.18,,1 package,3.99
168364,"Pork, fresh, loin, top loin (chops), boneless, separable lean only, with added solution, cooked, broiled",Pork Products,170.2,29.65,5.73,0.0,,1 package,3.99
168365,"Pork, fresh, shoulder, (Boston butt), blade (steaks), separable lean and fat,with added solution, raw",Pork Products,169.5,17.19,11.12,0.16,,1 package,3.99
168366,"Pork, fresh, shoulder, (Boston butt), blade (steaks), separable lean and fat, with added solution, cooked, braised",Pork Products,255.9,25.84,16.94,0.03,,1 package,3.99
168367,"Pork, cured, ham, rump, bone-in, separable lean and fat, unheated",Pork Products,175.6,22.27,9.38,0.52,1.613783759193304,,5.49
168368,"Pork, loin, leg cap steak, boneless, separable lean and fat, cooked, broiled",Pork Products,150.0,27.57,4.41,0.0,0.907785785467143,1.7 lb,7.0
168369,"Pork, Shoulder petite tender, boneless, separable lean and fat, raw",Pork Products,121.8,21.65,3.91,0.0,0.659182163932784,1 lb,2.99
168370,"Pork, Leg sirloin tip roast, boneless, separable lean and fat, cooked, braised",Pork Products,147.5,31.11,2.56,0.0,,,
168371,"Pork, Leg sirloin tip roast, boneless, separable lean and fat, raw",Pork Products,106.9,22.88,1.71,0.0,0.659182163932784,1 lb,2.99
168372,"Pork, ground, 84% lean / 16% fat, raw",Pork Products,217.7,17.99,16.0,0.44,0.8796444261176615,1 lb,3.99
168373,"Pork, ground, 72% lean / 28% fat, cooked, pan-broiled",Pork Products,377.5,22.59,31.42,1.08,0.8796444261176615,1 lb,3.99
168374,"Pork, ground, 84% lean / 16% fat, cooked, pan-broiled",Pork Products,301.1,27.14,21.39,0.0,0.8796444261176615,1 lb,3.99
168375,"Pork, ground, 96% lean / 4% fat, cooked, pan-broiled",Pork Products,184.8,31.69,6.2,0.57,0.8796444261176615,1 lb,3.99
168376,"Pork loin, fresh, backribs, bone-in, raw, lean only",Pork Products,172.0,20.85,9.84,0.0,0.659182163932784,1 lb,2.99
168377,"Pork loin, fresh, backribs, bone-in, cooked-roasted, lean only",Pork Products,255.4,24.15,17.65,0.0,0.659182163932784,1 lb,2.99
168378,"Pork, fresh, loin, country-style ribs, separable lean only, bone-in, cooked, broiled",Pork Products,216.2,27.83,11.65,0.0,,1 package,3.99
168379,"Pork, fresh, loin, country-style ribs, separable lean only, boneless, cooked, roasted",Pork Products,219.2,29.2,11.38,0.0,,1 package,3.99
168380,"Pork, fresh, blade, (chops), boneless, separable lean and fat, cooked, broiled",Pork Products,202.4,24.73,11.13,0.83,,1 package,3.99
168381,"Pork, fresh, loin, blade (chops or roasts), boneless, separable lean and fat only, raw",Pork Products,156.7,20.54,7.94,0.76,,1 package,3.99
168382,"Bacon, pre-sliced, reduced/low sodium, unprepared",Pork Products,406.9,12.53,39.27,0.83,2.462122544080713,,3.49
168383,"Canadian bacon, cooked, pan-fried",Pork Products,145.5,28.31,2.78,1.8,,,
168384,"Alfalfa seeds, sprouted, raw",Vegetables and Vegetable Products,30.6,3.99,0.69,2.1,,,
168385,"Amaranth leaves, raw",Vegetables and Vegetable Products,28.9,2.46,0.33,4.02,,1 ct,1.29
168386,"Artichokes, (globe or french), cooked, boiled, drained, without salt",Vegetables and Vegetable Products,62.4,2.89,0.34,11.95,1.169919737994417,,1.99
168387,"Artichokes, (globe or french), frozen, unprepared",Vegetables and Vegetable Products,45.4,2.63,0.43,7.75,,,
168388,"Artichokes, (globe or french), frozen, cooked, boiled, drained, without salt",Vegetables and Vegetable Products,53.7,3.11,0.5,9.18,,,
168389,"Asparagus, raw",Vegetables and Vegetable Products,25.4,2.2,0.12,3.88,,,
168390,"Asparagus, cooked, boiled, drained",Vegetables and Vegetable Products,28.0,2.4,0.22,4.11,0.8796444261176615,1 lb,3.99
168391,"Balsam-pear (bitter gourd), leafy tips, raw",Vegetables and Vegetable Products,40.6,5.3,0.69,3.29,,,
168392,"Balsam-pear (bitter gourd), leafy tips, cooked, boiled, drained, without salt",Vegetables and Vegetable Products,42.9,3.6,0.2,6.68,,,
168393,"Balsam-pear (bitter gourd), pods, raw",Vegetables and Vegetable Products,20.3,1.0,0.17,3.7,,,
168394,"Balsam-pear (bitter gourd), pods, cooked, boiled, drained, without salt",Vegetables and Vegetable Products,22.3,0.84,0.18,4.32,,,
168395,"Beans, kidney, mature seeds, sprouted, cooked, boiled, drained, without salt",Vegetables and Vegetable Products,43.4,4.83,0.58,4.72,0.2275739480618091,,1.0
168396,"Lima beans, immature seeds, raw",Vegetables and Vegetable Products,115.8,6.84,0.86,20.17,0.4828123541848819,,2.19
168397,"Corn, sweet, yellow, canned, drained solids, rinsed with tap water",Vegetables and Vegetable Products,73.7,2.18,1.43,13.02,0.2058611549844365,,0.89
168398,"Corn, sweet, yellow, frozen, kernels cut off cob, unprepared (Includes foods for USDA's Food Distribution Program)",Vegetables and Vegetable Products,101.9,3.02,0.78,20.71,0.2058611549844365,,0.89
168399,"Corn, sweet, yellow, frozen, kernels cut off cob, boiled, drained, without salt",Vegetables and Vegetable Products,93.4,2.55,0.67,19.3,0.5608559949983285,,1.59
168400,"Corn, sweet, yellow, frozen, kernels on cob, unprepared",Vegetables and Vegetable Products,114.1,3.28,0.78,23.5,0.2058611549844365,,0.89
168401,"Corn, sweet, yellow, frozen, kernels on cob, cooked, boiled, drained, without salt",Vegetables and Vegetable Products,108.4,3.11,0.74,22.33,0.5608559949983285,,1.59
168402,"Cowpeas (blackeyes), immature seeds, cooked, boiled, drained, without salt",Vegetables and Vegetable Products,97.4,3.17,0.38,20.32,,,
168403,"Cowpeas (blackeyes), immature seeds, frozen, unprepared",Vegetables and Vegetable Products,142.7,8.98,0.7,25.13,,,
168404,"Cowpeas (blackeyes), immature seeds, frozen, cooked, boiled, drained, without salt",Vegetables and Vegetable Products,134.9,8.49,0.66,23.76,,,
168405,"Cowpeas, young pods with seeds, raw",Vegetables and Vegetable Products,53.9,3.3,0.3,9.5,,,
168406,"Cowpeas, leafy tips, cooked, boiled, drained, without salt",Vegetables and Vegetable Products,30.8,4.67,0.1,2.8,,,
168407,"Cress, garden, raw",Vegetables and Vegetable Products,38.7,2.6,0.7,5.5,0.9898755572101003,,4.49
168408,"Cress, garden, cooked, boiled, drained, without salt",Vegetables and Vegetable Products,28.2,1.9,0.6,3.8,0.9898755572101003,,4.49
168409,"Cucumber, with peel, raw",Vegetables and Vegetable Products,18.1,0.65,0.11,3.63,,,
168410,"Edamame, frozen, unprepared",Vegetables and Vegetable Products,117.9,11.22,4.73,7.61,1.2610441396974998,,4.29
168411,"Edamame, frozen, prepared",Vegetables and Vegetable Products,130.1,11.91,5.2,8.91,1.2610441396974998,,4.29
168412,"Endive, raw",Vegetables and Vegetable Products,20.2,1.25,0.2,3.35,,1 ct,2.99
168413,"Escarole, cooked, boiled, drained, no salt added",Vegetables and Vegetable Products,18.5,1.15,0.18,3.07,,,
168414,"Gourd, dishcloth (towelgourd), raw",Vegetables and Vegetable Products,24.0,1.2,0.2,4.35,,,
168415,"Gourd, dishcloth (towelgourd), cooked, boiled, drained, without salt",Vegetables and Vegetable Products,63.1,0.66,0.34,14.34,,,
168416,"Drumstick leaves, raw",Vegetables and Vegetable Products,83.3,9.4,1.4,8.28,,,
168417,"Drumstick leaves, cooked, boiled, drained, without salt",Vegetables and Vegetable Products,74.0,5.27,0.93,11.15,,,
168418,"Pepeao, dried",Vegetables and Vegetable Products,347.4,4.82,0.44,81.03,2.1517116789244053,,5.49
168419,"Jute, potherb, raw",Vegetables and Vegetable Products,44.0,4.65,0.25,5.8,,,
168420,"Jute, potherb, cooked, boiled, drained, without salt",Vegetables and Vegetable Products,45.7,3.68,0.2,7.29,,,
168421,"Kale, raw",Vegetables and Vegetable Products,42.8,2.92,1.49,4.42,1.8977391528874261,,2.69
168422,"Mushrooms, Chanterelle, raw",Vegetables and Vegetable Products,38.2,1.49,0.53,6.86,1.318364327865568,,2.99
168423,"Mushrooms, morel, raw",Vegetables and Vegetable Products,38.0,3.12,0.57,5.1,1.7151963997983475,,3.89
168424,"Kohlrabi, raw",Vegetables and Vegetable Products,32.5,1.7,0.1,6.2,,,
168425,"Kohlrabi, cooked, boiled, drained, without salt",Vegetables and Vegetable Products,35.0,1.8,0.11,6.69,0.5489510328403452,1 lb,2.49
168426,"Leeks, (bulb and lower leaf-portion), cooked, boiled, drained, without salt",Vegetables and Vegetable Products,35.5,0.81,0.2,7.62,,,
168427,"Lentils, sprouted, raw",Vegetables and Vegetable Products,129.4,8.96,0.55,22.14,0.659182163932784,,2.99
168428,"Lentils, sprouted, cooked, stir-fried, without salt",Vegetables and Vegetable Products,124.2,8.8,0.45,21.25,,,
168429,"Lettuce, butterhead (includes boston and bibb types), raw",Vegetables and Vegetable Products,16.3,1.35,0.22,2.23,,1 ct,2.99
168430,"Lotus root, cooked, boiled, drained, without salt",Vegetables and Vegetable Products,71.0,1.58,0.07,16.02,0.2843963182184921,1 lb,1.29
168431,"Lettuce, red leaf, raw",Vegetables and Vegetable Products,16.3,1.33,0.22,2.26,,1 ct,2.99
168432,"Mountain yam, hawaii, raw",Vegetables and Vegetable Products,71.5,1.34,0.1,16.3,,,
168433,"Mountain yam, hawaii, cooked, steamed, without salt",Vegetables and Vegetable Products,87.6,1.73,0.08,20.0,,,
168434,"Mushrooms, brown, italian, or crimini, raw",Vegetables and Vegetable Products,28.1,2.5,0.1,4.3,1.318364327865568,,2.99
168435,"Mushrooms, shiitake, stir-fried",Vegetables and Vegetable Products,47.7,3.45,0.35,7.68,4.225820641559733,,5.99
168436,"Mushrooms, shiitake, dried",Vegetables and Vegetable Products,348.7,9.58,0.99,75.37,4.225820641559733,,5.99
168437,"Mushrooms, shiitake, cooked, without salt",Vegetables and Vegetable Products,65.8,1.56,0.22,14.39,4.225820641559733,,5.99
168438,"Mustard spinach, (tendergreen), raw",Vegetables and Vegetable Products,27.1,2.2,0.3,3.9,,,
168439,"Mustard spinach, (tendergreen), cooked, boiled, drained, without salt",Vegetables and Vegetable Products,19.8,1.7,0.2,2.8,1.671103947361372,,3.79
168440,"New Zealand spinach, raw",Vegetables and Vegetable Products,17.8,1.5,0.2,2.5,,750 ml,15.99
168441,"New Zealand spinach, cooked, boiled, drained, without salt",Vegetables and Vegetable Products,15.2,1.3,0.17,2.13,,,
168442,"Potatoes, french fried, all types, salt added in processing, frozen, unprepared",Vegetables and Vegetable Products,150.1,2.24,4.66,24.81,0.49493777860505017,,4.49
168443,"Potato wedges, frozen (Includes foods for USDA's Food Distribution Program)",Vegetables and Vegetable Products,132.4,2.7,2.2,25.46,,,
168444,"Potatoes, french fried, steak fries, salt added in processing, frozen, as purchased",Vegetables and Vegetable Products,133.3,2.19,3.39,23.51,0.46486042712125614,,3.69
168445,"Potatoes, french fried, steak fries, salt added in processing, frozen, oven-heated",Vegetables and Vegetable Products,152.0,2.57,3.76,26.98,0.46486042712125614,,3.69
168446,Potato flour,Vegetables and Vegetable Products,363.1,6.9,0.34,83.1,1.907733442106474,,6.49
168447,"Pumpkin leaves, cooked, boiled, drained, without salt",Vegetables and Vegetable Products,26.4,2.72,0.22,3.39,0.546138238460745,,4.49
168448,"Pumpkin, raw",Vegetables and Vegetable Products,30.9,1.0,0.1,6.5,1.8220825862231538,,7.49
168449,"Pumpkin, cooked, boiled, drained, without salt",Vegetables and Vegetable Products,23.1,0.72,0.07,4.9,0.546138238460745,,4.49
168450,"Pumpkin, canned, without salt",Vegetables and Vegetable Products,39.3,1.1,0.28,8.09,0.6560956922621957,,2.79
168451,"Radishes, oriental, raw",Vegetables and Vegetable Products,19.7,0.6,0.1,4.1,,1 ea,
168452,"Radishes, oriental, cooked, boiled, drained, without salt",Vegetables and Vegetable Products,18.6,0.67,0.24,3.43,,1 ea,
168453,"Radishes, oriental, dried",Vegetables and Vegetable Products,291.6,7.9,0.72,63.37,,1 ea,
168454,"Rutabagas, raw",Vegetables and Vegetable Products,40.2,1.08,0.16,8.62,0.5489510328403452,1 lb,2.49
168455,"Rutabagas, cooked, boiled, drained, without salt",Vegetables and Vegetable Products,32.7,0.93,0.18,6.84,0.5489510328403452,1 lb,2.49
168456,"Seaweed, irishmoss, raw",Vegetables and Vegetable Products,56.6,1.51,0.16,12.29,,,
168457,"Seaweed, kelp, raw",Vegetables and Vegetable Products,50.0,1.68,0.56,9.57,,,
168458,"Seaweed, laver, raw",Vegetables and Vegetable Products,46.2,5.81,0.28,5.11,,,
168459,"Sesbania flower, raw",Vegetables and Vegetable Products,32.4,1.28,0.04,6.73,,,
168460,"Soybeans, mature seeds, sprouted, cooked, steamed",Vegetables and Vegetable Products,100.1,8.47,4.45,6.53,,,
168461,"Soybeans, mature seeds, sprouted, cooked, stir-fried",Vegetables and Vegetable Products,153.9,13.1,7.1,9.4,0.8783216525445523,,2.49
168462,"Spinach, raw",Vegetables and Vegetable Products,29.5,2.86,0.39,3.63,,,
168463,"Spinach, cooked, boiled, drained, without salt",Vegetables and Vegetable Products,29.2,2.97,0.26,3.75,0.43798502754062346,,1.49
168464,"Squash, summer, crookneck and straightneck, raw",Vegetables and Vegetable Products,22.0,1.01,0.27,3.88,0.5048585804033696,1 lb,2.29
168465,"Squash, summer, crookneck and straightneck, cooked, boiled, drained, without salt",Vegetables and Vegetable Products,22.8,1.04,0.39,3.79,0.5048585804033696,1 lb,2.29
168466,"Squash, summer, crookneck and straightneck, canned, drained, solid, without salt",Vegetables and Vegetable Products,14.9,0.61,0.07,2.96,0.5048585804033696,1 lb,2.29
168467,"Squash, summer, crookneck and straightneck, frozen, unprepared",Vegetables and Vegetable Products,23.8,0.83,0.14,4.8,0.5048585804033696,1 lb,2.29
168468,"Squash, summer, crookneck and straightneck, frozen, cooked, boiled, drained, without salt",Vegetables and Vegetable Products,29.1,1.28,0.2,5.54,0.5048585804033696,1 lb,2.29
168469,"Squash, summer, zucchini, includes skin, frozen, unprepared",Vegetables and Vegetable Products,20.1,1.16,0.13,3.58,0.5048585804033696,1 lb,2.29
168470,"Squash, summer, zucchini, includes skin, frozen, cooked, boiled, drained, without salt",Vegetables and Vegetable Products,20.0,1.15,0.13,3.56,0.5048585804033696,1 lb,2.29
168471,"Squash, summer, zucchini, italian style, canned",Vegetables and Vegetable Products,32.5,1.03,0.11,6.85,0.5048585804033696,1 lb,2.29
168472,"Squash, winter, acorn, raw",Vegetables and Vegetable Products,45.8,0.8,0.1,10.42,0.3284887706554676,1 lb,1.49
168473,"Squash, winter, butternut, frozen, unprepared",Vegetables and Vegetable Products,65.6,1.76,0.1,14.41,0.3284887706554676,1 lb,1.49
168474,"Squash, winter, butternut, frozen, cooked, boiled, without salt",Vegetables and Vegetable Products,45.8,1.23,0.07,10.05,0.3284887706554676,1 lb,1.49
168475,"Squash, winter, hubbard, raw",Vegetables and Vegetable Products,47.3,2.0,0.5,8.7,0.3284887706554676,1 lb,1.49
168476,"Squash, winter, hubbard, baked, without salt",Vegetables and Vegetable Products,58.7,2.48,0.62,10.81,,,
168477,"Succotash, (corn and limas), cooked, boiled, drained, without salt",Vegetables and Vegetable Products,125.0,5.07,0.8,24.38,,,
168478,"Succotash, (corn and limas), canned, with cream style corn",Vegetables and Vegetable Products,85.9,2.64,0.54,17.61,,,
168479,"Succotash, (corn and limas), canned, with whole kernel corn, solids and liquids",Vegetables and Vegetable Products,70.7,2.6,0.49,13.98,,,
168480,"Succotash, (corn and limas), frozen, unprepared",Vegetables and Vegetable Products,105.0,4.31,0.89,19.94,,,
168481,"Succotash, (corn and limas), frozen, cooked, boiled, drained, without salt",Vegetables and Vegetable Products,105.0,4.31,0.89,19.95,,,
168482,"Sweet potato, raw, unprepared (Includes foods for USDA's Food Distribution Program)",Vegetables and Vegetable Products,87.2,1.57,0.05,20.12,0.4828123541848819,1 lb,2.19
168483,"Sweet potato, cooked, baked in skin, flesh, without salt",Vegetables and Vegetable Products,92.2,2.01,0.15,20.71,2.814862163576517,,3.99
168484,"Sweet potato, cooked, boiled, without skin",Vegetables and Vegetable Products,77.6,1.37,0.14,17.72,2.814862163576517,,3.99
168485,"Sweet potato, canned, vacuum pack",Vegetables and Vegetable Products,92.9,1.65,0.2,21.12,0.5930434852773206,,2.69
168486,"Taro, cooked, without salt",Vegetables and Vegetable Products,141.5,0.52,0.11,34.6,,12 ct,1.49
168487,"Taro leaves, raw",Vegetables and Vegetable Products,53.4,4.98,0.74,6.7,,,
168488,"Taro leaves, cooked, steamed, without salt",Vegetables and Vegetable Products,30.6,2.72,0.41,4.02,,,
168489,"Taro shoots, raw",Vegetables and Vegetable Products,13.8,0.92,0.09,2.32,,,
168490,"Arrowroot, raw",Vegetables and Vegetable Products,72.3,4.24,0.2,13.39,2.202417999226927,,9.99
168491,"Chrysanthemum leaves, raw",Vegetables and Vegetable Products,30.5,3.36,0.56,3.01,5.873114664605139,,9.99
168492,"Amaranth leaves, cooked, boiled, drained, with salt",Vegetables and Vegetable Products,26.5,2.11,0.18,4.11,,,
168493,"Arrowhead, cooked, boiled, drained, with salt",Vegetables and Vegetable Products,83.4,4.49,0.1,16.14,1.4080189811540849,8 bottles,4.79
168494,"Asparagus, frozen, cooked, boiled, drained, with salt",Vegetables and Vegetable Products,23.3,2.95,0.42,1.92,1.9797511144202007,,4.49
168495,"Balsam-pear (bitter gourd), leafy tips, cooked, boiled, drained, with salt",Vegetables and Vegetable Products,40.8,3.6,0.2,6.16,,,
168496,"Balsam-pear (bitter gourd), pods, cooked, boiled, drained, with salt",Vegetables and Vegetable Products,22.3,0.84,0.18,4.32,,,
168497,"Bamboo shoots, cooked, boiled, drained, with salt",Vegetables and Vegetable Products,14.2,1.53,0.22,1.52,,,
168498,"Lima beans, immature seeds, frozen, fordhook, cooked, boiled, drained, with salt",Vegetables and Vegetable Products,104.6,6.07,0.34,19.32,0.4828123541848819,,2.19
168499,"Mung beans, mature seeds, sprouted, cooked, boiled, drained, with salt",Vegetables and Vegetable Products,23.3,2.03,0.09,3.6,1.1264151849232678,4 ct,4.79
168500,"Beans, navy, mature seeds, sprouted, cooked, boiled, drained, with salt",Vegetables and Vegetable Products,95.6,7.07,0.81,15.01,0.35053499687395534,,1.59
168501,"Beans, pinto, immature seeds, frozen, cooked, boiled, drained, with salt",Vegetables and Vegetable Products,165.0,9.31,0.48,30.87,0.39462744931093086,,1.79
168502,"Beans, snap, green, canned, no salt added, solids and liquids",Vegetables and Vegetable Products,18.1,0.8,0.1,3.5,1.8915662095462495,,4.29
168503,"Beans, snap, yellow, canned, regular pack, solids and liquids",Vegetables and Vegetable Products,18.1,0.8,0.1,3.5,1.8915662095462495,,4.29
168504,"Beans, snap, yellow, canned, no salt added, solids and liquids",Vegetables and Vegetable Products,18.1,0.8,0.1,3.5,1.8915662095462495,,4.29
168505,"Beans, snap, green, canned, no salt added, drained solids",Vegetables and Vegetable Products,25.9,1.12,0.46,4.32,1.8915662095462495,,4.29
168506,"Beets, cooked, boiled. drained, with salt",Vegetables and Vegetable Products,48.2,1.68,0.18,9.96,,1.5 l,16.99
168507,"Beets, canned, no salt added, solids and liquids",Vegetables and Vegetable Products,30.1,0.8,0.07,6.57,0.23280814886723072,,0.99
168508,"Beet greens, cooked, boiled, drained, with salt",Vegetables and Vegetable Products,33.9,2.57,0.2,5.46,0.37258122309244307,1 lb,1.69
168509,"Borage, cooked, boiled, drained, with salt",Vegetables and Vegetable Products,29.8,2.09,0.81,3.55,,,
168510,"Broccoli, cooked, boiled, drained, with salt",Vegetables and Vegetable Products,41.9,2.38,0.41,7.18,1.173447134189375,,4.99
168511,"Broccoli, frozen, chopped, cooked, boiled, drained, with salt",Vegetables and Vegetable Products,34.9,3.1,0.12,5.35,0.6410902608296758,,2.29
168512,"Broccoli, frozen, spears, cooked, boiled, drained, with salt",Vegetables and Vegetable Products,34.8,3.1,0.11,5.35,0.6410902608296758,,2.29
168513,"Brussels sprouts, cooked, boiled, drained, with salt",Vegetables and Vegetable Products,43.1,2.55,0.5,7.1,1.466808917736719,,4.99
168514,"Cabbage, common, cooked, boiled, drained, with salt",Vegetables and Vegetable Products,27.7,1.27,0.06,5.51,0.2843963182184921,1 lb,1.29
168515,"Cabbage, red, cooked, boiled, drained, with salt",Vegetables and Vegetable Products,34.6,1.51,0.09,6.94,0.806891879596652,,5.49
168516,"Cabbage, savoy, cooked, boiled, drained, with salt",Vegetables and Vegetable Products,29.6,1.8,0.09,5.41,0.5489510328403452,1 lb,2.49
168517,"Cabbage, chinese (pak-choi), cooked, boiled, drained, with salt",Vegetables and Vegetable Products,14.8,1.56,0.16,1.78,0.2843963182184921,1 lb,1.29
168518,"Carrots, canned, no salt added, drained solids",Vegetables and Vegetable Products,26.4,0.64,0.19,5.54,0.29501859085103616,,0.69
168519,"Carrots, frozen, cooked, boiled, drained, with salt",Vegetables and Vegetable Products,39.4,0.58,0.68,7.73,0.9778726118244793,,4.99
168520,"Cauliflower, cooked, boiled, drained, with salt",Vegetables and Vegetable Products,27.8,1.84,0.45,4.11,,1 ct,4.49
168521,"Cauliflower, frozen, cooked, boiled, drained, with salt",Vegetables and Vegetable Products,21.1,1.61,0.22,3.16,0.6731447738711596,,2.29
168522,"Chrysanthemum, garland, cooked, boiled, drained, with salt",Vegetables and Vegetable Products,24.6,1.64,0.09,4.31,,,
168523,"Collards, cooked, boiled, drained, with salt",Vegetables and Vegetable Products,39.9,2.71,0.72,5.65,,,
168524,"Collards, frozen, chopped, cooked, boiled, drained, with salt",Vegetables and Vegetable Products,44.0,2.97,0.41,7.1,0.5261699324145745,,1.79
168525,"Corn, sweet, yellow, cooked, boiled, drained, with salt",Vegetables and Vegetable Products,111.1,3.41,1.5,20.98,0.2058611549844365,,0.89
168526,"Cowpeas (blackeyes), immature seeds, cooked, boiled, drained, with salt",Vegetables and Vegetable Products,95.0,3.17,0.38,19.73,,,
168527,"Cowpeas (blackeyes), immature seeds, frozen, cooked, boiled, drained, with salt",Vegetables and Vegetable Products,133.9,8.49,0.66,23.5,,,
168528,"Cowpeas, young pods with seeds, cooked, boiled, drained, with salt",Vegetables and Vegetable Products,41.1,2.6,0.3,7.0,,,
168529,"Cowpeas, leafy tips, cooked, boiled, drained, with salt",Vegetables and Vegetable Products,30.8,4.67,0.1,2.8,,,
168530,"Gourd, dishcloth (towelgourd), cooked, boiled, drained, with salt",Vegetables and Vegetable Products,60.7,0.66,0.34,13.75,,,
168531,"Drumstick leaves, cooked, boiled, drained, with salt",Vegetables and Vegetable Products,74.0,5.27,0.93,11.15,,,
168532,"Drumstick pods, cooked, boiled, drained, with salt",Vegetables and Vegetable Products,42.8,2.09,0.19,8.18,,8 ct,9.29
168533,"Hyacinth-beans, immature seeds, cooked, boiled, drained, with salt",Vegetables and Vegetable Products,51.0,2.95,0.27,9.2,,,
168534,"Lambsquarters, cooked, boiled, drained, with salt",Vegetables and Vegetable Products,39.1,3.2,0.7,5.0,1.4603559394905183,,20.99
168535,"Leeks, (bulb and lower leaf-portion), cooked, boiled, drained, with salt",Vegetables and Vegetable Products,35.5,0.81,0.2,7.62,,,
168536,"Lotus root, cooked, boiled, drained, with salt",Vegetables and Vegetable Products,71.0,1.58,0.07,16.02,0.2843963182184921,1 lb,1.29
168537,"Mushrooms, white, cooked, boiled, drained, with salt",Vegetables and Vegetable Products,34.1,2.17,0.47,5.29,0.7348742072829253,,5.0
168538,"Corn, sweet, white, raw",Vegetables and Vegetable Products,99.6,3.22,1.18,19.02,0.2058611549844365,,0.89
168539,"Corn, sweet, white, cooked, boiled, drained, without salt",Vegetables and Vegetable Products,112.9,3.34,1.41,21.71,0.5608559949983285,,1.59
168540,"Corn, sweet, white, cooked, boiled, drained, with salt",Vegetables and Vegetable Products,112.9,3.34,1.41,21.71,0.5608559949983285,,1.59
168541,"Corn, sweet, white, canned, whole kernel, regular pack, solids and liquids",Vegetables and Vegetable Products,73.9,1.95,0.5,15.41,0.5608559949983285,,1.59
168542,"Corn, sweet, white, canned, vacuum pack, regular pack",Vegetables and Vegetable Products,91.9,2.41,0.5,19.44,0.5608559949983285,,1.59
168543,"Corn, sweet, white, canned, vacuum pack, no salt added",Vegetables and Vegetable Products,91.9,2.41,0.5,19.44,0.5608559949983285,,1.59
168544,"Corn, sweet, white, frozen, kernels cut off cob, unprepared",Vegetables and Vegetable Products,101.9,3.02,0.77,20.73,0.5608559949983285,,1.59
168545,"Corn, sweet, white, frozen, kernels cut off cob, boiled, drained, without salt",Vegetables and Vegetable Products,93.1,2.75,0.43,19.56,0.2058611549844365,,0.89
168546,"Peppers, sweet, red, canned, solids and liquids",Vegetables and Vegetable Products,21.5,0.8,0.3,3.9,1.100106688302539,,4.99
168547,"Peppers, sweet, red, frozen, chopped, unprepared",Vegetables and Vegetable Products,24.0,1.08,0.21,4.45,1.100106688302539,,4.99
168548,"Peppers, sweet, red, frozen, chopped, boiled, drained, without salt",Vegetables and Vegetable Products,18.7,0.95,0.18,3.31,1.100106688302539,,4.99
168549,"Peppers, sweet, red, frozen, chopped, boiled, drained, with salt",Vegetables and Vegetable Products,18.7,0.95,0.18,3.31,1.100106688302539,,4.99
168550,"Peppers, sweet, red, sauteed",Vegetables and Vegetable Products,145.2,1.04,12.75,6.57,1.100106688302539,,4.99
168551,"Lentils, sprouted, cooked, stir-fried, with salt",Vegetables and Vegetable Products,124.2,8.8,0.45,21.25,0.659182163932784,,2.99
168552,"Mountain yam, hawaii, cooked, steamed, with salt",Vegetables and Vegetable Products,87.6,1.73,0.08,19.99,,,
168553,"Tree fern, cooked, with salt",Vegetables and Vegetable Products,44.9,0.29,0.07,10.78,,,
168554,"Potatoes, mashed, prepared from granules, without milk, whole milk and margarine",Vegetables and Vegetable Products,110.2,2.05,4.93,14.4,1.3227735731092654,,1.5
168555,"Potatoes, mashed, home-prepared, whole milk and butter added",Vegetables and Vegetable Products,112.7,1.86,4.22,16.81,1.3227735731092654,,1.5
168556,Catsup,Vegetables and Vegetable Products,114.7,1.04,0.1,27.4,0.3333389404235349,,1.89
168557,"Mushrooms, brown, italian, or crimini, exposed to ultraviolet light, raw",Vegetables and Vegetable Products,28.1,2.5,0.1,4.3,1.318364327865568,,2.99
168558,"Pickles, cucumber, dill or kosher dill",Vegetables and Vegetable Products,14.3,0.5,0.3,2.41,0.7694132950252227,,3.49
168559,"Pimento, canned",Vegetables and Vegetable Products,27.5,1.1,0.3,5.1,0.8516142242112985,,1.69
168560,"Pickle relish, hot dog",Vegetables and Vegetable Products,103.5,1.5,0.46,23.35,0.6314039188974894,,1.79
168561,"Pickle relish, sweet",Vegetables and Vegetable Products,146.0,0.37,0.47,35.06,0.6314039188974894,,1.79
168562,"Pickles, cucumber, sour, low sodium",Vegetables and Vegetable Products,12.2,0.33,0.2,2.26,0.7694132950252227,,3.49
168563,"Pickles, cucumber, dill, reduced sodium",Vegetables and Vegetable Products,14.3,0.5,0.3,2.41,,,
168564,"Radicchio, raw",Vegetables and Vegetable Products,25.9,1.43,0.25,4.48,,,
168565,"Squash, zucchini, baby, raw",Vegetables and Vegetable Products,26.9,2.71,0.4,3.11,0.5048585804033696,1 lb,2.29
168566,"Tomatillos, raw",Vegetables and Vegetable Products,36.4,0.96,1.02,5.84,0.9678293309916124,,4.39
168567,"Tomatoes, sun-dried",Vegetables and Vegetable Products,306.2,14.11,2.97,55.76,2.202417999226927,,9.99
168568,"Carrots, baby, raw",Vegetables and Vegetable Products,36.7,0.64,0.13,8.24,2.61027318426895,,2.59
168569,"Hearts of palm, canned",Vegetables and Vegetable Products,34.1,2.52,0.62,4.62,0.7079288196825513,,2.89
168570,"Peppers, hot chile, sun-dried",Vegetables and Vegetable Products,374.0,10.58,5.81,69.86,1.7548796069916255,,1.99
168571,"Nopales, raw",Vegetables and Vegetable Products,19.4,1.32,0.09,3.33,0.4691436939294195,,3.99
168572,"Cabbage, napa, cooked",Vegetables and Vegetable Products,14.8,1.1,0.17,2.23,1.6071698913277574,,7.29
168573,"Lemon grass (citronella), raw",Vegetables and Vegetable Products,112.9,1.82,0.49,25.31,,,
168574,"Beans, fava, in pod, raw",Vegetables and Vegetable Products,108.8,7.92,0.73,17.63,3.8184063810420796,,12.99
168575,"Grape leaves, raw",Vegetables and Vegetable Products,110.7,5.6,2.12,17.31,2.1129103207798665,,5.99
168576,"Peppers, jalapeno, raw",Vegetables and Vegetable Products,33.0,0.91,0.37,6.5,0.7907246470364276,,2.69
168577,"Peppers, chili, green, canned",Vegetables and Vegetable Products,23.7,0.72,0.27,4.6,0.7694132950252227,,3.49
168578,"Peppers, hungarian, raw",Vegetables and Vegetable Products,33.7,0.8,0.41,6.7,0.659182163932784,1 lb,2.99
168579,"Peppers, pasilla, dried",Vegetables and Vegetable Products,396.6,12.35,15.85,51.13,,1 lb,
168580,"Mushrooms, oyster, raw",Vegetables and Vegetable Products,41.3,3.31,0.41,6.09,1.318364327865568,,2.99
168581,"Fungi, Cloud ears, dried",Vegetables and Vegetable Products,335.6,9.25,0.73,73.01,,,
168582,"Mushrooms, straw, canned, drained solids",Vegetables and Vegetable Products,40.0,3.83,0.68,4.64,1.0546914622924544,,2.99
168583,"Wasabi, root, raw",Vegetables and Vegetable Products,119.0,4.8,0.63,23.54,,,
168584,"Fiddlehead ferns, frozen, unprepared",Vegetables and Vegetable Products,43.3,4.31,0.35,5.74,,,
168585,"Nuts, coconut meat, dried (desiccated), creamed",Nut and Seed Products,729.0,5.3,69.08,21.52,,6 ct,8.79
168586,"Nuts, coconut meat, dried (desiccated), sweetened, shredded",Nut and Seed Products,521.6,2.88,35.49,47.67,,6 ct,8.79
168587,"Seeds, sisymbrium sp. seeds, whole, dried",Nut and Seed Products,323.0,12.14,4.6,58.26,,,
168588,"Nuts, almond butter, plain, without salt added",Nut and Seed Products,658.6,20.96,55.5,18.82,4.400426753210156,,4.99
168589,"Nuts, chestnuts, japanese, boiled and steamed",Nut and Seed Products,55.6,0.82,0.19,12.64,2.2226020684735617,,6.49
168590,"Nuts, chestnuts, japanese, roasted",Nut and Seed Products,199.6,2.97,0.8,45.13,2.2226020684735617,,6.49
168591,"Seeds, lotus seeds, raw",Nut and Seed Products,90.4,4.13,0.53,17.28,1.7486879009047311,,6.99
168592,"Nuts, almonds, honey roasted, unblanched",Nut and Seed Products,633.4,18.17,49.9,27.9,1.321671261798341,,11.99
168593,"Seeds, sunflower seed kernels, oil roasted, with salt added",Nut and Seed Products,633.5,20.06,51.3,22.89,,,
168594,"Seeds, sunflower seed kernels, toasted, with salt added",Nut and Seed Products,662.4,17.21,56.8,20.59,1.3368831578890976,,3.79
168595,"Seeds, sunflower seed butter, with salt added (Includes foods for USDA's Food Distribution Program)",Nut and Seed Products,659.2,17.28,55.2,23.32,1.651262343764733,,7.49
168596,"Nuts, almonds, dry roasted, with salt added",Nut and Seed Products,640.7,20.96,52.54,21.01,1.321671261798341,,11.99
168597,"Nuts, cashew butter, plain, with salt added",Nut and Seed Products,647.0,12.12,53.03,30.3,,,
168598,"Nuts, macadamia nuts, dry roasted, with salt added",Nut and Seed Products,767.2,7.79,76.08,12.83,4.224056943462254,,4.79
168599,"Nuts, mixed nuts, dry roasted, with peanuts, with salt added",Nut and Seed Products,633.6,17.3,51.45,25.35,2.092186868134488,,9.49
168600,"Nuts, mixed nuts, oil roasted, with peanuts, with salt added",Nut and Seed Products,649.9,20.04,53.95,21.05,2.092186868134488,,9.49
168601,"Seeds, pumpkin and squash seeds, whole, roasted, with salt added",Nut and Seed Products,463.8,18.55,19.4,53.75,3.5229869497143436,,7.99
168602,"Nuts, almonds, oil roasted, lightly salted",Nut and Seed Products,652.2,21.23,55.17,17.68,1.321671261798341,,11.99
168603,"Nuts, almond butter, plain, with salt added",Nut and Seed Products,658.6,20.96,55.5,18.82,4.400426753210156,,4.99
168604,"Seeds, sesame butter, tahini, type of kernels unspecified",Nut and Seed Products,632.7,17.4,53.01,21.5,,,
168605,"Beef, retail cuts, separable fat, raw",Beef Products,670.8,8.21,70.89,0.0,1.7614934748571718,1 lb,7.99
168606,"Beef, retail cuts, separable fat, cooked",Beef Products,675.6,10.65,70.33,0.0,,,
168607,"Beef, brisket, whole, separable lean only, all grades, raw",Beef Products,151.6,20.72,7.37,0.6,1.5410312126722943,1 lb,6.99
168608,"Beef, grass-fed, ground, raw",Beef Products,192.2,19.42,12.73,0.0,4.404835998453854,,9.99
168609,"Beef, flank, steak, separable lean only, trimmed to 0"" fat, choice, raw",Beef Products,143.5,21.72,6.29,0.0,3.084267047966437,1 lb,13.99
168610,"Beef, flank, steak, separable lean only, trimmed to 0"" fat, choice, cooked, braised",Beef Products,229.1,28.02,13.0,0.0,3.084267047966437,1 lb,13.99
168611,"Beef, flank, steak, separable lean only, trimmed to 0"" fat, choice, cooked, broiled",Beef Products,186.2,27.82,8.32,0.0,3.084267047966437,1 lb,13.99
168612,"Beef, rib, eye, small end (ribs 10-12), separable lean and fat, trimmed to 0"" fat, choice, raw",Beef Products,268.7,17.51,22.07,0.0,1.9819557370420493,1 lb,8.99
168613,"Beef, rib, shortribs, separable lean and fat, choice, cooked, braised",Beef Products,464.1,21.57,41.98,0.0,1.9819557370420493,1 lb,8.99
168614,"Beef, rib, shortribs, separable lean only, choice, raw",Beef Products,169.5,19.05,10.19,0.4,1.9819557370420493,1 lb,8.99
168615,"Beef, rib, shortribs, separable lean only, choice, cooked, braised",Beef Products,286.2,30.76,18.13,0.0,1.9819557370420493,1 lb,8.99
168616,"Beef, round, full cut, separable lean only, trimmed to 1/4"" fat, choice, cooked, broiled",Beef Products,182.6,29.21,7.31,0.0,2.643342523596682,1 lb,11.99
168617,"Beef, round, full cut, separable lean only, trimmed to 1/4"" fat, select, cooked, broiled",Beef Products,164.0,29.25,5.22,0.0,2.643342523596682,1 lb,11.99
168618,"Beef, short loin, porterhouse steak, separable lean only, trimmed to 1/8"" fat, choice, cooked, grilled",Beef Products,212.8,27.65,11.36,0.0,2.643342523596682,1 lb,11.99
168619,"Beef, short loin, t-bone steak, bone-in, separable lean only, trimmed to 1/8"" fat, choice, raw",Beef Products,153.8,22.1,7.27,0.0,2.643342523596682,1 lb,11.99
168620,"Beef, short loin, t-bone steak, bone-in, separable lean only, trimmed to 1/8"" fat, choice, cooked, grilled",Beef Products,209.4,27.48,11.05,0.0,,,
168621,"Beef, rib eye, small end (ribs 10-12), separable lean only, trimmed to 0"" fat, select, raw",Beef Products,143.8,21.17,6.57,0.0,6.698525374225319,,18.99
168622,"Beef, variety meats and by-products, brain, raw",Beef Products,140.3,10.86,10.3,1.05,,,
168623,"Beef, variety meats and by-products, brain, cooked, pan-fried",Beef Products,192.8,12.57,15.83,0.0,,,
168624,"Beef, variety meats and by-products, brain, cooked, simmered",Beef Products,147.4,11.67,10.53,1.48,,,
168625,"Beef, variety meats and by-products, heart, raw",Beef Products,106.9,17.72,3.94,0.14,,,
168626,"Beef, variety meats and by-products, liver, cooked, braised",Beef Products,184.2,29.08,5.26,5.13,,,
168627,"Beef, variety meats and by-products, liver, cooked, pan-fried",Beef Products,168.8,26.52,4.68,5.16,,,
168628,"Beef, variety meats and by-products, lungs, raw",Beef Products,87.3,16.2,2.5,0.0,,,
168629,"Beef, variety meats and by-products, lungs, cooked, braised",Beef Products,114.9,20.4,3.7,0.0,,,
168630,"Beef, variety meats and by-products, mechanically separated beef, raw",Beef Products,271.6,14.97,23.52,0.0,,,
168631,"Beef, loin, top loin steak, boneless, lip off, separable lean and fat, trimmed to 0"" fat, select, cooked, grilled",Beef Products,198.7,29.16,9.12,0.0,1.5321168690274276,,9.99
168632,"Beef, loin, top loin steak, boneless, lip off, separable lean only, trimmed to 0"" fat, all grades, cooked, grilled",Beef Products,193.8,29.53,8.41,0.0,1.5321168690274276,,9.99
168633,"Beef, top sirloin, steak, separable lean and fat, trimmed to 0"" fat, select, cooked, broiled",Beef Products,197.8,29.65,8.8,0.0,4.404835998453854,,9.99
168634,"Beef, top sirloin, steak, separable lean only, trimmed to 0"" fat, all grades, cooked, broiled",Beef Products,174.3,30.55,5.79,0.0,4.404835998453854,,9.99
168635,"Beef, top sirloin, steak, separable lean only, trimmed to 0"" fat, choice, cooked, broiled",Beef Products,180.1,30.29,6.55,0.0,4.404835998453854,,9.99
168636,"Beef, top sirloin, steak, separable lean only, trimmed to 0"" fat, select, cooked, broiled",Beef Products,168.5,30.8,5.03,0.0,4.404835998453854,,9.99
168637,"Beef, short loin, porterhouse steak, separable lean only,  trimmed to 1/8"" fat, all grades, cooked, grilled",Beef Products,205.5,28.16,10.32,0.0,,,
168638,"Beef, short loin, porterhouse steak, separable lean only, trimmed to 0"" fat, all grades, cooked, broiled",Beef Products,204.9,26.07,11.18,0.0,,,
168639,"Beef, short loin, porterhouse steak, separable lean only, trimmed to 0"" fat, choice, cooked, broiled",Beef Products,217.2,25.51,12.8,0.0,2.643342523596682,1 lb,11.99
168640,"Beef, short loin, porterhouse steak, separable lean only, trimmed to 1/8"" fat, select, raw",Beef Products,139.1,22.61,5.41,0.0,2.643342523596682,1 lb,11.99
168641,"Beef, short loin, porterhouse steak, separable lean only, trimmed to 1/8"" fat, select, cooked, grilled",Beef Products,194.5,28.92,8.76,0.0,,,
168642,"Beef, short loin, t-bone steak, bone-in, separable lean only, trimmed to 1/8"" fat, all grades, raw",Beef Products,147.4,22.22,6.5,0.0,2.643342523596682,1 lb,11.99
168643,"Beef, short loin, t-bone steak, bone-in, separable lean only, trimmed to 1/8"" fat, all grades, cooked, grilled",Beef Products,204.8,27.86,10.37,0.0,,,
168644,"Beef, short loin, t-bone steak, separable lean only, trimmed to 0"" fat, choice, cooked, broiled",Beef Products,190.4,25.98,9.61,0.0,,,
168645,"Beef, short loin, t-bone steak, bone-in, separable lean only, trimmed to 1/8"" fat, select, raw",Beef Products,137.7,22.41,5.34,0.0,,,
168646,"Beef, round, tip round, roast, separable lean and fat, trimmed to 0"" fat, choice, raw",Beef Products,150.2,20.16,7.73,0.0,2.643342523596682,1 lb,11.99
168647,"Beef, round, tip round, roast, separable lean and fat, trimmed to 0"" fat, select, raw",Beef Products,139.7,20.8,6.28,0.0,2.643342523596682,1 lb,11.99
168648,"Beef, rib, eye, small end (ribs 10- 12) separable lean only, trimmed to 0"" fat, select, cooked, broiled",Beef Products,174.2,29.93,6.05,0.0,1.9819557370420493,1 lb,8.99
168649,"Beef, round, top round steak, boneless, separable lean only, trimmed to 0"" fat, all grades, cooked, grilled",Beef Products,154.3,30.09,3.77,0.0,2.643342523596682,1 lb,11.99
168650,"Beef, ground, 70% lean meat / 30% fat, patty cooked, pan-broiled",Beef Products,231.3,22.86,15.54,0.0,2.092186868134488,1 lb,9.49
168651,"Beef, ground, 70% lean meat / 30% fat, patty, cooked, broiled",Beef Products,269.5,25.38,18.66,0.0,2.092186868134488,1 lb,9.49
168652,"Beef, ground, 70% lean meat / 30% fat, raw",Beef Products,327.4,14.35,30.0,0.0,2.092186868134488,1 lb,9.49
168653,"Beef, chuck, under blade center steak, boneless, Denver Cut, separable lean only, trimmed to 0"" fat, select, raw",Beef Products,156.5,19.71,8.54,0.21,2.86380478578156,1 lb,12.99
168654,"Beef, shoulder top blade steak, boneless, separable lean only, trimmed to 0"" fat, all grades, cooked, grilled",Beef Products,195.7,28.15,9.23,0.0,,,
168655,"Beef, shoulder top blade steak, boneless, separable lean only, trimmed to 0"" fat, select, raw",Beef Products,133.1,20.39,5.73,0.0,2.86380478578156,1 lb,12.99
168656,"Beef, brisket, flat half, boneless separable lean only, trimmed to 0"" fat, all grades, raw",Beef Products,131.9,21.47,5.11,0.0,1.5410312126722943,1 lb,6.99
168657,"Beef, brisket, flat half, boneless, separable lean only, trimmed to 0"" fat, choice, raw",Beef Products,136.9,21.28,5.75,0.0,1.5410312126722943,1 lb,6.99
168658,"Beef, brisket, flat half, boneless, separable lean only, trimmed to 0"" fat, select, raw",Beef Products,124.2,21.74,4.14,0.0,1.5410312126722943,1 lb,6.99
168659,"Beef, shoulder top blade steak, boneless, separable lean and fat, trimmed to 0"" fat, choice, cooked, grilled",Beef Products,220.4,27.51,12.26,0.0,2.86380478578156,1 lb,12.99
168660,"Beef, chuck eye roast, boneless, America's Beef Roast, separable lean and fat, trimmed to 0"" fat, all grades, raw",Beef Products,180.0,19.18,11.48,0.0,2.86380478578156,1 lb,12.99
168661,"Beef, chuck eye roast, boneless, America's Beef Roast, separable lean and fat, trimmed to 0"" fat, choice, raw",Beef Products,184.7,19.14,12.02,0.0,2.86380478578156,1 lb,12.99
168662,"Beef, chuck eye roast, boneless, America's Beef Roast, separable lean and fat, trimmed to 0"" fat, select, raw",Beef Products,173.0,19.25,10.67,0.0,2.86380478578156,1 lb,12.99
168663,"Beef, composite of trimmed retail cuts, separable lean and fat, trimmed to 1/8"" fat, select, cooked",Beef Products,240.0,26.06,15.09,0.0,,,
168664,"Beef, brisket, whole, separable lean and fat, trimmed to 1/8"" fat, all grades, raw",Beef Products,247.5,18.42,19.06,0.56,1.5410312126722943,1 lb,6.99
168665,"Beef, brisket, whole, separable lean and fat, trimmed to 1/8"" fat, all grades, cooked, braised",Beef Products,323.9,25.85,24.5,0.0,1.5410312126722943,1 lb,6.99
168666,"Beef, brisket, flat half, separable lean and fat, trimmed to 1/8"" fat, all grades, raw",Beef Products,271.4,17.94,22.18,0.0,1.5410312126722943,1 lb,6.99
168667,"Beef, chuck, arm pot roast, separable lean and fat, trimmed to 1/8"" fat, all grades, cooked, braised",Beef Products,293.5,30.12,19.22,0.0,2.86380478578156,1 lb,12.99
168668,"Beef, chuck, arm pot roast, separable lean and fat, trimmed to 1/8"" fat, choice, raw",Beef Products,243.7,19.14,18.57,0.0,2.86380478578156,1 lb,12.99
168669,"Beef, chuck, arm pot roast, separable lean and fat, trimmed to 1/8"" fat, choice, cooked, braised",Beef Products,300.2,30.2,19.93,0.0,2.86380478578156,1 lb,12.99
168670,"Beef, chuck, arm pot roast, separable lean and fat, trimmed to 1/8"" fat, select, raw",Beef Products,233.8,19.33,17.39,0.0,2.86380478578156,1 lb,12.99
168671,"Beef, chuck, blade roast, separable lean and fat, trimmed to 1/8"" fat, choice, cooked, braised",Beef Products,350.8,26.37,27.26,0.0,2.86380478578156,1 lb,12.99
168672,"Beef, chuck, blade roast, separable lean and fat, trimmed to 1/8"" fat, select, raw",Beef Products,225.4,17.37,17.33,0.0,2.86380478578156,1 lb,12.99
168673,"Beef, chuck, blade roast, separable lean and fat, trimmed to 1/8"" fat, select, cooked, braised",Beef Products,310.5,27.33,22.35,0.0,2.86380478578156,1 lb,12.99
168674,"Beef, chuck eye roast, boneless, America's Beef Roast, separable lean only, trimmed to 0"" fat, all grades, cooked, roasted",Beef Products,182.7,26.65,8.46,0.0,2.86380478578156,1 lb,12.99
168675,"Beef, rib, whole (ribs 6-12), separable lean and fat, trimmed to 1/8"" fat, choice, raw",Beef Products,316.7,16.34,27.93,0.0,1.9819557370420493,1 lb,8.99
168676,"Beef, rib, whole (ribs 6-12), separable lean and fat, trimmed to 1/8"" fat, choice, cooked, broiled",Beef Products,345.5,22.26,28.5,0.0,1.9819557370420493,1 lb,8.99
168677,"Beef, rib, whole (ribs 6-12), separable lean and fat, trimmed to 1/8"" fat, choice, cooked, roasted",Beef Products,358.5,22.6,29.79,0.0,1.9819557370420493,1 lb,8.99
168678,"Beef, rib, whole (ribs 6-12), separable lean and fat, trimmed to 1/8"" fat, select, raw",Beef Products,282.5,16.75,23.95,0.0,1.9819557370420493,1 lb,8.99
168679,"Beef, rib, whole (ribs 6-12), separable lean and fat, trimmed to 1/8"" fat, prime, cooked, roasted",Beef Products,393.6,22.57,33.7,0.0,1.9819557370420493,1 lb,8.99
168680,"Beef, rib, large end (ribs 6-9), separable lean and fat, trimmed to 1/8"" fat, all grades, raw",Beef Products,310.6,16.26,27.29,0.0,1.9819557370420493,1 lb,8.99
168681,"Beef, rib, large end (ribs 6-9), separable lean and fat, trimmed to 1/8"" fat, all grades, cooked, broiled",Beef Products,331.2,21.55,27.22,0.0,1.9819557370420493,1 lb,8.99
168682,"Beef, rib, large end (ribs 6-9), separable lean and fat, trimmed to 1/8"" fat, all grades, cooked, roasted",Beef Products,348.6,23.01,28.51,0.0,1.9819557370420493,1 lb,8.99
168683,"Beef, rib, large end (ribs 6-9), separable lean and fat, trimmed to 1/8"" fat, select, cooked, broiled",Beef Products,317.6,21.55,25.71,0.0,1.9819557370420493,1 lb,8.99
168684,"Beef, rib, large end (ribs 6-9), separable lean and fat, trimmed to 1/8"" fat, select, cooked, roasted",Beef Products,326.2,23.4,25.84,0.0,1.9819557370420493,1 lb,8.99
168685,"Beef, rib, large end (ribs 6-9), separable lean and fat, trimmed to 1/8"" fat, prime, raw",Beef Products,362.4,15.77,33.26,0.0,1.9819557370420493,1 lb,8.99
168686,"Beef, rib, large end (ribs 6-9), separable lean and fat, trimmed to 1/8"" fat, prime, cooked, broiled",Beef Products,397.3,20.65,34.97,0.0,1.9819557370420493,1 lb,8.99
168687,"Beef, rib, large end (ribs 6-9), separable lean and fat, trimmed to 1/8"" fat, prime, cooked, roasted",Beef Products,386.1,22.86,32.74,0.0,1.9819557370420493,1 lb,8.99
168688,"Beef, rib, small end (ribs 10-12), separable lean and fat, trimmed to 1/8"" fat, choice, cooked, broiled",Beef Products,296.9,24.53,22.09,0.0,1.9819557370420493,1 lb,8.99
168689,"Beef, rib, small end (ribs 10-12), separable lean and fat, trimmed to 1/8"" fat, choice, cooked, roasted",Beef Products,352.0,22.28,29.21,0.0,1.9819557370420493,1 lb,8.99
168690,"Beef, rib, small end (ribs 10-12), separable lean and fat, trimmed to 1/8"" fat, select, raw",Beef Products,240.2,19.56,18.0,0.0,1.9819557370420493,1 lb,8.99
168691,"Beef, rib, small end (ribs 10-12), separable lean and fat, trimmed to 1/8"" fat, select, cooked, broiled",Beef Products,270.7,27.17,18.0,0.0,1.9819557370420493,1 lb,8.99
168692,"Beef, shoulder top blade steak, boneless, separable lean and fat, trimmed to 0"" fat, select, cooked, grilled",Beef Products,194.4,27.7,9.29,0.0,,,
168693,"Beef, shoulder top blade steak, boneless, separable lean and fat, trimmed to 0"" fat, all grades, raw",Beef Products,145.9,20.16,7.25,0.0,2.86380478578156,1 lb,12.99
168694,"Beef, round, full cut, separable lean and fat, trimmed to 1/8"" fat, choice, raw",Beef Products,189.5,20.56,11.92,0.0,2.643342523596682,1 lb,11.99
168695,"Beef, round, full cut, separable lean and fat, trimmed to 1/8"" fat, choice, cooked, broiled",Beef Products,227.0,27.54,12.98,0.0,2.643342523596682,1 lb,11.99
168696,"Beef, round, bottom round, roast, separable lean and fat, trimmed to 1/8"" fat, all grades, cooked, roasted",Beef Products,210.4,26.41,11.64,0.0,2.643342523596682,1 lb,11.99
168697,"Beef, round, bottom round, steak, separable lean and fat, trimmed to 1/8"" fat, choice, raw",Beef Products,192.2,20.71,12.15,0.0,2.643342523596682,1 lb,11.99
168698,"Beef, round, bottom round, steak, separable lean and fat, trimmed to 1/8"" fat, choice, cooked, braised",Beef Products,244.4,32.85,12.56,0.0,2.643342523596682,1 lb,11.99
168699,"Beef, round, bottom round, roast, separable lean and fat, trimmed to 1/8"" fat, choice, cooked, roasted",Beef Products,216.2,26.05,12.44,0.0,2.643342523596682,1 lb,11.99
168700,"Beef, round, bottom round, steak, separable lean and fat, trimmed to 1/8"" fat, select, raw",Beef Products,181.1,20.68,10.93,0.0,2.643342523596682,1 lb,11.99
168701,"Beef, round, eye of round, roast, separable lean and fat, trimmed to 1/8"" fat, choice, raw",Beef Products,166.9,21.68,8.91,0.0,2.643342523596682,1 lb,11.99
168702,"Beef, round, eye of round, roast, separable lean and fat, trimmed to 1/8"" fat, choice, cooked, roasted",Beef Products,204.4,28.48,10.05,0.0,2.643342523596682,1 lb,11.99
168703,"Beef, round, eye of round, roast, separable lean and fat, trimmed to 1/8"" fat, select, raw",Beef Products,153.6,21.3,7.57,0.08,2.643342523596682,1 lb,11.99
168704,"Beef, round, eye of round, roast, separable lean and fat, trimmed to 1/8"" fat, select, cooked, roasted",Beef Products,195.9,28.13,9.26,0.0,2.643342523596682,1 lb,11.99
168705,"Beef, round, tip round, separable lean and fat, trimmed to 1/8"" fat, select, raw",Beef Products,172.5,19.74,10.39,0.0,2.643342523596682,1 lb,11.99
168706,"Beef, round, tip round, roast, separable lean and fat, trimmed to 1/8"" fat, select, cooked, roasted",Beef Products,202.7,27.63,10.24,0.0,2.643342523596682,1 lb,11.99
168707,"Beef, shoulder top blade steak, boneless, separable lean and fat, trimmed to 0"" fat, choice, raw",Beef Products,151.7,20.07,7.94,0.0,2.86380478578156,1 lb,12.99
168708,"Beef, round, top round, separable lean only, trimmed to 1/8"" fat, choice, cooked, pan-fried",Beef Products,218.8,33.93,8.33,2.03,2.643342523596682,1 lb,11.99
168709,"Beef, round, top round, separable lean and fat, trimmed to 1/8"" fat, choice, cooked, braised",Beef Products,240.8,34.09,11.61,0.0,2.643342523596682,1 lb,11.99
168710,"Beef, round, top round, steak, separable lean and fat, trimmed to 1/8"" fat, choice, cooked, broiled",Beef Products,215.2,30.7,10.27,0.0,2.643342523596682,1 lb,11.99
168711,"Beef, round, top round, separable lean and fat, trimmed to 1/8"" fat, choice, cooked, pan-fried",Beef Products,256.4,32.99,13.83,0.0,2.643342523596682,1 lb,11.99
168712,"Beef, round, top round, steak, separable lean and fat, trimmed to 1/8"" fat, select, raw",Beef Products,157.8,22.18,7.68,0.0,2.643342523596682,1 lb,11.99
168713,"Beef, round, top round, separable lean and fat, trimmed to 1/8"" fat, select, cooked, braised",Beef Products,215.3,34.6,8.54,0.0,2.643342523596682,1 lb,11.99
168714,"Beef, brisket, flat half, boneless, separable lean and fat, trimmed to 0"" fat, all grades, raw",Beef Products,164.9,20.32,9.29,0.0,1.5410312126722943,1 lb,6.99
168715,"Beef, short loin, porterhouse steak, separable lean and fat, trimmed to 1/8"" fat, choice, raw",Beef Products,212.7,20.36,14.58,0.0,2.643342523596682,1 lb,11.99
168716,"Beef, short loin, porterhouse steak, separable lean and fat, trimmed to 1/8"" fat, choice, cooked, grilled",Beef Products,277.4,24.85,19.78,0.0,2.643342523596682,1 lb,11.99
168717,"Beef, short loin, t-bone steak, separable lean and fat, trimmed to 1/8"" fat, choice, raw",Beef Products,222.5,20.0,15.83,0.0,2.643342523596682,1 lb,11.99
168718,"Beef, short loin, top loin, steak, separable lean and fat, trimmed to 1/8"" fat, choice, cooked, grilled",Beef Products,270.7,26.16,18.45,0.0,2.643342523596682,1 lb,11.99
168719,"Beef, loin, top loin, separable lean and fat, trimmed to 1/8"" fat, select, raw",Beef Products,217.7,20.59,15.04,0.0,1.5321168690274276,,9.99
168720,"Beef, loin, top loin, separable lean and fat, trimmed to 1/8"" fat, select, cooked, grilled",Beef Products,242.9,26.72,15.11,0.0,1.5321168690274276,,9.99
168721,"Beef, short loin, top loin, steak, separable lean and fat, trimmed to 1/8"" fat, prime, raw",Beef Products,275.5,19.0,22.17,0.0,2.643342523596682,1 lb,11.99
168722,"Beef, tenderloin, steak, separable lean and fat, trimmed to 1/8"" fat, choice, cooked, broiled",Beef Products,265.7,26.43,17.78,0.0,4.115295560784381,,7.0
168723,"Beef, tenderloin, roast, separable lean and fat, trimmed to 1/8"" fat, choice, cooked, roasted",Beef Products,324.1,23.9,25.39,0.0,4.115295560784381,,7.0
168724,"Beef, tenderloin, steak, separable lean and fat, trimmed to 1/8"" fat, select, raw",Beef Products,243.6,19.37,18.46,0.0,4.115295560784381,,7.0
168725,"Beef, tenderloin, steak, separable lean and fat, trimmed to 1/8"" fat, select, cooked, broiled",Beef Products,254.7,26.48,16.53,0.0,4.115295560784381,,7.0
168726,"Beef, top sirloin, steak, separable lean and fat, trimmed to 1/8"" fat, all grades, raw",Beef Products,195.6,20.3,12.71,0.0,4.404835998453854,,9.99
168727,"Beef, top sirloin, steak, separable lean and fat, trimmed to 1/8"" fat, all grades, cooked, broiled",Beef Products,235.9,26.96,14.23,0.0,4.404835998453854,,9.99
168728,"Beef, top sirloin, steak, separable lean and fat, trimmed to 1/8"" fat, choice, raw",Beef Products,208.2,19.92,14.28,0.0,4.404835998453854,,9.99
168729,"Beef, top sirloin, steak, separable lean and fat, trimmed to 1/8"" fat, choice, cooked, broiled",Beef Products,249.0,26.8,15.75,0.0,4.404835998453854,,9.99
168730,"Beef, chuck, clod roast, separable lean only, trimmed to 0"" fat, select, cooked, roasted",Beef Products,164.7,28.09,5.82,0.0,2.86380478578156,1 lb,12.99
168731,"Beef, shoulder steak, boneless, separable lean only, trimmed to 0"" fat, choice, cooked, grilled",Beef Products,170.4,28.54,6.25,0.0,2.86380478578156,1 lb,12.99
168732,"Beef, shoulder steak, boneless, separable lean only, trimmed to 0"" fat, select, cooked, grilled",Beef Products,161.4,28.71,5.17,0.0,2.86380478578156,1 lb,12.99
168733,"Beef, flank, steak, separable lean and fat, trimmed to 0"" fat, all grades, cooked, broiled",Beef Products,184.7,27.66,8.23,0.0,3.084267047966437,1 lb,13.99
168734,"Beef, bottom sirloin, tri-tip roast, separable lean and fat, trimmed to 0"" fat, all grades, raw",Beef Products,159.5,20.64,8.55,0.0,,,
168735,"Beef, bottom sirloin, tri-tip roast, separable lean and fat, trimmed to 0"" fat, choice, cooked, roasted",Beef Products,213.9,25.66,12.36,0.0,3.525191572336192,1 lb,15.99
168736,"Beef, bottom sirloin, tri-tip roast, separable lean and fat, trimmed to 0"" fat, choice, raw",Beef Products,168.2,20.64,9.51,0.0,3.525191572336192,1 lb,15.99
168737,"Beef, bottom sirloin, tri-tip roast, separable lean and fat, trimmed to 0"" fat, select, cooked, roasted",Beef Products,193.8,26.44,9.78,0.0,3.525191572336192,1 lb,15.99
168738,"Beef, chuck, top blade, separable lean only, trimmed to 0"" fat, choice, cooked, broiled",Beef Products,209.3,26.11,11.65,0.0,2.86380478578156,1 lb,12.99
168739,"Beef, chuck, top blade, separable lean only, trimmed to 0"" fat, select, cooked, broiled",Beef Products,176.6,26.16,8.0,0.0,2.86380478578156,1 lb,12.99
168740,"Beef, round, top round steak, boneless, separable lean and fat, trimmed to 0"" fat, choice, cooked, grilled",Beef Products,162.1,30.12,4.62,0.0,2.643342523596682,1 lb,11.99
168741,"Beef, round, top round steak, boneless, separable lean and fat, trimmed to 0"" fat, select, cooked, grilled",Beef Products,153.4,29.7,3.85,0.0,2.643342523596682,1 lb,11.99
168742,"Beef, chuck eye roast, boneless, America's Beef Roast, separable lean only, trimmed to 0"" fat, select, raw",Beef Products,133.5,20.52,5.71,0.0,2.86380478578156,1 lb,12.99
168743,"Beef, brisket, flat half, boneless, separable lean and fat, trimmed to 0"" fat, choice, raw",Beef Products,169.3,20.15,9.86,0.0,1.5410312126722943,1 lb,6.99
168744,"Beef, plate, inside skirt steak, separable lean only, trimmed to 0"" fat, all grades, cooked, broiled",Beef Products,197.2,26.66,10.06,0.0,5.026539577815209,,3.99
168745,"Beef, plate, outside skirt steak, separable lean only, trimmed to 0"" fat, all grades, cooked, broiled",Beef Products,226.0,24.18,14.37,0.0,5.026539577815209,,3.99
168746,"Alcoholic beverage, beer, regular, all",Beverages,16.0,0.46,0.0,3.55,3.8184063810420796,6 bottles,12.99
168747,"Alcoholic beverage, beer, regular, BUDWEISER",Beverages,13.3,0.36,0.0,2.97,3.8184063810420796,6 bottles,12.99
168748,"Alcoholic beverage, beer, light, BUDWEISER SELECT",Beverages,4.3,0.2,0.0,0.87,3.8184063810420796,6 bottles,12.99
168749,"Alcoholic beverage, beer, light",Beverages,7.5,0.24,0.0,1.64,3.8184063810420796,6 bottles,12.99
168750,"Alcoholic beverage, pina colada, canned",Beverages,181.2,0.6,7.6,27.6,,,
168751,"Beverages, almond milk, sweetened, vanilla flavor, ready-to-drink",Beverages,37.4,0.42,1.04,6.59,0.9012913899715626,,6.49
168752,"Alcoholic beverage, pina colada, prepared-from-recipe",Beverages,109.2,0.42,1.88,22.66,,,
168753,"Alcoholic beverage, tequila sunrise, canned",Beverages,47.3,0.3,0.1,11.3,6.75790321017378,12 cans,22.99
168754,"Candies, milk chocolate, with almonds",Sweets,559.2,9.0,34.4,53.4,1.7169080559108172,,8.99
168755,"Candies, milk chocolate, with rice cereal",Sweets,533.6,7.64,29.37,59.67,1.7169080559108172,,8.99
168756,"Candies, MARS SNACKFOOD US, MILKY WAY Bar",Sweets,455.8,4.01,17.23,71.17,,,
168757,"Candies, HERSHEY'S SKOR Toffee Bar",Sweets,540.8,3.13,30.37,63.73,,,
168758,"Toppings, strawberry",Sweets,266.9,0.2,0.1,66.3,0.9880308729754922,,5.49
168759,"Candies, MOUNDS Candy Bar",Sweets,493.3,4.6,26.6,58.88,4.011153387409429,,1.99
168760,"Candies, MR. GOODBAR Chocolate Bar",Sweets,557.1,10.22,33.21,54.34,2.797866527364446,,3.49
168761,"Candies, NESTLE, 100 GRAND Bar",Sweets,467.8,2.5,19.33,70.97,6.2737260896039455,,2.49
168762,"Candies, NESTLE, CRUNCH Bar and Dessert Topping",Sweets,522.0,5.0,26.0,67.0,6.2737260896039455,,2.49
168763,"Candies, REESE'S Peanut Butter Cups",Sweets,537.2,10.24,30.53,55.36,3.7793530660264727,,1.5
168764,"Candies, REESE'S PIECES Candy",Sweets,512.2,12.46,24.77,59.86,1.3227735731092654,,1.5
168765,"Candies, ROLO Caramels in Milk Chocolate",Sweets,480.5,5.08,20.93,67.95,,,
168766,"Candies, NESTLE, AFTER EIGHT Mints",Sweets,431.9,1.67,11.9,79.53,1.206873412417787,,4.79
168767,"Candies, MARS SNACKFOOD US, 3 MUSKETEERS Bar",Sweets,436.2,2.6,12.75,77.77,,,
168768,"Candies, MARS SNACKFOOD US, TWIX Caramel Cookie Bars",Sweets,502.5,4.91,24.85,64.8,4.034205993084196,,1.99
168769,"Candies, MARS SNACKFOOD US, TWIX Peanut Butter Cookie Bars",Sweets,547.3,9.18,32.67,54.14,4.034205993084196,,1.99
168770,"Candies, WHATCHAMACALLIT Candy Bar",Sweets,498.2,8.04,23.68,63.23,4.463512877466136,,3.29
168771,Chewing gum,Sweets,389.5,0.0,0.3,96.7,,35 ct,5.49
168772,"Egg custards, dry mix",Sweets,416.4,6.9,6.4,82.8,,,
168773,"Egg custards, dry mix, prepared with whole milk",Sweets,122.4,3.99,4.0,17.6,,1 / 2 gal,2.59
168774,"Cocoa, dry powder, unsweetened, HERSHEY'S European Style Cocoa",Sweets,410.0,20.0,10.0,60.0,2.200213376605078,,4.99
168775,"Gelatin desserts, dry mix",Sweets,393.2,7.8,0.0,90.5,1.1757987316526803,,1.0
168776,"Candies, YORK BITES",Sweets,399.6,1.78,7.32,81.64,,,
168777,"Desserts, mousse, chocolate, prepared-from-recipe",Sweets,224.8,4.14,16.0,16.07,2.411192741485017,,4.99
168778,"Puddings, chocolate, ready-to-eat",Sweets,141.8,2.09,4.6,23.01,1.7998765199914109,,1.99
168779,"Puddings, chocolate, dry mix, instant",Sweets,377.9,2.3,1.9,87.9,,4 ct,3.29
168780,"Puddings, chocolate, dry mix, regular, prepared with 2% milk",Sweets,110.7,3.28,2.06,19.76,,4 ct,3.29
168781,"Puddings, coconut cream, dry mix, instant, prepared with 2% milk",Sweets,109.1,2.9,2.3,19.2,1.1945046205653365,,1.49
168782,"Puddings, rice, ready-to-eat",Sweets,105.8,3.23,2.15,18.39,4.135872038588304,6 ct,4.69
168783,"Puddings, rice, dry mix",Sweets,376.5,2.7,0.1,91.2,4.135872038588304,6 ct,4.69
168784,"Puddings, vanilla, dry mix, instant",Sweets,377.0,0.0,0.6,92.9,1.7221993187148088,,2.49
168785,"Puddings, vanilla, dry mix, instant, prepared with whole milk",Sweets,115.7,2.7,2.9,19.7,1.7221993187148088,,2.49
168786,"Puddings, lemon, dry mix, instant, prepared with 2% milk",Sweets,107.2,2.76,1.71,20.2,2.0645642435195595,,1.99
168787,"Egg custards, dry mix, prepared with 2% milk",Sweets,112.4,4.13,2.83,17.61,,1 / 2 gal,2.59
168788,"Puddings, vanilla, dry mix, regular, prepared with 2% milk",Sweets,101.4,2.94,1.73,18.53,1.7221993187148088,,2.49
168789,"Rennin, chocolate, dry mix, prepared with 2% milk",Sweets,85.4,3.24,2.06,13.47,,,
168790,"Rennin, vanilla, dry mix, prepared with 2% milk",Sweets,77.5,3.06,1.77,12.34,,,
168791,"Candies, praline, prepared-from-recipe",Sweets,484.7,3.3,25.9,59.59,2.200213376605078,,4.99
168792,"Desserts, rennin, vanilla, dry mix",Sweets,396.0,0.0,0.0,99.0,,,
168793,"Rennin, vanilla, dry mix, prepared with whole milk",Sweets,88.6,3.03,3.07,12.21,,,
168794,"Desserts, rennin, tablets, unsweetened",Sweets,84.1,1.0,0.1,19.8,,,
168795,"Frostings, chocolate, creamy, ready-to-eat",Sweets,415.6,1.1,17.6,63.2,0.5489510328403452,,2.49
168796,"Flan, caramel custard, dry mix, prepared with whole milk",Sweets,113.5,2.95,3.0,18.68,0.820707514693571,,3.49
168797,"Puddings, vanilla, ready-to-eat, fat free",Sweets,88.7,2.02,0.0,20.16,1.7221993187148088,,2.49
168798,"Puddings, tapioca, ready-to-eat, fat free",Sweets,94.1,1.44,0.35,21.31,,4 ct,3.29
168799,"Puddings, chocolate, ready-to-eat, fat free",Sweets,93.9,1.93,0.3,20.87,,4 ct,3.29
168800,"Frostings, chocolate, creamy, dry mix, prepared with butter",Sweets,409.2,1.11,13.06,71.8,0.5489510328403452,,2.49
168801,"Candies, HEATH BITES",Sweets,542.7,3.94,30.38,63.39,2.244392284831146,,6.49
168802,"Frostings, vanilla, creamy, dry mix",Sweets,420.5,0.3,4.9,93.8,0.5630267003490721,,2.49
168803,"Frostings, white, fluffy, dry mix",Sweets,388.8,2.3,0.0,94.9,0.4828123541848819,,2.19
168804,"Candies, MARS SNACKFOOD US, DOVE Milk Chocolate",Sweets,548.4,5.94,31.72,59.78,4.034205993084196,,1.99
168805,"Candies, MARS SNACKFOOD US, DOVE Dark Chocolate",Sweets,550.4,5.19,32.45,59.4,,,
168806,"Candies, MARS SNACKFOOD US, MILKY WAY Caramels, milk chocolate covered",Sweets,463.6,4.28,19.17,68.49,,,
168807,"Candies, MARS SNACKFOOD US, MILKY WAY Caramels. dark chocolate covered",Sweets,469.3,3.82,20.42,67.56,4.034205993084196,,1.99
168808,"Snacks, GENERAL MILLS, BETTY CROCKER Fruit Roll Ups, berry flavored, with vitamin C",Snacks,372.7,0.1,3.5,85.2,15.728037151636443,8 ct,3.79
168809,"Ice creams, chocolate",Sweets,227.0,3.8,11.0,28.2,,8 ct,9.29
168810,"Ice creams, strawberry",Sweets,198.8,3.2,8.4,27.6,7.043034402599556,,5.99
168811,"Snacks, FARLEY CANDY, FARLEY Fruit Snacks, with vitamins A, C, and E",Snacks,341.2,4.4,0.0,80.9,,,
168812,"Frozen novelties, ice type, italian, restaurant-prepared",Sweets,54.3,0.03,0.02,13.5,,,
168813,"Frozen novelties, ice type, pop",Sweets,79.1,0.0,0.24,19.23,,12 ct,4.29
168814,"Candies, MARS SNACKFOOD US, M&M's Crispy Chocolate Candies",Sweets,480.6,4.28,19.32,72.4,4.034205993084196,,1.99
168815,"Frozen yogurts, vanilla, soft-serve",Sweets,163.2,4.0,5.6,24.2,,1 gallon,7.99
168816,"Fruit butters, apple",Sweets,174.1,0.39,0.3,42.47,1.489646546947665,,5.49
168817,"Candies, fudge, chocolate marshmallow, with nuts, prepared-by-recipe",Sweets,473.7,3.24,21.11,67.69,,14 fo,3.99
168818,"Candies, MARS SNACKFOOD US, SNICKERS Almond bar",Sweets,481.9,5.4,22.4,64.67,,,
168819,"Marmalade, orange",Sweets,266.4,0.3,0.0,66.3,0.8798893841867559,,4.49
168820,Molasses,Sweets,299.8,0.0,0.1,74.73,1.5549938226106699,,5.29
168821,"Pectin, unsweetened, dry mix",Sweets,365.5,0.3,0.3,90.4,,,
168822,"Pie fillings, apple, canned",Sweets,105.7,0.1,0.1,26.1,0.8381765244209821,,4.99
168823,"Candies, MARS SNACKFOOD US, STARBURST Fruit Chews, Tropical fruits",Sweets,407.5,0.41,8.31,82.76,,,
168824,"Pie fillings, canned, cherry",Sweets,114.1,0.37,0.07,28.0,0.6560956922621957,,2.79
168825,"Puddings, banana, dry mix, regular, prepared with whole milk",Sweets,110.7,2.74,2.89,18.44,1.7221993187148088,,2.49
168826,"Puddings, coconut cream, dry mix, instant",Sweets,427.6,0.9,10.0,83.5,1.1945046205653365,,1.49
168827,"Puddings, coconut cream, dry mix, instant, prepared with whole milk",Sweets,119.5,2.9,3.5,19.1,1.1945046205653365,,1.49
168828,"Puddings, coconut cream, dry mix, regular",Sweets,433.6,1.0,11.36,81.84,1.1945046205653365,,1.49
168829,"Puddings, coconut cream, dry mix, regular, prepared with whole milk",Sweets,117.0,3.0,3.8,17.7,1.1945046205653365,,1.49
168830,"Puddings, lemon, dry mix, instant, prepared with whole milk",Sweets,117.3,2.7,2.9,20.1,2.0645642435195595,,1.99
168831,"Puddings, lemon, dry mix, regular",Sweets,372.1,0.1,0.5,91.8,2.0645642435195595,,1.99
168832,"Pudding, lemon, dry mix, regular, prepared with sugar, egg yolk and water",Sweets,109.5,0.65,1.12,24.2,2.0645642435195595,,1.99
168833,"Sugars, brown",Sweets,392.8,0.12,0.0,98.09,0.5570346491204573,,3.79
168834,"Syrups, chocolate, HERSHEY'S Genuine Chocolate Flavored Lite Syrup",Sweets,152.6,1.4,0.97,34.56,0.4100598076638723,,2.79
168835,"Syrups, chocolate, fudge-type",Sweets,350.1,4.6,8.9,62.9,0.4100598076638723,,2.79
168836,"Syrups, corn, dark",Sweets,310.4,0.0,0.0,77.59,0.8796444261176615,,3.99
168837,"Syrups, corn, light",Sweets,309.0,0.0,0.2,76.79,0.8796444261176615,,3.99
168838,"Syrups, table blends, pancake, with 2% maple",Sweets,279.3,0.0,0.1,69.6,,,
168839,"Syrups, table blends, corn, refiner, and sugar",Sweets,335.6,0.0,0.0,83.9,,24 oza,4.79
168840,"Candies, MARS SNACKFOOD US, SKITTLES Wild Berry Bite Size Candies",Sweets,402.0,0.19,4.25,90.76,,,
168841,"Toppings, butterscotch or caramel",Sweets,232.9,1.21,0.0,57.01,,,
168842,"Candies, MARS SNACKFOOD US, SKITTLES Sours Original",Sweets,400.8,0.18,4.0,91.02,,,
168843,"Candies, MARS SNACKFOOD US, SKITTLES Original Bite Size Candies",Sweets,403.2,0.19,4.37,90.78,,,
168844,"Frostings, vanilla, creamy, dry mix, prepared with margarine",Sweets,413.1,0.34,12.74,74.28,0.5630267003490721,,2.49
168845,"Frostings, chocolate, creamy, dry mix, prepared with margarine",Sweets,404.3,1.1,12.87,71.02,0.5489510328403452,,2.49
168846,"Candies, divinity, prepared-from-recipe",Sweets,362.0,1.32,0.06,89.05,,,
168847,"Frozen novelties, ice type, pineapple-coconut",Sweets,119.0,0.0,2.6,23.9,,12 ct,4.29
168848,"Frozen yogurts, chocolate, soft-serve",Sweets,169.6,4.0,6.0,24.9,0.21972738797759467,,2.99
168849,"Snacks, banana chips",Snacks,545.2,2.3,33.6,58.4,,4 ct,6.49
168850,"Snacks, beef sticks, smoked",Snacks,554.0,21.5,49.6,5.4,141.02529987442247,14 ct,19.99
168851,"Snacks, pork skins, barbecue-flavor",Snacks,524.2,57.9,31.8,1.6,2.636728655731136,,2.99
168852,"Frostings, glaze, chocolate, prepared-from-recipe, with butter, NFSMI Recipe No. C-32",Sweets,358.9,1.42,7.17,72.18,,,
168853,"Snack, potato chips, made from dried potatoes, plain",Snacks,557.5,4.62,35.28,55.38,1.5969484591719132,,2.49
168854,"Snacks, potato sticks",Snacks,549.6,6.7,34.4,53.3,1.1375852728739684,,1.29
168855,"Snacks, rice cakes, brown rice, rye",Snacks,386.2,8.1,3.8,79.9,3.0453187149804424,,2.59
168856,"Snacks, sesame sticks, wheat-based, salted",Snacks,559.9,10.9,36.7,46.5,2.1517116789244053,,5.49
168857,"Snacks, corn cakes",Snacks,387.6,8.1,2.4,83.4,,,
168858,"Snacks, tortilla chips, nacho-flavor, reduced fat",Snacks,458.0,8.7,15.2,71.6,1.1718794025471715,,2.99
168859,"Tortilla chips, low fat, baked without fat",Snacks,416.1,11.0,5.7,80.2,0.5399629559974232,,1.99
168860,"Cheese puffs and twists, corn based, baked, low fat",Snacks,432.3,8.5,12.1,72.35,,,
168861,"Snacks, granola bar, fruit-filled, nonfat",Snacks,342.1,5.9,0.9,77.6,,8 ct,3.49
168862,"Snacks, KELLOGG, KELLOGG'S, NUTRI-GRAIN Cereal Bars, fruit",Snacks,365.4,4.22,8.67,67.61,,8 ct,3.59
168863,"Snacks, tortilla chips, low fat, made with olestra, nacho cheese",Snacks,326.4,8.44,3.53,65.22,1.1718794025471715,,2.99
168864,"Snacks, potato chips, made from dried potatoes, fat-free, made with olestra",Snacks,252.6,5.06,0.93,56.0,1.5969484591719132,,2.49
168865,"Snacks, taro chips",Snacks,505.7,2.3,24.9,68.1,,,
168866,"Puddings, banana, dry mix, instant, with added oil",Sweets,395.6,0.0,4.4,89.0,2.0645642435195595,,1.99
168867,"Cornmeal, degermed, enriched, yellow",Cereal Grains and Pasta,362.0,7.11,1.75,79.45,0.14506416851764944,5 lb,3.29
168868,"Cornmeal, yellow, self-rising, bolted, plain, enriched",Cereal Grains and Pasta,344.8,8.28,3.4,70.28,0.5276396808291404,,3.59
168869,"Cornmeal, yellow, self-rising, bolted, with wheat flour added, enriched",Cereal Grains and Pasta,353.0,8.41,2.85,73.43,0.5276396808291404,,3.59
168870,"Cornmeal, yellow, self-rising, degermed, enriched",Cereal Grains and Pasta,348.3,8.41,1.72,74.79,0.5276396808291404,,3.59
168871,"Millet, cooked",Cereal Grains and Pasta,117.7,3.51,1.0,23.67,2.1296654527059173,1.5 lb,14.49
168872,"Oat bran, raw",Cereal Grains and Pasta,397.4,17.3,7.03,66.22,0.5407382079084031,,2.79
168873,"Oat bran, cooked",Cereal Grains and Pasta,66.3,3.21,0.86,11.44,,,
168874,"Quinoa, uncooked",Cereal Grains and Pasta,367.8,14.12,6.07,64.16,0.9457831047731248,,4.29
168875,"Rice, brown, medium-grain, cooked (Includes foods for USDA's Food Distribution Program)",Cereal Grains and Pasta,110.8,2.32,0.83,23.51,0.45100279921249237,,1.79
168876,"Rice, brown, parboiled, dry, UNCLE BEN'S",Cereal Grains and Pasta,369.9,7.6,2.75,78.68,0.45100279921249237,,1.79
168877,"Rice, white, long-grain, regular, raw, enriched",Cereal Grains and Pasta,354.3,7.13,0.66,79.95,1.7556812879450248,2 pk,2.19
168878,"Rice, white, long-grain, regular, enriched, cooked",Cereal Grains and Pasta,126.0,2.69,0.28,28.17,1.7556812879450248,2 pk,2.19
168879,"Rice, white, medium-grain, raw, enriched",Cereal Grains and Pasta,349.0,6.61,0.58,79.34,1.7556812879450248,2 pk,2.19
168880,"Rice, white, medium-grain, enriched, cooked",Cereal Grains and Pasta,125.8,2.38,0.21,28.59,1.7556812879450248,2 pk,2.19
168881,"Rice, white, short-grain, enriched, uncooked",Cereal Grains and Pasta,347.3,6.5,0.52,79.15,1.7556812879450248,2 pk,2.19
168882,"Rice, white, short-grain, enriched, cooked",Cereal Grains and Pasta,126.1,2.36,0.19,28.73,1.7556812879450248,2 pk,2.19
168883,"Rice, white, glutinous, unenriched, uncooked",Cereal Grains and Pasta,358.9,6.81,0.55,81.68,1.7556812879450248,2 pk,2.19
168884,Rye grain,Cereal Grains and Pasta,359.5,10.34,1.63,75.86,0.7342863079170989,,12.49
168885,"Rye flour, dark",Cereal Grains and Pasta,358.1,15.91,2.22,68.63,,,
168886,"Rye flour, medium",Cereal Grains and Pasta,358.9,10.88,1.52,75.43,,,
168887,"Rye flour, light",Cereal Grains and Pasta,358.0,9.82,1.33,76.68,2.202417999226927,,9.99
168888,"Triticale flour, whole-grain",Cereal Grains and Pasta,361.6,13.18,1.81,73.14,0.30820624253445883,5 lb,6.99
168889,"Wheat, hard red spring",Cereal Grains and Pasta,351.0,15.4,1.92,68.03,,,
168890,"Wheat, hard red winter",Cereal Grains and Pasta,349.0,12.61,1.54,71.18,,,
168891,"Wheat, soft red winter",Cereal Grains and Pasta,352.4,10.35,1.56,74.24,,,
168892,"Wheat germ, crude",Cereal Grains and Pasta,387.3,23.15,9.72,51.8,0.5030738858999683,,5.99
168893,"Wheat flour, whole-grain (Includes foods for USDA's Food Distribution Program)",Cereal Grains and Pasta,363.2,13.21,2.5,71.97,,,
168894,"Wheat flour, white, all-purpose, enriched, bleached",Cereal Grains and Pasta,355.4,10.33,0.98,76.31,0.30820624253445883,5 lb,6.99
168895,"Wheat flour, white, all-purpose, self-rising, enriched",Cereal Grains and Pasta,345.2,9.89,0.97,74.22,0.30820624253445883,5 lb,6.99
168896,"Wheat flour, white, bread, enriched",Cereal Grains and Pasta,353.0,11.98,1.66,72.53,0.30820624253445883,5 lb,6.99
168897,"Wild rice, cooked",Cereal Grains and Pasta,104.4,3.99,0.34,21.34,1.701115261762023,,2.99
168898,"Rice flour, brown",Cereal Grains and Pasta,359.9,7.23,2.78,76.48,1.7174010224201963,,7.79
168899,"Pasta, gluten-free, corn, dry",Cereal Grains and Pasta,365.6,7.46,2.08,79.26,0.8789095519103787,,2.99
168900,"Pasta, gluten-free, corn, cooked",Cereal Grains and Pasta,128.7,2.63,0.73,27.91,0.8789095519103787,,2.99
168901,"Pasta, homemade, made with egg, cooked",Cereal Grains and Pasta,130.9,5.28,1.74,23.54,0.659182163932784,,2.99
168902,"Pasta, homemade, made without egg, cooked",Cereal Grains and Pasta,126.8,4.37,0.98,25.12,0.659182163932784,,2.99
168903,"Macaroni, vegetable, enriched, dry",Cereal Grains and Pasta,361.4,13.14,1.04,74.88,4.035341247031999,,4.29
168904,"Macaroni, vegetable, enriched, cooked",Cereal Grains and Pasta,125.6,4.53,0.11,26.61,4.035341247031999,,4.29
168905,"Noodles, chinese, chow mein",Cereal Grains and Pasta,489.2,10.88,21.24,63.64,1.4068086001067952,,3.39
168906,"Noodles, japanese, soba, dry",Cereal Grains and Pasta,362.4,14.38,0.71,74.62,5.532972888662756,5 ct,5.49
168907,"Noodles, japanese, soba, cooked",Cereal Grains and Pasta,106.9,5.06,0.1,21.44,5.532972888662756,5 ct,5.49
168908,"Noodles, japanese, somen, dry",Cereal Grains and Pasta,349.1,11.35,0.81,74.1,,5 pk,5.49
168909,"Noodles, japanese, somen, cooked",Cereal Grains and Pasta,127.8,4.0,0.18,27.54,,5 pk,5.49
168910,"Pasta, whole-wheat, cooked (Includes foods for USDA's Food Distribution Program)",Cereal Grains and Pasta,159.6,5.99,1.71,30.07,0.37258122309244307,,1.69
168911,"Spaghetti, spinach, dry",Cereal Grains and Pasta,366.8,13.35,1.57,74.81,2.4857768479763136,,5.99
168912,"Spaghetti, spinach, cooked",Cereal Grains and Pasta,128.6,4.58,0.63,26.15,2.4857768479763136,,5.99
168913,"Wheat flours, bread, unenriched",Cereal Grains and Pasta,353.0,11.98,1.66,72.53,1.7019686640672549,8 ct,5.79
168914,"Rice noodles, cooked",Cereal Grains and Pasta,105.0,1.79,0.2,24.01,1.4233353067374552,,2.99
168915,"Pasta, whole grain, 51% whole wheat, remaining unenriched semolina, dry",Cereal Grains and Pasta,370.6,13.51,2.68,73.1,0.27557782773109696,,1.25
168916,"Pasta, whole grain, 51% whole wheat, remaining unenriched semolina, cooked",Cereal Grains and Pasta,162.8,5.82,1.5,31.51,0.27557782773109696,,1.25
168917,"Quinoa, cooked",Cereal Grains and Pasta,120.1,4.4,1.92,21.3,2.2813878987534384,,8.99
168918,"Teff, cooked",Cereal Grains and Pasta,100.8,3.87,0.65,19.86,2.348657966476229,,7.99
168919,"Noodles, egg, cooked, enriched, with added salt",Cereal Grains and Pasta,137.4,4.54,2.07,25.16,0.6150897114958084,,2.79
168920,"Corn grain, white",Cereal Grains and Pasta,377.4,9.42,4.74,74.26,0.22899162183662036,,0.99
168921,"Corn flour, whole-grain, blue (harina de maiz morado)",Cereal Grains and Pasta,376.4,8.75,5.09,73.89,,,
168922,"Cornmeal, degermed, enriched, white",Cereal Grains and Pasta,362.0,7.11,1.75,79.45,0.14506416851764944,5 lb,3.29
168923,"Cornmeal, white, self-rising, bolted, plain, enriched",Cereal Grains and Pasta,344.8,8.28,3.4,70.28,0.3690414505073766,,3.69
168924,"Cornmeal, white, self-rising, bolted, with wheat flour added, enriched",Cereal Grains and Pasta,353.0,8.41,2.85,73.43,0.32903695722744414,,3.29
168925,"Cornmeal, white, self-rising, degermed, enriched",Cereal Grains and Pasta,348.3,8.41,1.72,74.79,0.3690414505073766,,3.69
168926,"Noodles, egg, unenriched, cooked, without added salt",Cereal Grains and Pasta,137.4,4.54,2.07,25.16,0.6150897114958084,,2.79
168927,"Pasta, dry, unenriched",Cereal Grains and Pasta,364.4,13.04,1.51,74.67,0.7253208425882472,1 lb,3.29
168928,"Pasta, cooked, unenriched, without added salt",Cereal Grains and Pasta,155.0,5.8,0.93,30.86,1.1539624694934163,,2.29
168929,"Cornmeal, degermed, unenriched, yellow",Cereal Grains and Pasta,362.0,7.11,1.75,79.45,0.14506416851764944,5 lb,3.29
168930,"Rice, white, medium-grain, cooked, unenriched",Cereal Grains and Pasta,125.8,2.38,0.21,28.59,1.7556812879450248,2 pk,2.19
168931,"Rice, white, short-grain, raw, unenriched",Cereal Grains and Pasta,347.3,6.5,0.52,79.15,1.7556812879450248,2 pk,2.19
168932,"Rice, white, short-grain, cooked, unenriched",Cereal Grains and Pasta,126.1,2.36,0.19,28.73,1.7556812879450248,2 pk,2.19
168933,"Semolina, unenriched",Cereal Grains and Pasta,351.5,12.68,1.05,72.83,,,
168934,"Spaghetti, protein-fortified, cooked, enriched (n x 6.25)",Cereal Grains and Pasta,160.8,8.86,0.21,30.88,,,
168935,"Rice, white, long-grain, regular, cooked, unenriched, with salt",Cereal Grains and Pasta,126.0,2.69,0.28,28.17,1.7556812879450248,2 pk,2.19
168936,"Wheat flour, white, all-purpose, enriched, unbleached",Cereal Grains and Pasta,355.4,10.33,0.98,76.31,0.30820624253445883,5 lb,6.99
168937,"Spaghetti, protein-fortified, dry, enriched (n x 6.25)",Cereal Grains and Pasta,369.8,21.78,2.23,65.65,0.7273734222706582,,2.99
168938,"Wheat flour, white (industrial), 10% protein, unbleached, enriched",Cereal Grains and Pasta,357.0,9.71,1.48,76.22,0.30820624253445883,5 lb,6.99
168939,"Wheat flour, white (industrial), 11.5% protein, bleached, enriched",Cereal Grains and Pasta,354.3,11.5,1.45,73.81,0.30820624253445883,5 lb,6.99
168940,"Wheat flour, white (industrial), 11.5% protein, bleached, unenriched",Cereal Grains and Pasta,354.3,11.5,1.45,73.81,0.30820624253445883,5 lb,6.99
168941,"Wheat flour, white (industrial), 11.5% protein, unbleached, enriched",Cereal Grains and Pasta,354.3,11.5,1.45,73.81,0.30820624253445883,5 lb,6.99
168942,"Wheat flour, white (industrial), 13% protein, bleached, enriched",Cereal Grains and Pasta,353.5,13.07,1.38,72.2,0.30820624253445883,5 lb,6.99
168943,"Sorghum flour, whole-grain",Cereal Grains and Pasta,370.3,8.43,3.34,76.64,,,
168944,"Wheat flour, whole-grain, soft wheat",Cereal Grains and Pasta,353.9,9.61,1.95,74.48,0.2861600163159711,5 lb,6.49
168945,"Potatoes, yellow fleshed, hash brown, shredded, salt added in processing, frozen, unprepared",Vegetables and Vegetable Products,80.7,2.04,0.07,17.98,0.5269048066218573,1 lb,2.39
168946,"Potatoes, french fried, wedge cut, frozen, unprepared",Vegetables and Vegetable Products,166.4,2.56,7.47,22.22,0.49493777860505017,,4.49
168947,"Potatoes, french fried, steak cut, salt not added in processing, frozen, unprepared",Vegetables and Vegetable Products,137.6,2.4,3.42,24.31,0.46486042712125614,,3.69
168948,"Potatoes, french fried, cross cut, frozen, unprepared",Vegetables and Vegetable Products,192.6,2.7,10.0,22.95,0.49493777860505017,,4.49
168949,"Rice and vermicelli mix, beef flavor, unprepared","Meals, Entrees, and Side Dishes",358.9,10.84,1.27,76.02,0.8537321225478157,,1.67
168950,"Rice and vermicelli mix, beef flavor, prepared with 80% margarine","Meals, Entrees, and Side Dishes",128.2,2.82,3.2,22.03,0.8537321225478157,,1.67
168951,"Rice and vermicelli mix, rice pilaf flavor, unprepared","Meals, Entrees, and Side Dishes",359.2,10.42,1.37,76.31,,,
168952,"Rice and vermicelli mix, rice pilaf flavor, prepared with 80% margarine","Meals, Entrees, and Side Dishes",147.7,2.94,3.7,25.67,3.563207323840864,,1.99
168953,"Pasta mix, classic cheeseburger macaroni, unprepared","Meals, Entrees, and Side Dishes",349.4,11.6,1.88,71.51,1.0635633981767427,,1.99
168954,"Pasta mix, classic beef, unprepared","Meals, Entrees, and Side Dishes",354.1,12.32,1.78,72.2,5.855477683630349,,2.49
168955,"Pasta mix, Italian lasagna, unprepared","Meals, Entrees, and Side Dishes",356.4,10.9,1.97,73.77,0.7694132950252227,,3.49
168956,"Yellow rice with seasoning, dry packet mix, unprepared","Meals, Entrees, and Side Dishes",342.6,7.02,1.75,74.68,8.437531698339635,4 ct,2.99
168957,"Pizza rolls, frozen, unprepared","Meals, Entrees, and Side Dishes",327.6,8.73,9.98,50.72,42.258206415597336,50 ct,5.99
168958,"Pasta mix, Italian four cheese lasagna, unprepared","Meals, Entrees, and Side Dishes",355.5,12.53,2.7,70.26,,,
168959,"Spanish rice mix, dry mix, unprepared","Meals, Entrees, and Side Dishes",362.9,10.62,1.62,76.45,,,
168960,"Lasagna, cheese, frozen, unprepared","Meals, Entrees, and Side Dishes",144.7,5.06,4.22,21.61,,2 lb 6 oz,9.99
168961,"Chicken, thighs, frozen, breaded, reheated","Meals, Entrees, and Side Dishes",333.6,18.66,22.45,14.23,1.100106688302539,1 lb,4.99
168962,"Turnover, meat- and cheese-filled, tomato-based sauce, reduced fat, frozen","Meals, Entrees, and Side Dishes",215.0,9.45,5.51,31.89,,,
168963,"Turnover, filled with egg, meat and cheese, frozen","Meals, Entrees, and Side Dishes",227.6,7.87,12.6,20.67,1.9240342881589314,4 ct,6.0
168964,"Rice mix, white and wild, flavored, unprepared","Meals, Entrees, and Side Dishes",142.2,3.49,2.57,26.28,,,
168965,"Salisbury steak with gravy, frozen","Meals, Entrees, and Side Dishes",149.3,6.98,10.47,6.78,0.5865929227911705,,4.49
168966,"Infant Formula, MEAD JOHNSON, ENFAMIL, Newborn, with ARA and DHA, powder",Baby Foods,516.2,10.7,27.0,57.6,,,
168967,"Infant Formula, MEAD JOHNSON, ENFAMIL, Premium LIPIL, Infant, powder",Baby Foods,514.2,10.8,27.0,57.0,,,
168968,"Infant Formula, MEAD JOHNSON, ENFAMIL, Premium LIPIL, Infant, Liquid concentrate, not reconstituted",Baby Foods,130.1,2.73,6.83,14.42,,,
168969,"Infant Formula, MEAD JOHNSON, ENFAMIL, Premium, Infant, Liquid concentrate, not reconstituted",Baby Foods,132.1,2.72,7.1,14.34,,,
168970,"Infant formula, MEAD JOHNSON, ENFAMIL, ENFAGROW, GENTLEASE, Toddler transitions, with ARA and DHA, powder",Baby Foods,499.6,12.9,26.0,53.5,,,
168971,"Infant formula, ABBOTT NUTRITION, SIMILAC, GO AND GROW, powder, with ARA and DHA",Baby Foods,519.1,15.36,27.65,52.2,3.9300718449246363,,36.99
168972,"Infant formula, GERBER, GOOD START 2 SOY, with iron, powder",Baby Foods,502.8,12.5,25.6,55.6,6.346491233968508,,22.49
168973,"Infant formula, MEAD JOHNSON, ENFAMIL, NUTRAMIGEN, PurAmino, powder, not reconstituted",Baby Foods,512.3,13.9,26.0,55.68,,,
168974,"Infant formula, MEAD JOHNSON, ENFAMIL, Premature, 20 calories ready-to-feed Low iron",Baby Foods,66.8,1.97,3.34,7.21,,,
168975,"Babyfood, rice cereal, dry, EARTHS BEST ORGANIC WHOLE GRAIN, fortified only with iron",Baby Foods,386.3,7.5,4.9,78.06,1.759288852235323,,3.99
168976,"Agutuk, fish/berry with seal oil (Alaskan ice cream) (Alaska Native)",American Indian/Alaska Native Foods,353.4,3.4,31.8,13.4,,,
168977,"Agutuk, meat-caribou (Alaskan ice cream) (Alaska Native)",American Indian/Alaska Native Foods,257.8,21.7,18.6,0.9,,,
168978,Ascidians (tunughnak) (Alaska Native),American Indian/Alaska Native Foods,19.7,3.8,0.5,0.0,,,
168979,"Whale, beluga, flipper, raw (Alaska Native)",American Indian/Alaska Native Foods,271.3,19.0,21.7,0.0,,1.5 l,18.99
168980,"Whale, beluga, liver, raw (Alaska Native)",American Indian/Alaska Native Foods,116.7,18.4,3.9,2.0,,1.5 l,18.99
168981,"Oil, beluga, whale (Alaska Native)",American Indian/Alaska Native Foods,900.0,0.0,100.0,0.0,,,
168982,"Blackberries, wild, raw (Alaska Native)",American Indian/Alaska Native Foods,52.4,0.84,1.07,9.84,,,
168983,"Caribou, liver, raw (Alaska Native)",American Indian/Alaska Native Foods,122.3,15.0,3.9,6.8,,32 ct,24.99
168984,"Stew/soup, caribou (Alaska Native)",American Indian/Alaska Native Foods,40.7,3.8,0.7,4.8,,,
168985,"Caribou, tongue, raw (Alaska Native)",American Indian/Alaska Native Foods,260.0,13.7,22.8,0.0,,32 ct,24.99
168986,"Chiton, leathery, gumboots (Alaska Native)",American Indian/Alaska Native Foods,82.8,17.1,1.6,0.0,,,
168987,"Fish, devilfish, meat (Alaska Native)",American Indian/Alaska Native Foods,94.5,11.7,5.3,0.0,,1 ct,10.99
168988,"Fireweed, young leaves, raw (Alaska Native)",American Indian/Alaska Native Foods,44.4,3.0,0.8,6.3,,,
168989,"Fish, herring eggs on giant kelp, Pacific (Alaska Native)",American Indian/Alaska Native Foods,62.8,11.3,0.8,2.6,4.404835998453854,2 ct,9.99
168990,"Fish, herring eggs, Pacific, dry (Alaska Native)",American Indian/Alaska Native Foods,312.2,60.4,6.6,2.8,2.1129103207798665,,5.99
168991,"Stew, moose (Alaska Native)",American Indian/Alaska Native Foods,54.9,6.6,0.5,6.0,,,
168992,"Agave, cooked (Southwest)",American Indian/Alaska Native Foods,134.6,0.99,0.29,32.0,1.2374487192041992,,6.49
168993,"Agave, dried (Southwest)",American Indian/Alaska Native Foods,341.0,1.71,0.69,81.98,1.2374487192041992,,6.49
168994,"Cattail, Narrow Leaf Shoots (Northern Plains Indians)",American Indian/Alaska Native Foods,25.3,1.18,0.0,5.14,,,
168995,"Lambsquarters, raw (Northern Plains Indians)",American Indian/Alaska Native Foods,47.2,4.21,0.28,6.96,,,
168996,"Prairie Turnips, boiled (Northern Plains Indians)",American Indian/Alaska Native Foods,129.4,1.64,0.32,29.99,,,
168997,"Raspberries, wild (Northern Plains Indians)",American Indian/Alaska Native Foods,62.4,1.12,0.28,13.85,,,
168998,"Rose Hips, wild (Northern Plains Indians)",American Indian/Alaska Native Foods,162.3,1.6,0.34,38.22,,,
168999,"Chokecherries, raw, pitted (Northern Plains Indians)",American Indian/Alaska Native Foods,161.8,3.04,1.69,33.62,,,
169000,"Sea lion, Steller, liver (Alaska Native)",American Indian/Alaska Native Foods,136.6,22.9,5.0,0.0,,,
169001,"Sea lion, Steller, kidney (Alaska Native)",American Indian/Alaska Native Foods,93.3,18.1,1.7,1.4,,,
169002,"Sea lion, Steller, heart (Alaska Native)",American Indian/Alaska Native Foods,101.7,17.0,3.3,1.0,,,
169003,"Sea lion, Steller, meat (Alaska Native)",American Indian/Alaska Native Foods,120.3,25.85,1.88,0.0,,,
169004,"Piki bread, made from blue cornmeal (Hopi)",American Indian/Alaska Native Foods,389.6,9.06,7.16,72.22,,,
169005,"Wocas, tuber, cooked, Oregon, yellow pond lily (Klamath)",American Indian/Alaska Native Foods,34.2,0.69,0.35,7.06,,2 x 2 in,1.49
169006,"Stew, pinto bean and hominy, badufsuki (Hopi)",American Indian/Alaska Native Foods,32.1,1.42,0.54,5.38,,,
169007,"Tamales, masa and pork filling (Hopi)",American Indian/Alaska Native Foods,168.2,13.19,4.7,18.28,,,
169008,"APPLEBEE'S, Double Crunch Shrimp",Restaurant Foods,323.2,12.31,18.9,25.96,3.131543955301639,,7.99
169009,"APPLEBEE'S, french fries",Restaurant Foods,289.8,3.31,13.17,39.5,,,
169010,"APPLEBEE'S, KRAFT, Macaroni & Cheese, from kid's menu",Restaurant Foods,143.4,5.01,4.34,21.08,,,
169011,"APPLEBEE'S, mozzarella sticks",Restaurant Foods,316.3,14.87,18.37,22.87,1.318364327865568,,2.99
169012,"APPLEBEE'S, chicken tenders, from kids' menu",Restaurant Foods,295.8,19.25,16.15,18.36,2.9740359168739983,,13.49
169013,"T.G.I. FRIDAY'S, chicken fingers, from kids' menu",Restaurant Foods,330.3,18.11,20.78,17.72,2.218340273718057,,8.49
169014,"T.G.I. FRIDAY'S, classic sirloin steak (10 oz)",Restaurant Foods,196.4,31.02,7.83,0.47,,,
169015,"Restaurant, family style, fried mozzarella sticks",Restaurant Foods,324.5,14.75,18.33,25.14,0.5271497646909518,,2.69
169016,"Restaurant, family style, sirloin steak",Restaurant Foods,195.5,29.8,8.48,0.0,0.5271497646909518,,2.69
169017,"APPLEBEE'S, fish, hand battered",Restaurant Foods,201.8,13.23,9.14,16.65,,$0.10 removed at pickup,0.1
169018,"APPLEBEE'S, chili",Restaurant Foods,156.6,12.56,9.79,4.57,,,
169019,"T.G.I. FRIDAY'S, chicken fingers",Restaurant Foods,324.9,18.68,20.31,16.84,2.218340273718057,,8.49
169020,"APPLEBEE'S, coleslaw",Restaurant Foods,119.6,0.79,7.09,13.17,0.6273726089603945,,2.49
169021,"CRACKER BARREL, onion rings, thick-cut",Restaurant Foods,326.9,4.78,16.0,40.95,3.4870830955870917,,5.19
169022,"DENNY'S, chicken strips",Restaurant Foods,295.3,19.17,14.5,22.03,1.0280890159888125,,13.99
169023,"DENNY'S, coleslaw",Restaurant Foods,182.7,0.97,15.03,10.88,0.6273726089603945,,2.49
169024,"DENNY'S, fish fillet, battered or breaded, fried",Restaurant Foods,234.1,13.75,12.16,17.41,1.173839067099926,,5.99
169025,"DENNY'S, hash browns",Restaurant Foods,197.2,2.49,8.99,26.59,0.4691436939294195,,3.99
169026,"Restaurant, family style, coleslaw",Restaurant Foods,158.9,0.88,11.78,12.35,0.5271497646909518,,2.69
169027,"Restaurant, family style, onion rings",Restaurant Foods,356.0,4.89,19.28,40.72,0.5271497646909518,,2.69
169028,"Restaurant, family style, chili with meat and beans",Restaurant Foods,156.6,12.56,9.79,4.57,0.5271497646909518,,2.69
169029,"Restaurant, family style, spaghetti and meatballs",Restaurant Foods,170.1,7.84,8.52,15.51,0.5271497646909518,,2.69
169030,"CARRABBA'S ITALIAN GRILL, lasagne",Restaurant Foods,190.9,10.48,11.06,12.36,,,
169031,"ON THE BORDER, Mexican rice",Restaurant Foods,194.6,3.56,4.86,34.15,,,
169032,"ON THE BORDER, refried beans",Restaurant Foods,144.3,7.3,5.0,17.52,0.22643607832150006,,1.99
169033,"Restaurant, Italian, spaghetti with pomodoro sauce (no meat)",Restaurant Foods,103.7,3.9,1.89,17.77,0.5930434852773206,,2.69
169034,"ON THE BORDER, cheese quesadilla",Restaurant Foods,394.0,16.87,25.5,24.25,1.2310612720403564,,3.49
169035,"Restaurant, Mexican, cheese quesadilla",Restaurant Foods,367.9,15.93,23.08,24.11,1.4308000815798554,,6.49
169036,"CARRABBA'S ITALIAN GRILL, cheese ravioli with marinara sauce",Restaurant Foods,156.3,7.96,6.0,17.62,,,
169037,"OLIVE GARDEN, cheese ravioli with marinara sauce",Restaurant Foods,158.8,7.44,5.61,19.64,0.5129421966834818,,3.49
169038,"Restaurant, Italian, cheese ravioli with marinara sauce",Restaurant Foods,153.6,7.07,5.7,18.5,0.5930434852773206,,2.69
169039,"Cereals ready-to-eat, frosted oat cereal with marshmallows",Breakfast Cereals,397.2,7.1,3.33,84.7,1.4180606179730648,,5.99
169040,"Cereals ready-to-eat, WEETABIX whole grain cereal",Breakfast Cereals,397.5,11.43,2.86,81.5,,,
169041,"Cereals ready-to-eat, POST, GREAT GRAINS, Raisin, Date & Pecan",Breakfast Cereals,392.7,7.9,7.1,74.3,1.1489233320720476,,3.99
169042,"Babyfood, juice, apple-sweet potato",Baby Foods,47.7,0.3,0.1,11.4,3.518577704470646,,3.99
169043,"Babyfood, juice, orange-carrot",Baby Foods,42.5,0.5,0.1,9.9,3.518577704470646,,3.99
169044,"Beverages, Orange juice drink",Beverages,54.4,0.2,0.0,13.41,0.14274931476470823,,2.59
169045,"Gums, seed gums (includes locust bean, guar)",Sweets,332.1,4.6,0.5,77.3,,,
169046,"Snacks, potato chips, white, restructured, baked",Snacks,469.4,5.0,18.2,71.4,1.5969484591719132,,2.49
169047,"Babyfood, baked product, finger snacks cereal fortified",Baby Foods,421.4,6.4,9.9,76.68,,,
169048,"Babyfood, cereal, brown rice, dry, instant",Baby Foods,405.7,8.7,3.0,85.98,2.200213376605078,,4.99
169049,"Babyfood, green beans and turkey, strained",Baby Foods,51.3,4.1,1.5,5.35,1.6666947021176743,2 packs,1.89
169050,"Cheese, muenster, low fat",Dairy and Egg Products,271.2,24.7,17.6,3.5,0.8796444261176615,,3.99
169051,"Cheese, mozzarella, nonfat",Dairy and Egg Products,140.8,31.7,0.0,3.5,1.0979020656806904,,2.49
169052,"Margarine-like, butter-margarine blend, 80% fat, stick, without salt",Fats and Oils,732.3,0.9,80.7,0.6,0.9376994884930127,,3.19
169053,"Margarine-like, vegetable oil-butter spread, reduced calorie, tub, with salt",Fats and Oils,458.0,1.0,50.0,1.0,0.8222752463357745,,10.49
169054,"Babyfood, dinner, chicken and rice",Baby Foods,51.3,1.6,0.9,9.2,21.587664713143212,,4.59
169055,"Salad dressing, caesar dressing, regular",Fats and Oils,542.5,2.17,57.85,3.3,0.8135057474621983,,3.69
169056,"Salad dressing, coleslaw",Fats and Oils,403.8,0.85,34.53,22.4,1.0366625484071132,,5.29
169057,"Salad dressing, green goddess, regular",Fats and Oils,427.0,1.9,43.33,7.36,1.1030586406267093,,3.69
169058,"Jams and preserves, no sugar (with sodium saccharin), any flavor",Sweets,217.6,0.3,0.3,53.42,0.7841673079560568,,2.89
169059,"Candies, chocolate covered, caramel with nuts",Sweets,469.7,9.5,21.0,60.67,1.7068046104635681,,1.5
169060,"Candies, nougat, with almonds",Sweets,397.9,3.33,1.67,92.39,3.3157524232605584,,3.29
169061,"Candies, gum drops, no sugar or low calorie (sorbitol)",Sweets,354.2,0.0,0.2,88.1,0.7054792389916082,,1.5
169062,"Pie fillings, cherry, low calorie",Sweets,52.6,0.82,0.16,11.98,0.754190900731505,,4.49
169063,"Breakfast bars, oats, sugar, raisins, coconut (include granola bar)",Snacks,464.4,9.8,17.6,66.7,,5 ct,4.99
169064,"Pretzels, soft",Snacks,338.3,8.2,3.1,69.39,1.3205689504874167,,5.99
169065,"Beans, chili, barbecue, ranch style, cooked",Legumes and Legume Products,96.6,5.0,1.0,16.9,0.43871990174790637,,1.99
169066,"Luncheon slices, meatless",Legumes and Legume Products,188.9,17.78,11.11,4.44,1.9557452236489585,,4.99
169067,"Meatballs, meatless",Legumes and Legume Products,197.0,21.0,9.0,8.0,2.391070706439415,,9.49
169068,Vegetarian fillets,Legumes and Legume Products,290.0,23.0,18.0,9.0,2.0919904166137293,,5.99
169069,"Sandwich spread, meatless",Legumes and Legume Products,149.0,8.0,9.0,9.0,8.448113886924508,4 ct,4.79
169070,"Alcoholic beverage, wine, cooking",Beverages,27.2,0.5,0.0,6.3,0.8327994566794429,,3.99
169071,"Alcoholic beverage, wine, light",Beverages,5.0,0.07,0.0,1.17,0.8327994566794429,,3.99
169072,"Sweeteners, tabletop, saccharin (sodium saccharin)",Sweets,360.2,0.94,0.0,89.11,,,
169073,"Beverage, instant breakfast powder, chocolate, not reconstituted",Dairy and Egg Products,357.0,19.9,1.4,66.2,17.608985766893714,10 pk,6.29
169074,"Tomato sauce, canned, no salt added",Vegetables and Vegetable Products,28.7,1.2,0.3,5.31,0.37390399666555235,,1.59
169075,"Cereals ready-to-eat, ALPEN",Breakfast Cereals,377.3,11.2,3.3,75.7,0.9512404492960619,,3.29
169076,"Cereals ready-to-eat, FAMILIA",Breakfast Cereals,389.9,9.5,6.3,73.8,,11 ounces,3.99
169077,"Cereals ready-to-eat, wheat and bran, presweetened with nuts and fruits",Breakfast Cereals,383.6,7.1,5.6,76.2,,16.6 ounces,3.99
169078,"Cheese, cottage, with vegetables",Dairy and Egg Products,93.4,10.9,4.2,3.0,0.48354722839216485,,3.29
169079,"Cheese, cream, low fat",Dairy and Egg Products,208.4,7.85,16.67,6.73,,2 ct,5.79
169080,"Cheese, pasteurized process, American, low fat",Dairy and Egg Products,175.4,24.6,7.0,3.5,2.9559580113748387,,4.19
169081,"Cheese spread, cream cheese base",Dairy and Egg Products,299.8,7.1,28.6,3.5,3.0820624253445885,,6.99
169082,"Pork, oriental style, dehydrated",Pork Products,614.4,11.8,62.4,1.4,0.8796444261176615,1 lb,3.99
169083,"Soybean, curd cheese",Legumes and Legume Products,150.5,12.5,8.1,6.9,0.5489510328403452,,2.49
169084,"Potatoes, canned, drained solids, no salt added",Vegetables and Vegetable Products,61.8,1.4,0.2,13.6,0.23280814886723072,,0.99
169085,"Vegetables, mixed (corn, lima beans, peas, green beans, carrots) canned, no salt added",Vegetables and Vegetable Products,36.6,1.4,0.2,7.31,0.7479386376346217,,2.29
169086,"Litchis, raw",Fruits and Fruit Juices,73.4,0.83,0.44,16.53,,,
169087,"Litchis, dried",Fruits and Fruit Juices,308.8,3.8,1.2,70.7,,,
169088,"Loganberries, frozen",Fruits and Fruit Juices,61.0,1.52,0.31,13.02,,,
169089,"Longans, raw",Fruits and Fruit Juices,66.7,1.31,0.1,15.14,,,
169090,"Mangosteen, canned, syrup pack",Fruits and Fruit Juices,78.5,0.41,0.58,17.91,,80 ct,6.99
169091,"Mango, dried, sweetened",Fruits and Fruit Juices,334.7,2.45,1.18,78.58,3.084267047966437,,13.99
169092,"Melons, cantaloupe, raw",Fruits and Fruit Juices,37.7,0.84,0.19,8.16,,1 ct,3.5
169093,"Melons, casaba, raw",Fruits and Fruit Juices,31.7,1.11,0.1,6.58,,1 ct,3.5
169094,"Olives, ripe, canned (small-extra large)",Fruits and Fruit Juices,125.6,0.84,10.9,6.04,1.2207858135593916,,1.99
169095,"Olives, ripe, canned (jumbo-super colossal)",Fruits and Fruit Juices,88.1,0.97,6.87,5.61,1.2207858135593916,,1.99
169096,"Olives, pickled, canned or bottled, green",Fruits and Fruit Juices,157.4,1.03,15.32,3.84,0.4982447125378233,,3.39
169097,"Oranges, raw, all commercial varieties",Fruits and Fruit Juices,51.8,0.94,0.12,11.75,0.9689316423025368,,8.79
169098,"Orange juice, raw (Includes foods for USDA's Food Distribution Program)",Fruits and Fruit Juices,46.2,0.7,0.2,10.4,,,
169099,"Orange juice, canned, unsweetened",Fruits and Fruit Juices,48.1,0.68,0.15,11.01,0.8556455341483934,,8.49
169100,"Orange juice, chilled, includes from concentrate",Fruits and Fruit Juices,50.0,0.68,0.12,11.54,0.29833401716679026,,4.99
169101,"Orange juice, chilled, includes from concentrate, with added calcium and vitamin D",Fruits and Fruit Juices,48.9,0.68,0.12,11.27,0.29833401716679026,,4.99
169102,"Orange juice, frozen concentrate, unsweetened, diluted with 3 volume water",Fruits and Fruit Juices,38.1,0.6,0.06,8.8,0.9670944567843297,,3.29
169103,"Orange peel, raw",Fruits and Fruit Juices,107.8,1.5,0.2,25.0,0.9118972385484121,,3.49
169104,"Orange-grapefruit juice, canned or bottled, unsweetened",Fruits and Fruit Juices,44.4,0.6,0.1,10.28,0.3826458046269701,,4.99
169105,"Tangerines, (mandarin oranges), raw",Fruits and Fruit Juices,59.4,0.81,0.31,13.34,0.8240597919284955,1 jar,5.49
169106,"Tangerines, (mandarin oranges), canned, juice pack",Fruits and Fruit Juices,41.0,0.62,0.03,9.57,0.8240597919284955,1 jar,5.49
169107,"Papaya nectar, canned",Fruits and Fruit Juices,60.1,0.17,0.15,14.51,,,
169108,"Passion-fruit, (granadilla), purple, raw",Fruits and Fruit Juices,108.6,2.2,0.7,23.38,,,
169109,"Passion-fruit juice, purple, raw",Fruits and Fruit Juices,56.4,0.39,0.05,13.6,0.2088879934201715,,3.79
169110,"Passion-fruit juice, yellow, raw",Fruits and Fruit Juices,62.1,0.67,0.18,14.45,3.077653180100891,4 ct,3.49
169111,"Peaches, canned, light syrup pack, solids and liquids",Fruits and Fruit Juices,60.3,0.45,0.03,14.55,0.6222095583237462,,2.69
169112,"Peaches, canned, heavy syrup pack, solids and liquids",Fruits and Fruit Juices,82.5,0.45,0.1,19.94,0.6222095583237462,,2.69
169113,"Peaches, canned, extra heavy syrup pack, solids and liquids",Fruits and Fruit Juices,106.4,0.47,0.03,26.06,0.6222095583237462,,2.69
169114,"Peaches, spiced, canned, heavy syrup pack, solids and liquids",Fruits and Fruit Juices,82.9,0.41,0.1,20.08,2.0384636958231206,,5.49
169115,"Peaches, dried, sulfured, stewed, with added sugar",Fruits and Fruit Juices,112.6,1.06,0.22,26.6,13.0916790207157,,12.99
169116,"Peaches, frozen, sliced, sweetened",Fruits and Fruit Juices,99.6,0.63,0.13,23.98,0.8796444261176615,,3.99
169117,"Peach nectar, canned, with sucralose, without added ascorbic acid",Fruits and Fruit Juices,52.0,0.1,0.57,11.61,0.24660557469175684,,0.79
169118,"Pears, raw",Fruits and Fruit Juices,63.6,0.36,0.14,15.23,0.659182163932784,1 lb,2.99
169119,"Pears, canned, water pack, solids and liquids",Fruits and Fruit Juices,32.3,0.19,0.03,7.81,0.4354509785499927,,1.79
169120,"Pears, canned, extra heavy syrup pack, solids and liquids",Fruits and Fruit Juices,102.9,0.19,0.13,25.25,0.4354509785499927,,1.79
169121,"Pears, dried, sulfured, uncooked",Fruits and Fruit Juices,292.0,1.87,0.63,69.7,0.7907246470364276,,2.69
169122,"Pears, dried, sulfured, stewed, without added sugar",Fruits and Fruit Juices,141.7,0.91,0.31,33.81,0.7907246470364276,,2.69
169123,"Pears, dried, sulfured, stewed, with added sugar",Fruits and Fruit Juices,154.6,0.86,0.29,37.14,0.7907246470364276,,2.69
169124,"Pineapple, raw, all varieties",Fruits and Fruit Juices,55.7,0.54,0.12,13.12,1.7614934748571718,,7.99
169125,"Pineapple, canned, water pack, solids and liquids",Fruits and Fruit Juices,35.7,0.43,0.09,8.3,0.4038868643226957,,2.29
169126,"Pineapple, canned, juice pack, solids and liquids",Fruits and Fruit Juices,65.2,0.42,0.08,15.7,0.4038868643226957,,2.29
169127,"Pineapple, canned, light syrup pack, solids and liquids",Fruits and Fruit Juices,56.3,0.36,0.12,13.45,0.4038868643226957,,2.29
169128,"Pineapple juice, frozen concentrate, unsweetened, diluted with 3 volume water",Fruits and Fruit Juices,52.6,0.4,0.03,12.67,,,
169129,"Pitanga, (surinam-cherry), raw",Fruits and Fruit Juices,36.8,0.8,0.4,7.49,,,
169130,"Plantains, yellow, raw",Fruits and Fruit Juices,135.9,1.3,0.35,31.89,,8-inch pot,7.99
169131,"Plantains, yellow, baked",Fruits and Fruit Juices,173.0,1.52,0.16,41.37,,8-inch pot,7.99
169132,"Plums, canned, purple, heavy syrup pack, solids and liquids",Fruits and Fruit Juices,95.3,0.36,0.1,23.24,0.43966474001441297,,3.49
169133,"Plums, canned, purple, extra heavy syrup pack, solids and liquids",Fruits and Fruit Juices,107.6,0.36,0.1,26.31,0.43966474001441297,,3.49
169134,"Pomegranates, raw",Fruits and Fruit Juices,92.0,1.67,1.17,18.7,,,
169135,"Lima beans, immature seeds, cooked, boiled, drained, without salt",Vegetables and Vegetable Products,124.7,6.81,0.32,23.64,0.4828123541848819,,2.19
169136,"Lima beans, immature seeds, canned, regular pack, solids and liquids",Vegetables and Vegetable Products,72.2,4.07,0.29,13.33,,,
169137,"Mung beans, mature seeds, sprouted, cooked, boiled, drained, without salt",Vegetables and Vegetable Products,25.7,2.03,0.09,4.19,,,
169138,"Mung beans, mature seeds, sprouted, cooked, stir-fried",Vegetables and Vegetable Products,61.4,4.3,0.21,10.59,,,
169139,"Beans, navy, mature seeds, sprouted, raw",Vegetables and Vegetable Products,83.1,6.15,0.7,13.05,0.35053499687395534,,1.59
169140,"Beans, navy, mature seeds, sprouted, cooked, boiled, drained, without salt",Vegetables and Vegetable Products,95.6,7.07,0.81,15.01,0.35053499687395534,,1.59
169141,"Beans, snap, green, cooked, boiled, drained, without salt",Vegetables and Vegetable Products,41.6,1.89,0.28,7.88,1.8915662095462495,,4.29
169142,"Beans, snap, green, canned, regular pack, solids and liquids",Vegetables and Vegetable Products,17.5,0.72,0.17,3.27,1.8915662095462495,,4.29
169143,"Beans, snap, green, canned, regular pack, drained solids",Vegetables and Vegetable Products,24.7,1.05,0.41,4.19,1.8915662095462495,,4.29
169144,"Beans, snap, canned, all styles, seasoned, solids and liquids",Vegetables and Vegetable Products,19.1,0.83,0.2,3.49,1.8915662095462495,,4.29
169145,"Beets, raw",Vegetables and Vegetable Products,46.2,1.61,0.17,9.56,,,
169146,"Beets, cooked, boiled, drained",Vegetables and Vegetable Products,48.2,1.68,0.18,9.96,,1.5 l,16.99
169147,"Beets, canned, regular pack, solids and liquids",Vegetables and Vegetable Products,32.3,0.73,0.09,7.14,0.23280814886723072,,0.99
169148,"Pork, cured, ham -- water added, whole, boneless, separable lean only, heated, roasted",Pork Products,117.8,17.99,4.39,1.57,1.613783759193304,,5.49
169149,"Pork, cured, ham -- water added, whole, boneless, separable lean only, unheated",Pork Products,110.9,17.34,3.97,1.45,1.613783759193304,,5.49
169150,"Pork, cured, ham and water product, shank, bone-in, separable lean only, heated, roasted",Pork Products,131.8,21.69,4.45,1.26,1.613783759193304,,5.49
169151,"Pork, cured, ham -- water added, slice, bone-in, separable lean only, unheated",Pork Products,95.0,17.38,2.29,1.23,1.613783759193304,,5.49
169152,"Pork, cured, ham and water product, rump, bone-in, separable lean only, unheated",Pork Products,107.1,17.93,3.38,1.24,1.613783759193304,,5.49
169153,"Pork, cured, ham and water product, slice, bone-in, separable lean only, unheated",Pork Products,103.2,14.47,3.78,2.82,1.613783759193304,,5.49
169154,"Pork, cured, ham and water product, shank, bone-in, unheated, separable lean only",Pork Products,112.5,17.53,4.18,1.2,1.613783759193304,,5.49
169155,"Pork, cured, ham, separable fat, boneless, heated",Pork Products,507.2,8.77,51.57,2.0,1.613783759193304,,5.49
169156,"Pork, cured, ham, separable fat, boneless, unheated",Pork Products,514.5,7.5,53.0,1.87,1.613783759193304,,5.49
169157,"Pork, pickled pork hocks",Pork Products,171.3,19.11,10.54,0.0,,1 package,3.99
169158,"Pork, cured, ham, slice, bone-in, separable lean only, heated, pan-broil",Pork Products,148.5,27.18,4.09,0.74,1.613783759193304,,5.49
169159,"Pork, cured, ham with natural juices, whole, boneless, separable lean and fat, unheated",Pork Products,112.5,19.38,3.43,1.02,1.613783759193304,,5.49
169160,"Pork, cured, ham and water product, whole, boneless, separable lean and fat, unheated",Pork Products,118.0,14.05,4.99,4.21,1.613783759193304,,5.49
169161,"Pork, cured, ham and water product, slice, bone-in, separable lean and fat, unheated",Pork Products,149.2,13.69,9.29,2.72,1.613783759193304,,5.49
169162,"Pork, cured, ham and water product, shank, bone-in, separable lean and fat, unheated",Pork Products,242.8,14.28,20.0,1.42,1.613783759193304,,5.49
169163,"Pork, cured, ham and water product, rump, bone-in, separable lean and fat, unheated",Pork Products,178.9,16.09,12.13,1.35,1.613783759193304,,5.49
169164,"Pork, cured, ham -- water added, rump, bone-in, separable lean and fat, heated, roasted",Pork Products,161.4,20.1,8.56,0.99,1.613783759193304,,5.49
169165,"Pork, cured, ham -- water added, shank, bone-in, separable lean and fat, heated, roasted",Pork Products,200.2,18.62,13.37,1.35,1.613783759193304,,5.49
169166,"Pork, cured, ham -- water added, slice, bone-in, separable lean and fat, heated, pan-broil",Pork Products,167.9,20.8,8.73,1.54,1.613783759193304,,5.49
169167,"Pork, cured, ham -- water added, slice, boneless, separable lean and fat, heated, pan-broil",Pork Products,126.8,18.62,5.05,1.72,1.613783759193304,,5.49
169168,"Pork, cured, ham and water product, slice, boneless, separable lean and fat, heated, pan-broil",Pork Products,125.3,15.08,5.13,4.69,1.613783759193304,,5.49
169169,"Pork, cured, ham and water product, whole, boneless, separable lean and fat, heated, roasted",Pork Products,123.1,13.88,5.46,4.61,1.613783759193304,,5.49
169170,"Pork, cured, ham with natural juices, rump, bone-in, separable lean and fat, heated, roasted",Pork Products,176.8,22.47,9.39,0.6,1.613783759193304,,5.49
169171,"Pork, cured, ham with natural juices, shank, bone-in, separable lean and fat, heated, roasted",Pork Products,191.2,22.88,10.93,0.33,1.613783759193304,,5.49
169172,"Pork, cured, ham with natural juices, slice, bone-in, separable lean and fat, heated, pan-broil",Pork Products,179.9,26.18,8.28,0.17,1.613783759193304,,5.49
169173,"Pork, cured, ham, rump, bone-in, separable lean only, heated, roasted",Pork Products,134.4,26.02,3.07,0.68,1.613783759193304,,5.49
169174,"Pork, cured, ham, rump, bone-in, separable lean only, unheated",Pork Products,125.4,24.46,2.92,0.32,1.613783759193304,,5.49
169175,"Pork, cured, ham, shank, bone-in, separable lean only, heated, roasted",Pork Products,141.8,26.49,3.68,0.68,1.613783759193304,,5.49
169176,"Pork, cured, ham, shank, bone-in, separable lean only, unheated",Pork Products,124.6,23.79,3.19,0.18,1.613783759193304,,5.49
169177,"Pork, cured, ham, slice, bone-in, separable lean and fat, unheated",Pork Products,173.2,22.45,9.17,0.21,1.613783759193304,,5.49
169178,"Pork, fresh, spareribs, separable lean and fat, cooked, roasted",Pork Products,361.3,20.89,30.86,0.0,,1 package,3.99
169179,"Pork, fresh, composite of separable fat, with added solution, raw",Pork Products,508.0,9.27,52.33,0.0,,1 package,3.99
169180,"Pork, fresh, loin, tenderloin, separable lean only, with added solution, cooked, roasted",Pork Products,116.0,21.61,3.15,0.31,,1 package,3.99
169181,"Pork, fresh, loin, top loin (chops), boneless, separable lean only, with added solution, raw",Pork Products,116.6,21.09,3.48,0.22,,1 package,3.99
169182,"Pork, fresh, loin, top loin (chops), boneless, separable lean and fat, with added solution, raw",Pork Products,170.1,19.45,10.26,0.0,,1 package,3.99
169183,"Pork, fresh, loin, top loin (chops), boneless, separable lean and fat, with added solution, cooked, broiled",Pork Products,198.2,28.33,9.42,0.02,,1 package,3.99
169184,"Pork, fresh, loin, tenderloin, separable lean and fat, with added solution, raw",Pork Products,108.9,20.16,3.14,0.0,,1 package,3.99
169185,"Pork, fresh, loin, tenderloin, separable lean and fat, with added solution, cooked, roasted",Pork Products,120.5,21.5,3.7,0.31,,1 package,3.99
169186,"Pork, Leg Cap Steak, boneless, separable lean and fat, raw",Pork Products,117.1,21.64,3.39,0.0,0.659182163932784,1 lb,2.99
169187,"Pork, Shoulder breast, boneless, separable lean and fat, raw",Pork Products,120.8,22.54,3.4,0.0,0.659182163932784,1 lb,2.99
169188,"Pork, Shoulder breast, boneless, separable lean and fat, cooked, broiled",Pork Products,154.3,28.47,4.49,0.0,,,
169189,"Pork, shoulder, petite tender, boneless, separable lean and fat, cooked, broiled",Pork Products,148.0,27.47,4.23,0.0,2.86380478578156,1 lb,12.99
169190,"Pork, ground, 96% lean / 4% fat, raw",Pork Products,121.2,21.1,4.0,0.21,0.8796444261176615,1 lb,3.99
169191,"Pork, ground, 72% lean / 28% fat, cooked, crumbles",Pork Products,393.2,22.83,32.93,1.39,0.8796444261176615,1 lb,3.99
169192,"Pork, ground, 84% lean / 16% fat, cooked, crumbles",Pork Products,289.4,26.69,20.04,0.58,0.8796444261176615,1 lb,3.99
169193,"Pork, ground, 96% lean / 4% fat, cooked, crumbles",Pork Products,186.6,30.55,7.15,0.0,0.8796444261176615,1 lb,3.99
169194,"Pork, fresh, loin, blade (chops or roasts), boneless, separable lean only, raw",Pork Products,122.7,21.35,3.78,0.82,,1 package,3.99
169195,"Pork, fresh, loin, blade (roasts), boneless, separable lean only, cooked, roasted",Pork Products,174.6,27.58,7.14,0.0,,1 package,3.99
169196,"Pork, fresh, loin, blade (chops), boneless, separable lean only, boneless, cooked, broiled",Pork Products,168.8,26.14,6.74,0.89,,1 package,3.99
169197,"Pork, fresh, loin, country-style ribs, separable lean only, boneless, cooked, broiled",Pork Products,216.2,27.83,11.65,0.0,,1 package,3.99
169198,"Pork, fresh, loin, blade (roasts), boneless, separable lean and fat, cooked, roasted",Pork Products,198.8,26.48,10.32,0.0,,1 package,3.99
169199,"Pork, fresh, loin, country-style ribs, separable lean and fat, boneless, cooked, broiled",Pork Products,246.7,26.28,15.73,0.0,,1 package,3.99
169200,"Pork, fresh, loin, country-style ribs, separable lean and fat, bone-in, cooked, broiled",Pork Products,260.4,25.58,17.56,0.0,,1 package,3.99
169201,"Pork, fresh, loin, country-style ribs, separable lean and fat, boneless, cooked, roasted",Pork Products,270.4,26.4,18.31,0.0,,1 package,3.99
169202,"Amaranth leaves, cooked, boiled, drained, without salt",Vegetables and Vegetable Products,26.5,2.11,0.18,4.11,,,
169203,"Arrowhead, raw",Vegetables and Vegetable Products,104.8,5.33,0.29,20.23,1.040581877512622,,6.49
169204,"Arrowhead, cooked, boiled, drained, without salt",Vegetables and Vegetable Products,83.4,4.49,0.1,16.14,,,
169205,"Artichokes, (globe or french), raw",Vegetables and Vegetable Products,56.5,3.27,0.15,10.51,,,
169206,"Asparagus, canned, regular pack, solids and liquids",Vegetables and Vegetable Products,18.7,1.8,0.18,2.48,0.4841047191701036,,1.99
169207,"Asparagus, canned, drained solids",Vegetables and Vegetable Products,24.2,2.14,0.65,2.46,0.4841047191701036,,1.99
169208,"Asparagus, frozen, unprepared",Vegetables and Vegetable Products,31.4,3.23,0.23,4.1,1.9797511144202007,,4.49
169209,"Asparagus, frozen, cooked, boiled, drained, without salt",Vegetables and Vegetable Products,23.3,2.95,0.42,1.92,1.9797511144202007,,4.49
169210,"Bamboo shoots, raw",Vegetables and Vegetable Products,33.9,2.6,0.3,5.2,0.7451624461848861,,1.69
169211,"Bamboo shoots, cooked, boiled, drained, without salt",Vegetables and Vegetable Products,15.8,1.53,0.22,1.92,0.7451624461848861,,1.69
169212,"Bamboo shoots, canned, drained solids",Vegetables and Vegetable Products,23.4,1.72,0.4,3.22,0.7451624461848861,,1.69
169213,"Beans, kidney, mature seeds, sprouted, raw",Vegetables and Vegetable Products,37.7,4.2,0.5,4.1,0.2275739480618091,,1.0
169214,"Corn, sweet, yellow, canned, whole kernel, drained solids",Vegetables and Vegetable Products,77.5,2.29,1.22,14.34,0.5608559949983285,,1.59
169215,"Corn, sweet, yellow, canned, cream style, regular pack",Vegetables and Vegetable Products,83.3,1.74,0.42,18.13,0.2058611549844365,,0.89
169216,"Corn, sweet, yellow, canned, vacuum pack, regular pack",Vegetables and Vegetable Products,91.9,2.41,0.5,19.44,0.5608559949983285,,1.59
169217,"Corn, yellow, whole kernel, frozen, microwaved",Vegetables and Vegetable Products,130.7,3.62,1.42,25.87,,30 ct,2.49
169218,"Corn with red and green peppers, canned, solids and liquids",Vegetables and Vegetable Products,87.0,2.33,0.55,18.17,0.5759486246193786,,2.49
169219,"Cornsalad, raw",Vegetables and Vegetable Products,26.0,2.0,0.4,3.6,1.8220825862231538,,7.49
169220,"Cowpeas (blackeyes), immature seeds, raw",Vegetables and Vegetable Products,90.3,2.95,0.35,18.83,,,
169221,"Cowpeas, young pods with seeds, cooked, boiled, drained, without salt",Vegetables and Vegetable Products,41.1,2.6,0.3,7.0,,,
169222,"Yardlong bean, raw",Vegetables and Vegetable Products,48.2,2.8,0.4,8.35,,,
169223,"Yardlong bean, cooked, boiled, drained, without salt",Vegetables and Vegetable Products,47.7,2.53,0.1,9.18,,,
169224,"Cowpeas, leafy tips, raw",Vegetables and Vegetable Products,37.9,4.1,0.25,4.82,,,
169225,"Cucumber, peeled, raw",Vegetables and Vegetable Products,12.4,0.59,0.16,2.16,,1 ct,1.99
169226,"Dandelion greens, raw",Vegetables and Vegetable Products,53.9,2.7,0.7,9.2,0.5489510328403452,,2.49
169227,"Dandelion greens, cooked, boiled, drained, without salt",Vegetables and Vegetable Products,39.0,2.0,0.6,6.4,0.5489510328403452,,2.49
169228,"Eggplant, raw",Vegetables and Vegetable Products,29.1,0.98,0.18,5.88,,,
169229,"Eggplant, cooked, boiled, drained, without salt",Vegetables and Vegetable Products,40.3,0.83,0.23,8.73,,,
169230,"Garlic, raw",Vegetables and Vegetable Products,162.2,6.36,0.5,33.06,,1 each,0.99
169231,"Ginger root, raw",Vegetables and Vegetable Products,85.1,1.82,0.75,17.77,0.5489510328403452,1 lb,2.49
169232,"Gourd, white-flowered (calabash), raw",Vegetables and Vegetable Products,16.2,0.62,0.02,3.39,,,
169233,"Gourd, white-flowered (calabash), cooked, boiled, drained, without salt",Vegetables and Vegetable Products,17.3,0.6,0.02,3.69,,,
169234,"Hyacinth-beans, immature seeds, raw",Vegetables and Vegetable Products,47.0,2.1,0.2,9.19,,,
169235,"Hyacinth-beans, immature seeds, cooked, boiled, drained, without salt",Vegetables and Vegetable Products,51.0,2.95,0.27,9.2,,,
169236,"Jerusalem-artichokes, raw",Vegetables and Vegetable Products,77.9,2.0,0.01,17.44,0.7079288196825513,,2.89
169237,"Jew's ear, (pepeao), raw",Vegetables and Vegetable Products,29.3,0.48,0.04,6.75,,,
169238,"Kale, cooked, boiled, drained, without salt",Vegetables and Vegetable Products,43.8,2.94,1.21,5.3,2.86380478578156,,12.99
169239,"Kale, frozen, unprepared",Vegetables and Vegetable Products,34.3,2.66,0.46,4.88,2.4857768479763136,,5.99
169240,"Kale, frozen, cooked, boiled, drained, without salt",Vegetables and Vegetable Products,43.8,2.94,1.21,5.3,2.4857768479763136,,5.99
169241,"Kanpyo, (dried gourd strips)",Vegetables and Vegetable Products,299.5,8.58,0.56,65.03,,,
169242,"Mushrooms, shiitake, raw",Vegetables and Vegetable Products,40.5,2.24,0.49,6.79,4.225820641559733,,5.99
169243,"Mushrooms, portabella, grilled",Vegetables and Vegetable Products,36.1,3.28,0.58,4.44,2.939496829131701,,5.0
169244,"Lambsquarters, raw",Vegetables and Vegetable Products,53.2,4.2,0.8,7.3,0.8809671996907708,2.5 lb,9.99
169245,"Lambsquarters, cooked, boiled, drained, without salt",Vegetables and Vegetable Products,39.1,3.2,0.7,5.0,,,
169246,"Leeks, (bulb and lower leaf-portion), raw",Vegetables and Vegetable Products,65.3,1.5,0.3,14.15,,,
169247,"Lettuce, cos or romaine, raw",Vegetables and Vegetable Products,20.8,1.23,0.3,3.29,,,
169248,"Lettuce, iceberg (includes crisphead types), raw",Vegetables and Vegetable Products,16.7,0.9,0.14,2.97,,1 ct,1.99
169249,"Lettuce, green leaf, raw",Vegetables and Vegetable Products,18.3,1.36,0.15,2.87,,1 ct,3.29
169250,"Lotus root, raw",Vegetables and Vegetable Products,80.2,2.6,0.1,17.23,,,
169251,"Mushrooms, white, raw",Vegetables and Vegetable Products,28.5,3.09,0.34,3.26,0.7348742072829253,,5.0
169252,"Mushrooms, white, cooked, boiled, drained, without salt",Vegetables and Vegetable Products,34.1,2.17,0.47,5.29,0.7348742072829253,,5.0
169253,"Mushrooms, white, stir-fried",Vegetables and Vegetable Products,33.4,3.58,0.33,4.04,0.7348742072829253,,5.0
169254,"Mushrooms, canned, drained solids",Vegetables and Vegetable Products,30.4,1.87,0.29,5.09,1.1419945181176658,,2.59
169255,"Mushrooms, portabella, raw",Vegetables and Vegetable Products,27.1,2.11,0.35,3.87,2.939496829131701,,5.0
169256,"Mustard greens, raw",Vegetables and Vegetable Products,33.9,2.86,0.42,4.67,,1 ct,1.49
169257,"Mustard greens, cooked, boiled, drained, without salt",Vegetables and Vegetable Products,32.5,2.56,0.47,4.51,0.39062646751572383,,2.99
169258,"Mustard greens, frozen, unprepared",Vegetables and Vegetable Products,26.0,2.49,0.27,3.41,,1 ct,1.49
169259,"Mustard greens, frozen, cooked, boiled, drained, without salt",Vegetables and Vegetable Products,23.8,2.27,0.25,3.11,,1 ct,1.49
169260,"Okra, raw",Vegetables and Vegetable Products,39.2,1.93,0.19,7.45,8.912554385927317,,3.79
169261,"Okra, cooked, boiled, drained, without salt",Vegetables and Vegetable Products,27.4,1.87,0.21,4.51,0.5261699324145745,,1.79
169262,"Okra, frozen, unprepared",Vegetables and Vegetable Products,35.5,1.69,0.25,6.63,1.2572647866314732,,4.99
169263,"Okra, frozen, cooked, boiled, drained, without salt",Vegetables and Vegetable Products,34.3,1.63,0.24,6.41,1.2572647866314732,,4.99
169264,"Potatoes, french fried, all types, salt added in processing, frozen, home-prepared, oven heated",Vegetables and Vegetable Products,162.5,2.75,5.48,25.55,0.49493777860505017,,4.49
169265,"Potatoes, french fried, cottage-cut, salt not added in processing, frozen, as purchased",Vegetables and Vegetable Products,157.6,2.42,5.78,23.98,0.49493777860505017,,4.49
169266,"Potatoes, french fried, cottage-cut, salt not added in processing, frozen, oven-heated",Vegetables and Vegetable Products,223.7,3.44,8.2,34.03,0.46486042712125614,,3.69
169267,"Potatoes, frozen, french fried, par fried, extruded, unprepared",Vegetables and Vegetable Products,266.5,2.83,14.95,30.15,1.1832810872177428,,3.69
169268,"Potatoes, frozen, french fried, par fried, extruded, prepared, heated in oven, without salt",Vegetables and Vegetable Products,341.3,3.55,18.71,39.68,1.1832810872177428,,3.69
169269,"Potato salad, home-prepared",Vegetables and Vegetable Products,129.2,2.68,8.2,11.17,,,
169270,"Pumpkin flowers, raw",Vegetables and Vegetable Products,17.9,1.03,0.07,3.28,1.7597787683735118,,4.49
169271,"Pumpkin flowers, cooked, boiled, drained, without salt",Vegetables and Vegetable Products,18.3,1.09,0.08,3.3,0.546138238460745,,4.49
169272,"Pumpkin leaves, raw",Vegetables and Vegetable Products,25.5,3.15,0.4,2.33,1.7597787683735118,,4.49
169273,"Pumpkin pie mix, canned",Vegetables and Vegetable Products,111.1,1.09,0.13,26.39,0.6560956922621957,,2.79
169274,"Purslane, raw",Vegetables and Vegetable Products,24.9,2.03,0.36,3.39,,,
169275,"Purslane, cooked, boiled, drained, without salt",Vegetables and Vegetable Products,21.9,1.49,0.19,3.55,,,
169276,"Radishes, raw",Vegetables and Vegetable Products,17.2,0.68,0.1,3.4,,1 bunch,2.29
169277,"Salsify, (vegetable oyster), raw",Vegetables and Vegetable Products,89.4,3.3,0.2,18.6,,,
169278,"Salsify, cooked, boiled, drained, without salt",Vegetables and Vegetable Products,73.9,2.73,0.17,15.36,,,
169279,"Sauerkraut, canned, solids and liquids",Vegetables and Vegetable Products,22.0,0.91,0.14,4.28,0.3381434973097709,,1.39
169280,"Seaweed, agar, raw",Vegetables and Vegetable Products,29.4,0.54,0.03,6.75,,,
169281,"Sesbania flower, cooked, steamed, without salt",Vegetables and Vegetable Products,25.9,1.14,0.05,5.23,,,
169282,"Soybeans, green, raw",Vegetables and Vegetable Products,157.2,12.95,6.8,11.05,,,
169283,"Soybeans, green, cooked, boiled, drained, without salt",Vegetables and Vegetable Products,151.2,12.35,6.4,11.05,,,
169284,"Soybeans, mature seeds, sprouted, raw",Vegetables and Vegetable Products,150.9,13.09,6.7,9.57,0.8783216525445523,,2.49
169285,"Spinach, canned, regular pack, solids and liquids",Vegetables and Vegetable Products,23.4,2.11,0.37,2.92,0.4677066065907329,,1.79
169286,"Spinach, canned, regular pack, drained solids",Vegetables and Vegetable Products,29.3,2.81,0.5,3.4,0.4677066065907329,,1.79
169287,"Spinach, frozen, chopped or leaf, unprepared (Includes foods for USDA's Food Distribution Program)",Vegetables and Vegetable Products,36.5,3.63,0.57,4.21,0.43798502754062346,,1.49
169288,"Spinach, frozen, chopped or leaf, cooked, boiled, drained, without salt",Vegetables and Vegetable Products,43.1,4.01,0.87,4.8,0.43798502754062346,,1.49
169289,"Squash, summer, scallop, raw",Vegetables and Vegetable Products,22.0,1.2,0.2,3.84,0.5048585804033696,1 lb,2.29
169290,"Squash, summer, scallop, cooked, boiled, drained, without salt",Vegetables and Vegetable Products,18.8,1.03,0.17,3.3,0.5048585804033696,1 lb,2.29
169291,"Squash, summer, zucchini, includes skin, raw",Vegetables and Vegetable Products,20.2,1.21,0.32,3.11,0.5048585804033696,1 lb,2.29
169292,"Squash, summer, zucchini, includes skin, cooked, boiled, drained, without salt",Vegetables and Vegetable Products,18.6,1.14,0.36,2.69,0.5048585804033696,1 lb,2.29
169293,"Squash, winter, acorn, cooked, baked, without salt",Vegetables and Vegetable Products,64.1,1.12,0.14,14.58,,,
169294,"Squash, winter, acorn, cooked, boiled, mashed, without salt",Vegetables and Vegetable Products,38.6,0.67,0.08,8.79,0.3284887706554676,1 lb,1.49
169295,"Squash, winter, butternut, raw",Vegetables and Vegetable Products,51.7,1.0,0.1,11.69,0.3284887706554676,1 lb,1.49
169296,"Squash, winter, butternut, cooked, baked, without salt",Vegetables and Vegetable Products,46.4,0.9,0.09,10.49,,,
169297,"Squash, winter, hubbard, cooked, boiled, mashed, without salt",Vegetables and Vegetable Products,35.1,1.48,0.37,6.46,0.3284887706554676,1 lb,1.49
169298,"Squash, winter, spaghetti, raw",Vegetables and Vegetable Products,35.3,0.64,0.57,6.91,,,
169299,"Squash, winter, spaghetti, cooked, boiled, drained, or baked, without salt",Vegetables and Vegetable Products,30.8,0.66,0.26,6.46,0.3284887706554676,1 lb,1.49
169300,"Succotash, (corn and limas), raw",Vegetables and Vegetable Products,107.7,5.03,1.02,19.59,,,
169301,"Water convolvulus,raw",Vegetables and Vegetable Products,24.7,2.6,0.2,3.13,,,
169302,"Water convolvulus, cooked, boiled, drained, without salt",Vegetables and Vegetable Products,25.3,2.08,0.24,3.7,,,
169303,"Sweet potato leaves, raw",Vegetables and Vegetable Products,49.8,2.49,0.51,8.82,,,
169304,"Sweet potato leaves, cooked, steamed, without salt",Vegetables and Vegetable Products,41.3,2.18,0.34,7.38,0.4828123541848819,1 lb,2.19
169305,"Sweet potato, canned, mashed",Vegetables and Vegetable Products,102.5,1.98,0.2,23.19,0.5930434852773206,,2.69
169306,"Sweet potato, frozen, unprepared (Includes foods for USDA's Food Distribution Program)",Vegetables and Vegetable Products,97.3,1.71,0.18,22.22,1.0564551603899333,,5.99
169307,"Sweet potato, frozen, cooked, baked, without salt",Vegetables and Vegetable Products,101.5,1.71,0.12,23.4,1.0564551603899333,,5.99
169308,"Taro, raw",Vegetables and Vegetable Products,113.6,1.5,0.2,26.46,,2 ct,6.49
169309,"Taro shoots, cooked, without salt",Vegetables and Vegetable Products,16.4,0.73,0.08,3.2,,,
169310,"Taro, tahitian, raw",Vegetables and Vegetable Products,47.5,2.79,0.97,6.91,,,
169311,"Artichokes, (globe or french), cooked, boiled, drained, with salt",Vegetables and Vegetable Products,60.2,2.89,0.34,11.39,1.169919737994417,,1.99
169312,"Artichokes, (globe or french), frozen, cooked, boiled, drained, with salt",Vegetables and Vegetable Products,53.7,3.11,0.5,9.18,1.169919737994417,,1.99
169313,"Asparagus, cooked, boiled, drained, with salt",Vegetables and Vegetable Products,28.0,2.4,0.22,4.11,0.8796444261176615,1 lb,3.99
169314,"Asparagus, canned, no salt added, solids and liquids",Vegetables and Vegetable Products,18.7,1.8,0.18,2.48,0.4841047191701036,,1.99
169315,"Beans, kidney, mature seeds, sprouted, cooked, boiled, drained, with salt",Vegetables and Vegetable Products,43.4,4.83,0.58,4.72,0.2275739480618091,,1.0
169316,"Lima beans, immature seeds, cooked, boiled, drained, with salt",Vegetables and Vegetable Products,124.7,6.81,0.32,23.64,0.4828123541848819,,2.19
169317,"Lima beans, immature seeds, canned, no salt added, solids and liquids",Vegetables and Vegetable Products,72.2,4.07,0.29,13.33,,,
169318,"Lima beans, immature seeds, frozen, baby, cooked, boiled, drained, with salt",Vegetables and Vegetable Products,107.1,6.65,0.3,19.45,0.4828123541848819,,2.19
169319,"Beans, pinto, mature seeds, sprouted, cooked, boiled, drained, with salt",Vegetables and Vegetable Products,24.3,1.86,0.32,3.5,0.39462744931093086,,1.79
169320,"Beans, snap, yellow, raw",Vegetables and Vegetable Products,36.9,1.82,0.12,7.13,1.8915662095462495,,4.29
169321,"Beans, snap, green, cooked, boiled, drained, with salt",Vegetables and Vegetable Products,41.6,1.89,0.28,7.88,1.8915662095462495,,4.29
169322,"Beans, snap, yellow, cooked, boiled, drained, without salt",Vegetables and Vegetable Products,41.6,1.89,0.28,7.88,1.8915662095462495,,4.29
169323,"Beans, snap, yellow, cooked, boiled, drained, with salt",Vegetables and Vegetable Products,41.6,1.89,0.28,7.88,1.8915662095462495,,4.29
169324,"Beans, snap, yellow, frozen, all styles, unprepared",Vegetables and Vegetable Products,39.4,1.8,0.21,7.58,1.8915662095462495,,4.29
169325,"Beans, snap, green, frozen, cooked, boiled, drained, with salt",Vegetables and Vegetable Products,33.3,1.49,0.17,6.45,1.8915662095462495,,4.29
169326,"Beans, snap, yellow, frozen, cooked, boiled, drained, without salt",Vegetables and Vegetable Products,33.3,1.49,0.17,6.45,1.8915662095462495,,4.29
169327,"Beans, snap, yellow, frozen, cooked, boiled, drained, with salt",Vegetables and Vegetable Products,33.3,1.49,0.17,6.45,1.8915662095462495,,4.29
169328,"Broadbeans, immature seeds, cooked, boiled, drained, with salt",Vegetables and Vegetable Products,64.1,4.8,0.5,10.1,,,
169329,"Broccoli, leaves, raw",Vegetables and Vegetable Products,35.3,2.98,0.35,5.06,,10.8 oz (306g),2.29
169330,"Broccoli, flower clusters, raw",Vegetables and Vegetable Products,35.3,2.98,0.35,5.06,,,
169331,"Broccoli, stalks, raw",Vegetables and Vegetable Products,36.0,2.98,0.35,5.24,1.3012172630289665,,2.49
169332,"Brussels sprouts, frozen, cooked, boiled, drained, with salt",Vegetables and Vegetable Products,51.4,3.64,0.39,8.32,0.7479386376346217,,2.29
169333,"Burdock root, cooked, boiled, drained, with salt",Vegetables and Vegetable Products,94.2,2.09,0.14,21.15,,,
169334,"Butterbur, cooked, boiled, drained, with salt",Vegetables and Vegetable Products,9.7,0.23,0.02,2.16,0.3157019594487447,,1.79
169335,"Cabbage, common (danish, domestic, and pointed types), freshly harvest, raw",Vegetables and Vegetable Products,27.9,1.21,0.18,5.37,,,
169336,"Cabbage, common (danish, domestic, and pointed types), stored, raw",Vegetables and Vegetable Products,27.9,1.21,0.18,5.37,0.2843963182184921,1 lb,1.29
169337,"Cabbage, chinese (pe-tsai), cooked, boiled, drained, with salt",Vegetables and Vegetable Products,17.2,1.5,0.17,2.41,0.2843963182184921,1 lb,1.29
169338,"Cardoon, cooked, boiled, drained, with salt",Vegetables and Vegetable Products,23.0,0.76,0.11,4.74,,,
169339,"Carrots, cooked, boiled, drained, with salt",Vegetables and Vegetable Products,37.5,0.76,0.18,8.22,0.9523969726386711,2 ct,1.89
169340,"Carrots, canned, no salt added, solids and liquids",Vegetables and Vegetable Products,25.1,0.59,0.14,5.36,0.9523969726386711,2 ct,1.89
169341,"Celeriac, cooked, boiled, drained, with salt",Vegetables and Vegetable Products,29.2,0.96,0.19,5.9,,,
169342,"Celery, cooked, boiled, drained, with salt",Vegetables and Vegetable Products,20.8,0.83,0.16,4.0,,,
169343,"Chard, swiss, cooked, boiled, drained, with salt",Vegetables and Vegetable Products,24.8,1.88,0.08,4.13,,1 ct,2.49
169344,"Chayote, fruit, cooked, boiled, drained, with salt",Vegetables and Vegetable Products,24.8,0.62,0.48,4.5,0.39462744931093086,1 lb,1.79
169345,"Corn, sweet, yellow, canned, no salt added, solids and liquids (Includes foods for USDA's Food Distribution Program)",Vegetables and Vegetable Products,70.2,1.95,0.77,13.86,0.2058611549844365,,0.89
169346,"Corn, sweet, yellow, canned, cream style, no salt added",Vegetables and Vegetable Products,83.3,1.74,0.42,18.13,0.2058611549844365,,0.89
169347,"Corn, sweet, yellow, canned, vacuum pack, no salt added",Vegetables and Vegetable Products,91.9,2.41,0.5,19.44,0.5608559949983285,,1.59
169348,"Corn, sweet, yellow, frozen, kernels, cut off cob, boiled, drained, with salt",Vegetables and Vegetable Products,91.1,2.55,0.67,18.71,0.2058611549844365,,0.89
169349,"Corn, sweet, yellow, frozen, kernels on cob, cooked, boiled, drained, with salt",Vegetables and Vegetable Products,108.4,3.11,0.74,22.33,0.2058611549844365,,0.89
169350,"Cress, garden, cooked, boiled, drained, with salt",Vegetables and Vegetable Products,28.2,1.9,0.6,3.8,0.9898755572101003,,4.49
169351,"Dandelion greens, cooked, boiled, drained, with salt",Vegetables and Vegetable Products,39.0,2.0,0.6,6.4,0.5489510328403452,,2.49
169352,"Eggplant, cooked, boiled, drained, with salt",Vegetables and Vegetable Products,38.0,0.83,0.23,8.14,,1 each,1.29
169353,"Gourd, white-flowered (calabash), cooked, boiled, drained, with salt",Vegetables and Vegetable Products,15.0,0.6,0.02,3.1,,,
169354,"Jute, potherb, cooked, boiled, drained, with salt",Vegetables and Vegetable Products,45.7,3.68,0.2,7.29,,,
169355,"Kale, cooked, boiled, drained, with salt",Vegetables and Vegetable Products,43.8,2.94,1.21,5.3,2.86380478578156,,12.99
169356,"Kale, frozen, cooked, boiled, drained, with salt",Vegetables and Vegetable Products,43.8,2.94,1.21,5.3,2.4857768479763136,,5.99
169357,"Kohlrabi, cooked, boiled, drained, with salt",Vegetables and Vegetable Products,35.0,1.8,0.11,6.69,,,
169358,"Yambean (jicama), cooked, boiled, drained, with salt",Vegetables and Vegetable Products,36.6,0.72,0.09,8.23,,,
169359,"Yardlong bean, cooked, boiled, drained, with salt",Vegetables and Vegetable Products,47.7,2.53,0.1,9.17,,,
169360,"Corn, sweet, white, canned, whole kernel, no salt added, solids and liquids",Vegetables and Vegetable Products,73.9,1.95,0.5,15.41,0.5608559949983285,,1.59
169361,"Corn, sweet, white, canned, whole kernel, drained solids",Vegetables and Vegetable Products,77.5,2.29,1.22,14.34,0.2058611549844365,,0.89
169362,"Corn, sweet, white, canned, cream style, regular pack",Vegetables and Vegetable Products,85.2,1.74,0.42,18.62,0.2058611549844365,,0.89
169363,"Corn, sweet, white, canned, cream style, no salt added",Vegetables and Vegetable Products,83.3,1.74,0.42,18.13,0.2058611549844365,,0.89
169364,"Corn, sweet, white, frozen, kernels cut off cob, boiled, drained, with salt",Vegetables and Vegetable Products,93.1,2.75,0.43,19.56,0.5608559949983285,,1.59
169365,"Corn, sweet, white, frozen, kernels on cob, unprepared",Vegetables and Vegetable Products,114.1,3.28,0.78,23.5,0.5608559949983285,,1.59
169366,"Corn, sweet, white, frozen, kernels on cob, cooked, boiled, drained, without salt",Vegetables and Vegetable Products,108.4,3.11,0.74,22.33,0.2058611549844365,,0.89
169367,"Corn, sweet, white, frozen, kernels on cob, cooked, boiled, drained, with salt",Vegetables and Vegetable Products,108.4,3.11,0.74,22.33,0.2058611549844365,,0.89
169368,"Sesbania flower, cooked, steamed, with salt",Vegetables and Vegetable Products,25.4,1.14,0.05,5.1,,,
169369,"Soybeans, mature seeds, sprouted, cooked, steamed, with salt",Vegetables and Vegetable Products,100.1,8.47,4.45,6.53,0.8783216525445523,,2.49
169370,"Soybeans, mature seeds, sprouted, cooked, stir-fried, with salt",Vegetables and Vegetable Products,153.9,13.1,7.1,9.4,0.8783216525445523,,2.49
169371,"Dock, cooked, boiled, drained, with salt",Vegetables and Vegetable Products,24.8,1.83,0.64,2.93,,,
169372,"Potatoes, mashed, dehydrated, prepared from flakes without milk, whole milk and margarine added",Vegetables and Vegetable Products,118.1,1.9,5.6,15.02,1.3227735731092654,,1.5
169373,"Peppers, sweet, red, freeze-dried",Vegetables and Vegetable Products,373.4,17.9,3.0,68.7,1.100106688302539,,4.99
169374,"Beans, snap, yellow, canned, regular pack, drained solids",Vegetables and Vegetable Products,23.5,1.15,0.1,4.5,1.8915662095462495,,4.29
169375,"Beans, snap, yellow, canned, no salt added, drained solids",Vegetables and Vegetable Products,23.5,1.15,0.1,4.5,1.8915662095462495,,4.29
169376,"Mushroom, white, exposed to ultraviolet light, raw",Vegetables and Vegetable Products,28.5,3.09,0.34,3.26,0.7348742072829253,,5.0
169377,"Mushrooms, portabella, exposed to ultraviolet light, grilled",Vegetables and Vegetable Products,36.1,3.28,0.58,4.44,2.939496829131701,,5.0
169378,"Pickles, cucumber, sweet (includes bread and butter pickles)",Vegetables and Vegetable Products,90.6,0.58,0.41,21.15,,,
169379,"Pickles, cucumber, sour",Vegetables and Vegetable Products,12.2,0.33,0.2,2.26,,,
169380,"Pickles, cucumber, sweet, low sodium (includes bread and butter pickles)",Vegetables and Vegetable Products,138.7,0.37,0.26,33.73,0.7694132950252227,,3.49
169381,"Catsup, low sodium",Vegetables and Vegetable Products,114.7,1.04,0.1,27.4,0.45042136027925767,,2.49
169382,"Mushrooms, enoki, raw",Vegetables and Vegetable Products,44.5,2.66,0.29,7.81,1.318364327865568,,2.99
169383,"Peppers, sweet, yellow, raw",Vegetables and Vegetable Products,31.2,1.0,0.21,6.32,1.100106688302539,,4.99
169384,"Tomatoes, sun-dried, packed in oil, drained",Vegetables and Vegetable Products,240.3,5.06,14.08,23.33,2.4206756387899557,,5.49
169385,"Fennel, bulb, raw",Vegetables and Vegetable Products,36.0,1.24,0.2,7.3,17.566433050891046,,2.49
169386,"Pickle relish, hamburger",Vegetables and Vegetable Products,145.3,0.63,0.54,34.48,,24 oza,3.79
169387,"Arugula, raw",Vegetables and Vegetable Products,30.9,2.58,0.66,3.65,,,
169388,"Nopales, cooked, without salt",Vegetables and Vegetable Products,19.0,1.35,0.05,3.28,1.173447134189375,,4.99
169389,"Cauliflower, green, raw",Vegetables and Vegetable Products,38.9,2.95,0.3,6.09,0.7010699937479107,,1.59
169390,"Cauliflower, green, cooked, no salt added",Vegetables and Vegetable Products,40.1,3.04,0.31,6.28,0.7010699937479107,,1.59
169391,"Cauliflower, green, cooked, with salt",Vegetables and Vegetable Products,40.1,3.04,0.31,6.28,0.7010699937479107,,1.59
169392,"Broccoli, chinese, cooked",Vegetables and Vegetable Products,26.3,1.14,0.72,3.81,0.7010699937479107,,1.59
169393,"Grape leaves, canned",Vegetables and Vegetable Products,81.6,4.27,1.97,11.71,0.4166736755294186,,1.89
169394,"Pepper, banana, raw",Vegetables and Vegetable Products,32.1,1.66,0.45,5.35,,12 oza,2.29
169395,"Peppers, serrano, raw",Vegetables and Vegetable Products,37.7,1.74,0.44,6.7,0.8796444261176615,1 lb,3.99
169396,"Peppers, ancho, dried",Vegetables and Vegetable Products,326.9,11.86,8.2,51.42,1.0091420418619093,,3.29
169397,"Pickles, chowchow, with cauliflower onion mustard, sweet",Vegetables and Vegetable Products,120.7,1.5,0.9,26.64,1.100106688302539,,4.99
169398,"Epazote, raw",Vegetables and Vegetable Products,35.8,0.33,0.52,7.44,,,
169399,"Fireweed, leaves, raw",Vegetables and Vegetable Products,120.5,4.71,2.75,19.22,,,
169400,"Malabar spinach, cooked",Vegetables and Vegetable Products,29.8,2.98,0.78,2.71,0.43798502754062346,,1.49
169401,"Yautia (tannier), raw",Vegetables and Vegetable Products,104.0,1.46,0.4,23.63,,,
169402,"Mushrooms, white, microwaved",Vegetables and Vegetable Products,43.9,3.91,0.46,6.04,0.7348742072829253,,5.0
169403,"Mushrooms, maitake, raw",Vegetables and Vegetable Products,37.3,1.94,0.19,6.97,4.52514540438903,,4.49
169404,"Broccoli, chinese, raw",Vegetables and Vegetable Products,30.3,1.2,0.76,4.67,0.7010699937479107,,1.59
169405,"Fiddlehead ferns, raw",Vegetables and Vegetable Products,44.0,4.55,0.4,5.54,,,
169406,"Seeds, sesame butter, tahini, from unroasted kernels (non-chemically removed seed coat)",Nut and Seed Products,651.3,17.95,56.44,17.89,4.6937885367575,,4.99
169407,"Seeds, watermelon seed kernels, dried",Nut and Seed Products,600.9,28.33,47.37,15.31,,,
169408,"Nuts, chestnuts, japanese, dried",Nut and Seed Products,357.9,5.25,1.24,81.43,2.2226020684735617,,6.49
169409,"Nuts, coconut milk, frozen (liquid expressed from grated meat and water)",Nut and Seed Products,216.0,1.61,20.8,5.58,0.9682342616772582,,2.69
169410,"Seeds, sesame butter, tahini, from raw and stone ground kernels",Nut and Seed Products,608.0,17.81,48.0,26.19,4.6937885367575,,4.99
169411,"Nuts, formulated, wheat-based, all flavors except macadamia, without salt",Nut and Seed Products,696.3,13.11,62.3,20.79,,48 ct,15.99
169412,"Seeds, sesame seed kernels, dried (decorticated)",Nut and Seed Products,679.6,20.45,61.21,11.73,4.6937885367575,,4.99
169413,"Nuts, chestnuts, japanese, raw",Nut and Seed Products,153.4,2.25,0.53,34.91,2.2226020684735617,,6.49
169414,"Seeds, flaxseed",Nut and Seed Products,568.1,18.29,42.16,28.88,1.2408134850499462,,2.99
169415,"Seeds, pumpkin and squash seed kernels, roasted, with salt added",Nut and Seed Products,619.6,29.84,49.05,14.71,1.8220825862231538,,7.49
169416,"Seeds, sesame seed kernels, toasted, with salt added (decorticated)",Nut and Seed Products,604.0,16.96,48.0,26.04,,,
169417,"Seeds, sunflower seed kernels from shell, dry roasted, with salt added",Nut and Seed Products,586.8,19.33,49.8,15.31,1.3370511291364764,,1.99
169418,"Seeds, sunflower seed kernels, dry roasted, with salt added",Nut and Seed Products,621.8,19.33,49.8,24.07,,,
169419,"Nuts, almonds, oil roasted, with salt added",Nut and Seed Products,652.2,21.23,55.17,17.68,1.321671261798341,,11.99
169420,"Nuts, almonds, oil roasted, with salt added, smoke flavor",Nut and Seed Products,660.2,21.43,55.89,17.86,1.321671261798341,,11.99
169421,"Nuts, cashew nuts, dry roasted, with salt added",Nut and Seed Products,609.2,15.31,46.35,32.69,1.762595786168096,,15.99
169422,"Nuts, cashew nuts, oil roasted, with salt added",Nut and Seed Products,617.9,16.84,47.77,30.16,1.762595786168096,,15.99
169423,"Nuts, mixed nuts, oil roasted, without peanuts, with salt added",Nut and Seed Products,656.7,15.52,56.17,22.27,2.092186868134488,,9.49
169424,"Nuts, pecans, dry roasted, with salt added",Nut and Seed Products,760.6,9.5,74.27,13.55,2.348657966476229,,7.99
169425,"Nuts, pecans, oil roasted, with salt added",Nut and Seed Products,765.9,9.2,75.23,13.01,2.348657966476229,,7.99
169426,"Nuts, pistachio nuts, dry roasted, with salt added",Nut and Seed Products,606.8,21.05,45.82,27.55,3.521517201299778,,5.99
169427,"Nuts, mixed nuts, oil roasted, with peanuts, lightly salted",Nut and Seed Products,649.9,20.04,53.95,21.05,2.092186868134488,,9.49
169428,"Nuts, mixed nuts, oil roasted, without peanuts, lightly salted",Nut and Seed Products,621.4,17.86,50.0,25.0,2.092186868134488,,9.49
169429,"Beef, grass-fed, strip steaks, lean only, raw",Beef Products,116.5,23.07,2.69,0.0,4.404835998453854,,9.99
169430,"Beef, carcass, separable lean and fat, choice, raw",Beef Products,285.7,17.32,24.05,0.0,,,
169431,"Beef, carcass, separable lean and fat, select, raw",Beef Products,272.9,17.48,22.55,0.0,,,
169432,"Beef, brisket, flat half, separable lean and fat, trimmed to 1/8"" fat, select, cooked, braised",Beef Products,272.2,28.97,17.37,0.0,1.5410312126722943,1 lb,6.99
169433,"Beef, flank, steak, separable lean and fat, trimmed to 0"" fat, choice, raw",Beef Products,159.5,21.22,8.29,0.0,3.084267047966437,1 lb,13.99
169434,"Beef, flank, steak, separable lean and fat, trimmed to 0"" fat, choice, cooked, braised",Beef Products,255.9,26.98,16.44,0.0,3.084267047966437,1 lb,13.99
169435,"Beef, flank, steak, separable lean and fat, trimmed to 0"" fat, choice, cooked, broiled",Beef Products,194.0,27.55,9.31,0.0,3.084267047966437,1 lb,13.99
169436,"Beef, rib, eye, small end (ribs 10-12), separable lean and fat, trimmed to 0"" fat, choice, cooked, broiled",Beef Products,257.2,26.58,16.76,0.0,1.9819557370420493,1 lb,8.99
169437,"Beef, rib, eye, small end (ribs 10-12), separable lean only, trimmed to 0"" fat, choice, raw",Beef Products,155.2,20.13,8.3,0.0,1.9819557370420493,1 lb,8.99
169438,"Beef, rib, eye, small end (ribs 10-12), separable lean only, trimmed to 0"" fat, choice, cooked, broiled",Beef Products,196.6,28.88,9.01,0.0,1.9819557370420493,1 lb,8.99
169439,"Beef, rib, shortribs, separable lean and fat, choice, raw",Beef Products,385.3,14.4,36.23,0.4,1.9819557370420493,1 lb,8.99
169440,"Beef, brisket, flat half, separable lean and fat, trimmed to 0"" fat, choice, cooked, braised",Beef Products,212.0,32.21,9.24,0.0,1.5410312126722943,1 lb,6.99
169441,"Beef, shank crosscuts, separable lean only, trimmed to 1/4"" fat, choice, raw",Beef Products,121.6,21.75,3.85,0.0,,0.8 - 3.8 lbs,
169442,"Beef, shank crosscuts, separable lean only, trimmed to 1/4"" fat, choice, cooked, simmered",Beef Products,192.0,33.68,6.36,0.0,,0.8 - 3.8 lbs,
169443,"Beef, short loin, porterhouse steak, separable lean only, trimmed to 1/8"" fat, choice, raw",Beef Products,155.0,22.13,7.39,0.0,,,
169444,"Beef, chuck, under blade pot roast, boneless, separable lean only, trimmed to 0"" fat, all grades, cooked, braised",Beef Products,216.3,30.54,10.46,0.0,2.86380478578156,1 lb,12.99
169445,"Beef, chuck, under blade pot roast or steak, boneless, separable lean only, trimmed to 0"" fat, all grades, raw",Beef Products,140.4,21.13,6.07,0.31,2.86380478578156,1 lb,12.99
169446,"Beef, chuck, under blade pot roast or steak, boneless, separable lean only, trimmed to 0"" fat, choice, raw",Beef Products,144.9,21.19,6.51,0.39,2.86380478578156,1 lb,12.99
169447,"Beef, ground, patties, frozen, cooked, broiled",Beef Products,288.7,23.05,21.83,0.0,2.092186868134488,1 lb,9.49
169448,"Beef, variety meats and by-products, heart, cooked, simmered",Beef Products,157.1,28.48,4.73,0.15,,,
169449,"Beef, variety meats and by-products, kidneys, raw",Beef Products,98.6,17.4,3.09,0.29,,,
169450,"Beef, variety meats and by-products, kidneys, cooked, simmered",Beef Products,150.9,27.27,4.65,0.0,,,
169451,"Beef, variety meats and by-products, liver, raw",Beef Products,129.7,20.36,3.63,3.89,,,
169452,"Beef, variety meats and by-products, pancreas, raw",Beef Products,230.2,15.7,18.6,0.0,,,
169453,"Beef, variety meats and by-products, pancreas, cooked, braised",Beef Products,263.2,27.1,17.2,0.0,,,
169454,"Beef, variety meats and by-products, spleen, raw",Beef Products,100.2,18.3,3.0,0.0,,,
169455,"Beef, loin, top loin steak, boneless, lip off, separable lean only, trimmed to 0"" fat, choice, cooked, grilled",Beef Products,202.6,29.22,9.52,0.0,1.5321168690274276,,9.99
169456,"Beef, loin, top loin steak, boneless, lip off, separable lean only, trimmed to 0"" fat, select, cooked, grilled",Beef Products,180.6,29.99,6.74,0.0,1.5321168690274276,,9.99
169457,"Beef, top sirloin, steak, separable lean and fat, trimmed to 0"" fat, all grades, cooked, broiled",Beef Products,204.4,29.33,9.67,0.0,4.404835998453854,,9.99
169458,"Beef, top sirloin, steak, separable lean and fat, trimmed to 0"" fat, choice, cooked, broiled",Beef Products,210.9,29.02,10.54,0.0,4.404835998453854,,9.99
169459,"Beef, short loin, porterhouse steak, separable lean and fat, trimmed to 0"" fat, all grades, cooked, broiled",Beef Products,269.3,23.96,19.27,0.0,,,
169460,"Beef, short loin, porterhouse steak, separable lean and fat, trimmed to 0"" fat, USDA choice, cooked, broiled",Beef Products,275.8,23.61,20.15,0.0,2.643342523596682,1 lb,11.99
169461,"Beef, short loin, porterhouse steak, separable lean and fat, trimmed to 0"" fat, USDA select, cooked, broiled",Beef Products,259.7,24.47,17.98,0.0,,,
169462,"Beef, short loin, porterhouse steak, separable lean only, trimmed to 1/8"" fat, all grades, raw",Beef Products,148.7,22.32,6.6,0.0,,,
169463,"Beef, short loin, porterhouse steak, separable lean only, trimmed to 0"" fat, select, cooked, broiled",Beef Products,186.9,26.89,8.81,0.0,2.643342523596682,1 lb,11.99
169464,"Beef, short loin, t-bone steak, separable lean and fat, trimmed to 0"" fat, all grades, cooked, broiled",Beef Products,240.1,24.18,15.93,0.0,2.643342523596682,1 lb,11.99
169465,"Beef, short loin, t-bone steak, separable lean and fat, trimmed to 0"" fat, USDA choice, cooked, broiled",Beef Products,251.5,24.05,17.26,0.0,,,
169466,"Beef, short loin, t-bone steak, separable lean and fat, trimmed to 0"" fat, USDA select, cooked, broiled",Beef Products,223.5,24.38,14.0,0.0,,,
169467,"Beef, short loin, t-bone steak, bone-in, separable lean only, trimmed to 1/8"" fat, select, cooked, grilled",Beef Products,198.0,28.45,9.35,0.0,2.643342523596682,1 lb,11.99
169468,"Beef, short loin, t-bone steak, separable lean only, trimmed to 0"" fat, select, cooked, broiled",Beef Products,170.2,26.0,7.36,0.0,2.643342523596682,1 lb,11.99
169469,"Beef, brisket, flat half, separable lean only, trimmed to 0"" fat, select, cooked, braised",Beef Products,188.9,33.9,5.92,0.0,1.5410312126722943,1 lb,6.99
169470,"Beef, round, tip round, roast, separable lean and fat, trimmed to 0"" fat, all grades, raw",Beef Products,145.0,20.48,7.01,0.0,2.643342523596682,1 lb,11.99
169471,"Beef, round, top round steak, boneless, separable lean only, trimmed to 0"" fat, choice, cooked, grilled",Beef Products,158.0,30.24,4.11,0.0,2.643342523596682,1 lb,11.99
169472,"Beef, round, top round steak, boneless, separable lean only, trimmed to 0"" fat, select, cooked, grilled",Beef Products,149.6,29.81,3.37,0.0,2.643342523596682,1 lb,11.99
169473,"Beef, ground, 70% lean meat / 30% fat, crumbles, cooked, pan-browned",Beef Products,263.0,25.56,17.86,0.0,2.092186868134488,1 lb,9.49
169474,"Beef, ground, 70% lean meat / 30% fat, loaf, cooked, baked",Beef Products,233.8,23.87,15.37,0.0,2.092186868134488,1 lb,9.49
169475,"Beef, shoulder top blade steak, boneless, separable lean only, trimmed to 0"" fat, choice, cooked, grilled",Beef Products,201.6,28.28,9.83,0.0,,,
169476,"Beef, shoulder top blade steak, boneless, separable lean only, trimmed to 0"" fat, select, cooked, grilled",Beef Products,186.9,27.96,8.34,0.0,2.86380478578156,1 lb,12.99
169477,"Beef, shoulder top blade steak, boneless, separable lean only, trimmed to 0"" fat, all grades, raw",Beef Products,139.2,20.36,6.42,0.0,,,
169478,"Beef, shoulder top blade steak, boneless, separable lean only, trimmed to 0"" fat, choice, raw",Beef Products,143.3,20.35,6.88,0.0,2.86380478578156,1 lb,12.99
169479,"Beef, shoulder top blade steak, boneless, separable lean and fat, trimmed to 0"" fat, all grades, cooked, grilled",Beef Products,210.0,27.59,11.07,0.0,2.86380478578156,1 lb,12.99
169480,"Beef, shoulder pot roast or steak, boneless, separable lean only, trimmed to 0"" fat, all grades, raw",Beef Products,123.4,21.64,4.09,0.0,2.643342523596682,1 lb,11.99
169481,"Beef, shoulder pot roast or steak, boneless, separable lean only, trimmed to 0"" fat, choice, raw",Beef Products,125.4,21.45,4.35,0.11,2.643342523596682,1 lb,11.99
169482,"Beef, shoulder pot roast or steak, boneless, separable lean only, trimmed to 0"" fat, select, raw",Beef Products,121.0,21.93,3.7,0.0,2.643342523596682,1 lb,11.99
169483,"Beef, composite of trimmed retail cuts, separable lean and fat, trimmed to 1/8"" fat, all grades, raw",Beef Products,209.8,20.01,14.42,0.0,,,
169484,"Beef, composite of trimmed retail cuts, separable lean and fat, trimmed to 1/8"" fat, all grades, cooked",Beef Products,253.8,26.11,16.59,0.0,,,
169485,"Beef, composite of trimmed retail cuts, separable lean and fat, trimmed to 1/8"" fat, choice, raw",Beef Products,217.9,19.79,15.42,0.0,,,
169486,"Beef, composite of trimmed retail cuts, separable lean and fat, trimmed to 1/8"" fat, choice, cooked",Beef Products,262.5,25.85,17.68,0.0,,,
169487,"Beef, composite of trimmed retail cuts, separable lean and fat, trimmed to 1/8"" fat, select, raw",Beef Products,187.8,19.06,12.4,0.0,,,
169488,"Beef, brisket, flat half, separable lean and fat, trimmed to 1/8"" fat, all grades, cooked, braised",Beef Products,281.1,28.82,18.42,0.0,1.5410312126722943,1 lb,6.99
169489,"Beef, brisket, point half, separable lean and fat, trimmed to 1/8"" fat, all grades, raw",Beef Products,261.8,17.65,20.98,0.59,1.5410312126722943,1 lb,6.99
169490,"Beef, brisket, point half, separable lean and fat, trimmed to 1/8"" fat, all grades, cooked, braised",Beef Products,342.1,24.4,27.17,0.0,1.5410312126722943,1 lb,6.99
169491,"Beef, chuck, arm pot roast, separable lean and fat, trimmed to 1/8"" fat, all grades, raw",Beef Products,238.7,19.23,17.98,0.0,2.86380478578156,1 lb,12.99
169492,"Beef, chuck, arm pot roast, separable lean and fat, trimmed to 1/8"" fat, select, cooked, braised",Beef Products,286.7,30.05,18.5,0.0,2.86380478578156,1 lb,12.99
169493,"Beef, chuck, blade roast, separable lean and fat, trimmed to 1/8"" fat, all grades, raw",Beef Products,243.3,17.16,19.41,0.0,2.86380478578156,1 lb,12.99
169494,"Beef, chuck, blade roast, separable lean and fat, trimmed to 1/8"" fat, all grades, cooked, braised",Beef Products,333.2,26.78,25.12,0.0,2.86380478578156,1 lb,12.99
169495,"Beef, chuck, blade roast, separable lean and fat, trimmed to 1/8"" fat, choice, raw",Beef Products,263.6,16.98,21.31,0.97,2.86380478578156,1 lb,12.99
169496,"Beef, chuck eye roast, boneless, America's Beef Roast, separable lean only, trimmed to 0"" fat, choice, cooked, roasted",Beef Products,189.9,26.41,9.36,0.0,2.86380478578156,1 lb,12.99
169497,"Beef, chuck eye roast, boneless, America's Beef Roast, separable lean only, trimmed to 0"" fat, select, cooked, roasted",Beef Products,172.2,27.02,7.12,0.0,2.86380478578156,1 lb,12.99
169498,"Beef, rib, whole (ribs 6-12), separable lean and fat, trimmed to 1/8"" fat, all grades, raw",Beef Products,301.0,16.53,26.1,0.0,1.9819557370420493,1 lb,8.99
169499,"Beef, rib, whole (ribs 6-12), separable lean and fat, trimmed to 1/8"" fat, all grades, cooked, broiled",Beef Products,330.4,22.42,26.75,0.0,1.9819557370420493,1 lb,8.99
169500,"Beef, rib, whole (ribs 6-12), separable lean and fat, trimmed to 1/8"" fat, all grades, cooked, roasted",Beef Products,344.1,22.77,28.11,0.0,1.9819557370420493,1 lb,8.99
169501,"Beef, rib, whole (ribs 6-12), separable lean and fat, trimmed to 1/8"" fat, select, cooked, broiled",Beef Products,308.7,22.73,24.2,0.0,1.9819557370420493,1 lb,8.99
169502,"Beef, rib, whole (ribs 6-12), separable lean and fat, trimmed to 1/8"" fat, select, cooked, roasted",Beef Products,323.1,23.1,25.63,0.0,1.9819557370420493,1 lb,8.99
169503,"Beef, rib, whole (ribs 6-12), separable lean and fat, trimmed to 1/8"" fat, prime, raw",Beef Products,349.5,16.15,31.66,0.0,1.9819557370420493,1 lb,8.99
169504,"Beef, rib, whole (ribs 6-12), separable lean and fat, trimmed to 1/8"" fat, prime, cooked, broiled",Beef Products,379.2,21.95,32.38,0.0,1.9819557370420493,1 lb,8.99
169505,"Beef, rib, large end (ribs 6-9), separable lean and fat, trimmed to 1/8"" fat, choice, raw",Beef Products,328.2,16.03,29.34,0.0,1.9819557370420493,1 lb,8.99
169506,"Beef, rib, large end (ribs 6-9), separable lean and fat, trimmed to 1/8"" fat, choice, cooked, broiled",Beef Products,364.1,20.86,31.18,0.0,1.9819557370420493,1 lb,8.99
169507,"Beef, rib, large end (ribs 6-9), separable lean and fat, trimmed to 1/8"" fat, choice, cooked, roasted",Beef Products,371.5,22.5,31.28,0.0,1.9819557370420493,1 lb,8.99
169508,"Beef, rib, large end (ribs 6-9), separable lean and fat, trimmed to 1/8"" fat, select, raw",Beef Products,289.7,16.52,24.85,0.0,1.9819557370420493,1 lb,8.99
169509,"Beef, rib, small end (ribs 10-12), separable lean and fat, trimmed to 1/8"" fat, all grades, raw",Beef Products,248.9,19.33,19.06,0.0,1.9819557370420493,1 lb,8.99
169510,"Beef, rib, small end (ribs 10-12), separable lean and fat, trimmed to 1/8"" fat, all grades, cooked, broiled",Beef Products,283.8,25.85,20.04,0.0,1.9819557370420493,1 lb,8.99
169511,"Beef, rib, small end (ribs 10-12), separable lean and fat, trimmed to 1/8"" fat, all grades, cooked, roasted",Beef Products,334.4,22.54,27.14,0.0,1.9819557370420493,1 lb,8.99
169512,"Beef, rib, small end (ribs 10-12), separable lean and fat, trimmed to 1/8"" fat, choice, raw",Beef Products,257.5,19.09,20.13,0.0,1.9819557370420493,1 lb,8.99
169513,"Beef, rib, small end (ribs 10-12), separable lean and fat, trimmed to 1/8"" fat, select, cooked, roasted",Beef Products,316.2,22.76,25.02,0.0,1.9819557370420493,1 lb,8.99
169514,"Beef, rib, small end (ribs 10-12), separable lean and fat, trimmed to 1/8"" fat, prime, raw",Beef Products,329.8,16.74,29.18,0.06,1.9819557370420493,1 lb,8.99
169515,"Beef, rib, small end (ribs 10-12), separable lean and fat, trimmed to 1/8"" fat, prime, cooked, broiled",Beef Products,347.3,24.13,27.86,0.0,1.9819557370420493,1 lb,8.99
169516,"Beef, rib, small end (ribs 10-12), separable lean and fat, trimmed to 1/8"" fat, prime, cooked, roasted",Beef Products,404.7,22.15,35.12,0.0,1.9819557370420493,1 lb,8.99
169517,"Beef, round, full cut, separable lean and fat, trimmed to 1/8"" fat, select, raw",Beef Products,178.4,20.56,10.68,0.0,2.643342523596682,1 lb,11.99
169518,"Beef, round, full cut, separable lean and fat, trimmed to 1/8"" fat, select, cooked, broiled",Beef Products,210.0,27.58,11.08,0.0,2.643342523596682,1 lb,11.99
169519,"Beef, round, bottom round, steak, separable lean and fat, trimmed to 1/8"" fat, all grades, raw",Beef Products,186.7,20.7,11.54,0.0,2.643342523596682,1 lb,11.99
169520,"Beef, round, bottom round, steak, separable lean and fat, trimmed to 1/8"" fat, all grades, cooked, braised",Beef Products,237.9,32.76,11.87,0.0,2.643342523596682,1 lb,11.99
169521,"Beef, round, bottom round, steak, separable lean and fat, trimmed to 1/8"" fat, select, cooked, braised",Beef Products,231.4,32.67,11.19,0.0,2.643342523596682,1 lb,11.99
169522,"Beef, round, bottom round, roast, separable lean and fat, trimmed to 1/8"" fat, select, cooked, roasted",Beef Products,204.7,26.77,10.85,0.0,2.643342523596682,1 lb,11.99
169523,"Beef, round, eye of round, roast, separable lean and fat, trimmed to 1/8"" fat, all grades, raw",Beef Products,160.1,21.49,8.24,0.0,2.643342523596682,1 lb,11.99
169524,"Beef, round, eye of round, roast, separable lean and fat, trimmed to 1/8"" fat, all grades, cooked, roasted",Beef Products,200.1,28.31,9.65,0.0,2.643342523596682,1 lb,11.99
169525,"Beef, round, tip round, separable lean and fat, trimmed to 1/8"" fat, all grades, raw",Beef Products,183.4,19.6,11.67,0.0,2.643342523596682,1 lb,11.99
169526,"Beef, round, tip round, roast, separable lean and fat, trimmed to 1/8"" fat, all grades, cooked, roasted",Beef Products,211.9,27.45,11.34,0.0,2.643342523596682,1 lb,11.99
169527,"Beef, round, tip round, separable lean and fat, trimmed to 1/8"" fat, choice, raw",Beef Products,193.4,19.48,12.83,0.0,2.643342523596682,1 lb,11.99
169528,"Beef, round, tip round, roast, separable lean and fat, trimmed to 1/8"" fat, choice, cooked, roasted",Beef Products,220.1,27.27,12.34,0.0,2.643342523596682,1 lb,11.99
169529,"Beef, round, top round, steak, separable lean and fat, trimmed to 1/8"" fat, all grades, raw",Beef Products,159.6,22.06,7.93,0.0,2.643342523596682,1 lb,11.99
169530,"Beef, round, top round, separable lean and fat, trimmed to 1/8"" fat, all grades, cooked, braised",Beef Products,228.5,34.34,10.13,0.0,2.643342523596682,1 lb,11.99
169531,"Beef, round, top round steak, separable lean and fat, trimmed to 1/8"" fat, all grades, cooked, broiled",Beef Products,203.7,30.67,9.0,0.0,2.643342523596682,1 lb,11.99
169532,"Beef, round, top round, steak, separable lean and fat, trimmed to 1/8"" fat, choice, raw",Beef Products,161.5,21.94,8.19,0.0,2.643342523596682,1 lb,11.99
169533,"Beef, round, top round, steak, separable lean and fat, trimmed to 1/8"" fat, select, cooked, broiled",Beef Products,192.1,30.63,7.73,0.0,2.643342523596682,1 lb,11.99
169534,"Beef, round, top round, separable lean and fat, trimmed to 1/8"" fat, prime, raw",Beef Products,167.0,22.24,8.67,0.0,2.643342523596682,1 lb,11.99
169535,"Beef, round, top round, steak, separable lean and fat, trimmed to 1/8"" fat, prime, cooked, broiled",Beef Products,216.0,31.27,10.1,0.0,2.643342523596682,1 lb,11.99
169536,"Beef, shoulder top blade steak, boneless, separable lean and fat, trimmed to 0"" fat, select, raw",Beef Products,137.0,20.28,6.21,0.0,,,
169537,"Beef, short loin, t-bone steak, separable lean and fat, trimmed to 1/8"" fat, choice, cooked, grilled",Beef Products,287.0,24.21,21.13,0.0,2.643342523596682,1 lb,11.99
169538,"Beef, short loin, top loin, steak, separable lean and fat, trimmed to 1/8"" fat, all grades, raw",Beef Products,221.8,20.61,15.49,0.0,2.643342523596682,1 lb,11.99
169539,"Beef, loin, top loin, separable lean and fat, trimmed to 1/8"" fat, all grades, cooked, grilled",Beef Products,256.8,26.44,16.78,0.0,1.5321168690274276,,9.99
169540,"Beef, loin, top loin, separable lean and fat, trimmed to 1/8"" fat, choice, raw",Beef Products,231.2,19.32,17.1,0.0,1.5321168690274276,,9.99
169541,"Beef, short loin, top loin, separable lean and fat, trimmed to 1/8"" fat, prime, cooked, broiled",Beef Products,302.8,25.92,22.12,0.0,2.643342523596682,1 lb,11.99
169542,"Beef, tenderloin, steak, separable lean and fat, trimmed to 1/8"" fat, all grades, raw",Beef Products,241.9,19.61,18.16,0.0,4.115295560784381,,7.0
169543,"Beef, tenderloin, steak, separable lean and fat, trimmed to 1/8"" fat, all grades, cooked, broiled",Beef Products,259.9,26.46,17.12,0.0,4.115295560784381,,7.0
169544,"Beef, tenderloin, roast, separable lean and fat, trimmed to 1/8"" fat, all grades, cooked, roasted",Beef Products,317.0,23.9,24.6,0.0,4.115295560784381,,7.0
169545,"Beef, tenderloin, steak, separable lean and fat, trimmed to 1/8"" fat, choice, raw",Beef Products,240.2,19.82,17.88,0.0,4.115295560784381,,7.0
169546,"Beef, tenderloin, roast, separable lean and fat, trimmed to 1/8"" fat, select, cooked, roasted",Beef Products,308.9,23.9,23.7,0.0,4.115295560784381,,7.0
169547,"Beef, tenderloin, separable lean and fat, trimmed to 1/8"" fat, prime, raw",Beef Products,269.1,18.15,21.83,0.0,4.115295560784381,,7.0
169548,"Beef, tenderloin, steak, separable lean and fat, trimmed to 1/8"" fat, prime, cooked, broiled",Beef Products,300.9,25.26,22.21,0.0,4.115295560784381,,7.0
169549,"Beef, tenderloin, roast, separable lean and fat, trimmed to 1/8"" fat, prime, cooked, roasted",Beef Products,336.2,24.04,26.67,0.0,4.115295560784381,,7.0
169550,"Beef, top sirloin, steak, separable lean and fat, trimmed to 1/8"" fat, choice, cooked, pan-fried",Beef Products,304.6,28.77,21.06,0.0,4.404835998453854,,9.99
169551,"Beef, top sirloin, steak, separable lean and fat, trimmed to 1/8"" fat, select, raw",Beef Products,182.9,20.68,11.13,0.0,4.404835998453854,,9.99
169552,"Beef, top sirloin, steak, separable lean and fat, trimmed to 1/8"" fat, select, cooked, broiled",Beef Products,222.9,27.12,12.71,0.0,4.404835998453854,,9.99
169553,"Beef, chuck, clod roast, separable lean only, trimmed to 0"" fat, choice, cooked, roasted",Beef Products,164.0,25.95,6.69,0.0,2.86380478578156,1 lb,12.99
169554,"Beef, flank, steak, separable lean and fat, trimmed to 0"" fat, select, cooked, broiled",Beef Products,175.5,27.78,7.15,0.0,3.084267047966437,1 lb,13.99
169555,"Beef, brisket, flat half, separable lean and fat, trimmed to 0"" fat, select, cooked, braised",Beef Products,195.3,33.59,6.77,0.0,1.5410312126722943,1 lb,6.99
169556,"Beef, rib eye, small end (ribs 10-12), separable lean and fat, trimmed to 0"" fat, select, cooked, broiled",Beef Products,226.2,27.95,12.71,0.0,5.640306515737907,,15.99
169557,"Beef, rib eye, small end (ribs 10-12), separable lean and fat, trimmed to 0"" fat, all grades, cooked, broiled",Beef Products,241.7,27.27,14.74,0.0,6.698525374225319,,18.99
169558,"Beef, bottom sirloin, tri-tip roast, separable lean and fat, trimmed to 0"" fat, all grades, cooked, roasted",Beef Products,203.8,26.05,11.07,0.0,3.525191572336192,1 lb,15.99
169559,"Beef, bottom sirloin, tri-tip roast, separable lean and fat, trimmed to 0"" fat, select, raw",Beef Products,151.7,20.64,7.68,0.0,,,
169560,"Beef, round, top round steak, boneless, separable lean and fat, trimmed to 0"" fat, all grades, cooked, grilled",Beef Products,158.4,29.96,4.28,0.0,2.643342523596682,1 lb,11.99
169561,"Beef, chuck, mock tender steak, separable lean only, trimmed to 0"" fat, choice, cooked, broiled",Beef Products,154.2,25.74,5.69,0.0,2.86380478578156,1 lb,12.99
169562,"Beef, chuck, mock tender steak, separable lean only, trimmed to 0"" fat, select, cooked, broiled",Beef Products,149.7,26.13,5.02,0.0,2.86380478578156,1 lb,12.99
169563,"Beef, flank, steak, separable lean and fat, trimmed to 0"" fat, all grades, raw",Beef Products,149.4,21.22,7.17,0.0,3.084267047966437,1 lb,13.99
169564,"Beef, flank, steak, separable lean and fat, trimmed to 0"" fat, select, raw",Beef Products,139.4,21.22,6.06,0.0,3.084267047966437,1 lb,13.99
169565,"Beef, chuck eye roast, boneless, America's Beef Roast, separable lean only, trimmed to 0"" fat, all grades, raw",Beef Products,136.5,20.61,6.01,0.0,2.86380478578156,1 lb,12.99
169566,"Beef, chuck eye roast, boneless, America's Beef Roast, separable lean only, trimmed to 0"" fat, choice, raw",Beef Products,138.6,20.67,6.21,0.0,2.86380478578156,1 lb,12.99
169567,"Beef, chuck, short ribs, boneless, separable lean only, trimmed to 0"" fat, choice, cooked, braised",Beef Products,249.9,28.84,14.95,0.0,2.86380478578156,1 lb,12.99
169568,"Beef, chuck, short ribs, boneless, separable lean only, trimmed to 0"" fat, select, cooked, braised",Beef Products,223.9,28.79,12.08,0.0,2.86380478578156,1 lb,12.99
169569,"Beef, chuck, short ribs, boneless, separable lean only, trimmed to 0"" fat, all grades, cooked, braised",Beef Products,239.5,28.82,13.8,0.0,2.86380478578156,1 lb,12.99
169570,"Beef, brisket, flat half, boneless, separable lean and fat, trimmed to 0"" fat, select, raw",Beef Products,158.3,20.57,8.45,0.0,1.5410312126722943,1 lb,6.99
169571,"Beef, loin, bottom sirloin butt, tri-tip roast, separable lean only, trimmed to 0"" fat, all grades, cooked, roasted",Beef Products,182.1,26.75,8.34,0.0,1.5321168690274276,,9.99
169572,"Alcoholic beverage, beer, light, BUD LIGHT",Beverages,6.2,0.25,0.0,1.3,3.8184063810420796,6 bottles,12.99
169573,"Alcoholic beverage, daiquiri, canned",Beverages,62.8,0.0,0.0,15.7,,375 ml,13.99
169574,"Alcoholic beverage, daiquiri, prepared-from-recipe",Beverages,28.5,0.06,0.06,6.94,,375 ml,13.99
169575,"Alcoholic beverage, beer, light, low carb",Beverages,3.6,0.17,0.0,0.73,3.8184063810420796,6 bottles,12.99
169576,"Candies, milk chocolate coated raisins",Sweets,423.2,4.1,14.8,68.4,2.218340273718057,,8.49
169577,"Syrups, table blends, pancake, reduced-calorie",Sweets,178.2,0.0,0.0,44.55,,24 oza,4.79
169578,"Syrups, table blends, pancake",Sweets,245.9,0.0,0.0,61.47,,24 oza,4.79
169579,"Candies, HERSHEY'S POT OF GOLD Almond Bar",Sweets,577.0,12.82,38.46,44.89,4.841047191701036,,1.99
169580,"Candies, truffles, prepared-from-recipe",Sweets,508.2,6.21,33.76,44.88,4.488784569662292,1 bag,6.49
169581,"Baking chocolate, MARS SNACKFOOD US, M&M's Semisweet Chocolate Mini Baking Bits",Sweets,516.9,4.44,26.15,65.96,,,
169582,"Candies, MARS SNACKFOOD US, M&M's Peanut Chocolate Candies",Sweets,515.4,9.57,26.13,60.48,,,
169583,"Candies, MARS SNACKFOOD US, M&M's Milk Chocolate Candies",Sweets,492.2,4.33,21.13,71.19,,,
169584,"Baking chocolate, MARS SNACKFOOD US, M&M's Milk Chocolate Mini Baking Bits",Sweets,503.0,4.78,23.36,68.4,,,
169585,"Candies, peanut bar",Sweets,554.9,15.5,33.7,47.4,3.7943342853872983,,1.99
169586,"Candies, peanut brittle, prepared-from-recipe",Sweets,486.1,7.57,18.98,71.24,2.218340273718057,,8.49
169587,"Candies, NESTLE, RAISINETS Chocolate Covered Raisins",Sweets,454.6,4.4,17.0,71.0,1.206873412417787,,4.79
169588,"Candies, sesame crunch",Sweets,547.3,11.6,33.3,50.3,,,
169589,"Candies, MARS SNACKFOOD US, SNICKERS Bar",Sweets,490.8,7.53,23.85,61.51,,,
169590,"Candies, MARS SNACKFOOD US, STARBURST Fruit Chews, Original fruits",Sweets,405.8,0.41,8.21,82.57,,,
169591,"Candies, MARS SNACKFOOD US, M&M's MINIs Milk Chocolate Candies",Sweets,503.0,4.78,23.36,68.4,,,
169592,"Candies, SPECIAL DARK Chocolate Bar",Sweets,555.7,5.54,32.4,60.49,2.896614757742015,,3.49
169593,"Cocoa, dry powder, unsweetened",Sweets,433.3,19.6,13.7,57.9,2.200213376605078,,4.99
169594,"Cocoa, dry powder, unsweetened, processed with alkali",Sweets,423.5,18.1,13.1,58.3,,,
169595,"Desserts, egg custard, baked, prepared-from-recipe",Sweets,105.3,5.02,4.58,11.0,3.3157524232605584,4 pk,3.29
169596,"Gelatin desserts, dry mix, prepared with water",Sweets,61.6,1.22,0.0,14.19,1.1757987316526803,,1.0
169597,"Gelatin desserts, dry mix, reduced calorie, with aspartame",Sweets,383.5,15.67,0.0,80.21,1.1757987316526803,,1.0
169598,"Gelatin desserts, dry mix, reduced calorie, with aspartame, prepared with water",Sweets,20.2,0.83,0.0,4.22,1.1757987316526803,,1.0
169599,"Gelatins, dry powder, unsweetened",Sweets,343.3,85.6,0.1,0.0,,,
169600,"Puddings, chocolate, dry mix, instant, prepared with whole milk",Sweets,115.5,3.1,3.1,18.8,,4 ct,3.29
169601,"Desserts, apple crisp, prepared-from-recipe",Sweets,161.2,1.75,3.43,30.84,0.7508314757839258,,1.49
169602,"Flan, caramel custard, dry mix",Sweets,366.4,0.0,0.0,91.6,0.820707514693571,,3.49
169603,"Puddings, chocolate, dry mix, regular",Sweets,386.5,2.6,2.1,89.3,,4 ct,3.29
169604,"Puddings, chocolate, dry mix, regular, prepared with whole milk",Sweets,119.6,3.16,3.15,19.64,,4 ct,3.29
169605,"Puddings, rice, dry mix, prepared with whole milk",Sweets,121.1,3.25,2.82,20.68,4.135872038588304,6 ct,4.69
169606,"Puddings, tapioca, dry mix",Sweets,378.5,0.1,0.1,94.3,,4 ct,3.29
169607,"Puddings, tapioca, dry mix, prepared with whole milk",Sweets,115.1,2.84,2.89,19.43,,4 ct,3.29
169608,"Puddings, vanilla, ready-to-eat",Sweets,130.2,1.45,3.78,22.6,1.7221993187148088,,2.49
169609,"Puddings, vanilla, dry mix, regular",Sweets,378.8,0.3,0.4,93.5,1.7221993187148088,,2.49
169610,"Puddings, vanilla, dry mix, regular, prepared with whole milk",Sweets,113.0,2.8,2.9,18.92,1.7221993187148088,,2.49
169611,"Puddings, rice, dry mix, prepared with 2% milk",Sweets,111.1,3.29,1.63,20.81,4.135872038588304,6 ct,4.69
169612,"Puddings, tapioca, dry mix, prepared with 2% milk",Sweets,104.8,2.88,1.67,19.56,,4 ct,3.29
169613,"Frozen novelties, ice type, fruit, no sugar added",Sweets,27.7,0.5,0.1,6.2,,,
169614,"Puddings, tapioca, ready-to-eat",Sweets,129.5,1.95,3.88,21.69,,4 ct,3.29
169615,"Puddings, coconut cream, dry mix, regular, prepared with 2% milk",Sweets,106.1,3.1,2.5,17.8,1.1945046205653365,,1.49
169616,"Desserts, rennin, chocolate, dry mix",Sweets,405.3,2.4,3.3,91.5,,,
169617,"Rennin, chocolate, dry mix, prepared with whole milk",Sweets,96.2,3.2,3.34,13.34,,,
169618,"Frostings, coconut-nut, ready-to-eat",Sweets,432.8,1.5,24.0,52.7,0.6804461047048093,,2.99
169619,"Frostings, cream cheese-flavor, ready-to-eat",Sweets,425.4,0.1,17.3,67.32,1.3205689504874167,,5.99
169620,"Frostings, vanilla, creamy, ready-to-eat",Sweets,417.6,0.0,16.23,67.89,0.5630267003490721,,2.49
169621,"Flan, caramel custard, dry mix, prepared with 2% milk",Sweets,102.7,2.99,1.72,18.82,0.820707514693571,,3.49
169622,"Candies, HERSHEY'S MILK CHOCOLATE WITH ALMOND BITES",Sweets,567.5,9.76,35.73,51.72,,,
169623,"Candies, REESE'S BITES",Sweets,534.7,11.34,29.85,55.18,,,
169624,"Candies, REESE'S NUTRAGEOUS Candy Bar",Sweets,545.1,11.28,32.09,52.8,19.988578438095566,5 pk,7.99
169625,"Frostings, chocolate, creamy, dry mix",Sweets,420.0,1.3,5.2,92.0,0.5489510328403452,,2.49
169626,"Frostings, white, fluffy, dry mix, prepared with water",Sweets,256.4,1.5,0.0,62.6,0.4828123541848819,,2.19
169627,"Candies, HERSHEY'S, ALMOND JOY BITES",Sweets,563.0,5.58,34.5,57.54,2.201230894738239,,6.49
169628,"Candies, HERSHEY, REESESTICKS crispy wafers, peanut butter, milk chocolate",Sweets,541.7,9.53,31.34,55.38,2.201230894738239,,6.49
169629,"Candies, HERSHEY, KIT KAT BIG KAT Bar",Sweets,530.1,6.24,27.84,63.64,2.201230894738239,,6.49
169630,"Candies, REESE'S, FAST BREAK, milk chocolate peanut butter and soft nougats",Sweets,491.8,8.66,23.42,61.6,2.1802667909788274,,6.49
169631,"Ice creams, vanilla, light, no sugar added",Sweets,168.6,3.97,7.45,21.42,0.21972738797759467,,2.99
169632,"Frozen novelties, fruit and juice bars",Sweets,86.5,1.2,0.1,20.2,,6 ct,4.29
169633,"Ice creams, chocolate, light, no sugar added",Sweets,173.0,3.54,5.74,26.79,,8 ct,9.29
169634,"Candies, dark chocolate coated coffee beans",Sweets,539.8,7.5,30.0,59.95,,,
169635,"Snacks, SUNKIST, SUNKIST Fruit Roll, strawberry, with vitamins A, C, and E",Snacks,342.2,0.6,1.0,82.7,,2 liter,3.49
169636,"Snacks, fruit leather, pieces, with vitamin C",Snacks,372.7,0.1,3.5,85.2,52.86685047193364,66 ct,11.99
169637,"Candies, milk chocolate coated coffee beans",Sweets,549.3,7.41,33.18,55.25,2.5369033434138233,,8.99
169638,"Frozen novelties, ice type, lime",Sweets,132.0,0.4,0.0,32.6,,,
169639,"Candies, MARS SNACKFOOD US, SNICKERS MUNCH bar",Sweets,561.5,15.25,36.22,43.64,,,
169640,Honey,Sweets,330.8,0.3,0.0,82.4,0.8803793003249445,,5.99
169641,Jams and preserves,Sweets,277.6,0.37,0.07,68.86,1.5410312126722943,,6.99
169642,Jellies,Sweets,280.6,0.15,0.02,69.95,0.566343055746041,,2.89
169643,"Candies, MARS SNACKFOOD US, POP'ABLES SNICKERS Brand Bite Size Candies",Sweets,491.8,7.15,24.32,61.07,,,
169644,"Candies, MARS SNACKFOOD US, POP'ABLES MILKY WAY Brand Bite Size Candies",Sweets,462.6,3.3,18.0,71.85,,,
169645,"Candies, MARS SNACKFOOD US, POP'ABLES 3 MUSKETEERS Brand Bite Size Candies",Sweets,450.6,2.59,15.17,75.94,4.034205993084196,,1.99
169646,"Candies, MARS SNACKFOOD US, STARBURST Fruit Chews, Fruit and Creme",Sweets,406.6,0.41,8.36,82.43,4.034205993084196,,1.99
169647,"Candies, MARS SNACKFOOD US, STARBURST Sour Fruit Chews",Sweets,390.5,0.39,7.78,79.73,4.034205993084196,,1.99
169648,"Puddings, banana, dry mix, instant",Sweets,376.2,0.0,0.6,92.7,1.7221993187148088,,2.49
169649,"Puddings, banana, dry mix, instant, prepared with whole milk",Sweets,114.7,2.62,2.8,19.76,2.0645642435195595,,1.99
169650,"Puddings, banana, dry mix, regular",Sweets,375.6,0.0,0.4,93.0,1.7221993187148088,,2.49
169651,"Candies, MARS SNACKFOOD US, COCOAVIA Chocolate Bar",Sweets,538.9,5.81,29.3,62.99,,,
169652,"Candies, MARS SNACKFOOD US, COCOAVIA Blueberry and Almond Chocolate Bar",Sweets,525.0,6.35,28.68,60.37,4.034205993084196,,1.99
169653,"Candies, MARS SNACKFOOD US, COCOAVIA Crispy Chocolate Bar",Sweets,517.2,8.21,26.23,62.06,,,
169654,"Puddings, lemon, dry mix, instant",Sweets,387.9,0.0,0.7,95.4,2.0645642435195595,,1.99
169655,"Sugars, granulated",Sweets,399.9,0.0,0.0,99.98,0.3516373081848797,2 lb,3.19
169656,"Sugars, powdered",Sweets,399.1,0.0,0.0,99.77,2.0714807066469283,,5.99
169657,"Sweeteners, tabletop, aspartame, EQUAL, packets",Sweets,365.0,2.17,0.0,89.08,,250 ct,4.79
169658,"Sugars, maple",Sweets,365.8,0.1,0.2,90.9,,8 ct,3.19
169659,"Syrups, corn, high-fructose",Sweets,304.0,0.0,0.0,76.0,0.8796444261176615,,3.99
169660,"Syrups, malt",Sweets,310.0,6.2,0.0,71.3,1.5305832185078805,,4.99
169661,"Syrups, maple",Sweets,268.9,0.04,0.06,67.04,2.6411379009748335,,5.99
169662,"Syrups, sorghum",Sweets,299.6,0.0,0.0,74.9,1.466808917736719,,4.99
169663,"Candies, MARS SNACKFOOD US, SNICKERS CRUNCHER",Sweets,498.3,6.86,24.38,62.85,4.034205993084196,,1.99
169664,"Toppings, marshmallow cream",Sweets,321.9,0.8,0.3,79.0,1.091333190113549,,3.79
169665,"Toppings, pineapple",Sweets,266.9,0.1,0.1,66.4,1.1140692982409146,,3.79
169666,"Toppings, nuts in syrup",Sweets,448.3,4.5,22.0,58.08,,,
169667,"Candies, MARS SNACKFOOD US, SKITTLES Tropical Bite Size Candies",Sweets,402.9,0.19,4.34,90.77,,,
169668,"Frostings, glaze, prepared-from-recipe",Sweets,341.1,0.44,0.53,83.65,0.6273726089603945,,2.49
169669,"Candies, fudge, chocolate marshmallow, prepared-from-recipe",Sweets,451.7,2.26,17.48,71.34,,14 fo,3.99
169670,"Candies, taffy, prepared-from-recipe",Sweets,396.3,0.03,3.33,91.56,1.9642027232976882,,5.29
169671,"Candies, toffee, prepared-from-recipe",Sweets,557.9,1.07,32.75,64.72,4.4012284341635555,,5.49
169672,"Snacks, cornnuts, barbecue-flavor",Snacks,451.5,9.0,14.3,71.7,37.74313928605104,9 ct,7.49
169673,"Snacks, crisped rice bar, almond",Snacks,470.0,7.0,20.4,64.6,1.633053793962056,,1.25
169674,"Snacks, granola bars, soft, uncoated, chocolate chip",Snacks,452.5,5.65,16.57,70.2,,8 ct,3.49
169675,"Snacks, granola bars, soft, uncoated, chocolate chip, graham and marshmallow",Snacks,447.1,6.1,15.5,70.8,,8 ct,3.49
169676,"Snacks, granola bars, soft, uncoated, nut and raisin",Snacks,470.0,8.0,20.4,63.6,,8 ct,3.49
169677,"Snacks, potato chips, plain, salted",Snacks,546.7,6.39,33.98,53.83,1.5969484591719132,,2.49
169678,"Snacks, potato chips, made from dried potatoes, cheese-flavor",Snacks,563.4,7.0,37.0,50.6,1.5969484591719132,,2.49
169679,"Snacks, rice cakes, brown rice, corn",Snacks,387.2,8.4,3.2,81.2,3.0453187149804424,,2.59
169680,"Snacks, rice cakes, brown rice, multigrain",Snacks,385.9,8.5,3.5,80.1,3.0453187149804424,,2.59
169681,"Snacks, granola bars, hard, peanut butter",Snacks,502.6,9.8,23.8,62.3,,8 ct,3.49
169682,"Snacks, potato chips, cheese-flavor",Snacks,509.6,8.5,27.2,57.7,1.5969484591719132,,2.49
169683,"Snacks, potato chips, reduced fat",Snacks,483.2,7.1,20.8,66.9,1.5969484591719132,,2.49
169684,"Snacks, potato chips, fat-free, made with olestra",Snacks,297.3,7.74,0.7,65.0,1.5969484591719132,,2.49
169685,"Popcorn, sugar syrup/caramel, fat-free",Snacks,380.8,2.0,1.4,90.06,1.8915662095462495,,4.29
169686,"Snacks, potato chips, fat free, salted",Snacks,379.0,9.64,0.6,83.76,1.5969484591719132,,2.49
169687,"Snacks, KELLOGG, KELLOGG'S RICE KRISPIES TREATS Squares",Snacks,416.6,3.4,9.0,80.5,,8 ct,3.59
169688,"Snacks, KELLOGG, KELLOGG'S Low Fat Granola Bar, Crunchy Almond/Brown Sugar",Snacks,410.6,8.0,7.4,78.0,,8 ct,3.59
169689,"Snacks, M&M MARS, KUDOS Whole Grain Bar, chocolate chip",Snacks,424.3,4.47,13.02,72.31,,,
169690,"Candies, semisweet chocolate, made with butter",Sweets,537.7,4.2,29.7,63.4,,10 onz,8.49
169691,"Gelatin desserts, dry mix, with added ascorbic acid, sodium-citrate and salt",Sweets,393.2,7.8,0.0,90.5,1.1757987316526803,,1.0
169692,"Gelatin desserts, dry mix, reduced calorie, with aspartame, added phosphorus, potassium, sodium, vitamin C",Sweets,354.4,55.3,0.0,33.3,,,
169693,"Gelatin desserts, dry mix, reduced calorie, with aspartame, no added sodium",Sweets,354.4,55.3,0.0,33.3,1.1757987316526803,,1.0
169694,"Corn flour, masa, enriched, white",Cereal Grains and Pasta,373.4,8.46,3.69,76.59,0.3185679688571481,2 lb,2.89
169695,"Corn flour, yellow, degermed, unenriched",Cereal Grains and Pasta,365.9,5.59,1.39,82.75,0.7040094905770424,,4.79
169696,"Corn flour, masa, unenriched, white",Cereal Grains and Pasta,373.4,8.46,3.69,76.59,0.3185679688571481,2 lb,2.89
169697,"Cornmeal, whole-grain, yellow",Cereal Grains and Pasta,372.4,8.12,3.59,76.89,0.14506416851764944,5 lb,3.29
169698,Cornstarch,Cereal Grains and Pasta,366.6,0.26,0.05,91.27,0.5620317937299812,,2.39
169699,"Couscous, dry",Cereal Grains and Pasta,366.5,12.76,0.64,77.43,,,
169700,"Couscous, cooked",Cereal Grains and Pasta,109.5,3.79,0.16,23.22,1.3031399527788385,,9.79
169701,"Hominy, canned, white",Cereal Grains and Pasta,70.9,1.48,0.88,14.26,0.35132866101782095,,2.49
169702,"Millet, raw",Cereal Grains and Pasta,373.5,11.02,4.22,72.85,2.092186868134488,,9.49
169703,"Rice, brown, long-grain, raw (Includes foods for USDA's Food Distribution Program)",Cereal Grains and Pasta,364.0,7.54,3.2,76.25,0.45100279921249237,,1.79
169704,"Rice, brown, long-grain, cooked (Includes foods for USDA's Food Distribution Program)",Cereal Grains and Pasta,122.0,2.74,0.97,25.58,0.45100279921249237,,1.79
169705,Oats (Includes foods for USDA's Food Distribution Program),Cereal Grains and Pasta,394.7,16.89,6.9,66.27,,,
169706,"Rice, brown, medium-grain, raw (Includes foods for USDA's Food Distribution Program)",Cereal Grains and Pasta,358.8,7.5,2.68,76.17,0.45100279921249237,,1.79
169707,"Rice, white, long-grain, parboiled, enriched, dry",Cereal Grains and Pasta,362.9,7.51,1.03,80.89,1.7556812879450248,2 pk,2.19
169708,"Rice, white, long-grain, parboiled, enriched, cooked",Cereal Grains and Pasta,119.2,2.91,0.37,26.05,1.7556812879450248,2 pk,2.19
169709,"Rice, white, long-grain, precooked or instant, enriched, dry",Cereal Grains and Pasta,369.0,7.82,0.94,82.32,1.7556812879450248,2 pk,2.19
169710,"Rice, white, long-grain, precooked or instant, enriched, prepared",Cereal Grains and Pasta,120.3,2.18,0.5,26.76,1.7556812879450248,2 pk,2.19
169711,"Rice, white, glutinous, unenriched, cooked",Cereal Grains and Pasta,94.2,2.02,0.19,21.09,1.7556812879450248,2 pk,2.19
169712,"Rice, white, steamed, Chinese restaurant",Cereal Grains and Pasta,150.8,3.2,0.27,33.88,1.7556812879450248,2 pk,2.19
169713,"Rice bran, crude",Cereal Grains and Pasta,439.8,13.35,20.85,49.69,2.348657966476229,,7.99
169714,"Rice flour, white, unenriched",Cereal Grains and Pasta,357.1,5.95,1.42,80.13,2.202417999226927,,9.99
169715,"Semolina, enriched",Cereal Grains and Pasta,351.5,12.68,1.05,72.83,1.100106688302539,,4.99
169716,Sorghum grain,Cereal Grains and Pasta,362.0,10.62,3.46,72.09,0.6455135036773215,,5.49
169717,"Tapioca, pearl, dry",Cereal Grains and Pasta,355.7,0.19,0.02,88.69,2.348657966476229,,7.99
169718,Triticale,Cereal Grains and Pasta,359.5,13.05,2.09,72.13,11.014294618756484,,12.49
169719,"Wheat, hard white",Cereal Grains and Pasta,364.2,11.31,1.71,75.9,5.582104478521099,15 pk,18.99
169720,"Wheat, soft white",Cereal Grains and Pasta,362.1,10.69,1.99,75.36,0.3157019594487447,,1.79
169721,"Wheat, durum",Cereal Grains and Pasta,361.5,13.68,2.47,71.13,1.1718794025471715,,2.99
169722,"Wheat bran, crude",Cereal Grains and Pasta,358.5,15.55,4.25,64.51,0.6746145222857254,,4.59
169723,"Wheat flour, white, cake, enriched",Cereal Grains and Pasta,352.7,8.2,0.86,78.03,0.30820624253445883,5 lb,6.99
169724,"Wheat flour, white, tortilla mix, enriched",Cereal Grains and Pasta,402.9,9.66,10.63,67.14,0.30820624253445883,5 lb,6.99
169725,"Wheat, sprouted",Cereal Grains and Pasta,211.5,7.49,1.27,42.53,1.9797511144202007,,4.49
169726,"Wild rice, raw",Cereal Grains and Pasta,368.2,14.73,1.08,74.9,0.6685255645682382,,1.99
169727,"Pasta, fresh-refrigerated, plain, as purchased",Cereal Grains and Pasta,284.9,11.31,2.3,54.73,3.0184433153998094,,5.99
169728,"Pasta, fresh-refrigerated, plain, cooked",Cereal Grains and Pasta,129.8,5.15,1.05,24.93,2.1129103207798665,,5.99
169729,"Pasta, fresh-refrigerated, spinach, as purchased",Cereal Grains and Pasta,286.8,11.26,2.1,55.72,3.0184433153998094,,5.99
169730,"Pasta, fresh-refrigerated, spinach, cooked",Cereal Grains and Pasta,128.9,5.06,0.94,25.04,,,
169731,"Noodles, egg, dry, enriched",Cereal Grains and Pasta,381.7,14.16,4.44,71.27,0.6150897114958084,,2.79
169732,"Noodles, egg, enriched, cooked",Cereal Grains and Pasta,137.4,4.54,2.07,25.16,0.6150897114958084,,2.79
169733,"Noodles, egg, spinach, enriched, dry",Cereal Grains and Pasta,380.7,14.61,4.55,70.32,0.6150897114958084,,2.79
169734,"Noodles, egg, spinach, enriched, cooked",Cereal Grains and Pasta,131.3,5.04,1.57,24.25,0.6150897114958084,,2.79
169735,"Noodles, flat, crunchy, Chinese restaurant",Cereal Grains and Pasta,534.4,10.33,31.72,51.9,,,
169736,"Pasta, dry, enriched",Cereal Grains and Pasta,364.4,13.04,1.51,74.67,0.7253208425882472,1 lb,3.29
169737,"Pasta, cooked, enriched, without added salt",Cereal Grains and Pasta,155.0,5.8,0.93,30.86,1.1539624694934163,,2.29
169738,"Pasta, whole-wheat, dry (Includes foods for USDA's Food Distribution Program)",Cereal Grains and Pasta,375.3,13.87,2.93,73.37,0.37258122309244307,,1.69
169739,Barley flour or meal,Cereal Grains and Pasta,354.5,10.5,1.6,74.52,2.202417999226927,,9.99
169740,Barley malt flour,Cereal Grains and Pasta,370.9,10.28,1.84,78.3,0.659182163932784,,2.99
169741,"Oat flour, partially debranned",Cereal Grains and Pasta,403.5,14.66,9.12,65.7,1.7174010224201963,,7.79
169742,"Rice noodles, dry",Cereal Grains and Pasta,349.6,5.95,0.56,80.18,1.2103378193949779,,5.49
169743,"Wheat, KAMUT khorasan, uncooked",Cereal Grains and Pasta,359.6,14.54,2.13,70.58,,,
169744,"Wheat, KAMUT khorasan, cooked",Cereal Grains and Pasta,140.7,5.71,0.83,27.6,,,
169745,"Spelt, uncooked",Cereal Grains and Pasta,360.9,14.57,2.43,70.19,,,
169746,"Spelt, cooked",Cereal Grains and Pasta,135.4,5.5,0.85,26.44,1.7174010224201963,,7.79
169747,"Teff, uncooked",Cereal Grains and Pasta,367.1,13.3,2.38,73.13,,,
169748,"Corn flour, whole-grain, white",Cereal Grains and Pasta,369.9,6.93,3.86,76.85,0.5048585804033696,,2.29
169749,"Corn flour, yellow, masa, enriched",Cereal Grains and Pasta,373.4,8.46,3.69,76.59,0.7040094905770424,,4.79
169750,"Cornmeal, whole-grain, white",Cereal Grains and Pasta,372.4,8.12,3.59,76.89,,,
169751,"Pasta, cooked, enriched, with added salt",Cereal Grains and Pasta,153.9,5.8,0.93,30.59,1.1539624694934163,,2.29
169752,"Hominy, canned, yellow",Cereal Grains and Pasta,70.9,1.48,0.88,14.26,0.35132866101782095,,2.49
169753,"Rice, white, long-grain, regular, cooked, enriched, with salt",Cereal Grains and Pasta,126.0,2.69,0.28,28.17,1.7556812879450248,2 pk,2.19
169754,"Wheat flour, white, all-purpose, enriched, calcium-fortified",Cereal Grains and Pasta,355.4,10.33,0.98,76.31,0.30820624253445883,5 lb,6.99
169755,"Noodles, egg, dry, unenriched",Cereal Grains and Pasta,381.7,14.16,4.44,71.27,0.6150897114958084,,2.79
169756,"Rice, white, long-grain, regular, raw, unenriched",Cereal Grains and Pasta,354.3,7.13,0.66,79.95,1.7556812879450248,2 pk,2.19
169757,"Rice, white, long-grain, regular, unenriched, cooked without salt",Cereal Grains and Pasta,126.0,2.69,0.28,28.17,1.7556812879450248,2 pk,2.19
169758,"Rice, white, long-grain, parboiled, unenriched, dry",Cereal Grains and Pasta,362.9,7.51,1.03,80.89,1.7556812879450248,2 pk,2.19
169759,"Rice, white, long-grain, parboiled, unenriched, cooked",Cereal Grains and Pasta,119.2,2.91,0.37,26.05,1.7556812879450248,2 pk,2.19
169760,"Rice, white, medium-grain, raw, unenriched",Cereal Grains and Pasta,349.0,6.61,0.58,79.34,1.7556812879450248,2 pk,2.19
169761,"Wheat flour, white, all-purpose, unenriched",Cereal Grains and Pasta,355.4,10.33,0.98,76.31,0.30820624253445883,5 lb,6.99
169762,"Noodles, egg, cooked, unenriched, with added salt",Cereal Grains and Pasta,137.4,4.54,2.07,25.16,0.6150897114958084,,2.79
169763,"Potatoes, yellow fleshed, roasted, salt added in processing, frozen, unprepared",Vegetables and Vegetable Products,118.4,1.99,1.85,23.44,0.5269048066218573,1 lb,2.39
169764,"Potatoes, yellow fleshed, french fried, frozen, unprepared",Vegetables and Vegetable Products,162.5,2.47,5.84,25.01,0.5269048066218573,1 lb,2.39
169765,"Ginger root, pickled, canned, with artificial sweetener",Vegetables and Vegetable Products,21.5,0.33,0.1,4.83,0.8796444261176615,1 lb,3.99
169766,"Peppers, hot pickled, canned",Vegetables and Vegetable Products,25.0,0.8,0.4,4.56,0.5930434852773206,,2.69
169767,"Vegetable juice, BOLTHOUSE FARMS, DAILY GREENS",Vegetables and Vegetable Products,34.8,0.49,0.04,8.13,0.4741634500530136,,6.99
169768,"Potatoes, mashed, ready-to-eat",Vegetables and Vegetable Products,106.1,1.97,5.01,13.29,1.3227735731092654,,1.5
169769,"Macaroni and cheese, box mix with cheese sauce, unprepared","Meals, Entrees, and Side Dishes",333.6,12.73,10.67,46.66,0.7735944758597636,,1.59
169770,"Macaroni and cheese, box mix with cheese sauce, prepared","Meals, Entrees, and Side Dishes",164.0,6.68,4.99,23.1,0.7735944758597636,,1.59
169771,"Taquitos, frozen, chicken and cheese, oven-heated","Meals, Entrees, and Side Dishes",284.2,9.21,12.54,33.63,1.3393082427731313,,7.29
169772,"Taquitos, frozen, beef and cheese, oven-heated","Meals, Entrees, and Side Dishes",286.5,9.4,12.79,33.46,1.3393082427731313,,7.29
169773,"Potsticker or wonton, pork and vegetable, frozen, unprepared","Meals, Entrees, and Side Dishes",135.9,8.28,5.52,13.28,1.21842143567509,,8.29
169774,"Macaroni or noodles with cheese, made from reduced fat packaged mix, unprepared","Meals, Entrees, and Side Dishes",296.9,13.1,4.03,52.06,,,
169775,"Turnover, cheese-filled, tomato-based sauce, frozen, unprepared","Meals, Entrees, and Side Dishes",235.2,10.24,9.45,27.29,1.7354789279193563,,3.69
169776,"Macaroni or noodles with cheese, microwaveable, unprepared","Meals, Entrees, and Side Dishes",388.0,11.48,6.56,70.75,,4 ct,5.49
169777,"Spanish rice mix, dry mix, prepared (with canola/vegetable oil blend or diced tomatoes and margarine)","Meals, Entrees, and Side Dishes",125.5,3.27,2.38,22.74,,,
169778,"Rice mix, cheese flavor, dry mix, unprepared","Meals, Entrees, and Side Dishes",362.2,8.77,3.51,73.88,30.965499454310233,20 ct,12.29
169779,"Dumpling, potato- or cheese-filled, frozen","Meals, Entrees, and Side Dishes",194.9,5.26,6.14,29.64,0.835551973680686,12 ct,3.79
169780,"Turnover, chicken- or turkey-, and vegetable-filled, reduced fat, frozen","Meals, Entrees, and Side Dishes",168.0,7.87,5.51,21.74,,,
169781,"Sausage, egg and cheese breakfast biscuit","Meals, Entrees, and Side Dishes",323.6,9.54,22.13,21.57,1.4677887500130962,,7.49
169782,"HUNGRY MAN, Salisbury Steak With Gravy, frozen, unprepared","Meals, Entrees, and Side Dishes",136.4,7.96,8.53,6.96,1.291027007354643,,5.49
169783,"BANQUET, Salisbury Steak With Gravy, family size, frozen, unprepared","Meals, Entrees, and Side Dishes",155.3,6.89,11.1,6.96,0.5865929227911705,,4.49
169784,"JIMMY DEAN, Sausage, Egg, and Cheese Breakfast Biscuit, frozen, unprepared","Meals, Entrees, and Side Dishes",327.5,9.29,22.9,21.07,2.3111793819048,,6.29
169785,"Infant formula, GERBER, GOOD START, PROTECT PLUS, powder",Baby Foods,508.1,11.3,26.1,57.0,,,
169786,"Infant Formula, GERBER GOOD START 2, GENTLE PLUS, powder",Baby Foods,497.5,10.8,25.1,57.1,,,
169787,"Infant formula, GERBER, GOOD START 2, PROTECT PLUS, powder",Baby Foods,500.9,11.1,25.7,56.3,6.346491233968508,,22.49
169788,"Infant formula, MEAD JOHNSON, ENFAMIL, ENFAGROW, Soy, Toddler transitions, with ARA and DHA,  powder",Baby Foods,475.8,15.7,21.0,56.0,,,
169789,"Infant formula, MEAD JOHNSON, ENFAMIL, Premature, 24 calories ready-to-feed Low iron",Baby Foods,66.7,1.97,3.34,7.19,,,
169790,"Infant Formula, MEAD JOHNSON, ENFAMIL, Premium, Infant, ready-to-feed",Baby Foods,66.4,1.38,3.48,7.39,,,
169791,"Infant Formula, MEAD JOHNSON, ENFAMIL, Premium, Infant, powder",Baby Foods,514.2,10.8,27.0,57.0,,,
169792,"Babyfood, GERBER, Banana with orange medley",Baby Foods,85.9,1.06,0.0,20.41,1.6666947021176743,2 packs,1.89
169793,"Bear, black, meat (Alaska Native)",American Indian/Alaska Native Foods,155.1,20.1,8.3,0.0,1.9365405110319645,,5.49
169794,"Bear, polar, meat, raw (Alaska Native)",American Indian/Alaska Native Foods,130.3,25.6,3.1,0.0,1.2610441396974998,8 pk,4.29
169795,"Whale, beluga, meat, dried (Alaska Native)",American Indian/Alaska Native Foods,327.5,69.86,5.34,0.0,,1.5 l,18.99
169796,"Whale, beluga, eyes (Alaska Native)",American Indian/Alaska Native Foods,288.1,19.6,23.3,0.0,,1.5 l,18.99
169797,"Whale, beluga, meat, raw (Alaska Native)",American Indian/Alaska Native Foods,110.5,26.5,0.5,0.0,,1.5 l,18.99
169798,"Fish, blackfish, whole (Alaska Native)",American Indian/Alaska Native Foods,77.8,15.5,1.75,0.0,5.117931206502758,,3.99
169799,"Blueberries, wild, frozen (Alaska Native)",American Indian/Alaska Native Foods,44.4,0.7,0.0,10.4,0.7199188725382201,,3.49
169800,"Caribou, bone marrow, raw (Alaska Native)",American Indian/Alaska Native Foods,786.4,6.7,84.4,0.0,,,
169801,"Caribou, eye, raw (Alaska Native)",American Indian/Alaska Native Foods,325.8,10.8,31.4,0.0,5640.306515737907,,15.99
169802,"Cloudberries, raw (Alaska Native)",American Indian/Alaska Native Foods,51.2,2.4,0.8,8.6,,,
169803,"Cockles, raw (Alaska Native)",American Indian/Alaska Native Foods,79.1,13.5,0.7,4.7,,,
169804,"Cranberries, wild, bush, raw (Alaska Native)",American Indian/Alaska Native Foods,55.4,1.1,0.2,12.3,,,
169805,"Cranberry, low bush or lingenberry, raw (Alaska Native)",American Indian/Alaska Native Foods,54.9,0.4,0.5,12.2,,,
169806,"Fish, herring eggs, Pacific, plain (Alaska Native)",American Indian/Alaska Native Foods,73.6,9.6,1.93,4.47,2.1129103207798665,,5.99
169807,"Fish, herring, Pacific, flesh, air-dried, packed in oil (Alaska Native)",American Indian/Alaska Native Foods,489.4,44.5,34.6,0.0,1.1193603925333517,,1.19
169808,"Huckleberries, raw (Alaska Native)",American Indian/Alaska Native Foods,37.3,0.4,0.1,8.7,,,
169809,"Fish, lingcod, meat, raw (Alaska Native)",American Indian/Alaska Native Foods,78.8,17.9,0.8,0.0,,,
169810,"Fish, lingcod, liver (Alaska Native)",American Indian/Alaska Native Foods,424.4,5.6,42.0,6.0,,,
169811,"Tennis Bread, plain (Apache)",American Indian/Alaska Native Foods,258.5,9.0,1.05,53.26,,,
169812,"Fish, halibut, cooked, with skin (Alaska Native)",American Indian/Alaska Native Foods,113.1,22.13,2.73,0.0,,12 ounces,17.99
169813,"Salmon, red (sockeye), filets with skin, smoked (Alaska Native)",American Indian/Alaska Native Foods,345.4,60.62,11.43,0.0,,2 ct / 11 ounces,5.0
169814,"Agave, raw (Southwest)",American Indian/Alaska Native Foods,68.4,0.52,0.15,16.23,1.2374487192041992,,6.49
169815,"Lambsquarters, steamed (Northern Plains Indians)",American Indian/Alaska Native Foods,47.6,4.06,0.16,7.47,,,
169816,"Prickly pears, raw (Northern Plains Indians)",American Indian/Alaska Native Foods,42.2,0.12,0.11,10.17,,12 bottle / 12 fl. oz,19.99
169817,"Prickly pears, broiled (Northern Plains Indians)",American Indian/Alaska Native Foods,90.6,0.39,0.31,21.57,,,
169818,"Prairie Turnips, raw (Northern Plains Indians)",American Indian/Alaska Native Foods,156.4,2.62,0.36,35.67,,,
169819,"Stinging Nettles, blanched (Northern Plains Indians)",American Indian/Alaska Native Foods,41.8,2.71,0.11,7.49,,,
169820,"Plums, wild (Northern Plains Indians)",American Indian/Alaska Native Foods,91.0,0.43,0.17,21.95,,,
169821,"Pinon Nuts, roasted (Navajo)",American Indian/Alaska Native Foods,540.6,7.41,34.08,51.06,3.518577704470646,,3.99
169822,"Caribou, hind quarter, meat, cooked (Alaska Native)",American Indian/Alaska Native Foods,158.6,28.81,4.82,0.0,,,
169823,"Agutuk, fish with shortening (Alaskan ice cream) (Alaska Native)",American Indian/Alaska Native Foods,469.5,9.0,43.5,10.5,,,
169824,"Sea lion, Steller, meat with fat (Alaska Native)",American Indian/Alaska Native Foods,242.4,22.1,14.65,5.55,,,
169825,"Sea lion, Steller, fat (Alaska Native)",American Indian/Alaska Native Foods,849.6,0.9,94.0,0.0,,,
169826,"Wocas, dried seeds, Oregon, yellow pond lily (Klamath)",American Indian/Alaska Native Foods,361.3,7.9,1.07,80.02,2.814862163576517,,3.99
169827,"Hazelnuts, beaked (Northern Plains Indians)",American Indian/Alaska Native Foods,628.4,14.89,52.99,22.98,,,
169828,"Tea, herbal, brewed, Hohoysi (Hopi)",American Indian/Alaska Native Foods,2.3,0.12,0.2,0.0,,20 ct,3.79
169829,"Tortilla, blue corn, Sakwavikaviki (Hopi)",American Indian/Alaska Native Foods,276.4,7.83,1.4,58.12,1.613783759193304,,5.49
169830,"Bread, blue corn, somiviki (Hopi)",American Indian/Alaska Native Foods,185.5,3.1,1.53,39.84,2.2382932218915568,12 ct,3.49
169831,"APPLEBEE'S, 9 oz house sirloin steak",Restaurant Foods,189.1,26.85,9.08,0.0,,,
169832,"T.G.I. FRIDAY'S, FRIDAY'S Shrimp, breaded",Restaurant Foods,302.1,11.87,19.02,20.87,,,
169833,"T.G.I. FRIDAY'S, french fries",Restaurant Foods,295.9,3.74,14.82,36.9,0.40675287373109914,,3.69
169834,"T.G.I. FRIDAY'S, fried mozzarella",Restaurant Foods,333.4,15.82,18.76,25.33,,,
169835,"T.G.I. FRIDAY'S, macaroni & cheese, from kid's menu",Restaurant Foods,120.8,5.03,3.45,17.4,,,
169836,"Restaurant, family style, french fries",Restaurant Foods,289.1,3.49,14.04,37.2,0.5271497646909518,,2.69
169837,"Restaurant, family style, chicken fingers, from kid's menu",Restaurant Foods,306.8,18.68,17.45,18.77,0.5271497646909518,,2.69
169838,"Restaurant, family style, shrimp, breaded and fried",Restaurant Foods,307.9,12.67,18.67,22.29,0.5271497646909518,,2.69
169839,"Restaurant, family style, macaroni & cheese, from kids' menu",Restaurant Foods,151.4,5.42,6.06,18.8,0.5271497646909518,,2.69
169840,"APPLEBEE'S, crunchy onion rings",Restaurant Foods,355.5,4.58,19.61,40.17,1.5651187561332345,,5.99
169841,"APPLEBEE'S, chicken tenders platter",Restaurant Foods,296.6,19.62,16.24,17.98,2.9740359168739983,,13.49
169842,"CRACKER BARREL, chicken tenderloin platter, fried",Restaurant Foods,292.7,18.06,15.48,20.29,2.042691146652024,,22.99
169843,"CRACKER BARREL, coleslaw",Restaurant Foods,174.6,0.89,13.22,13.01,,,
169844,"DENNY'S, onion rings",Restaurant Foods,385.4,5.29,22.23,41.05,0.8796444261176615,,3.99
169845,"DENNY'S, spaghetti and meatballs",Restaurant Foods,170.1,7.84,8.52,15.51,,,
169846,"Restaurant, family style, fish fillet, battered or breaded, fried",Restaurant Foods,218.6,13.49,10.79,16.89,0.5271497646909518,,2.69
169847,"Restaurant, family style, chicken tenders",Restaurant Foods,302.4,18.88,16.63,19.29,0.5271497646909518,,2.69
169848,"Restaurant, family style, hash browns",Restaurant Foods,197.2,2.49,8.99,26.59,0.5271497646909518,,2.69
169849,"CRACKER BARREL, macaroni n' cheese",Restaurant Foods,194.2,6.49,11.75,15.61,0.8560388326788417,,1.99
169850,"Restaurant, Italian, lasagna with meat",Restaurant Foods,185.0,10.83,10.69,11.36,0.5930434852773206,,2.69
169851,"OLIVE GARDEN, lasagna classico",Restaurant Foods,184.0,11.28,10.84,10.33,,,
169852,"OLIVE GARDEN, spaghetti with pomodoro sauce",Restaurant Foods,102.2,4.26,1.85,17.14,1.0511640660974961,,1.49
169853,"CARRABBA'S ITALIAN GRILL, spaghetti with pomodoro sauce",Restaurant Foods,104.0,3.42,1.75,18.63,,,
169854,"ON THE BORDER, cheese enchilada",Restaurant Foods,271.1,11.67,17.74,16.2,2.347678134199852,,5.99
169855,"Restaurant, Mexican, cheese enchilada",Restaurant Foods,273.0,11.24,18.47,15.45,1.4308000815798554,,6.49
169856,"Restaurant, Mexican, cheese tamales",Restaurant Foods,215.8,8.99,11.99,17.97,1.4308000815798554,,6.49
169857,"CARRABBA'S ITALIAN GRILL, chicken parmesan without cavatappi pasta",Restaurant Foods,205.8,19.0,10.95,7.8,,,
169858,"OLIVE GARDEN, chicken parmigiana without pasta",Restaurant Foods,211.5,15.33,11.23,12.28,1.7601707012840624,,4.99
169859,"Cereals ready-to-eat, POST, HONEY BUNCHES OF OATS, with almonds",Breakfast Cereals,414.9,7.7,7.3,79.6,0.8805892643841681,,6.99
169860,"Margarine-like, vegetable oil spread, stick or tub, sweetened",Fats and Oils,534.8,0.0,52.0,16.7,1.055867261024107,,4.49
169861,"Snacks, popcorn, home-prepared, oil-popped, unsalted",Snacks,521.3,9.0,28.1,58.1,2.14289318843701,,7.29
169862,"Cereals ready-to-eat, POST, GREAT GRAINS Crunchy Pecan Cereal",Breakfast Cereals,422.5,9.0,10.5,73.0,0.8805892643841681,,6.99
169863,"Snacks, granola bar, with coconut, chocolate coated",Snacks,531.4,5.2,32.2,55.2,,8 ct,3.49
169864,"Babyfood, vegetable and brown rice, strained",Baby Foods,69.5,1.9,1.5,12.1,,,
169865,"Babyfood, peas and brown rice",Baby Foods,64.1,3.4,0.5,11.49,1.6666947021176743,2 packs,1.89
169866,"Frankfurter, meat and poultry, low fat",Sausages and Luncheon Meats,120.8,15.5,2.8,8.4,,,
169867,"Oil, corn and canola",Fats and Oils,900.0,0.0,100.0,0.0,0.32995851907003343,,4.49
169868,"Milk, fluid, nonfat, calcium fortified (fat free or skim)",Dairy and Egg Products,34.6,3.4,0.18,4.85,3.5173179201153038,,3.49
169869,"Peanut butter, reduced sodium",Legumes and Legume Products,632.4,24.0,49.9,21.83,1.8373133224172755,,5.99
169870,"Cereals ready-to-eat, POST GREAT GRAINS Banana Nut Crunch",Breakfast Cereals,402.0,9.8,8.8,70.9,,,
169871,"Babyfood, carrots, toddler",Baby Foods,26.0,0.6,0.3,5.23,1.1375852728739684,,1.29
169872,"Babyfood, dessert, banana pudding, strained",Baby Foods,67.8,1.0,0.8,14.14,1.4638694209075873,,2.49
169873,"Babyfood, fruit, tutti frutti, strained",Baby Foods,66.2,0.4,0.3,15.48,17.62816248430281,16 ct,19.99
169874,"Babyfood, fruit, tutti frutti, junior",Baby Foods,69.2,0.4,0.4,16.0,1.2257701777479193,,1.39
169875,"Salad dressing, sweet and sour",Fats and Oils,15.2,0.1,0.0,3.7,1.4589644617015805,,6.99
169876,"Salad dressing, blue or roquefort cheese, low calorie",Fats and Oils,96.8,5.1,7.2,2.9,,,
169877,"Salad dressing, caesar, low calorie",Fats and Oils,115.2,0.3,4.4,18.6,0.8135057474621983,,3.69
169878,"Syrups, sugar free",Sweets,51.2,0.8,0.0,11.99,,24 oza,4.29
169879,"Jellies, no sugar (with sodium saccharin), any flavors",Sweets,120.6,0.55,0.0,29.6,,,
169880,"Candies, hard, dietetic or low calorie (sorbitol)",Sweets,394.4,0.0,0.0,98.6,1.6875063396679268,,2.99
169881,"Candies, chocolate covered, low sugar or low calorie",Sweets,589.7,12.39,43.27,37.68,1.7068046104635681,,1.5
169882,"Chewing gum, sugarless",Sweets,382.8,0.0,0.4,94.8,,35 ct,5.49
169883,"Fluid replacement, electrolyte solution (include PEDIALYTE)",Baby Foods,9.8,0.0,0.0,2.45,0.5729409795952558,,5.49
169884,"Vermicelli, made from soy",Legumes and Legume Products,330.6,0.1,0.1,82.32,,,
169885,"Beans, liquid from stewed kidney beans",Legumes and Legume Products,47.2,1.8,3.2,2.8,,,
169886,"Chicken, meatless",Legumes and Legume Products,223.7,23.64,12.73,3.64,2.2772101966089666,,9.49
169887,"Frankfurter, meatless",Legumes and Legume Products,232.8,19.61,13.73,7.7,,,
169888,Vegetarian meatloaf or patties,Legumes and Legume Products,197.0,21.0,9.0,8.0,4.127196357663457,,2.89
169889,"Radishes, hawaiian style, pickled",Vegetables and Vegetable Products,27.9,1.1,0.3,5.2,,1 ea,
169890,"Cabbage, japanese style, fresh, pickled",Vegetables and Vegetable Products,30.0,1.6,0.1,5.67,,,
169891,"Cabbage, mustard, salted",Vegetables and Vegetable Products,27.8,1.1,0.1,5.63,0.2843963182184921,1 lb,1.29
169892,"Eggplant, pickled",Vegetables and Vegetable Products,49.0,0.9,0.7,9.77,,,
169893,"Bacon bits, meatless",Legumes and Legume Products,475.5,32.0,25.9,28.6,2.6925790954846383,,2.29
169894,"Butter replacement, without fat, powder",Fats and Oils,373.0,2.0,1.0,89.0,0.8442234893266245,,3.59
169895,"Salad dressing, buttermilk, lite",Fats and Oils,202.1,1.25,12.42,21.33,0.5489510328403452,,2.49
169896,"Sweeteners, tabletop, fructose, dry, powder",Sweets,400.0,0.0,0.0,100.0,,,
169897,"Beverage, instant breakfast powder, chocolate, sugar-free, not reconstituted",Dairy and Egg Products,353.1,35.8,5.1,41.0,17.608985766893714,10 pk,6.29
169898,"Yogurt, fruit variety, nonfat",Dairy and Egg Products,95.4,4.4,0.2,19.0,12.083851536441975,9 pack,11.99
169899,"Whipped cream substitute, dietetic, made from powdered mix",Dairy and Egg Products,100.0,0.9,6.0,10.6,0.9656247083697638,,2.19
169900,"Frozen novelties, ice cream type, sundae, prepackaged",Sweets,189.8,4.3,6.0,29.64,1.651262343764733,,7.49
169901,"Cheese, american cheddar, imitation",Dairy and Egg Products,239.2,16.7,14.0,11.6,0.820707514693571,,3.49
169902,"Quail, cooked, total edible",Poultry Products,227.3,25.1,14.1,0.0,,4 qt,89.99
169903,"Pheasant, cooked, total edible",Poultry Products,238.5,32.4,12.1,0.0,,,
169904,"Eggs, scrambled, frozen mixture",Dairy and Egg Products,132.8,13.1,5.6,7.5,3.2804784613109783,,2.79
169905,"Dove, cooked (includes squab)",Poultry Products,212.6,23.9,13.0,0.0,,,
169906,"Pork, cured, ham, boneless, low sodium, extra lean and regular, roasted",Pork Products,159.3,22.0,7.7,0.5,1.613783759193304,,5.49
169907,"Longans, dried",Fruits and Fruit Juices,319.2,4.9,0.4,74.0,,1.75 l,25.99
169908,"Loquats, raw",Fruits and Fruit Juices,52.1,0.43,0.2,12.14,,,
169909,"Mammy-apple, (mamey), raw",Fruits and Fruit Juices,56.5,0.5,0.5,12.5,,,
169910,"Mangos, raw",Fruits and Fruit Juices,66.6,0.82,0.38,14.98,1.2684516717069116,,8.99
169911,"Melons, honeydew, raw",Fruits and Fruit Juices,39.8,0.54,0.14,9.09,,1 ct,4.49
169912,"Melon balls, frozen",Fruits and Fruit Juices,37.4,0.84,0.25,7.94,,,
169913,"Mulberries, raw",Fruits and Fruit Juices,48.5,1.44,0.39,9.8,,,
169914,"Nectarines, raw",Fruits and Fruit Juices,49.3,1.06,0.32,10.55,1.2374487192041992,,6.49
169915,"Oheloberries, raw",Fruits and Fruit Juices,30.9,0.38,0.22,6.84,,,
169916,"Oranges, raw, California, valencias",Fruits and Fruit Juices,54.4,1.04,0.3,11.89,0.9689316423025368,,8.79
169917,"Oranges, raw, navels (Includes foods for USDA's Food Distribution Program)",Fruits and Fruit Juices,55.2,0.91,0.15,12.54,0.9689316423025368,,8.79
169918,"Oranges, raw, Florida",Fruits and Fruit Juices,50.8,0.7,0.21,11.54,0.9689316423025368,,8.79
169919,"Oranges, raw, with peel",Fruits and Fruit Juices,69.9,1.3,0.3,15.5,0.9689316423025368,,8.79
169920,"Orange juice, chilled, includes from concentrate, with added calcium",Fruits and Fruit Juices,48.9,0.68,0.12,11.27,0.29833401716679026,,4.99
169921,"Orange juice, frozen concentrate, unsweetened, diluted with 3 volume water, with added calcium",Fruits and Fruit Juices,36.8,0.6,0.06,8.47,0.9670944567843297,,3.29
169922,"Orange juice, frozen concentrate, unsweetened, undiluted, with added calcium",Fruits and Fruit Juices,147.3,2.4,0.25,33.86,0.9670944567843297,,3.29
169923,"Orange juice, frozen concentrate, unsweetened, undiluted",Fruits and Fruit Juices,152.6,2.4,0.25,35.19,0.9670944567843297,,3.29
169924,"Tangerines, (mandarin oranges), canned, light syrup pack",Fruits and Fruit Juices,67.5,0.45,0.1,16.19,0.8240597919284955,1 jar,5.49
169925,"Tangerine juice, raw",Fruits and Fruit Juices,44.2,0.5,0.2,10.1,0.20282528121008736,,2.99
169926,"Papayas, raw",Fruits and Fruit Juices,47.5,0.47,0.26,10.82,0.8072532931412173,,3.49
169927,"Papaya, canned, heavy syrup, drained",Fruits and Fruit Juices,228.8,0.14,0.55,55.83,0.8072532931412173,,3.49
169928,"Peaches, yellow, raw",Fruits and Fruit Juices,44.0,0.91,0.25,9.54,0.39462744931093086,1 lb,1.79
169929,"Peaches, canned, water pack, solids and liquids",Fruits and Fruit Juices,26.7,0.44,0.06,6.11,0.6222095583237462,,2.69
169930,"Peaches, canned, juice pack, solids and liquids",Fruits and Fruit Juices,49.1,0.63,0.03,11.57,0.6222095583237462,,2.69
169931,"Peaches, canned, extra light syrup, solids and liquids (Includes foods for USDA's Food Distribution Program)",Fruits and Fruit Juices,46.9,0.4,0.1,11.1,0.6222095583237462,,2.69
169932,"Peaches, dehydrated (low-moisture), sulfured, uncooked",Fruits and Fruit Juices,361.6,4.89,1.03,83.18,,,
169933,"Peaches, dehydrated (low-moisture), sulfured, stewed",Fruits and Fruit Juices,148.4,2.01,0.42,34.14,0.41152955607843816,,0.7
169934,"Peaches, dried, sulfured, uncooked",Fruits and Fruit Juices,266.6,3.61,0.76,61.33,13.0916790207157,,12.99
169935,"Peaches, dried, sulfured, stewed, without added sugar",Fruits and Fruit Juices,85.6,1.16,0.25,19.69,13.0916790207157,,12.99
169936,"Pears, canned, juice pack, solids and liquids",Fruits and Fruit Juices,53.8,0.34,0.07,12.94,0.4354509785499927,,1.79
169937,"Pears, canned, extra light syrup pack, solids and liquids (Includes foods for USDA's Food Distribution Program)",Fruits and Fruit Juices,50.9,0.3,0.1,12.2,0.4354509785499927,,1.79
169938,"Pears, canned, light syrup pack, solids and liquids",Fruits and Fruit Juices,61.7,0.19,0.03,15.17,0.4354509785499927,,1.79
169939,"Pears, canned, heavy syrup pack, solids and liquids",Fruits and Fruit Juices,78.6,0.2,0.13,19.17,0.4354509785499927,,1.79
169940,"Pear nectar, canned, without added ascorbic acid",Fruits and Fruit Juices,63.6,0.11,0.01,15.76,0.4354509785499927,,1.79
169941,"Persimmons, japanese, raw",Fruits and Fruit Juices,78.4,0.58,0.19,18.59,,,
169942,"Persimmons, japanese, dried",Fruits and Fruit Juices,304.6,1.38,0.59,73.43,,,
169943,"Persimmons, native, raw",Fruits and Fruit Juices,140.8,0.8,0.4,33.5,18.62198972357094,,13.99
169944,"Pineapple, canned, heavy syrup pack, solids and liquids",Fruits and Fruit Juices,83.2,0.35,0.11,20.2,0.4038868643226957,,2.29
169945,"Pineapple, canned, extra heavy syrup pack, solids and liquids",Fruits and Fruit Juices,88.4,0.34,0.11,21.5,0.4038868643226957,,2.29
169946,"Pineapple, frozen, chunks, sweetened",Fruits and Fruit Juices,91.3,0.4,0.1,22.2,0.9670944567843297,,3.29
169947,"Pineapple juice, canned or bottled, unsweetened, without added ascorbic acid",Fruits and Fruit Juices,54.0,0.36,0.12,12.87,0.4038868643226957,,2.29
169948,"Pineapple juice, frozen concentrate, unsweetened, undiluted",Fruits and Fruit Juices,183.3,1.3,0.1,44.3,0.9670944567843297,,3.29
169949,"Plums, raw",Fruits and Fruit Juices,51.0,0.7,0.28,11.42,,,
169950,"Plums, canned, purple, water pack, solids and liquids",Fruits and Fruit Juices,45.8,0.39,0.01,11.03,0.43966474001441297,,3.49
169951,"Plums, canned, purple, juice pack, solids and liquids",Fruits and Fruit Juices,62.8,0.51,0.02,15.15,0.43966474001441297,,3.49
169952,"Plums, canned, purple, light syrup pack, solids and liquids",Fruits and Fruit Juices,67.5,0.37,0.1,16.28,0.43966474001441297,,3.49
169953,"Lima beans, immature seeds, frozen, fordhook, unprepared",Vegetables and Vegetable Products,108.1,6.4,0.35,19.83,0.4828123541848819,,2.19
169954,"Lima beans, immature seeds, frozen, fordhook, cooked, boiled, drained, without salt",Vegetables and Vegetable Products,104.6,6.07,0.34,19.32,0.4828123541848819,,2.19
169955,"Lima beans, immature seeds, frozen, baby, unprepared",Vegetables and Vegetable Products,134.9,7.59,0.44,25.14,,,
169956,"Lima beans, immature seeds, frozen, baby, cooked, boiled, drained, without salt",Vegetables and Vegetable Products,107.1,6.65,0.3,19.45,0.4828123541848819,,2.19
169957,"Mung beans, mature seeds, sprouted, raw",Vegetables and Vegetable Products,37.5,3.04,0.18,5.94,1.1264151849232678,4 ct,4.79
169958,"Beans, pinto, immature seeds, frozen, unprepared",Vegetables and Vegetable Products,173.7,9.8,0.5,32.5,0.39462744931093086,,1.79
169959,"Beans, pinto, immature seeds, frozen, cooked, boiled, drained, without salt",Vegetables and Vegetable Products,165.0,9.31,0.48,30.87,0.39462744931093086,,1.79
169960,"Beans, shellie, canned, solids and liquids",Vegetables and Vegetable Products,33.5,1.76,0.19,6.19,0.39271677637199526,,1.67
169961,"Beans, snap, green, raw",Vegetables and Vegetable Products,37.2,1.83,0.22,6.97,1.8915662095462495,,4.29
169962,"Beans, snap, green, frozen, all styles, unprepared (Includes foods for USDA's Food Distribution Program)",Vegetables and Vegetable Products,39.2,1.79,0.21,7.54,1.8915662095462495,,4.29
169963,"Beans, snap, green, frozen, cooked, boiled, drained without salt",Vegetables and Vegetable Products,33.3,1.49,0.17,6.45,1.8915662095462495,,4.29
169964,"Beans, snap, green, frozen, all styles, microwaved",Vegetables and Vegetable Products,39.5,1.98,0.41,6.98,1.8915662095462495,,4.29
169965,"Beans, snap, green, microwaved",Vegetables and Vegetable Products,39.4,2.31,0.5,6.41,1.8915662095462495,,4.29
169966,"Beets, canned, drained solids",Vegetables and Vegetable Products,33.7,0.91,0.14,7.21,0.23280814886723072,,0.99
169967,"Broccoli, cooked, boiled, drained, without salt",Vegetables and Vegetable Products,41.9,2.38,0.41,7.18,1.173447134189375,,4.99
169968,"Broccoli, frozen, chopped, unprepared",Vegetables and Vegetable Products,33.0,2.81,0.29,4.78,0.6410902608296758,,2.29
169969,"Broccoli, frozen, chopped, cooked, boiled, drained, without salt",Vegetables and Vegetable Products,34.9,3.1,0.12,5.35,0.6410902608296758,,2.29
169970,"Broccoli, frozen, spears, unprepared (Includes foods for USDA's Food Distribution Program)",Vegetables and Vegetable Products,36.7,3.06,0.34,5.35,0.6410902608296758,,2.29
169971,"Brussels sprouts, cooked, boiled, drained, without salt",Vegetables and Vegetable Products,43.1,2.55,0.5,7.1,1.466808917736719,,4.99
169972,"Brussels sprouts, frozen, unprepared",Vegetables and Vegetable Products,50.2,3.78,0.41,7.86,0.7479386376346217,,2.29
169973,"Brussels sprouts, frozen, cooked, boiled, drained, without salt",Vegetables and Vegetable Products,51.4,3.64,0.39,8.32,0.7479386376346217,,2.29
169974,"Burdock root, raw",Vegetables and Vegetable Products,76.8,1.53,0.15,17.34,,,
169975,"Cabbage, raw",Vegetables and Vegetable Products,29.2,1.28,0.1,5.8,0.2843963182184921,1 lb,1.29
169976,"Cabbage, cooked, boiled, drained, without salt",Vegetables and Vegetable Products,27.7,1.27,0.06,5.51,0.36184257741827647,,1.59
169977,"Cabbage, red, raw",Vegetables and Vegetable Products,36.6,1.43,0.16,7.37,0.806891879596652,,5.49
169978,"Cabbage, red, cooked, boiled, drained, without salt",Vegetables and Vegetable Products,34.6,1.51,0.09,6.94,0.806891879596652,,5.49
169979,"Cabbage, chinese (pe-tsai), raw",Vegetables and Vegetable Products,19.5,1.2,0.2,3.23,,,
169980,"Cabbage, chinese (pe-tsai), cooked, boiled, drained, without salt",Vegetables and Vegetable Products,17.2,1.5,0.17,2.41,,,
169981,"Cardoon, raw",Vegetables and Vegetable Products,20.0,0.7,0.1,4.07,,,
169982,"Cardoon, cooked, boiled, drained, without salt",Vegetables and Vegetable Products,25.4,0.76,0.11,5.33,,,
169983,"Carrots, frozen, unprepared (Includes foods for USDA's Food Distribution Program)",Vegetables and Vegetable Products,38.9,0.78,0.46,7.9,0.9778726118244793,,4.99
169984,"Carrots, frozen, cooked, boiled, drained, without salt",Vegetables and Vegetable Products,39.4,0.58,0.68,7.73,0.9778726118244793,,4.99
169985,"Cassava, raw",Vegetables and Vegetable Products,160.2,1.36,0.28,38.06,2.9559580113748387,,4.19
169986,"Cauliflower, raw",Vegetables and Vegetable Products,30.1,1.92,0.28,4.97,,1 ct,4.49
169987,"Celeriac, cooked, boiled, drained, without salt",Vegetables and Vegetable Products,29.2,0.96,0.19,5.9,1.4603559394905183,,20.99
169988,"Celery, raw",Vegetables and Vegetable Products,16.2,0.69,0.17,2.97,,1 ct,2.19
169989,"Celery, cooked, boiled, drained, without salt",Vegetables and Vegetable Products,20.8,0.83,0.16,4.0,,1 ct,2.19
169990,"Celtuce, raw",Vegetables and Vegetable Products,20.7,0.85,0.3,3.65,1.8220825862231538,,7.49
169991,"Chard, swiss, raw",Vegetables and Vegetable Products,24.0,1.8,0.2,3.74,,1 ct,2.49
169992,"Chicory greens, raw",Vegetables and Vegetable Products,28.3,1.7,0.3,4.7,,,
169993,"Chicory roots, raw",Vegetables and Vegetable Products,77.4,1.4,0.2,17.51,,,
169994,"Chives, raw",Vegetables and Vegetable Products,37.0,3.27,0.73,4.35,,,
169995,"Chrysanthemum, garland, raw",Vegetables and Vegetable Products,30.6,3.36,0.56,3.02,,,
169996,"Collards, frozen, chopped, cooked, boiled, drained, without salt",Vegetables and Vegetable Products,44.0,2.97,0.41,7.1,,,
169997,"Coriander (cilantro) leaves, raw",Vegetables and Vegetable Products,27.9,2.13,0.52,3.67,,1 ct,1.29
169998,"Corn, sweet, yellow, raw",Vegetables and Vegetable Products,100.0,3.27,1.35,18.7,0.2058611549844365,,0.89
169999,"Corn, sweet, yellow, cooked, boiled, drained, without salt",Vegetables and Vegetable Products,111.1,3.41,1.5,20.98,0.2058611549844365,,0.89
170000,"Onions, raw",Vegetables and Vegetable Products,42.7,1.1,0.1,9.34,0.43871990174790637,1 lb,1.99
170001,"Onions, cooked, boiled, drained, without salt",Vegetables and Vegetable Products,47.8,1.36,0.19,10.15,2.200213376605078,,4.99
170002,"Onions, dehydrated flakes",Vegetables and Vegetable Products,373.1,8.95,0.46,83.28,2.0803305118295854,,7.49
170003,"Onions, canned, solids and liquids",Vegetables and Vegetable Products,20.3,0.85,0.09,4.02,0.9898755572101003,,4.49
170004,"Onions, yellow, sauteed",Vegetables and Vegetable Products,132.4,0.95,10.8,7.86,0.2623500920000043,1 lb,1.19
170005,"Onions, spring or scallions (includes tops and bulb), raw",Vegetables and Vegetable Products,38.4,1.83,0.19,7.34,,1 ct,1.79
170006,"Onions, young green, tops only",Vegetables and Vegetable Products,31.1,0.97,0.47,5.74,,1 ct,1.79
170007,"Onions, welsh, raw",Vegetables and Vegetable Products,37.2,1.9,0.4,6.5,,,
170008,"Onions, sweet, raw",Vegetables and Vegetable Products,34.1,0.8,0.08,7.55,1.7578191038207573,,2.99
170009,"Parsnips, cooked, boiled, drained, without salt",Vegetables and Vegetable Products,76.0,1.32,0.3,17.01,,,
170010,"Peas, edible-podded, raw",Vegetables and Vegetable Products,43.2,2.8,0.2,7.55,0.20023160753732408,,5.79
170011,"Peas, edible-podded, boiled, drained, without salt",Vegetables and Vegetable Products,43.4,3.27,0.23,7.05,0.20023160753732408,,5.79
170012,"Peas, edible-podded, frozen, unprepared",Vegetables and Vegetable Products,42.7,2.8,0.3,7.2,,,
170013,"Peas, green (includes baby and lesuer types), canned, drained solids, unprepared",Vegetables and Vegetable Products,70.5,4.47,0.8,11.36,,,
170014,"Peas, green, canned, seasoned, solids and liquids",Vegetables and Vegetable Products,51.8,3.09,0.27,9.25,0.36743710364146265,,1.25
170015,"Peas, green, canned, drained solids, rinsed in tap water",Vegetables and Vegetable Products,73.2,4.33,0.95,11.82,0.36743710364146265,,1.25
170016,"Peas, green, frozen, unprepared (Includes foods for USDA's Food Distribution Program)",Vegetables and Vegetable Products,79.0,5.22,0.4,13.62,0.36743710364146265,,1.25
170017,"Peas, green, frozen, cooked, boiled, drained, without salt",Vegetables and Vegetable Products,80.1,5.15,0.27,14.26,0.36743710364146265,,1.25
170018,"Peas and carrots, frozen, cooked, boiled, drained, without salt",Vegetables and Vegetable Products,56.6,3.09,0.42,10.12,2.1295629121188546,,6.49
170019,"Peas and onions, canned, solids and liquids",Vegetables and Vegetable Products,50.8,3.28,0.38,8.57,,,
170020,"Peas and onions, frozen, unprepared",Vegetables and Vegetable Products,72.8,3.98,0.32,13.51,0.7319347104537937,,2.49
170021,"Peas and onions, frozen, cooked, boiled, drained, without salt",Vegetables and Vegetable Products,46.5,2.54,0.2,8.63,0.7319347104537937,,2.49
170022,"Peppers, sweet, green, frozen, chopped, unprepared",Vegetables and Vegetable Products,24.0,1.08,0.21,4.45,1.100106688302539,,4.99
170023,"Peppers, sweet, green, frozen, chopped, boiled, drained, without salt",Vegetables and Vegetable Products,21.0,0.95,0.18,3.9,1.100106688302539,,4.99
170024,"Peppers, sweet, green, sauteed",Vegetables and Vegetable Products,126.6,0.78,11.85,4.22,1.100106688302539,,4.99
170025,"Pigeonpeas, immature seeds, raw",Vegetables and Vegetable Products,139.1,7.2,1.64,23.88,,,
170026,"Potatoes, flesh and skin, raw",Vegetables and Vegetable Products,79.0,2.05,0.09,17.49,1.9215675775330867,,7.79
170027,"Potatoes, russet, flesh and skin, raw (Includes foods for USDA's Food Distribution Program)",Vegetables and Vegetable Products,81.6,2.14,0.08,18.07,0.2182576395630288,1 lb,0.99
170028,"Potatoes, white, flesh and skin, raw",Vegetables and Vegetable Products,70.5,1.68,0.1,15.71,0.4828123541848819,1 lb,2.19
170029,"Potatoes, red, flesh and skin, raw",Vegetables and Vegetable Products,72.4,1.89,0.14,15.9,1.1832810872177428,,3.69
170030,"Potatoes, Russet, flesh and skin, baked",Vegetables and Vegetable Products,97.4,2.63,0.13,21.44,0.2182576395630288,1 lb,0.99
170031,"Potatoes, roasted, salt added in processing, frozen, unprepared",Vegetables and Vegetable Products,129.8,2.22,1.81,26.15,2.1295629121188546,,6.49
170032,"Potatoes, raw, skin",Vegetables and Vegetable Products,60.9,2.57,0.1,12.44,,,
170033,"Potatoes, baked, flesh, without salt",Vegetables and Vegetable Products,94.9,1.96,0.1,21.55,1.353977462526202,,4.99
170034,"Potatoes, baked, skin, without salt",Vegetables and Vegetable Products,202.3,4.29,0.1,46.06,1.353977462526202,,4.99
170035,"Potatoes, microwaved, cooked in skin, skin, without salt",Vegetables and Vegetable Products,137.0,4.39,0.1,29.63,1.0542995293819035,,2.69
170036,"Potatoes, hash brown, home-prepared",Vegetables and Vegetable Products,265.1,3.0,12.52,35.11,0.625524925239226,,3.99
170037,"Potatoes, mashed, home-prepared, whole milk and margarine added",Vegetables and Vegetable Products,113.4,1.96,4.2,16.94,1.3227735731092654,,1.5
170038,"Potatoes, scalloped, home-prepared with butter",Vegetables and Vegetable Products,87.7,2.87,3.68,10.78,1.6270114949243966,,3.69
170039,"Potatoes, mashed, dehydrated, granules without milk, dry form",Vegetables and Vegetable Products,379.8,8.22,0.54,85.51,1.3227735731092654,,1.5
170040,"Potatoes, mashed, dehydrated, prepared from granules without milk, whole milk and butter added",Vegetables and Vegetable Products,110.3,2.05,4.96,14.36,1.3227735731092654,,1.5
170041,"Potatoes, mashed, dehydrated, granules with milk, dry form",Vegetables and Vegetable Products,364.3,10.9,1.1,77.7,1.3227735731092654,,1.5
170042,"Potatoes, mashed, dehydrated, prepared from granules with milk, water and margarine added",Vegetables and Vegetable Products,116.2,2.13,4.8,16.13,1.3227735731092654,,1.5
170043,"Potatoes, hash brown, frozen, plain, unprepared",Vegetables and Vegetable Products,84.7,2.06,0.62,17.72,0.625524925239226,,3.99
170044,"Potatoes, hash brown, frozen, plain, prepared, pan fried in canola oil",Vegetables and Vegetable Products,229.0,2.65,11.59,28.51,0.625524925239226,,3.99
170045,"Potatoes, hash brown, frozen, with butter sauce, unprepared",Vegetables and Vegetable Products,140.5,1.87,6.66,18.28,0.625524925239226,,3.99
170046,"Potatoes, hash brown, frozen, with butter sauce, prepared",Vegetables and Vegetable Products,185.5,2.46,8.79,24.13,0.625524925239226,,3.99
170047,"Potato puffs, frozen, unprepared",Vegetables and Vegetable Products,185.3,1.93,8.71,24.8,1.0564551603899333,,5.99
170048,"Potato puffs, frozen, oven-heated",Vegetables and Vegetable Products,199.1,2.13,9.05,27.29,1.0564551603899333,,5.99
170049,"Potatoes, frozen, whole, cooked, boiled, drained, without salt",Vegetables and Vegetable Products,67.2,1.98,0.13,14.52,1.1832810872177428,,3.69
170050,"Tomatoes, red, ripe, cooked",Vegetables and Vegetable Products,20.8,0.95,0.11,4.01,0.5048585804033696,1 lb,2.29
170051,"Tomatoes, red, ripe, canned, packed in tomato juice",Vegetables and Vegetable Products,19.3,0.79,0.25,3.47,0.5048585804033696,1 lb,2.29
170052,"Tomatoes, red, ripe, canned, stewed",Vegetables and Vegetable Products,30.1,0.91,0.19,6.19,0.5048585804033696,1 lb,2.29
170053,"Tomatoes, red, ripe, canned, with green chilies",Vegetables and Vegetable Products,18.0,0.69,0.08,3.62,0.5048585804033696,1 lb,2.29
170054,"Tomato products, canned, sauce",Vegetables and Vegetable Products,28.7,1.2,0.3,5.31,0.3766755222473051,,2.99
170055,"Tomato products, canned, sauce, with mushrooms",Vegetables and Vegetable Products,40.7,1.45,0.13,8.43,0.3766755222473051,,2.99
170056,"Tomato products, canned, sauce, with onions",Vegetables and Vegetable Products,47.7,1.56,0.19,9.94,0.3766755222473051,,2.99
170057,"Tomato products, canned, sauce, with herbs and cheese",Vegetables and Vegetable Products,66.8,2.13,1.93,10.24,0.3766755222473051,,2.99
170058,"Turnips, cooked, boiled, drained, without salt",Vegetables and Vegetable Products,23.8,0.71,0.08,5.06,,8 in,10.99
170059,"Turnips, frozen, unprepared",Vegetables and Vegetable Products,17.4,1.04,0.16,2.94,0.9778726118244793,,4.99
170060,"Turnips, frozen, cooked, boiled, drained, without salt",Vegetables and Vegetable Products,25.7,1.53,0.24,4.35,0.9778726118244793,,4.99
170061,"Turnip greens, raw",Vegetables and Vegetable Products,37.2,1.5,0.3,7.13,0.39062646751572383,,2.99
170062,"Turnip greens and turnips, frozen, cooked, boiled, drained, without salt",Vegetables and Vegetable Products,34.8,2.99,0.38,4.85,,,
170063,"Vegetable juice cocktail, canned",Vegetables and Vegetable Products,22.0,0.93,0.31,3.87,0.15873282877311184,,0.99
170064,"Vegetables, mixed, canned, solids and liquids",Vegetables and Vegetable Products,36.4,1.42,0.25,7.13,0.36743710364146265,,1.25
170065,"Vegetables, mixed, canned, drained solids",Vegetables and Vegetable Products,49.6,2.59,0.25,9.26,0.36743710364146265,,1.25
170066,"Waterchestnuts, chinese, (matai), raw",Vegetables and Vegetable Products,102.3,1.4,0.1,23.94,4.656162977344614,,0.99
170067,"Waterchestnuts, chinese, canned, solids and liquids",Vegetables and Vegetable Products,53.3,0.88,0.06,12.3,4.656162977344614,,0.99
170068,"Watercress, raw",Vegetables and Vegetable Products,15.3,2.3,0.1,1.29,,,
170069,"Waxgourd, (chinese preserving melon), raw",Vegetables and Vegetable Products,15.4,0.4,0.2,3.0,,,
170070,"Winged bean tuber, raw",Vegetables and Vegetable Products,166.9,11.6,0.9,28.1,,,
170071,"Yam, raw",Vegetables and Vegetable Products,119.2,1.53,0.17,27.88,0.5930434852773206,,2.69
170072,"Yam, cooked, boiled, drained, or baked, without salt",Vegetables and Vegetable Products,117.1,1.49,0.14,27.48,2.814862163576517,,3.99
170073,"Yambean (jicama), raw",Vegetables and Vegetable Products,39.0,0.72,0.09,8.82,,,
170074,"Yambean (jicama), cooked, boiled, drained, without salt",Vegetables and Vegetable Products,39.0,0.72,0.09,8.82,,,
170075,"Chives, freeze-dried",Vegetables and Vegetable Products,373.5,21.2,3.5,64.29,98.62599761102683,,6.99
170076,"Dock, raw",Vegetables and Vegetable Products,27.1,2.0,0.7,3.2,,,
170077,"Dock, cooked, boiled, drained, without salt",Vegetables and Vegetable Products,24.8,1.83,0.64,2.93,,,
170078,"Eppaw, raw",Vegetables and Vegetable Products,161.3,4.6,1.8,31.68,,,
170079,"Beans, mung, mature seeds, sprouted, canned, drained solids",Vegetables and Vegetable Products,14.7,1.4,0.06,2.14,1.1746229329210278,,9.99
170080,"Peppers, jalapeno, canned, solids and liquids",Vegetables and Vegetable Products,31.1,0.92,0.94,4.74,0.7907246470364276,,2.69
170081,"Radishes, white icicle, raw",Vegetables and Vegetable Products,15.8,1.1,0.1,2.63,,,
170082,"Shallots, freeze-dried",Vegetables and Vegetable Products,376.5,12.3,0.5,80.7,82.18833134252236,,6.99
170083,"Sweet potato, canned, syrup pack, solids and liquids",Vegetables and Vegetable Products,89.4,0.98,0.2,20.93,0.5930434852773206,,2.69
170084,"Sweet potato, canned, syrup pack, drained solids",Vegetables and Vegetable Products,109.4,1.28,0.32,25.36,0.5930434852773206,,2.69
170085,"Tomato products, canned, sauce, spanish style",Vegetables and Vegetable Products,37.2,1.44,0.27,7.24,0.3766755222473051,,2.99
170086,"Beans, pinto, mature seeds, sprouted, raw",Vegetables and Vegetable Products,75.5,5.25,0.9,11.6,0.39462744931093086,,1.79
170087,"Beans, pinto, mature seeds, sprouted, cooked, boiled, drained, without salt",Vegetables and Vegetable Products,26.7,1.86,0.32,4.1,0.39462744931093086,,1.79
170088,"Sweet potato, cooked, candied, home-prepared",Vegetables and Vegetable Products,163.9,0.89,3.54,32.12,2.814862163576517,,3.99
170089,"Tomatoes, red, ripe, cooked, stewed",Vegetables and Vegetable Products,84.2,1.96,2.68,13.05,0.5048585804033696,1 lb,2.29
170090,"Seaweed, agar, dried",Vegetables and Vegetable Products,351.1,6.21,0.3,80.88,25.936736727632653,,1.25
170091,"Seaweed, spirulina, raw",Vegetables and Vegetable Products,36.9,5.92,0.39,2.42,,,
170092,Potato pancakes,Vegetables and Vegetable Products,268.4,6.08,14.76,27.81,2.6396681525602674,,4.49
170093,"Potatoes, baked, flesh and skin, without salt",Vegetables and Vegetable Products,95.8,2.5,0.13,21.15,1.353977462526202,,4.99
170094,"Potatoes, microwaved, cooked in skin, flesh and skin, without salt",Vegetables and Vegetable Products,107.6,2.44,0.1,24.24,1.0542995293819035,,2.69
170095,"Radish seeds, sprouted, raw",Vegetables and Vegetable Products,52.4,3.81,2.53,3.6,,,
170096,"Tomatoes, yellow, raw",Vegetables and Vegetable Products,18.2,0.98,0.26,2.98,0.7348742072829253,,5.0
170097,"Mushrooms, shiitake, cooked, with salt",Vegetables and Vegetable Products,65.8,1.56,0.22,14.39,4.225820641559733,,5.99
170098,"Okra, cooked, boiled, drained, with salt",Vegetables and Vegetable Products,27.4,1.87,0.21,4.51,,,
170099,"Okra, frozen, cooked, boiled, drained, with salt",Vegetables and Vegetable Products,34.3,1.63,0.24,6.41,1.2572647866314732,,4.99
170100,"Onions, cooked, boiled, drained, with salt",Vegetables and Vegetable Products,45.4,1.36,0.19,9.56,2.200213376605078,,4.99
170101,"Onions, frozen, chopped, cooked, boiled, drained, with salt",Vegetables and Vegetable Products,28.0,0.77,0.1,6.0,0.5261699324145745,,1.79
170102,"Peas, green, cooked, boiled, drained, with salt",Vegetables and Vegetable Products,85.9,5.36,0.22,15.63,0.36743710364146265,,1.25
170103,"Peas, green, canned, no salt added, solids and liquids",Vegetables and Vegetable Products,54.5,3.19,0.3,9.75,0.36743710364146265,,1.25
170104,"Peas, green, canned, no salt added, drained solids",Vegetables and Vegetable Products,71.2,4.42,0.35,12.58,0.36743710364146265,,1.25
170105,"Peas, green, frozen, cooked, boiled, drained, with salt",Vegetables and Vegetable Products,80.1,5.15,0.27,14.26,0.36743710364146265,,1.25
170106,"Peppers, hot chili, red, raw",Vegetables and Vegetable Products,46.7,1.87,0.44,8.81,0.7694132950252227,,3.49
170107,"Peppers, hot chili, red, canned, excluding seeds, solids and liquids",Vegetables and Vegetable Products,24.9,0.9,0.1,5.1,0.7694132950252227,,3.49
170108,"Peppers, sweet, red, raw",Vegetables and Vegetable Products,30.8,0.99,0.3,6.03,1.100106688302539,,4.99
170109,"Peppers, sweet, green, cooked, boiled, drained, with salt",Vegetables and Vegetable Products,29.9,0.92,0.2,6.11,1.100106688302539,,4.99
170110,"Peppers, sweet, red, cooked, boiled, drained, without salt",Vegetables and Vegetable Products,32.3,0.92,0.2,6.7,1.100106688302539,,4.99
170111,"Potatoes, baked, flesh and skin, with salt",Vegetables and Vegetable Products,95.8,2.5,0.13,21.15,1.3227735731092654,,1.5
170112,"Potatoes, baked, flesh, with salt",Vegetables and Vegetable Products,94.9,1.96,0.1,21.55,1.353977462526202,,4.99
170113,"Potatoes, baked, skin only, with salt",Vegetables and Vegetable Products,202.3,4.29,0.1,46.06,1.353977462526202,,4.99
170114,"Potatoes, boiled, cooked in skin, flesh, with salt",Vegetables and Vegetable Products,88.9,1.87,0.1,20.13,,,
170115,"Potatoes, microwaved, cooked, in skin, skin with salt",Vegetables and Vegetable Products,137.0,4.39,0.1,29.63,1.0542995293819035,,2.69
170116,"Potatoes, frozen, whole, cooked, boiled, drained, with salt",Vegetables and Vegetable Products,64.8,1.98,0.13,13.93,1.1832810872177428,,3.69
170117,"Potatoes, frozen, french fried, par fried, cottage-cut, prepared, heated in oven, with salt",Vegetables and Vegetable Products,223.7,3.44,8.2,34.03,1.1832810872177428,,3.69
170118,"Potatoes, french fried, all types, salt not added in processing, frozen, oven-heated",Vegetables and Vegetable Products,172.5,2.66,5.22,28.71,0.49493777860505017,,4.49
170119,"Pumpkin, flowers, cooked, boiled, drained, with salt",Vegetables and Vegetable Products,17.8,1.09,0.08,3.18,,,
170120,"Pumpkin leaves, cooked, boiled, drained, with salt",Vegetables and Vegetable Products,26.4,2.72,0.22,3.39,,,
170121,"Purslane, cooked, boiled, drained, with salt",Vegetables and Vegetable Products,21.9,1.49,0.19,3.55,,,
170122,"Radishes, oriental, cooked, boiled, drained, with salt",Vegetables and Vegetable Products,18.6,0.67,0.24,3.43,,1 bunch,2.29
170123,"Spinach, canned, no salt added, solids and liquids",Vegetables and Vegetable Products,23.4,2.11,0.37,2.92,0.4677066065907329,,1.79
170124,"Spinach, frozen, chopped or leaf, cooked, boiled, drained, with salt",Vegetables and Vegetable Products,43.1,4.01,0.87,4.8,0.43798502754062346,,1.49
170125,"Squash, summer, all varieties, cooked, boiled, drained, with salt",Vegetables and Vegetable Products,23.7,0.91,0.31,4.31,0.5048585804033696,1 lb,2.29
170126,"Squash, summer, crookneck and straightneck, cooked, boiled, drained, with salt",Vegetables and Vegetable Products,22.8,1.04,0.39,3.79,0.5048585804033696,1 lb,2.29
170127,"Squash, winter, all varieties, cooked, baked, with salt",Vegetables and Vegetable Products,42.1,0.89,0.35,8.85,0.3284887706554676,1 lb,1.49
170128,"Squash, winter, acorn, cooked, baked, with salt",Vegetables and Vegetable Products,64.1,1.12,0.14,14.58,0.3284887706554676,1 lb,1.49
170129,"Squash, winter, acorn, cooked, boiled, mashed, with salt",Vegetables and Vegetable Products,38.6,0.67,0.08,8.79,0.3284887706554676,1 lb,1.49
170130,"Squash, winter, butternut, cooked, baked, with salt",Vegetables and Vegetable Products,46.4,0.9,0.09,10.49,0.3284887706554676,1 lb,1.49
170131,"Succotash, (corn and limas), frozen, cooked, boiled, drained, with salt",Vegetables and Vegetable Products,105.0,4.31,0.89,19.95,,,
170132,"Water convolvulus, cooked, boiled, drained, with salt",Vegetables and Vegetable Products,25.3,2.08,0.24,3.7,,,
170133,"Sweet potato leaves, cooked, steamed, with salt",Vegetables and Vegetable Products,41.3,2.18,0.34,7.38,0.4828123541848819,1 lb,2.19
170134,"Sweet potato, cooked, baked in skin, flesh, with salt",Vegetables and Vegetable Products,92.2,2.01,0.15,20.71,2.814862163576517,,3.99
170135,"Taro, shoots, cooked, with salt",Vegetables and Vegetable Products,16.4,0.73,0.08,3.19,,,
170136,"Taro, tahitian, cooked, with salt",Vegetables and Vegetable Products,50.2,4.16,0.68,6.85,,,
170137,"Tomatoes, red, ripe, cooked, with salt",Vegetables and Vegetable Products,20.8,0.95,0.11,4.01,0.5048585804033696,1 lb,2.29
170138,"Tomatoes, red, ripe, canned, packed in tomato juice, no salt added",Vegetables and Vegetable Products,19.3,0.79,0.25,3.47,0.5048585804033696,1 lb,2.29
170139,"Turnip greens, cooked, boiled, drained, with salt",Vegetables and Vegetable Products,24.1,1.14,0.23,4.36,0.39062646751572383,,2.99
170140,"Turnip greens, frozen, cooked, boiled, drained, with salt",Vegetables and Vegetable Products,37.1,3.35,0.42,4.98,0.5261699324145745,,1.79
170141,"Turnip greens and turnips, frozen, cooked, boiled, drained, with salt",Vegetables and Vegetable Products,34.3,2.99,0.38,4.74,,,
170142,"Vegetables, mixed, frozen, cooked, boiled, drained, with salt",Vegetables and Vegetable Products,65.2,2.86,0.15,13.09,0.36743710364146265,,1.25
170143,"Mushrooms, portabella, exposed to ultraviolet light, raw",Vegetables and Vegetable Products,27.1,2.11,0.35,3.87,2.939496829131701,,5.0
170144,"Seeds, breadfruit seeds, raw",Nut and Seed Products,196.9,7.4,5.59,29.24,0.7037155408941292,,3.99
170145,"Seeds, breadfruit seeds, boiled",Nut and Seed Products,169.9,5.3,2.3,32.0,0.7037155408941292,,3.99
170146,"Seeds, cottonseed flour, low fat (glandless)",Nut and Seed Products,356.4,49.83,1.41,36.1,,,
170147,"Seeds, cottonseed meal, partially defatted (glandless)",Nut and Seed Products,393.0,49.1,4.77,38.43,2.348657966476229,,7.99
170148,"Seeds, hemp seed, hulled",Nut and Seed Products,599.7,31.56,48.75,8.67,4.404835998453854,,9.99
170149,"Seeds, lotus seeds, dried",Nut and Seed Products,337.2,15.41,1.97,64.47,1.7486879009047311,,6.99
170150,"Seeds, sesame seeds, whole, dried",Nut and Seed Products,611.8,17.73,49.67,23.45,1.4068086001067952,,3.39
170151,"Seeds, sesame seeds, whole, roasted and toasted",Nut and Seed Products,602.8,16.96,48.0,25.74,1.4068086001067952,,3.39
170152,"Seeds, sesame seed kernels, toasted, without salt added (decorticated)",Nut and Seed Products,604.0,16.96,48.0,26.04,4.6937885367575,,4.99
170153,"Seeds, sesame flour, partially defatted",Nut and Seed Products,408.8,40.32,11.89,35.14,4.6937885367575,,4.99
170154,"Seeds, sunflower seed kernels, toasted, without salt",Nut and Seed Products,662.4,17.21,56.8,20.59,1.3368831578890976,,3.79
170155,"Seeds, sunflower seed butter, without salt",Nut and Seed Products,659.2,17.28,55.2,23.32,1.651262343764733,,7.49
170156,"Seeds, sunflower seed flour, partially defatted",Nut and Seed Products,350.0,48.06,1.61,35.83,1.7076553541946407,,2.59
170157,"Nuts, acorns, raw",Nut and Seed Products,402.3,6.15,23.86,40.75,37.74313928605104,9 ct,7.49
170158,"Nuts, almonds, dry roasted, without salt added",Nut and Seed Products,640.7,20.96,52.54,21.01,1.321671261798341,,11.99
170159,"Nuts, almonds, oil roasted, without salt added",Nut and Seed Products,652.2,21.23,55.17,17.68,1.321671261798341,,11.99
170160,"Nuts, almond paste",Nut and Seed Products,476.9,9.0,27.74,47.81,,,
170161,"Nuts, beechnuts, dried",Nut and Seed Products,608.8,6.2,50.0,33.5,3.2305070152157396,,10.99
170162,"Nuts, cashew nuts, raw",Nut and Seed Products,588.3,18.22,43.85,30.19,1.762595786168096,,15.99
170163,"Nuts, cashew butter, plain, without salt added",Nut and Seed Products,625.2,17.56,49.41,27.57,2.994759369519377,,8.49
170164,"Nuts, chestnuts, chinese, raw",Nut and Seed Products,223.1,4.2,1.11,49.07,2.2226020684735617,,6.49
170165,"Nuts, chestnuts, chinese, dried",Nut and Seed Products,362.6,6.82,1.81,79.76,2.2226020684735617,,6.49
170166,"Nuts, chestnuts, chinese, boiled and steamed",Nut and Seed Products,152.9,2.88,0.76,33.64,,,
170167,"Nuts, chestnuts, european, dried, peeled",Nut and Seed Products,369.0,5.01,3.91,78.43,2.2226020684735617,,6.49
170168,"Nuts, chestnuts, european, boiled and steamed",Nut and Seed Products,131.5,2.0,1.38,27.76,,,
170169,"Nuts, coconut meat, raw",Nut and Seed Products,375.7,3.33,33.49,15.23,,6 ct,8.79
170170,"Nuts, coconut meat, dried (desiccated), not sweetened",Nut and Seed Products,702.9,6.88,64.53,23.65,,6 ct,8.79
170171,"Nuts, coconut cream, canned, sweetened",Nut and Seed Products,364.3,1.17,16.31,53.21,3.825713130303064,,9.49
170172,"Nuts, coconut milk, raw (liquid expressed from grated meat and water)",Nut and Seed Products,245.9,2.29,23.84,5.54,0.9682342616772582,,2.69
170173,"Nuts, coconut milk, canned (liquid expressed from grated meat and water)",Nut and Seed Products,211.3,2.02,21.33,2.81,0.9682342616772582,,2.69
170174,"Nuts, coconut water (liquid from coconuts)",Nut and Seed Products,19.5,0.72,0.2,3.71,2.1617899537671423,,4.29
170175,"Nuts, ginkgo nuts, dried",Nut and Seed Products,349.2,10.35,2.0,72.45,,,
170176,"Nuts, ginkgo nuts, canned",Nut and Seed Products,112.1,2.29,1.62,22.1,,,
170177,"Nuts, hickorynuts, dried",Nut and Seed Products,703.2,12.72,64.37,18.25,,6 ct,8.79
170178,"Nuts, macadamia nuts, raw",Nut and Seed Products,768.8,7.91,75.77,13.82,4.224056943462254,,4.79
170179,"Nuts, macadamia nuts, dry roasted, without salt added",Nut and Seed Products,769.4,7.79,76.08,13.38,4.224056943462254,,4.79
170180,"Nuts, formulated, wheat-based, unflavored, with salt added",Nut and Seed Products,669.3,13.82,57.7,23.68,,,
170181,"Nuts, mixed nuts, dry roasted, with peanuts, salt added, CHOSEN ROASTER",Nut and Seed Products,649.3,18.0,53.2,24.62,2.092186868134488,,9.49
170182,"Nuts, pecans",Nut and Seed Products,739.8,9.17,71.97,13.86,2.348657966476229,,7.99
170183,"Nuts, pecans, dry roasted, without salt added",Nut and Seed Products,760.6,9.5,74.27,13.55,2.348657966476229,,7.99
170184,"Nuts, pistachio nuts, raw",Nut and Seed Products,597.2,20.16,45.32,27.17,3.521517201299778,,5.99
170185,"Nuts, pistachio nuts, dry roasted, without salt added",Nut and Seed Products,609.7,21.05,45.82,28.28,3.521517201299778,,5.99
170186,"Nuts, walnuts, black, dried",Nut and Seed Products,668.5,24.06,59.33,9.58,2.348657966476229,,7.99
170187,"Nuts, walnuts, english",Nut and Seed Products,702.6,15.23,65.21,13.71,2.348657966476229,,7.99
170188,"Seeds, pumpkin and squash seeds, whole, roasted, without salt",Nut and Seed Products,463.8,18.55,19.4,53.75,3.5229869497143436,,7.99
170189,"Seeds, sesame butter, tahini, from roasted and toasted kernels (most common type)",Nut and Seed Products,636.6,17.0,53.76,21.19,4.6937885367575,,4.99
170190,"Nuts, chestnuts, european, roasted",Nut and Seed Products,244.3,3.17,2.2,52.96,2.2226020684735617,,6.49
170191,"Seeds, sesame butter, paste",Nut and Seed Products,626.4,18.08,50.87,24.05,4.6937885367575,,4.99
170192,"Seeds, sesame flour, high-fat",Nut and Seed Products,563.5,30.78,37.1,26.62,,,
170193,"Beef, variety meats and by-products, suet, raw",Beef Products,852.0,1.5,94.0,0.0,,,
170194,"Beef, variety meats and by-products, thymus, raw",Beef Products,231.9,12.18,20.35,0.0,,,
170195,"Beef, variety meats and by-products, thymus, cooked, braised",Beef Products,312.2,21.85,24.98,0.0,,,
170196,"Beef, variety meats and by-products, tongue, raw",Beef Products,219.1,14.9,16.09,3.68,,,
170197,"Beef, cured, breakfast strips, raw or unheated",Beef Products,402.0,12.5,38.8,0.7,6.461014030431479,,10.99
170198,"Beef, cured, breakfast strips, cooked",Beef Products,440.4,31.3,34.4,1.4,6.461014030431479,,10.99
170199,"Beef, cured, corned beef, brisket, raw",Beef Products,193.4,14.68,14.9,0.14,6.461014030431479,,10.99
170200,"Beef, cured, corned beef, brisket, cooked",Beef Products,245.4,18.17,18.98,0.47,6.461014030431479,,10.99
170201,"Beef, chuck, under blade center steak, boneless, Denver Cut, separable lean only, trimmed to 0"" fat, choice, cooked, grilled",Beef Products,227.9,26.49,13.42,0.28,2.86380478578156,1 lb,12.99
170202,"Beef, cured, luncheon meat, jellied",Sausages and Luncheon Meats,105.7,19.0,3.3,0.0,6.461014030431479,,10.99
170203,"Beef, chuck, under blade center steak, boneless, Denver Cut, separable lean only, trimmed to 0"" fat, select, cooked, grilled",Beef Products,209.3,26.53,11.46,0.0,2.86380478578156,1 lb,12.99
170204,"Beef, cured, pastrami",Sausages and Luncheon Meats,141.0,21.8,5.82,0.36,6.461014030431479,,10.99
170205,"Beef, chuck, under blade center steak, boneless, Denver Cut, separable lean only, trimmed to 0"" fat, all grades, raw",Beef Products,169.6,19.42,9.99,0.49,2.86380478578156,1 lb,12.99
170206,"Beef, composite of trimmed retail cuts, separable lean and fat, trimmed to 0"" fat, choice, cooked",Beef Products,225.4,28.17,12.53,0.0,,,
170207,"Beef, composite of trimmed retail cuts, separable lean and fat, trimmed to 0"" fat, select, cooked",Beef Products,197.1,28.61,9.18,0.0,,,
170208,"Beef, composite of trimmed retail cuts, separable lean only, trimmed to 0"" fat, all grades, cooked",Beef Products,194.9,29.9,8.37,0.0,,,
170209,"Beef, composite of trimmed retail cuts, separable lean only, trimmed to 0"" fat, choice, cooked",Beef Products,197.9,29.51,8.87,0.0,,,
170210,"Beef, brisket, flat half, separable lean only, trimmed to 0"" fat, all grades, cooked, braised",Beef Products,196.0,33.26,6.99,0.0,1.5410312126722943,1 lb,6.99
170211,"Beef, brisket, point half, separable lean and fat, trimmed to 0"" fat, all grades, cooked, braised",Beef Products,350.6,23.53,28.5,0.0,1.5410312126722943,1 lb,6.99
170212,"Beef, brisket, point half, separable lean only, trimmed to 0"" fat, all grades, cooked, braised",Beef Products,236.4,28.05,13.8,0.0,1.5410312126722943,1 lb,6.99
170213,"Beef, chuck, arm pot roast, separable lean and fat, trimmed to 0"" fat, all grades, cooked, braised",Beef Products,288.3,28.94,19.17,0.0,2.86380478578156,1 lb,12.99
170214,"Beef, chuck, under blade pot roast, boneless, separable lean and fat, trimmed to 0"" fat, select, cooked, braised",Beef Products,279.9,27.17,19.02,0.0,2.86380478578156,1 lb,12.99
170215,"Beef, chuck, blade roast, separable lean only, trimmed to 0"" fat, all grades, cooked, braised",Beef Products,243.9,31.06,13.3,0.0,2.86380478578156,1 lb,12.99
170216,"Beef, chuck, under blade pot roast, boneless, separable lean only, trimmed to 0"" fat, choice, cooked, braised",Beef Products,222.1,30.45,11.14,0.0,2.86380478578156,1 lb,12.99
170217,"Beef, chuck, under blade pot roast, boneless, separable lean only, trimmed to 0"" fat, select, cooked, braised",Beef Products,207.7,30.68,9.44,0.0,2.86380478578156,1 lb,12.99
170218,"Beef, rib, large end (ribs 6-9), separable lean only, trimmed to 0"" fat, select, cooked, roasted",Beef Products,212.7,27.53,11.4,0.0,1.9819557370420493,1 lb,8.99
170219,"Beef, rib, small end (ribs 10-12), separable lean and fat, trimmed to 0"" fat, all grades, cooked, broiled",Beef Products,241.7,27.27,14.74,0.0,1.9819557370420493,1 lb,8.99
170220,"Beef, rib, small end (ribs 10-12), separable lean and fat, trimmed to 0"" fat, choice, cooked, broiled",Beef Products,304.5,24.73,22.84,0.0,1.9819557370420493,1 lb,8.99
170221,"Beef, rib, small end (ribs 10-12), separable lean and fat, trimmed to 0"" fat, select, cooked, broiled",Beef Products,277.8,24.91,19.79,0.0,1.9819557370420493,1 lb,8.99
170222,"Beef, round, bottom round, roast, separable lean and fat, trimmed to 0"" fat, all grades, cooked, roasted",Beef Products,179.2,27.42,7.72,0.0,2.643342523596682,1 lb,11.99
170223,"Beef, round, bottom round, steak, separable lean and fat, trimmed to 0"" fat, choice, cooked, braised",Beef Products,220.9,32.73,10.0,0.0,2.643342523596682,1 lb,11.99
170224,"Beef, round, bottom round, roast, separable lean and fat, trimmed to 0"" fat, choice, cooked, roasted",Beef Products,191.4,26.76,9.37,0.0,2.643342523596682,1 lb,11.99
170225,"Beef, round, bottom round, steak, separable lean and fat, trimmed to 0"" fat, select, cooked, braised",Beef Products,207.0,34.39,7.72,0.0,2.643342523596682,1 lb,11.99
170226,"Beef, round, bottom round, steak, separable lean only, trimmed to 0"" fat, select, cooked, braised",Beef Products,196.4,34.93,6.3,0.0,2.643342523596682,1 lb,11.99
170227,"Beef, round, bottom round roast, separable lean only, trimmed to 0"" fat, select, cooked, roasted",Beef Products,161.1,28.29,5.33,0.0,2.643342523596682,1 lb,11.99
170228,"Beef, round, eye of round roast, boneless, separable lean and fat, trimmed to 0"" fat, all grades, cooked, roasted",Beef Products,158.8,29.66,4.46,0.0,2.643342523596682,1 lb,11.99
170229,"Beef, round, eye of round roast, boneless, separable lean and fat, trimmed to 0"" fat, choice, cooked, roasted",Beef Products,162.6,29.79,4.83,0.0,2.643342523596682,1 lb,11.99
170230,"Beef, round, tip round, roast, separable lean and fat, trimmed to 0"" fat, all grades, cooked, roasted",Beef Products,181.0,26.79,8.21,0.0,2.643342523596682,1 lb,11.99
170231,"Beef, round, tip round, roast, separable lean and fat, trimmed to 0"" fat, choice, cooked, roasted",Beef Products,188.1,27.01,8.9,0.0,2.643342523596682,1 lb,11.99
170232,"Beef, round, tip round, roast, separable lean and fat, trimmed to 0"" fat, select, cooked, roasted",Beef Products,174.0,26.57,7.53,0.0,2.643342523596682,1 lb,11.99
170233,"Beef, round, tip round, roast, separable lean only, trimmed to 0"" fat, all grades, cooked, roasted",Beef Products,165.9,27.53,6.2,0.0,2.643342523596682,1 lb,11.99
170234,"Beef, round, top round, separable lean and fat, trimmed to 0"" fat, select, cooked, braised",Beef Products,190.4,35.62,5.33,0.0,2.643342523596682,1 lb,11.99
170235,"Beef, round, top round, separable lean only, trimmed to 0"" fat, choice, cooked, braised",Beef Products,196.7,36.12,5.8,0.0,2.643342523596682,1 lb,11.99
170236,"Beef, round, top round, separable lean only, trimmed to 0"" fat, select, cooked, braised",Beef Products,180.5,36.12,4.0,0.0,2.643342523596682,1 lb,11.99
170237,"Beef, loin, tenderloin steak, boneless, separable lean and fat, trimmed to 0"" fat, all grades, cooked, grilled",Beef Products,202.2,30.5,8.91,0.0,1.5321168690274276,,9.99
170238,"Beef, loin, tenderloin steak, boneless, separable lean and fat, trimmed to 0"" fat, choice, cooked, grilled",Beef Products,208.2,30.21,9.71,0.0,1.5321168690274276,,9.99
170239,"Beef, loin, top loin steak, boneless, lip off, separable lean and fat, trimmed to 0"" fat, all grades, cooked, grilled",Beef Products,214.6,28.57,11.15,0.0,1.5321168690274276,,9.99
170240,"Beef, loin, top loin steak, boneless, lip off, separable lean and fat, trimmed to 0"" fat, choice, cooked, grilled",Beef Products,225.4,28.19,12.51,0.0,1.5321168690274276,,9.99
170241,"Puddings, banana, dry mix, regular, with added oil",Sweets,398.6,0.0,5.0,88.4,1.7221993187148088,,2.49
170242,"Puddings, lemon, dry mix, regular, with added oil, potassium, sodium",Sweets,375.1,0.1,1.5,90.3,2.0645642435195595,,1.99
170243,"Puddings, tapioca, dry mix, with no added salt",Sweets,378.5,0.1,0.1,94.3,,4 ct,3.29
170244,"Snacks, corn-based, extruded, puffs or twists, cheese-flavor, unenriched",Snacks,561.3,5.76,35.76,54.1,,4 canisters of 1.48 oz,10.99
170245,"Snacks, corn-based, extruded, chips, barbecue-flavor, made with enriched masa flour",Snacks,547.1,7.0,32.7,56.2,,4 canisters of 1.48 oz,10.99
170246,"Snacks, popcorn, air-popped (Unsalted)",Snacks,397.4,12.0,4.2,77.9,2.14289318843701,,7.29
170247,"Snacks, popcorn, oil-popped, white popcorn, salt added",Snacks,517.7,9.0,28.1,57.2,2.14289318843701,,7.29
170248,"Snacks, potato chips, plain, made with partially hydrogenated soybean oil, salted",Snacks,551.0,7.0,34.6,52.9,1.5969484591719132,,2.49
170249,"Snacks, pretzels, hard, plain, made with enriched flour, unsalted",Snacks,384.7,9.1,3.5,79.2,2.814862163576517,,3.99
170250,"Snacks, rice cakes, brown rice, plain, unsalted",Snacks,384.0,8.2,2.8,81.5,3.0453187149804424,,2.59
170251,"Snacks, rice cakes, brown rice, buckwheat, unsalted",Snacks,387.9,9.0,3.5,80.1,3.0453187149804424,,2.59
170252,"Snacks, rice cakes, brown rice, multigrain, unsalted",Snacks,385.9,8.5,3.5,80.1,3.0453187149804424,,2.59
170253,"Potato chips, without salt, reduced fat",Snacks,486.8,7.1,20.8,67.8,1.8160401055332367,,3.99
170254,"Snacks, tortilla chips, low fat, unsalted",Snacks,415.7,11.0,5.7,80.1,1.1718794025471715,,2.99
170255,"Frozen novelties, juice type, POPSICLE SCRIBBLERS",Sweets,80.9,0.0,0.24,19.68,0.9670944567843297,,3.29
170256,"Snacks, tortilla chips, nacho-flavor, made with enriched masa flour",Snacks,510.8,7.8,25.6,62.3,1.1718794025471715,,2.99
170257,"Sweeteners, tabletop, sucralose, SPLENDA packets",Sweets,364.7,0.0,0.0,91.17,,250 ct,4.79
170258,"Frozen novelties, No Sugar Added, FUDGSICLE pops",Sweets,124.0,3.67,1.87,23.11,,6 ct,4.29
170259,"Frozen novelties, ice type, sugar free, orange, cherry, and grape POPSICLE pops",Sweets,20.6,0.0,0.0,5.14,,,
170260,"Frozen novelties, KLONDIKE, SLIM-A-BEAR Fudge Bar, 98% fat free, no sugar added",Sweets,154.4,4.31,1.88,30.07,3.5979441188572023,,4.59
170261,"Ice creams, BREYERS, All Natural Light Vanilla",Sweets,161.9,4.84,4.59,25.3,0.403445939798326,,5.49
170262,"Ice creams, BREYERS, No Sugar Added, Butter Pecan",Sweets,193.9,3.99,10.3,21.3,0.403445939798326,,5.49
170263,"Ice creams, BREYERS, No Sugar Added, French Vanilla",Sweets,164.4,4.5,7.05,20.75,0.403445939798326,,5.49
170264,"Ice creams, BREYERS, No Sugar Added, Vanilla",Sweets,158.2,3.68,6.2,21.92,0.403445939798326,,5.49
170265,"Ice creams, BREYERS, No Sugar Added, Vanilla Fudge Twirl",Sweets,167.8,3.53,5.68,25.63,0.403445939798326,,5.49
170266,"Frozen novelties, No Sugar Added CREAMSICLE Pops",Sweets,71.8,3.69,0.61,12.88,,6 ct,4.29
170267,"Frozen novelties, Sugar Free, CREAMSICLE Pops",Sweets,74.2,1.37,2.33,11.95,,,
170268,"Ice creams, BREYERS, All Natural Light French Chocolate",Sweets,205.4,5.3,7.28,29.68,0.403445939798326,,5.49
170269,"Ice creams, BREYERS, 98% Fat Free Chocolate",Sweets,155.8,3.89,2.17,30.18,0.403445939798326,,5.49
170270,"Ice creams, regular, low carbohydrate, chocolate",Sweets,236.7,3.8,12.7,26.8,,,
170271,"Chocolate, dark, 45- 59% cacao solids",Sweets,545.7,4.88,31.28,61.17,4.021231662252167,,3.99
170272,"Chocolate, dark, 60-69% cacao solids",Sweets,579.0,6.12,38.31,52.42,4.021231662252167,,3.99
170273,"Chocolate, dark, 70-85% cacao solids",Sweets,598.4,7.79,42.63,45.9,4.021231662252167,,3.99
170274,"Candies, chocolate, dark, NFS (45-59% cacao solids 90%; 60-69% cacao solids 5%; 70-85% cacao solids 5%)",Sweets,550.0,5.09,32.2,59.97,2.244392284831146,,6.49
170275,"Candies, crispy bar with peanut butter filling",Sweets,542.3,9.53,31.34,55.53,,,
170276,"Syrup, maple, Canadian",Sweets,269.5,0.0,0.0,67.38,2.6411379009748335,,5.99
170277,"Sweetener, syrup, agave",Sweets,309.9,0.09,0.45,76.37,0.8991107747999433,,5.99
170278,"Candies, NESTLE, BUTTERFINGER Crisp",Sweets,465.4,6.67,18.33,68.45,6.2737260896039455,,2.49
170279,"Candies, fruit snacks, with high vitamin C",Sweets,352.2,0.08,0.0,87.97,14.100766289344769,24 ct,15.99
170280,"Jams, preserves, marmalades, sweetened with fruit juice",Sweets,211.7,0.0,0.0,52.93,1.9780552508649323,,7.29
170281,"Candies, Tamarind",Sweets,367.8,0.0,0.0,91.96,,,
170282,"Candies, coconut bar, not chocolate covered",Sweets,480.8,2.13,27.65,55.87,4.359949334140684,,1.99
170283,"Barley, hulled",Cereal Grains and Pasta,364.5,12.48,2.3,73.48,0.6455135036773215,,5.49
170284,"Barley, pearled, raw",Cereal Grains and Pasta,361.0,9.91,1.16,77.72,0.6455135036773215,,5.49
170285,"Barley, pearled, cooked",Cereal Grains and Pasta,125.9,2.26,0.44,28.22,0.6455135036773215,,5.49
170286,Buckwheat,Cereal Grains and Pasta,369.6,13.25,3.4,71.5,0.9604137821726666,,5.99
170287,"Bulgur, cooked",Cereal Grains and Pasta,88.8,3.08,0.24,18.58,1.732857475009442,,8.99
170288,"Corn grain, yellow",Cereal Grains and Pasta,377.4,9.42,4.74,74.26,0.14506416851764944,5 lb,3.29
170289,"Corn bran, crude",Cereal Grains and Pasta,384.3,8.36,0.92,85.64,1.1429679878467938,,4.99
170290,"Corn flour, whole-grain, yellow",Cereal Grains and Pasta,369.9,6.93,3.86,76.85,0.5048585804033696,,2.29
170291,"Fast foods, nachos, with cheese",Fast Foods,350.4,4.32,21.5,34.91,0.3953623235182138,,2.69
170292,"Fast foods, nachos, with cheese, beans, ground beef, and tomatoes",Fast Foods,222.7,6.21,12.48,21.39,0.3953623235182138,,2.69
170293,"Fast foods, cheeseburger, double, regular patty and bun, with condiments",Fast Foods,282.5,16.24,16.18,17.97,,,
170294,"Fast foods, cheeseburger; single, large patty; plain",Fast Foods,309.2,17.29,15.97,24.07,,,
170295,"Fast foods, chicken fillet sandwich, plain with pickles",Fast Foods,249.4,16.28,11.19,20.89,,,
170296,"Fast foods, fish sandwich, with tartar sauce",Fast Foods,260.0,10.29,12.45,26.69,1.483362926195513,,7.99
170297,"Fast foods, fish sandwich, with tartar sauce and cheese",Fast Foods,282.4,11.26,14.64,26.39,1.483362926195513,,7.99
170298,"Fast foods, submarine sandwich, roast beef on white bread with lettuce and tomato",Fast Foods,154.6,12.17,2.73,20.34,,,
170299,"Fast foods, submarine sandwich, tuna on white bread with lettuce and tomato",Fast Foods,221.5,12.33,12.04,15.95,2.8639211325775706,,6.0
170300,"Fast foods, coleslaw",Fast Foods,152.6,0.95,9.91,14.89,0.6273726089603945,,2.49
170301,"Fast foods, hush puppies",Fast Foods,304.7,6.16,13.25,40.21,1.173839067099926,,5.99
170302,"Fast food, biscuit",Fast Foods,369.9,7.08,18.92,42.82,0.3953623235182138,,2.69
170303,"CHICK-FIL-A, Chick-n-Strips",Fast Foods,228.0,21.4,11.2,10.39,1.0560142358655635,,4.79
170304,"CHICK-FIL-A, hash browns",Fast Foods,300.5,3.0,18.5,30.51,1.0560142358655635,,4.79
170305,"School Lunch, pizza, BIG DADDY'S LS 16"" 51% Whole Grain Rolled Edge Cheese Pizza, frozen",Fast Foods,243.3,13.89,8.81,27.1,,,
170306,"Fast foods, submarine sandwich, sweet onion chicken teriyaki on white bread with lettuce, tomato and sweet onion sauce",Fast Foods,155.1,10.91,2.37,22.54,2.8639211325775706,,6.0
170307,"SUBWAY, SUBWAY CLUB sub on white bread with lettuce and tomato",Fast Foods,145.9,10.66,2.42,20.36,,,
170308,"Fast foods, submarine sandwich, turkey, roast beef and ham on white bread with lettuce and tomato",Fast Foods,145.9,10.66,2.42,20.36,,,
170309,"Fast foods, submarine sandwich, oven roasted chicken on white bread with lettuce and tomato",Fast Foods,157.1,10.84,3.15,21.35,2.8639211325775706,,6.0
170310,"SUBWAY, steak & cheese sub on white bread with American cheese, lettuce and tomato",Fast Foods,183.2,12.29,5.34,21.49,,,
170311,"Fast foods, submarine sandwich, steak and cheese on white bread with cheese, lettuce and tomato",Fast Foods,183.2,12.29,5.34,21.49,,,
170312,"SUBWAY, B.L.T. sub on white bread with bacon, lettuce and tomato",Fast Foods,204.6,10.06,6.41,26.66,,,
170313,"Fast foods, submarine sandwich, bacon, lettuce, and tomato on white bread",Fast Foods,204.6,10.06,6.41,26.66,2.8639211325775706,,6.0
170314,"SUBWAY, oven roasted chicken sub on white bread with lettuce and tomato",Fast Foods,157.1,10.84,3.15,21.35,,,
170315,"SUBWAY, cold cut sub on white bread with lettuce and tomato",Fast Foods,214.2,10.52,10.04,20.43,,,
170316,"SUBWAY, tuna sub on white bread with lettuce and tomato",Fast Foods,221.5,12.33,12.04,15.95,,,
170317,"Pizza, cheese topping, regular crust, frozen, cooked",Fast Foods,268.0,10.36,12.28,29.02,,,
170318,"Fast Foods, crispy chicken filet sandwich, with lettuce and mayonnaise",Fast Foods,275.7,10.94,13.59,27.4,,,
170319,"McDONALD'S, FILET-O-FISH",Fast Foods,282.4,11.26,14.64,26.39,,,
170320,"McDONALD'S, Cheeseburger",Fast Foods,269.2,12.97,11.79,27.81,1.0635633981767427,,1.99
170321,"McDONALD'S, QUARTER POUNDER",Fast Foods,249.0,14.1,11.55,22.17,,,
170322,"WENDY'S, CLASSIC SINGLE Hamburger, with cheese",Fast Foods,220.7,14.87,11.6,14.2,2.8078073711866005,,1.99
170323,"WENDY'S, Jr. Hamburger, without cheese",Fast Foods,243.0,12.62,8.75,28.45,1.291027007354643,,5.49
170324,"WENDY'S, Jr. Hamburger, with cheese",Fast Foods,255.6,13.06,11.5,24.97,,21.0 ounce,3.79
170325,"WENDY'S, CLASSIC DOUBLE, with cheese",Fast Foods,240.7,16.52,14.2,11.71,,,
170326,"WENDY'S, Frosty Dairy Dessert",Fast Foods,131.8,3.49,2.6,23.62,,,
170327,"BURGER KING, french fries",Fast Foods,280.0,3.23,12.48,38.7,0.40675287373109914,,3.69
170328,"BURGER KING, Hamburger",Fast Foods,261.4,14.85,10.55,26.76,,$0.10 removed at pickup,0.1
170329,"BURGER KING, Cheeseburger",Fast Foods,286.4,14.57,14.81,23.71,1.0635633981767427,,1.99
170330,"BURGER KING, Premium Fish Sandwich",Fast Foods,260.0,10.29,12.45,26.69,1.5657719776508194,,7.99
170331,"BURGER KING, Original Chicken Sandwich",Fast Foods,285.6,12.14,14.69,26.22,,1 ct,19.99
170332,"TACO BELL, Original Taco with beef, cheese and lettuce",Fast Foods,229.1,8.86,12.7,19.85,,12 ct,2.99
170333,"TACO BELL, Soft Taco with beef, cheese and lettuce",Fast Foods,205.7,9.25,9.75,20.23,,12 ct,2.99
170334,"TACO BELL, BURRITO SUPREME with chicken",Fast Foods,179.2,9.84,6.42,20.51,1.7636980974790206,,0.5
170335,"TACO BELL, BURRITO SUPREME with steak",Fast Foods,183.2,9.13,7.27,20.32,1.7636980974790206,,0.5
170336,"TACO BELL, Nachos",Fast Foods,350.4,4.32,21.5,34.91,3.5273961949580412,,1.0
170337,"TACO BELL, Nachos Supreme",Fast Foods,222.7,6.21,12.48,21.39,,,
170338,"POPEYES, Spicy Chicken Strips, analyzed 2006",Fast Foods,253.3,19.61,11.2,18.52,,,
170339,"KFC, biscuit",Fast Foods,357.6,7.5,17.05,43.55,,,
170340,"KFC, Coleslaw",Fast Foods,144.0,0.91,8.64,15.65,0.6273726089603945,,2.49
170341,"KFC, Crispy Chicken Strips",Fast Foods,274.4,20.25,15.42,13.66,1.4910032377918796,,10.99
170342,"KFC, Fried Chicken, ORIGINAL RECIPE, Wing, meat only, skin and breading removed",Fast Foods,216.0,28.65,10.49,1.76,,14. 5 oz,10.99
170343,"KFC, Fried Chicken, EXTRA CRISPY, Skin and Breading",Fast Foods,463.5,10.96,36.61,22.54,,14. 5 oz,10.99
170344,"KFC, Fried Chicken, EXTRA CRISPY, Breast, meat only, skin and breading removed",Fast Foods,153.4,27.25,4.82,0.25,,14. 5 oz,10.99
170345,"KFC, Fried Chicken, EXTRA CRISPY, Drumstick, meat only, skin and breading removed",Fast Foods,170.5,25.9,7.43,0.0,,14. 5 oz,10.99
170346,"KFC, Fried Chicken, ORIGINAL RECIPE, Thigh, meat and skin with breading",Fast Foods,269.0,18.9,17.73,8.46,,,
170347,"KFC, Fried Chicken, ORIGINAL RECIPE, Wing, meat and skin with breading",Fast Foods,296.6,21.7,18.9,9.93,,14. 5 oz,10.99
170348,"KFC, Fried Chicken, EXTRA CRISPY, Breast, meat and skin with breading",Fast Foods,267.8,21.24,16.55,8.47,,,
170349,"KFC, Fried Chicken, EXTRA CRISPY, Drumstick, meat and skin with breading",Fast Foods,273.9,20.62,17.73,7.96,,14. 5 oz,10.99
170350,"POPEYES, Fried Chicken, Mild, Skin and Breading",Fast Foods,432.9,13.96,32.32,21.54,1.5063472201567296,,3.79
170351,"POPEYES, Fried Chicken, Mild, Thigh, meat only, skin and breading removed",Fast Foods,187.6,24.31,9.66,0.85,,,
170352,"POPEYES, Fried Chicken, Mild, Wing, meat only, skin and breading removed",Fast Foods,212.1,28.94,9.42,2.9,1.5063472201567296,,3.79
170353,"POPEYES, Fried Chicken, Mild, Breast, meat and skin with breading",Fast Foods,274.2,21.67,16.47,9.83,1.5063472201567296,,3.79
170354,"POPEYES, Fried Chicken, Mild, Drumstick, meat and skin with breading",Fast Foods,293.4,20.44,19.14,9.84,1.5063472201567296,,3.79
170355,"Yogurt parfait, lowfat, with fruit and granola",Fast Foods,86.0,3.36,1.01,15.86,0.7705156063361471,,6.99
170356,"Fast Foods, Fried Chicken, Breast, meat only, skin and breading removed",Fast Foods,152.6,27.93,4.54,0.0,,,
170357,"Fast Foods, Fried Chicken, Drumstick, meat only, skin and breading removed",Fast Foods,171.6,26.24,7.41,0.0,,,
170358,"Fast Foods, Fried Chicken, Thigh, meat only, skin and breading removed",Fast Foods,178.5,23.21,9.41,0.24,2.4228802614118043,,10.99
170359,"Fast Foods, Fried Chicken, Thigh, meat and skin and breading",Fast Foods,274.3,19.23,18.07,8.68,2.4228802614118043,,10.99
170360,"Fast Foods, Fried Chicken, Wing, meat and skin and breading",Fast Foods,310.1,21.14,20.09,11.19,2.4228802614118043,,10.99
170361,"DIGIORNO Pizza, cheese topping, cheese stuffed crust, frozen, baked",Fast Foods,278.5,13.48,11.68,29.86,,,
170362,"DIGIORNO Pizza, cheese topping, rising crust, frozen, baked",Fast Foods,255.7,12.8,8.6,31.78,1.3930225651274977,,6.99
170363,"DIGIORNO Pizza, supreme topping, rising crust, frozen, baked",Fast Foods,254.8,11.74,10.68,27.93,1.441900549868813,,6.99
170364,"DIGIORNO Pizza, supreme topping, thin crispy crust, frozen, baked",Fast Foods,255.0,11.41,10.8,28.05,1.441900549868813,,6.99
170365,"Fast Food, Pizza Chain, 14"" pizza, sausage topping, thick crust",Fast Foods,282.1,11.06,12.94,30.36,,,
170366,"Fast Food, Pizza Chain, 14"" pizza, sausage topping, thin crust",Fast Foods,320.8,13.36,17.71,27.0,,,
170367,"Fast Food, Pizza Chain, 14"" pizza, sausage topping, regular crust",Fast Foods,279.6,11.5,12.35,30.62,,,
170368,"Fast Foods, grilled chicken filet sandwich, with lettuce, tomato and spread",Fast Foods,177.6,17.34,4.57,16.78,,,
170369,"PIZZA HUT 14"" Pepperoni Pizza, THIN 'N CRISPY Crust",Fast Foods,332.7,14.13,16.17,32.66,,,
170370,"DOMINO'S 14"" Pepperoni Pizza, Crunchy Thin Crust",Fast Foods,328.4,13.88,19.05,25.35,0.6916463127368709,,2.0
170371,"DOMINO'S 14"" Sausage Pizza, Crunchy Thin Crust",Fast Foods,319.0,12.77,18.52,25.3,,,
170372,"PIZZA HUT 14"" Sausage Pizza, Pan Crust",Fast Foods,287.2,11.08,13.85,29.56,0.9618518490375279,,5.29
170373,"Pizza, cheese topping, thin crust, frozen, cooked",Fast Foods,262.5,11.91,11.07,28.8,1.688801328955939,,6.99
170374,"BURGER KING, Double Cheeseburger",Fast Foods,282.2,16.83,16.13,17.43,1.0635633981767427,,1.99
170375,"Beet greens, raw",Vegetables and Vegetable Products,27.3,2.2,0.13,4.33,0.659182163932784,1 lb,2.99
170376,"Beet greens, cooked, boiled, drained, without salt",Vegetables and Vegetable Products,33.9,2.57,0.2,5.46,0.659182163932784,1 lb,2.99
170377,"Broadbeans, immature seeds, raw",Vegetables and Vegetable Products,74.6,5.6,0.6,11.7,,,
170378,"Broadbeans, immature seeds, cooked, boiled, drained, without salt",Vegetables and Vegetable Products,64.1,4.8,0.5,10.1,,,
170379,"Broccoli, raw",Vegetables and Vegetable Products,41.2,2.82,0.37,6.64,0.6613867865546327,,6.0
170380,"Broccoli, frozen, spears, cooked, boiled, drained, without salt",Vegetables and Vegetable Products,34.8,3.1,0.11,5.36,0.6410902608296758,,2.29
170381,"Broccoli raab, raw",Vegetables and Vegetable Products,28.5,3.17,0.49,2.85,0.8818490487395103,,6.0
170382,"Broccoli raab, cooked",Vegetables and Vegetable Products,32.5,3.83,0.52,3.12,0.6613867865546327,,6.0
170383,"Brussels sprouts, raw",Vegetables and Vegetable Products,52.0,3.38,0.3,8.95,1.033968009647076,1 lb,4.69
170384,"Burdock root, cooked, boiled, drained, without salt",Vegetables and Vegetable Products,94.2,2.09,0.14,21.15,,,
170385,"Butterbur, (fuki), raw",Vegetables and Vegetable Products,16.4,0.39,0.04,3.61,,,
170386,"Butterbur, cooked, boiled, drained, without salt",Vegetables and Vegetable Products,9.7,0.23,0.02,2.16,0.3157019594487447,,1.79
170387,"Butterbur, canned",Vegetables and Vegetable Products,3.1,0.11,0.13,0.38,1.1662453669580024,,5.29
170388,"Cabbage, savoy, raw",Vegetables and Vegetable Products,33.3,2.0,0.1,6.1,0.5489510328403452,1 lb,2.49
170389,"Cabbage, savoy, cooked, boiled, drained, without salt",Vegetables and Vegetable Products,29.6,1.8,0.09,5.41,0.5489510328403452,1 lb,2.49
170390,"Cabbage, chinese (pak-choi), raw",Vegetables and Vegetable Products,16.5,1.5,0.2,2.18,0.2843963182184921,1 lb,1.29
170391,"Cabbage, chinese (pak-choi), cooked, boiled, drained, without salt",Vegetables and Vegetable Products,14.8,1.56,0.16,1.78,0.2843963182184921,1 lb,1.29
170392,"Cabbage, kimchi",Vegetables and Vegetable Products,18.5,1.1,0.5,2.4,0.806891879596652,,5.49
170393,"Carrots, raw",Vegetables and Vegetable Products,44.2,0.93,0.24,9.58,0.2524292902016848,2 lb,2.29
170394,"Carrots, cooked, boiled, drained, without salt",Vegetables and Vegetable Products,37.5,0.76,0.18,8.22,0.9523969726386711,2 ct,1.89
170395,"Carrots, canned, regular pack, solids and liquids",Vegetables and Vegetable Products,25.1,0.58,0.14,5.37,0.9523969726386711,2 ct,1.89
170396,"Carrots, canned, regular pack, drained solids",Vegetables and Vegetable Products,26.4,0.64,0.19,5.54,0.2863415734730645,,0.69
170397,"Cauliflower, cooked, boiled, drained, without salt",Vegetables and Vegetable Products,27.8,1.84,0.45,4.11,,1 ct,4.49
170398,"Cauliflower, frozen, unprepared",Vegetables and Vegetable Products,29.2,2.01,0.27,4.68,0.6731447738711596,,2.29
170399,"Cauliflower, frozen, cooked, boiled, drained, without salt",Vegetables and Vegetable Products,23.4,1.61,0.22,3.75,0.6731447738711596,,2.29
170400,"Celeriac, raw",Vegetables and Vegetable Products,45.5,1.5,0.3,9.2,,,
170401,"Chard, swiss, cooked, boiled, drained, without salt",Vegetables and Vegetable Products,24.8,1.88,0.08,4.13,,1 ct,2.49
170402,"Chayote, fruit, raw",Vegetables and Vegetable Products,22.5,0.82,0.13,4.51,0.39462744931093086,1 lb,1.79
170403,"Chayote, fruit, cooked, boiled, drained, without salt",Vegetables and Vegetable Products,27.2,0.62,0.48,5.09,0.39462744931093086,1 lb,1.79
170404,"Chicory, witloof, raw",Vegetables and Vegetable Products,20.5,0.9,0.1,4.0,,,
170405,"Chrysanthemum, garland, cooked, boiled, drained, without salt",Vegetables and Vegetable Products,24.6,1.64,0.09,4.31,,,
170406,"Collards, raw",Vegetables and Vegetable Products,39.2,3.02,0.61,5.42,,1 count,5.99
170407,"Collards, cooked, boiled, drained, without salt",Vegetables and Vegetable Products,39.9,2.71,0.72,5.65,,,
170408,"Collards, frozen, chopped, unprepared",Vegetables and Vegetable Products,39.9,2.69,0.37,6.46,0.5261699324145745,,1.79
170409,"Corn, sweet, yellow, canned, brine pack, regular pack, solids and liquids",Vegetables and Vegetable Products,70.2,1.95,0.77,13.86,0.2058611549844365,,0.89
170410,"Onions, frozen, chopped, unprepared",Vegetables and Vegetable Products,31.3,0.79,0.1,6.82,0.5261699324145745,,1.79
170411,"Onions, frozen, chopped, cooked, boiled, drained, without salt",Vegetables and Vegetable Products,30.3,0.77,0.1,6.59,0.5261699324145745,,1.79
170412,"Onions, frozen, whole, unprepared",Vegetables and Vegetable Products,37.9,0.89,0.06,8.45,0.5261699324145745,,1.79
170413,"Onions, frozen, whole, cooked, boiled, drained, without salt",Vegetables and Vegetable Products,30.1,0.71,0.05,6.7,0.5261699324145745,,1.79
170414,"Onion rings, breaded, par fried, frozen, unprepared",Vegetables and Vegetable Products,261.6,3.15,14.1,30.53,0.835551973680686,,3.79
170415,"Onion rings, breaded, par fried, frozen, prepared, heated in oven",Vegetables and Vegetable Products,280.4,4.14,14.3,33.79,0.835551973680686,,3.79
170416,"Parsley, fresh",Vegetables and Vegetable Products,44.3,2.97,0.79,6.33,,1 ct,1.29
170417,"Parsnips, raw",Vegetables and Vegetable Products,79.5,1.2,0.3,17.99,1.318364327865568,,2.99
170418,"Peas, edible-podded, frozen, cooked, boiled, drained, without salt",Vegetables and Vegetable Products,53.5,3.5,0.38,9.02,0.20023160753732408,,5.79
170419,"Peas, green, raw",Vegetables and Vegetable Products,83.1,5.42,0.4,14.45,0.36743710364146265,,1.25
170420,"Peas, green, cooked, boiled, drained, without salt",Vegetables and Vegetable Products,85.9,5.36,0.22,15.63,0.36743710364146265,,1.25
170421,"Peas, green, canned, regular pack, solids and liquids",Vegetables and Vegetable Products,58.8,3.01,0.48,10.6,0.36743710364146265,,1.25
170422,"Peas, mature seeds, sprouted, raw",Vegetables and Vegetable Products,149.8,8.8,0.68,27.11,,,
170423,"Peas, mature seeds, sprouted, cooked, boiled, drained, without salt",Vegetables and Vegetable Products,101.1,7.05,0.51,17.08,,,
170424,"Peas and carrots, canned, regular pack, solids and liquids",Vegetables and Vegetable Products,45.0,2.17,0.27,8.48,0.20929217423417712,,0.89
170425,"Peas and carrots, frozen, unprepared",Vegetables and Vegetable Products,62.4,3.4,0.47,11.15,2.1295629121188546,,6.49
170426,"Peppers, hot chili, green, canned, pods, excluding seeds, solids and liquids",Vegetables and Vegetable Products,24.9,0.9,0.1,5.1,0.7694132950252227,,3.49
170427,"Peppers, sweet, green, raw",Vegetables and Vegetable Products,23.5,0.86,0.17,4.64,1.100106688302539,,4.99
170428,"Peppers, sweet, green, cooked, boiled, drained, without salt",Vegetables and Vegetable Products,32.3,0.92,0.2,6.7,1.100106688302539,,4.99
170429,"Peppers, sweet, green, canned, solids and liquids",Vegetables and Vegetable Products,21.5,0.8,0.3,3.9,1.100106688302539,,4.99
170430,"Pigeonpeas, immature seeds, cooked, boiled, drained, without salt",Vegetables and Vegetable Products,114.0,5.96,1.36,19.49,,,
170431,Poi,Vegetables and Vegetable Products,111.7,0.38,0.14,27.23,,20 count,6.79
170432,"Pokeberry shoots, (poke), raw",Vegetables and Vegetable Products,28.8,2.6,0.4,3.7,,,
170433,"Pokeberry shoots, (poke), cooked, boiled, drained, without salt",Vegetables and Vegetable Products,25.2,2.3,0.4,3.1,,,
170434,"Potatoes, white, flesh and skin, baked",Vegetables and Vegetable Products,94.1,2.1,0.15,21.08,0.4828123541848819,1 lb,2.19
170435,"Potatoes, red, flesh and skin, baked",Vegetables and Vegetable Products,88.9,2.3,0.15,19.59,1.1832810872177428,,3.69
170436,"Potatoes, french fried, crinkle or regular cut, salt added in processing, frozen, as purchased",Vegetables and Vegetable Products,150.1,2.34,4.99,23.96,0.46486042712125614,,3.69
170437,"Potatoes, french fried, crinkle or regular cut, salt added in processing, frozen, oven-heated",Vegetables and Vegetable Products,166.2,2.51,5.13,27.5,0.49493777860505017,,4.49
170438,"Potatoes, boiled, cooked in skin, flesh, without salt",Vegetables and Vegetable Products,88.9,1.87,0.1,20.13,1.100106688302539,,4.99
170439,"Potatoes, boiled, cooked in skin, skin, without salt",Vegetables and Vegetable Products,81.2,2.86,0.1,17.21,,,
170440,"Potatoes, boiled, cooked without skin, flesh, without salt",Vegetables and Vegetable Products,87.8,1.71,0.1,20.01,1.100106688302539,,4.99
170441,"Potatoes, microwaved, cooked in skin, flesh, without salt",Vegetables and Vegetable Products,102.4,2.1,0.1,23.28,1.0542995293819035,,2.69
170442,"Potatoes, au gratin, home-prepared from recipe using butter",Vegetables and Vegetable Products,133.6,5.06,7.59,11.26,3.254022989848793,2 ct,3.69
170443,"Potatoes, canned, solids and liquids",Vegetables and Vegetable Products,45.4,1.2,0.11,9.89,0.23280814886723072,,0.99
170444,"Potatoes, canned, drained solids",Vegetables and Vegetable Products,62.0,1.41,0.21,13.61,0.23280814886723072,,0.99
170445,"Potatoes, mashed, dehydrated, flakes without milk, dry form",Vegetables and Vegetable Products,361.7,8.34,0.41,81.17,1.3227735731092654,,1.5
170446,"Potatoes, mashed, dehydrated, prepared from flakes without milk, whole milk and butter added",Vegetables and Vegetable Products,96.7,1.77,5.13,10.87,1.3227735731092654,,1.5
170447,"Potatoes, au gratin, dry mix, unprepared",Vegetables and Vegetable Products,366.1,8.9,3.7,74.31,3.254022989848793,2 ct,3.69
170448,"Potatoes, au gratin, dry mix, prepared with water, whole milk and butter",Vegetables and Vegetable Products,97.6,2.3,4.12,12.84,3.254022989848793,2 ct,3.69
170449,"Potatoes, scalloped, dry mix, unprepared",Vegetables and Vegetable Products,368.1,7.77,4.59,73.93,1.6270114949243966,,3.69
170450,"Potatoes, scalloped, dry mix, prepared with water, whole milk and butter",Vegetables and Vegetable Products,98.3,2.12,4.3,12.77,1.6270114949243966,,3.69
170451,"Potatoes, french fried, shoestring, salt added in processing, frozen, as purchased",Vegetables and Vegetable Products,167.2,2.16,6.24,25.59,0.49493777860505017,,4.49
170452,"Potatoes, french fried, shoestring, salt added in processing, frozen, oven-heated",Vegetables and Vegetable Products,199.1,2.9,6.76,31.66,0.49493777860505017,,4.49
170453,"Potatoes, o'brien, frozen, unprepared",Vegetables and Vegetable Products,78.5,1.83,0.14,17.47,0.5026539577815209,,3.99
170454,"Potatoes, o'brien, frozen, prepared",Vegetables and Vegetable Products,215.2,2.22,13.21,21.86,0.5026539577815209,,3.99
170455,"Taro, tahitian, cooked, without salt",Vegetables and Vegetable Products,50.2,4.16,0.68,6.85,,,
170456,"Tomatoes, green, raw",Vegetables and Vegetable Products,27.0,1.2,0.2,5.1,0.5961299569479089,,1.69
170457,"Tomatoes, red, ripe, raw, year round average",Vegetables and Vegetable Products,20.9,0.88,0.2,3.89,0.5048585804033696,1 lb,2.29
170458,"Tomato juice, canned, with salt added",Vegetables and Vegetable Products,20.1,0.85,0.29,3.53,2.43069665070745,6 pk,3.79
170459,"Tomato products, canned, paste, without salt added (Includes foods for USDA's Food Distribution Program)",Vegetables and Vegetable Products,97.2,4.32,0.47,18.91,,,
170460,"Tomato products, canned, puree, without salt added",Vegetables and Vegetable Products,44.4,1.65,0.21,8.98,,,
170461,Tomato powder,Vegetables and Vegetable Products,354.3,12.91,0.44,74.68,2.1869856408739854,,2.79
170462,"Tomato products, canned, sauce, with onions, green peppers, and celery",Vegetables and Vegetable Products,45.5,0.94,0.74,8.77,,,
170463,"Tomato products, canned, sauce, with tomato tidbits",Vegetables and Vegetable Products,37.2,1.32,0.39,7.09,,,
170464,"Tree fern, cooked, without salt",Vegetables and Vegetable Products,45.7,0.29,0.07,10.98,,,
170465,"Turnips, raw",Vegetables and Vegetable Products,30.2,0.9,0.1,6.43,0.5489510328403452,1 lb,2.49
170466,"Turnip greens, cooked, boiled, drained, without salt",Vegetables and Vegetable Products,24.1,1.14,0.23,4.36,0.39062646751572383,,2.99
170467,"Turnip greens, canned, solids and liquids",Vegetables and Vegetable Products,17.8,1.36,0.3,2.42,0.39062646751572383,,2.99
170468,"Turnip greens, frozen, unprepared",Vegetables and Vegetable Products,27.4,2.47,0.31,3.67,0.5261699324145745,,1.79
170469,"Turnip greens, frozen, cooked, boiled, drained, without salt",Vegetables and Vegetable Products,37.1,3.35,0.42,4.98,0.5261699324145745,,1.79
170470,"Turnip greens and turnips, frozen, unprepared",Vegetables and Vegetable Products,25.1,2.46,0.19,3.39,0.5489510328403452,1 lb,2.49
170471,"Vegetables, mixed, frozen, unprepared",Vegetables and Vegetable Products,71.9,3.33,0.52,13.47,0.36743710364146265,,1.25
170472,"Vegetables, mixed, frozen, cooked, boiled, drained, without salt",Vegetables and Vegetable Products,65.2,2.86,0.15,13.09,0.36743710364146265,,1.25
170473,"Vegetable juice cocktail, low sodium, canned",Vegetables and Vegetable Products,21.8,0.91,0.32,3.83,,,
170474,"Vinespinach, (basella), raw",Vegetables and Vegetable Products,23.5,1.8,0.3,3.4,,,
170475,"Waxgourd, (chinese preserving melon), cooked, boiled, drained, without salt",Vegetables and Vegetable Products,15.6,0.4,0.2,3.04,,,
170476,"Winged beans, immature seeds, raw",Vegetables and Vegetable Products,52.9,6.95,0.87,4.31,,,
170477,"Winged beans, immature seeds, cooked, boiled, drained, without salt",Vegetables and Vegetable Products,40.0,5.31,0.66,3.21,,,
170478,"Winged bean leaves, raw",Vegetables and Vegetable Products,89.7,5.85,1.1,14.1,,,
170479,"Beets, harvard, canned, solids and liquids",Vegetables and Vegetable Products,76.6,0.84,0.06,18.18,,,
170480,"Beets, pickled, canned, solids and liquids",Vegetables and Vegetable Products,69.0,0.8,0.08,16.28,0.5269048066218573,,2.39
170481,"Borage, raw",Vegetables and Vegetable Products,25.7,1.8,0.7,3.06,,,
170482,"Borage, cooked, boiled, drained, without salt",Vegetables and Vegetable Products,29.8,2.09,0.81,3.55,,,
170483,"Drumstick pods, raw",Vegetables and Vegetable Products,44.3,2.1,0.2,8.53,,8 ct,9.29
170484,"Drumstick pods, cooked, boiled, drained, without salt",Vegetables and Vegetable Products,42.8,2.09,0.19,8.18,,8 ct,9.29
170485,"Leeks, (bulb and lower-leaf portion), freeze-dried",Vegetables and Vegetable Products,378.3,15.2,2.1,74.65,,,
170486,"Parsley, freeze-dried",Vegetables and Vegetable Products,341.5,31.3,5.2,42.38,82.18833134252236,,6.99
170487,"Squash, summer, all varieties, raw",Vegetables and Vegetable Products,19.9,1.21,0.18,3.35,0.5048585804033696,1 lb,2.29
170488,"Squash, summer, all varieties, cooked, boiled, drained, without salt",Vegetables and Vegetable Products,23.7,0.91,0.31,4.31,0.5048585804033696,1 lb,2.29
170489,"Squash, winter, all varieties, raw",Vegetables and Vegetable Products,39.3,0.95,0.13,8.59,0.3284887706554676,1 lb,1.49
170490,"Squash, winter, all varieties, cooked, baked, without salt",Vegetables and Vegetable Products,42.1,0.89,0.35,8.85,0.3284887706554676,1 lb,1.49
170491,"Carrot juice, canned",Vegetables and Vegetable Products,42.3,0.95,0.15,9.28,0.4741634500530136,,6.99
170492,"Corn pudding, home prepared",Vegetables and Vegetable Products,130.9,4.42,5.04,16.97,0.21283949922119705,,0.89
170493,"Potatoes, mashed, home-prepared, whole milk added",Vegetables and Vegetable Products,83.0,1.91,0.57,17.57,1.3227735731092654,,1.5
170494,Spinach souffle,Vegetables and Vegetable Products,171.7,7.89,12.95,5.9,0.9670944567843297,,3.29
170495,"Seaweed, spirulina, dried",Vegetables and Vegetable Products,395.0,57.47,7.72,23.9,,,
170496,"Seaweed, wakame, raw",Vegetables and Vegetable Products,54.4,3.03,0.64,9.14,25.936736727632653,,1.25
170497,"Peppers, hot chili, green, raw",Vegetables and Vegetable Products,47.6,2.0,0.2,9.46,0.7694132950252227,,3.49
170498,"Potatoes, o'brien, home-prepared",Vegetables and Vegetable Products,82.8,2.35,1.28,15.47,0.5026539577815209,,3.99
170499,"Shallots, raw",Vegetables and Vegetable Products,78.1,2.5,0.1,16.8,4.652169698633341,,6.99
170500,"Carrot, dehydrated",Vegetables and Vegetable Products,364.1,8.1,1.49,79.57,,,
170501,"Tomatoes, crushed, canned",Vegetables and Vegetable Products,38.2,1.64,0.28,7.29,0.2884906173733541,,2.29
170502,"Tomatoes, orange, raw",Vegetables and Vegetable Products,19.1,1.16,0.19,3.18,,,
170503,"Mustard greens, cooked, boiled, drained, with salt",Vegetables and Vegetable Products,32.5,2.56,0.47,4.51,0.39062646751572383,,2.99
170504,"Mustard greens, frozen, cooked, boiled, drained, with salt",Vegetables and Vegetable Products,23.8,2.27,0.25,3.11,,1 ct,1.49
170505,"Mustard spinach, (tendergreen), cooked, boiled, drained, with salt",Vegetables and Vegetable Products,19.8,1.7,0.2,2.8,,,
170506,"New zealand spinach, cooked, boiled, drained, with salt",Vegetables and Vegetable Products,15.2,1.3,0.17,2.13,,,
170507,"Onions, frozen, whole, cooked, boiled, drained, with salt",Vegetables and Vegetable Products,27.7,0.71,0.05,6.11,0.5261699324145745,,1.79
170508,"Parsnips, cooked, boiled, drained, with salt",Vegetables and Vegetable Products,76.0,1.32,0.3,17.01,,,
170509,"Peas, edible-podded, cooked, boiled, drained, with salt",Vegetables and Vegetable Products,41.0,3.27,0.23,6.46,0.20023160753732408,,5.79
170510,"Peas, edible-podded, frozen, cooked, boiled, drained, with salt",Vegetables and Vegetable Products,51.1,3.5,0.38,8.43,0.20023160753732408,,5.79
170511,"Peas, mature seeds, sprouted, cooked, boiled, drained, with salt",Vegetables and Vegetable Products,101.1,7.05,0.51,17.08,,,
170512,"Peas and carrots, canned, no salt added, solids and liquids",Vegetables and Vegetable Products,45.0,2.17,0.27,8.48,0.20929217423417712,,0.89
170513,"Peas and carrots, frozen, cooked, boiled, drained, with salt",Vegetables and Vegetable Products,56.6,3.09,0.42,10.12,2.1295629121188546,,6.49
170514,"Peas and onions, frozen, cooked, boiled, drained, with salt",Vegetables and Vegetable Products,46.5,2.54,0.2,8.63,0.7319347104537937,,2.49
170515,"Peppers, sweet, red, cooked, boiled, drained, with salt",Vegetables and Vegetable Products,29.9,0.92,0.2,6.11,1.100106688302539,,4.99
170516,"Peppers, sweet, green, frozen, chopped, cooked, boiled, drained, with salt",Vegetables and Vegetable Products,18.7,0.95,0.18,3.31,1.100106688302539,,4.99
170517,"Pigeonpeas, immature seeds, cooked, boiled, drained, with salt",Vegetables and Vegetable Products,114.0,5.96,1.36,19.49,,,
170518,"Pokeberry shoots, (poke), cooked, boiled, drained, with salt",Vegetables and Vegetable Products,25.2,2.3,0.4,3.1,,,
170519,"Potatoes, boiled, cooked in skin, skin, with salt",Vegetables and Vegetable Products,81.1,2.86,0.1,17.2,1.100106688302539,,4.99
170520,"Potatoes, boiled, cooked without skin, flesh, with salt",Vegetables and Vegetable Products,87.8,1.71,0.1,20.01,1.100106688302539,,4.99
170521,"Potatoes, microwaved, cooked, in skin, flesh and skin, with salt",Vegetables and Vegetable Products,107.6,2.44,0.1,24.24,1.0542995293819035,,2.69
170522,"Potatoes, microwaved, cooked in skin, flesh, with salt",Vegetables and Vegetable Products,102.4,2.1,0.1,23.28,1.0542995293819035,,2.69
170523,"Potatoes, french fried, all types, salt not added in processing, frozen, as purchased",Vegetables and Vegetable Products,150.1,2.24,4.66,24.81,0.49493777860505017,,4.49
170524,"Potatoes, au gratin, home-prepared from recipe using margarine",Vegetables and Vegetable Products,133.6,5.06,7.59,11.27,3.254022989848793,2 ct,3.69
170525,"Potatoes, scalloped, home-prepared with margarine",Vegetables and Vegetable Products,87.7,2.87,3.68,10.78,1.6270114949243966,,3.69
170526,"Pumpkin, cooked, boiled, drained, with salt",Vegetables and Vegetable Products,20.8,0.72,0.07,4.31,0.546138238460745,,4.49
170527,"Pumpkin, canned, with salt",Vegetables and Vegetable Products,39.3,1.1,0.28,8.09,0.6560956922621957,,2.79
170528,"Rutabagas, cooked, boiled, drained, with salt",Vegetables and Vegetable Products,32.7,0.93,0.18,6.84,0.5489510328403452,1 lb,2.49
170529,"Salsify, cooked, boiled, drained, with salt",Vegetables and Vegetable Products,73.9,2.73,0.17,15.36,,,
170530,"Soybeans, green, cooked, boiled, drained, with salt",Vegetables and Vegetable Products,151.2,12.35,6.4,11.05,,,
170531,"Spinach, cooked, boiled, drained, with salt",Vegetables and Vegetable Products,29.2,2.97,0.26,3.75,0.43798502754062346,,1.49
170532,"Squash, summer, crookneck and straightneck, frozen, cooked, boiled, drained, with salt",Vegetables and Vegetable Products,29.1,1.28,0.2,5.54,0.5048585804033696,1 lb,2.29
170533,"Squash, summer, scallop, cooked, boiled, drained, with salt",Vegetables and Vegetable Products,18.8,1.03,0.17,3.3,0.5048585804033696,1 lb,2.29
170534,"Squash, summer, zucchini, includes skin, cooked, boiled, drained, with salt",Vegetables and Vegetable Products,18.6,1.14,0.36,2.69,0.5048585804033696,1 lb,2.29
170535,"Squash, summer, zucchini, includes skin, frozen, cooked, boiled, drained, with salt",Vegetables and Vegetable Products,17.6,1.15,0.13,2.97,0.5048585804033696,1 lb,2.29
170536,"Squash, winter, butternut, frozen, cooked, boiled, with salt",Vegetables and Vegetable Products,45.7,1.23,0.07,10.04,0.3284887706554676,1 lb,1.49
170537,"Squash, winter, hubbard, baked, with salt",Vegetables and Vegetable Products,58.7,2.48,0.62,10.81,,,
170538,"Squash, winter, hubbard, cooked, boiled, mashed, with salt",Vegetables and Vegetable Products,35.1,1.48,0.37,6.46,0.3284887706554676,1 lb,1.49
170539,"Squash, winter, spaghetti, cooked, boiled, drained, or baked, with salt",Vegetables and Vegetable Products,30.8,0.66,0.26,6.46,0.3284887706554676,1 lb,1.49
170540,"Succotash, (corn and limas), cooked, boiled, drained, with salt",Vegetables and Vegetable Products,125.0,5.07,0.8,24.37,,,
170541,"Sweet potato, cooked, boiled, without skin, with salt",Vegetables and Vegetable Products,77.6,1.37,0.14,17.72,2.814862163576517,,3.99
170542,"Sweet potato, frozen, cooked, baked, with salt",Vegetables and Vegetable Products,101.5,1.71,0.12,23.4,1.0564551603899333,,5.99
170543,"Taro, cooked, with salt",Vegetables and Vegetable Products,141.5,0.52,0.11,34.6,,12 ct,1.49
170544,"Taro, leaves, cooked, steamed, with salt",Vegetables and Vegetable Products,30.1,2.72,0.41,3.89,0.9898755572101003,1 lb,4.49
170545,"Tomato juice, canned, without salt added",Vegetables and Vegetable Products,20.1,0.85,0.29,3.53,2.43069665070745,6 pk,3.79
170546,"Tomato products, canned, puree, with salt added",Vegetables and Vegetable Products,44.4,1.65,0.21,8.98,0.3766755222473051,,2.99
170547,"Turnips, cooked, boiled, drained, with salt",Vegetables and Vegetable Products,23.8,0.71,0.08,5.06,,8 in,10.99
170548,"Turnips, frozen, cooked, boiled, drained, with salt",Vegetables and Vegetable Products,23.2,1.53,0.24,3.73,0.9778726118244793,,4.99
170549,"Waxgourd, (chinese preserving melon), cooked, boiled, drained, with salt",Vegetables and Vegetable Products,13.2,0.4,0.2,2.45,,,
170550,"Winged bean, immature seeds, cooked, boiled, drained, with salt",Vegetables and Vegetable Products,40.0,5.31,0.66,3.21,3.0184433153998094,,5.99
170551,"Yam, cooked, boiled, drained, or baked, with salt",Vegetables and Vegetable Products,115.2,1.49,0.14,26.99,2.642607649389399,,8.99
170552,"Seeds, breadnut tree seeds, raw",Nut and Seed Products,217.9,5.97,0.99,46.28,0.7037155408941292,,3.99
170553,"Seeds, breadnut tree seeds, dried",Nut and Seed Products,367.2,8.62,1.68,79.39,0.7037155408941292,,3.99
170554,"Seeds, chia seeds, dried",Nut and Seed Products,511.3,16.54,30.74,42.12,2.348657966476229,,7.99
170555,"Seeds, cottonseed flour, partially defatted (glandless)",Nut and Seed Products,381.8,40.96,6.2,40.54,1.4969387602353188,,6.79
170556,"Seeds, pumpkin and squash seed kernels, dried",Nut and Seed Products,605.2,30.23,49.05,10.71,,,
170557,"Seeds, pumpkin and squash seed kernels, roasted, without salt",Nut and Seed Products,619.6,29.84,49.05,14.71,,,
170558,"Seeds, safflower seed kernels, dried",Nut and Seed Products,547.9,16.18,38.45,34.29,1.3368831578890976,,3.79
170559,"Seeds, safflower seed meal, partially defatted",Nut and Seed Products,358.9,35.62,2.39,48.73,,,
170560,"Seeds, sesame flour, low-fat",Nut and Seed Products,358.4,50.14,1.75,35.51,4.6937885367575,,4.99
170561,"Seeds, sesame meal, partially defatted",Nut and Seed Products,604.0,16.96,48.0,26.04,4.6937885367575,,4.99
170562,"Seeds, sunflower seed kernels, dried",Nut and Seed Products,626.3,20.78,51.46,20.0,,,
170563,"Seeds, sunflower seed kernels, dry roasted, without salt",Nut and Seed Products,621.8,19.33,49.8,24.07,,,
170564,"Seeds, sunflower seed kernels, oil roasted, without salt",Nut and Seed Products,633.5,20.06,51.3,22.89,,,
170565,"Nuts, acorns, dried",Nut and Seed Products,529.7,8.1,31.41,53.66,37.74313928605104,9 ct,7.49
170566,"Nuts, acorn flour, full fat",Nut and Seed Products,520.1,7.49,30.17,54.65,,,
170567,"Nuts, almonds",Nut and Seed Products,620.2,21.15,49.93,21.55,1.321671261798341,,11.99
170568,"Nuts, almonds, blanched",Nut and Seed Products,633.0,21.4,52.52,18.67,1.321671261798341,,11.99
170569,"Nuts, brazilnuts, dried, unblanched",Nut and Seed Products,708.1,14.32,67.1,11.74,2.348657966476229,,7.99
170570,"Nuts, butternuts, dried",Nut and Seed Products,660.6,24.9,56.98,12.05,1.2597843553421575,,5.0
170571,"Nuts, cashew nuts, dry roasted, without salt added",Nut and Seed Products,609.2,15.31,46.35,32.69,1.762595786168096,,15.99
170572,"Nuts, cashew nuts, oil roasted, without salt added",Nut and Seed Products,616.8,16.84,47.77,29.87,1.762595786168096,,15.99
170573,"Nuts, chestnuts, chinese, roasted",Nut and Seed Products,238.1,4.48,1.19,52.36,2.2226020684735617,,6.49
170574,"Nuts, chestnuts, european, raw, unpeeled",Nut and Seed Products,212.2,2.42,2.26,45.54,2.2226020684735617,,6.49
170575,"Nuts, chestnuts, european, raw, peeled",Nut and Seed Products,194.5,1.63,1.25,44.17,2.2226020684735617,,6.49
170576,"Nuts, chestnuts, european, dried, unpeeled",Nut and Seed Products,374.8,6.39,4.45,77.31,2.2226020684735617,,6.49
170577,"Nuts, coconut meat, dried (desiccated), sweetened, flaked, packaged",Nut and Seed Products,471.8,3.13,27.99,51.85,,6 ct,8.79
170578,"Nuts, coconut meat, dried (desiccated), sweetened, flaked, canned",Nut and Seed Products,462.2,3.35,31.69,40.91,,6 ct,8.79
170579,"Nuts, coconut meat, dried (desiccated), toasted",Nut and Seed Products,621.8,5.3,47.0,44.4,,6 ct,8.79
170580,"Nuts, coconut cream, raw (liquid expressed from grated meat)",Nut and Seed Products,353.2,3.63,34.68,6.65,3.825713130303064,,9.49
170581,"Nuts, hazelnuts or filberts",Nut and Seed Products,673.3,14.95,60.75,16.7,2.200213376605078,,4.99
170582,"Nuts, hazelnuts or filberts, blanched",Nut and Seed Products,673.2,13.7,61.15,17.0,2.200213376605078,,4.99
170583,"Nuts, hazelnuts or filberts, dry roasted, without salt added",Nut and Seed Products,692.1,15.03,62.4,17.6,2.200213376605078,,4.99
170584,"Nuts, ginkgo nuts, raw",Nut and Seed Products,182.8,4.32,1.68,37.6,,6 ct,8.79
170585,"Nuts, mixed nuts, dry roasted, with peanuts, without salt added",Nut and Seed Products,649.2,19.5,53.5,22.42,2.092186868134488,,9.49
170586,"Nuts, mixed nuts, dry roasted, with peanuts, salt added, PLANTERS pistachio blend",Nut and Seed Products,613.1,23.28,47.52,23.07,2.092186868134488,,9.49
170587,"Nuts, mixed nuts, oil roasted, with peanuts, without salt added",Nut and Seed Products,649.9,20.04,53.95,21.05,2.092186868134488,,9.49
170588,"Nuts, mixed nuts, oil roasted, without peanuts, without salt added",Nut and Seed Products,656.7,15.52,56.17,22.27,2.092186868134488,,9.49
170589,"Nuts, pecans, oil roasted, without salt added",Nut and Seed Products,765.9,9.2,75.23,13.01,2.348657966476229,,7.99
170590,"Nuts, pilinuts, dried",Nut and Seed Products,775.1,10.8,79.55,3.98,,6 ct,8.79
170591,"Nuts, pine nuts, dried",Nut and Seed Products,722.4,13.69,68.37,13.08,7.438886642255958,,9.49
170592,"Nuts, pine nuts, pinyon, dried",Nut and Seed Products,672.3,11.57,60.98,19.3,7.438886642255958,,9.49
170593,"Nuts, walnuts, glazed",Nut and Seed Products,544.9,8.28,35.71,47.59,2.348657966476229,,7.99
170594,"Nuts, walnuts, dry roasted, with salt added",Nut and Seed Products,675.0,14.29,60.71,17.86,2.348657966476229,,7.99
170595,"Seeds, breadfruit seeds, roasted",Nut and Seed Products,209.5,6.2,2.7,40.1,0.7037155408941292,,3.99
170596,"Seeds, cottonseed kernels, roasted (glandless)",Nut and Seed Products,544.6,32.59,36.29,21.9,2.348657966476229,,7.99
170597,"Beef, variety meats and by-products, spleen, cooked, braised",Beef Products,138.2,25.1,4.2,0.0,,,
170598,"Beef, variety meats and by-products, tongue, cooked, simmered",Beef Products,277.9,19.29,22.3,0.0,,,
170599,"Beef, variety meats and by-products, tripe, raw",Beef Products,81.5,12.07,3.69,0.0,,,
170600,"Beef, sandwich steaks, flaked, chopped, formed and thinly sliced, raw",Beef Products,309.0,16.5,27.0,0.0,1.3064430351696448,,2.5
170601,"Beef, brisket, flat half, separable lean only, trimmed to 0"" fat, choice, cooked, braised",Beef Products,203.1,32.62,8.07,0.0,1.5410312126722943,1 lb,6.99
170602,"Beef, cured, corned beef, canned",Sausages and Luncheon Meats,242.8,27.1,14.93,0.0,6.461014030431479,,10.99
170603,"Beef, chuck, under blade pot roast or steak, boneless, separable lean only, trimmed to 0"" fat, select, raw",Beef Products,133.6,21.03,5.41,0.19,2.86380478578156,1 lb,12.99
170604,"Beef, cured, dried",Sausages and Luncheon Meats,152.9,31.1,1.94,2.76,6.461014030431479,,10.99
170605,"Beef, chuck, under blade center steak, boneless, Denver Cut, separable lean only, trimmed to 0"" fat, all grades, cooked, grilled",Beef Products,220.3,26.5,12.64,0.14,2.86380478578156,1 lb,12.99
170606,"Sausage, beef, cured, cooked, smoked",Sausages and Luncheon Meats,308.3,14.11,26.91,2.42,0.9670944567843297,,3.29
170607,"Beef, chopped, cured, smoked",Sausages and Luncheon Meats,128.0,20.19,4.42,1.86,0.40084047669977735,,2.5
170608,"Beef, chuck, under blade center steak, boneless, Denver Cut, separable lean only, trimmed to 0"" fat, choice, raw",Beef Products,178.2,19.23,10.96,0.67,2.86380478578156,1 lb,12.99
170609,"Beef, composite of trimmed retail cuts, separable lean and fat, trimmed to 0"" fat, all grades, cooked",Beef Products,225.4,28.4,12.42,0.0,,,
170610,"Beef, composite of trimmed retail cuts, separable lean only, trimmed to 0"" fat, select, cooked",Beef Products,183.6,29.88,7.12,0.0,,,
170611,"Beef, brisket, whole, separable lean and fat, trimmed to 0"" fat, all grades, cooked, braised",Beef Products,282.8,26.79,19.52,0.0,1.5410312126722943,1 lb,6.99
170612,"Beef, brisket, whole, separable lean only, trimmed to 0"" fat, all grades, cooked, braised",Beef Products,209.7,29.75,10.08,0.0,1.5410312126722943,1 lb,6.99
170613,"Beef, brisket, flat half, separable lean and fat, trimmed to 0"" fat, all grades, cooked, braised",Beef Products,203.7,32.9,8.01,0.0,1.5410312126722943,1 lb,6.99
170614,"Beef, chuck, arm pot roast, separable lean and fat, trimmed to 0"" fat, select, cooked, braised",Beef Products,275.0,29.23,17.56,0.0,2.86380478578156,1 lb,12.99
170615,"Beef, chuck, arm pot roast, separable lean only, trimmed to 0"" fat, choice, cooked, braised",Beef Products,202.5,33.36,7.67,0.0,2.86380478578156,1 lb,12.99
170616,"Beef, chuck, arm pot roast, separable lean only, trimmed to 0"" fat, select, cooked, braised",Beef Products,185.7,33.37,5.8,0.0,2.86380478578156,1 lb,12.99
170617,"Beef, chuck, blade roast, separable lean and fat, trimmed to 0"" fat, all grades, cooked, braised",Beef Products,326.0,27.18,24.14,0.0,2.86380478578156,1 lb,12.99
170618,"Beef, chuck, under blade pot roast, boneless, separable lean and fat, trimmed to 0"" fat, choice, cooked, braised",Beef Products,298.9,26.39,21.48,0.0,2.86380478578156,1 lb,12.99
170619,"Beef, rib, large end (ribs 6-9), separable lean and fat, trimmed to 0"" fat, choice, cooked, roasted",Beef Products,365.6,22.8,30.49,0.0,1.9819557370420493,1 lb,8.99
170620,"Beef, rib, large end (ribs 6-9), separable lean and fat, trimmed to 0"" fat, select, cooked, roasted",Beef Products,323.8,23.48,25.54,0.0,1.9819557370420493,1 lb,8.99
170621,"Beef, rib, large end (ribs 6-9), separable lean only, trimmed to 0"" fat, all grades, cooked, roasted",Beef Products,230.7,27.53,13.4,0.0,1.9819557370420493,1 lb,8.99
170622,"Beef, rib, large end (ribs 6-9), separable lean only, trimmed to 0"" fat, choice, cooked, roasted",Beef Products,245.1,27.53,15.0,0.0,1.9819557370420493,1 lb,8.99
170623,"Beef, rib, small end (ribs 10-12), separable lean only, trimmed to 0"" fat, all grades, cooked, broiled",Beef Products,185.4,29.41,7.53,0.0,1.9819557370420493,1 lb,8.99
170624,"Beef, rib, small end (ribs 10-12), separable lean only, trimmed to 0"" fat, choice, cooked, broiled",Beef Products,217.5,28.04,11.7,0.0,1.9819557370420493,1 lb,8.99
170625,"Beef, rib, small end (ribs 10-12), separable lean only, trimmed to 0"" fat, select, cooked, broiled",Beef Products,190.5,28.04,8.7,0.0,1.9819557370420493,1 lb,8.99
170626,"Beef, round, bottom round, steak, separable lean and fat, trimmed to 0"" fat, all grades, cooked, braised",Beef Products,214.0,33.56,8.86,0.0,2.643342523596682,1 lb,11.99
170627,"Beef, round, bottom round, roast, separable lean and fat, trimmed to 0"" fat, select, cooked, roasted",Beef Products,166.9,28.08,6.06,0.0,2.643342523596682,1 lb,11.99
170628,"Beef, round, bottom round, steak, separable lean only, trimmed to 0"" fat, all grades, cooked, braised",Beef Products,205.0,34.0,7.67,0.0,2.643342523596682,1 lb,11.99
170629,"Beef, round, bottom round, roast, separable lean only, trimmed to 0"" fat, all grades, cooked, roasted",Beef Products,169.4,27.76,6.48,0.0,2.643342523596682,1 lb,11.99
170630,"Beef, round, bottom round, steak, separable lean only, trimmed to 0"" fat, choice, cooked, braised",Beef Products,213.6,33.08,9.03,0.0,2.643342523596682,1 lb,11.99
170631,"Beef, round, bottom round, roast, separable lean only, trimmed to 0"" fat, choice, cooked, roasted",Beef Products,177.6,27.23,7.63,0.0,2.643342523596682,1 lb,11.99
170632,"Beef, round, eye of round roast, boneless, separable lean and fat, trimmed to 0"" fat, select, cooked, roasted",Beef Products,153.5,29.45,3.97,0.0,2.643342523596682,1 lb,11.99
170633,"Beef, round, eye of round roast, boneless, separable lean only, trimmed to 0"" fat, all grades, cooked, roasted",Beef Products,154.5,29.85,3.9,0.0,2.643342523596682,1 lb,11.99
170634,"Beef, round, eye of round roast, boneless, separable lean only, trimmed to 0"" fat, choice, cooked, roasted",Beef Products,158.1,29.94,4.26,0.0,2.643342523596682,1 lb,11.99
170635,"Beef, round, eye of round roast, boneless, separable lean only, trimmed to 0"" fat, select, cooked, roasted",Beef Products,149.0,29.52,3.43,0.0,2.643342523596682,1 lb,11.99
170636,"Beef, round, tip round, roast, separable lean only, trimmed to 0"" fat, choice, cooked, roasted",Beef Products,168.5,27.68,6.42,0.0,2.643342523596682,1 lb,11.99
170637,"Beef, round, tip round, roast, separable lean only, trimmed to 0"" fat, select, cooked, roasted",Beef Products,148.9,27.37,4.38,0.0,2.643342523596682,1 lb,11.99
170638,"Beef, round, top round, separable lean and fat, trimmed to 0"" fat, all grades, cooked, braised",Beef Products,199.3,35.62,6.31,0.0,2.643342523596682,1 lb,11.99
170639,"Beef, round, top round, separable lean and fat, trimmed to 0"" fat, choice, cooked, braised",Beef Products,206.3,35.62,7.09,0.0,2.643342523596682,1 lb,11.99
170640,"Beef, loin, tenderloin steak, boneless, separable lean and fat, trimmed to 0"" fat, select, cooked, grilled",Beef Products,193.0,30.93,7.7,0.0,1.5321168690274276,,9.99
170641,"Beef, loin, tenderloin steak, boneless, separable lean only, trimmed to 0"" fat, all grades, cooked, grilled",Beef Products,197.7,30.7,8.32,0.0,1.5321168690274276,,9.99
170642,"Beef, loin, tenderloin steak, boneless, separable lean only, trimmed to 0"" fat, choice, cooked, grilled",Beef Products,203.1,30.45,9.03,0.0,1.5321168690274276,,9.99
170643,"Beef, loin, tenderloin steak, boneless, separable lean only, trimmed to 0"" fat, select, cooked, grilled",Beef Products,189.6,31.09,7.25,0.0,1.5321168690274276,,9.99
170644,"Puddings, vanilla, dry mix, regular, with added oil",Sweets,380.7,0.3,1.1,92.4,1.7221993187148088,,2.49
170645,"Jams and preserves, apricot",Sweets,262.2,0.7,0.2,64.4,1.9780552508649323,,7.29
170646,"Syrups, table blends, pancake, with 2% maple, with added potassium",Sweets,279.3,0.0,0.1,69.6,,24 oza,4.79
170647,"Snacks, corn cakes, very low sodium",Snacks,387.6,8.1,2.4,83.4,,,
170648,"Snacks, potato chips, plain, made with partially hydrogenated soybean oil, unsalted",Snacks,551.0,7.0,34.6,52.9,1.5969484591719132,,2.49
170649,"Snacks, potato chips, plain, unsalted",Snacks,551.0,7.0,34.6,52.9,1.5969484591719132,,2.49
170650,"Snacks, pretzels, hard, plain, made with unenriched flour, salted",Snacks,384.7,9.1,3.5,79.2,2.814862163576517,,3.99
170651,"Snacks, pretzels, hard, plain, made with unenriched flour, unsalted",Snacks,384.7,9.1,3.5,79.2,2.814862163576517,,3.99
170652,"Snacks, rice cakes, brown rice, sesame seed, unsalted",Snacks,390.6,7.6,3.8,81.5,3.0453187149804424,,2.59
170653,"Snacks, sesame sticks, wheat-based, unsalted",Snacks,559.9,10.9,36.7,46.5,2.1517116789244053,,5.49
170654,"Snacks, trail mix, regular, unsalted",Snacks,499.4,13.8,29.4,44.9,1.9819557370420493,,8.99
170655,"Snacks, trail mix, regular, with chocolate chips, unsalted nuts and seeds",Snacks,523.5,14.2,31.9,44.9,4.400426753210156,,4.99
170656,"Candies, sugar-coated almonds",Sweets,474.4,10.0,17.93,68.26,1.9819557370420493,,8.99
170657,"Cocoa, dry powder, hi-fat or breakfast, processed with alkali",Sweets,479.4,16.8,23.71,49.71,,,
170658,"Candies, soft fruit and nut squares",Sweets,390.2,2.31,9.52,73.81,4.400426753210156,,4.99
170659,"Ice creams, vanilla, fat free",Sweets,138.2,4.48,0.0,30.06,0.21972738797759467,,2.99
170660,"Ice creams, BREYERS, All Natural Light French Vanilla",Sweets,173.4,4.82,5.56,26.03,0.403445939798326,,5.49
170661,"Ice creams, BREYERS, 98% Fat Free Vanilla",Sweets,155.0,3.3,2.2,30.51,0.403445939798326,,5.49
170662,"Ice creams, BREYERS, All Natural Light Vanilla Chocolate Strawberry",Sweets,162.1,4.69,4.35,26.06,0.403445939798326,,5.49
170663,"Ice creams, BREYERS, All Natural Light Mint Chocolate Chip",Sweets,196.1,4.69,7.09,28.39,0.403445939798326,,5.49
170664,"Ice creams, BREYERS, No Sugar Added, Vanilla Chocolate Strawberry",Sweets,158.0,3.71,6.26,21.7,0.403445939798326,,5.49
170665,"Frozen novelties, KLONDIKE, SLIM-A-BEAR Chocolate Cone",Sweets,234.5,4.09,4.1,45.32,3.5979441188572023,,4.59
170666,"Frozen novelties, KLONDIKE, SLIM-A-BEAR Vanilla Sandwich",Sweets,239.2,3.9,5.85,42.75,,,
170667,"Frozen novelties, KLONDIKE, SLIM-A-BEAR, No Sugar Added, Stickless Bar",Sweets,241.7,5.2,13.0,25.98,3.5979441188572023,,4.59
170668,"Ice creams, BREYERS, No Sugar Added, Chocolate Caramel",Sweets,167.0,3.54,5.8,25.17,0.403445939798326,,5.49
170669,"Candies, REESE's Fast Break, milk chocolate, peanut butter, soft nougats, candy bar",Sweets,500.2,8.93,23.21,63.9,3.3157524232605584,,3.29
170670,"Candies, MARS SNACKFOOD US, COCOAVIA Chocolate Covered Almonds",Sweets,572.6,9.51,37.07,50.22,,,
170671,"Ice creams, regular, low carbohydrate, vanilla",Sweets,215.9,3.17,12.7,22.23,,,
170672,"Sweeteners, for baking, brown, contains sugar and sucralose",Sweets,388.4,0.0,0.0,97.11,1.3205689504874167,1 lb,5.99
170673,"Sweeteners, for baking, contains sugar and sucralose",Sweets,398.1,0.0,0.0,99.53,1.3205689504874167,1 lb,5.99
170674,"Sugar, turbinado",Sweets,399.2,0.0,0.0,99.8,0.6051689096974889,,5.49
170675,"Sweeteners, sugar substitute, granulated, brown",Sweets,347.3,2.06,0.0,84.77,,250 ct,4.79
170676,"Candies, M&M MARS 3 MUSKETEERS Truffle Crisp",Sweets,537.9,6.41,28.85,63.15,,,
170677,"Syrups, chocolate, HERSHEY'S Sugar free, Genuine Chocolate Flavored, Lite Syrup",Sweets,86.6,2.87,2.03,14.2,0.4100598076638723,,2.79
170678,"Candies, M&M MARS Pretzel Chocolate Candies",Sweets,446.8,5.0,15.0,72.94,,,
170679,"Sweetener, herbal extract powder from Stevia leaf",Sweets,400.0,0.0,0.0,100.0,1.8717246059496107,,8.49
170680,"Candies, HERSHEYS, PAYDAY Bar",Sweets,490.3,13.44,25.0,52.88,2.201230894738239,,6.49
170681,"Syrup, NESTLE, chocolate",Sweets,268.8,0.0,0.0,67.21,1.8597216605639895,,9.49
170682,"Amaranth grain, uncooked",Cereal Grains and Pasta,378.4,13.56,7.02,65.25,,,
170683,"Amaranth grain, cooked",Cereal Grains and Pasta,104.2,3.8,1.58,18.69,,,
170684,Arrowroot flour,Cereal Grains and Pasta,354.7,0.3,0.1,88.15,1.7174010224201963,,7.79
170685,"Buckwheat groats, roasted, dry",Cereal Grains and Pasta,371.1,11.73,2.71,74.95,,,
170686,"Buckwheat groats, roasted, cooked",Cereal Grains and Pasta,98.9,3.38,0.62,19.94,,,
170687,"Buckwheat flour, whole-groat",Cereal Grains and Pasta,360.7,12.62,3.1,70.59,,,
170688,"Bulgur, dry",Cereal Grains and Pasta,364.6,12.29,1.33,75.87,2.202417999226927,,9.99
170689,"Fast foods, taco with beef, cheese and lettuce, hard shell",Fast Foods,229.1,8.86,12.7,19.85,1.285735913062206,20 ct,7.29
170690,"Fast foods, cheeseburger; single, regular patty; plain",Fast Foods,310.6,16.51,14.72,28.03,1.2215929980433637,,3.29
170691,"Fast foods, cheeseburger; single, regular patty, with condiments",Fast Foods,271.9,13.49,12.9,25.46,,,
170692,"Fast foods, cheeseburger; single, regular patty, with condiments and vegetables",Fast Foods,255.6,13.06,11.5,24.97,,,
170693,"Fast foods, hamburger; single, regular patty; plain",Fast Foods,300.2,16.52,12.01,31.5,0.3953623235182138,,2.69
170694,"Fast foods, hamburger; single, regular patty; with condiments",Fast Foods,263.1,13.3,10.18,29.57,0.3953623235182138,,2.69
170695,"Fast foods, roast beef sandwich, plain",Fast Foods,242.2,15.17,10.3,22.21,1.681392186263333,,4.29
170696,"Fast foods, submarine sandwich, cold cut on white bread with lettuce and tomato",Fast Foods,214.2,10.52,10.04,20.43,2.8639211325775706,,6.0
170697,"Fast foods, onion rings, breaded and fried",Fast Foods,416.8,3.86,25.23,43.58,0.4954889342605123,4 lb,8.99
170698,"Fast foods, potato, french fried in vegetable oil",Fast Foods,312.0,3.43,14.73,41.44,0.4954889342605123,4 lb,8.99
170699,"Fast foods, potato, mashed",Fast Foods,90.6,1.65,2.82,14.65,0.4954889342605123,4 lb,8.99
170700,"BURGER KING, Vanilla Shake",Fast Foods,167.5,3.19,8.74,19.03,,$0.10 removed at pickup,0.1
170701,"School Lunch, pizza, BIG DADDY'S LS 16"" 51% Whole Grain Rolled Edge Turkey Pepperoni Pizza, frozen",Fast Foods,247.9,13.63,9.33,27.35,0.6916463127368709,,2.0
170702,"School Lunch, pizza, TONY'S SMARTPIZZA Whole Grain 4x6 Cheese Pizza 50/50 Cheese, frozen",Fast Foods,233.0,12.08,7.51,29.27,0.6916463127368709,,2.0
170703,"School Lunch, pizza, TONY'S SMARTPIZZA Whole Grain 4x6 Pepperoni Pizza 50/50 Cheese, frozen",Fast Foods,237.6,12.14,8.19,28.84,,,
170704,"School Lunch, pizza, TONY'S Breakfast Pizza Sausage, frozen",Fast Foods,239.9,10.39,10.04,26.99,0.6916463127368709,,2.0
170705,"SUBWAY, sweet onion chicken teriyaki sub on white bread with lettuce, tomato and sweet onion sauce",Fast Foods,155.1,10.91,2.37,22.54,,,
170706,"Fast foods, submarine sandwich, turkey breast on white bread with lettuce and tomato",Fast Foods,147.0,9.12,2.31,22.42,2.8639211325775706,,6.0
170707,"Fast foods, submarine sandwich, ham on white bread with lettuce and tomato",Fast Foods,150.9,9.12,2.53,22.91,,,
170708,"SUBWAY, meatball marinara sub on white bread (no toppings)",Fast Foods,219.2,9.77,8.45,26.01,,,
170709,"Fast foods, submarine sandwich, meatball marinara on white bread",Fast Foods,219.2,9.77,8.45,26.01,2.8639211325775706,,6.0
170710,"Fast foods, hamburger, large, single patty, with condiments",Fast Foods,255.7,15.68,11.6,22.14,0.3953623235182138,,2.69
170711,"SUBWAY, turkey breast sub on white bread with lettuce and tomato",Fast Foods,147.0,9.12,2.31,22.42,,,
170712,"SUBWAY, black forest ham sub on white bread with lettuce and tomato",Fast Foods,150.9,9.12,2.53,22.91,,,
170713,"SUBWAY, roast beef sub on white bread with lettuce and tomato",Fast Foods,154.6,12.17,2.73,20.34,,,
170714,"Pizza, cheese topping, rising crust, frozen, cooked",Fast Foods,260.1,12.37,8.78,32.91,0.6633941352527053,,5.99
170715,"Pizza, meat and vegetable topping, regular crust, frozen, cooked",Fast Foods,275.6,11.28,14.43,25.14,,,
170716,"Pizza, meat and vegetable topping, rising crust, frozen, cooked",Fast Foods,271.4,12.63,11.75,28.78,1.7578191038207573,,2.99
170717,"McDONALD'S, Hamburger",Fast Foods,263.6,12.92,10.09,30.28,,$0.10 removed at pickup,0.1
170718,"Fast foods, chicken, breaded and fried, boneless pieces, plain",Fast Foods,306.6,15.92,20.36,14.93,,,
170719,"McDONALD'S, QUARTER POUNDER with Cheese",Fast Foods,266.1,14.59,14.22,19.95,,,
170720,"McDONALD'S, BIG MAC",Fast Foods,262.2,11.82,14.96,20.08,,$0.10 removed at pickup,0.1
170721,"McDONALD'S, french fries",Fast Foods,323.2,3.41,15.47,42.58,0.40675287373109914,,3.69
170722,"WENDY'S, CLASSIC SINGLE Hamburger, no cheese",Fast Foods,213.2,12.63,10.6,16.82,2.8078073711866005,,1.99
170723,"WENDY'S, Homestyle Chicken Fillet Sandwich",Fast Foods,214.2,13.78,8.1,21.55,1.2810861635324884,,7.99
170724,"WENDY'S, Ultimate Chicken Grill Sandwich",Fast Foods,179.4,14.73,5.0,18.88,,,
170725,"WENDY'S, Chicken Nuggets",Fast Foods,326.0,16.46,22.55,14.31,0.7650800712512441,,6.29
170726,"WENDY'S, french fries",Fast Foods,300.7,3.73,14.1,39.73,,,
170727,"BURGER KING, WHOPPER, no cheese",Fast Foods,232.7,10.74,12.84,18.55,,1 ct,0.1
170728,"BURGER KING, WHOPPER, with cheese",Fast Foods,249.5,11.19,15.33,16.7,,1 ct,0.1
170729,"BURGER KING, DOUBLE WHOPPER, no cheese",Fast Foods,251.7,13.94,15.66,13.74,,,
170730,"BURGER KING, DOUBLE WHOPPER, with cheese",Fast Foods,265.5,14.47,17.06,13.52,,,
170731,"BURGER KING, Chicken Strips",Fast Foods,292.0,18.2,15.25,20.49,,,
170732,"TACO BELL, Soft Taco with chicken, cheese and lettuce",Fast Foods,189.1,13.3,6.35,19.69,,,
170733,"TACO BELL, Soft Taco with steak",Fast Foods,225.0,11.81,12.1,17.22,,,
170734,"TACO BELL, Bean Burrito",Fast Foods,208.8,7.35,6.05,31.23,1.7636980974790206,,0.5
170735,"TACO BELL, BURRITO SUPREME with beef",Fast Foods,182.8,7.03,6.8,23.37,1.7636980974790206,,0.5
170736,"TACO BELL, Taco Salad",Fast Foods,169.7,6.69,9.17,15.1,1.1710955367260698,,2.49
170737,"KFC, Popcorn Chicken",Fast Foods,351.1,17.67,21.74,21.18,,,
170738,"KFC, Fried Chicken, ORIGINAL RECIPE, Skin and Breading",Fast Foods,383.9,14.17,28.01,18.79,,,
170739,"KFC, Fried Chicken, ORIGINAL RECIPE, Breast, meat only, skin and breading removed",Fast Foods,148.6,26.89,4.56,0.0,,14. 5 oz,10.99
170740,"KFC, Fried Chicken, ORIGINAL RECIPE, Drumstick, meat only, skin and breading removed",Fast Foods,174.6,26.3,7.66,0.11,,,
170741,"KFC, Fried Chicken, ORIGINAL RECIPE, Thigh, meat only, skin and breading removed",Fast Foods,175.0,22.78,9.31,0.01,,14. 5 oz,10.99
170742,"KFC, Fried Chicken, EXTRA CRISPY, Thigh, meat only, skin and breading removed",Fast Foods,179.3,22.41,9.96,0.0,,14. 5 oz,10.99
170743,"KFC, Fried Chicken, EXTRA CRISPY, Wing, meat only, skin and breading removed",Fast Foods,235.7,28.67,12.13,2.97,,14. 5 oz,10.99
170744,"KFC, Fried Chicken, ORIGINAL RECIPE, Breast, meat and skin with breading",Fast Foods,230.9,21.94,13.11,6.28,,14. 5 oz,10.99
170745,"KFC, Fried Chicken, ORIGINAL RECIPE, Drumstick, meat and skin with breading",Fast Foods,238.7,22.3,14.22,5.39,,,
170746,"KFC, Fried Chicken, EXTRA CRISPY, Thigh, meat and skin with breading",Fast Foods,309.1,17.17,22.14,10.3,,14. 5 oz,10.99
170747,"KFC, Fried Chicken, EXTRA CRISPY, Wing, meat and skin with breading",Fast Foods,336.8,20.8,23.0,11.66,,14. 5 oz,10.99
170748,"POPEYES, Fried Chicken, Mild, Breast, meat only, skin and breading removed",Fast Foods,156.6,28.98,4.52,0.0,,,
170749,"POPEYES, Fried Chicken, Mild, Drumstick, meat only, skin and breading removed",Fast Foods,170.5,26.51,7.14,0.04,1.5063472201567296,,3.79
170750,"POPEYES, Fried Chicken, Mild, Thigh, meat and skin with breading",Fast Foods,310.3,19.14,20.99,11.2,1.5063472201567296,,3.79
170751,"POPEYES, Fried Chicken, Mild, Wing, meat and skin with breading",Fast Foods,338.0,20.4,22.48,13.52,,,
170752,"Fast foods, grilled chicken, bacon and tomato club sandwich, with cheese, lettuce, and mayonnaise",Fast Foods,220.7,17.19,8.05,19.87,1.5833198829641206,,0.79
170753,"Fast foods, crispy chicken, bacon, and tomato club sandwich, with cheese, lettuce, and mayonnaise",Fast Foods,257.8,15.38,11.76,22.61,,,
170754,"Fast Foods, Fried Chicken, Wing, meat only, skin and breading removed",Fast Foods,215.4,28.77,10.2,2.13,2.4228802614118043,,10.99
170755,"Fast Foods, Fried Chicken, Skin and breading from all pieces",Fast Foods,397.7,14.11,29.22,19.56,,,
170756,"Fast Foods, Fried Chicken, Breast, meat and skin and breading",Fast Foods,230.1,23.51,12.44,6.03,,,
170757,"Fast Foods, Fried Chicken, Drumstick, meat and skin with breading",Fast Foods,267.2,21.13,16.92,7.59,,,
170758,"DIGIORNO Pizza, cheese topping, thin crispy crust, frozen, baked",Fast Foods,246.9,12.96,9.91,26.47,,,
170759,"DIGIORNO Pizza, pepperoni topping, cheese stuffed crust, frozen, baked",Fast Foods,278.9,13.92,11.71,29.46,1.110653126250302,,6.99
170760,"DIGIORNO Pizza, pepperoni topping, rising crust, frozen, baked",Fast Foods,265.4,12.46,10.11,31.15,1.110653126250302,,6.99
170761,"DIGIORNO Pizza, pepperoni topping, thin crispy crust, frozen, baked",Fast Foods,283.3,13.22,12.86,28.67,,,
170762,"Fast Food, Pizza Chain, 14"" pizza, pepperoni topping, thin crust",Fast Foods,330.5,14.01,17.61,29.0,,,
170763,"Fast foods, taco with beef, cheese and lettuce, soft",Fast Foods,205.7,9.25,9.75,20.23,1.285735913062206,20 ct,7.29
170764,"Fast foods, taco with chicken, lettuce and cheese, soft",Fast Foods,189.1,13.3,6.35,19.69,1.285735913062206,20 ct,7.29
170765,"Fast foods, quesadilla, with chicken",Fast Foods,293.6,15.05,15.25,24.04,,,
170766,"DOMINO'S 14"" Sausage Pizza, Classic Hand-Tossed Crust",Fast Foods,272.5,11.08,11.2,31.84,1.1786968271180216,,9.49
170767,"DOMINO'S 14"" Sausage Pizza, Ultimate Deep Dish Crust",Fast Foods,277.1,11.03,12.03,31.17,,,
170768,"PIZZA HUT 14"" Sausage Pizza, THIN 'N CRISPY Crust",Fast Foods,322.7,13.95,16.9,28.7,,,
170769,"PIZZA HUT 14"" Sausage Pizza, Hand-Tossed Crust",Fast Foods,286.7,11.92,13.5,29.39,,,
170770,"WEND'YS, Crispy Chicken Sandwich",Fast Foods,277.7,11.72,13.93,26.36,,,
170771,"BURGER KING, Onion Rings",Fast Foods,416.8,3.86,25.23,43.58,,,
170772,"WENDY'S, DAVE'S Hot 'N Juicy 1/4 LB, single",Fast Foods,267.9,13.69,15.8,17.73,,,
170773,"Fast Food, Pizza Chain, 14"" pizza, cheese topping, stuffed crust",Fast Foods,273.6,12.23,11.63,30.0,,,
170774,"PIZZA HUT 14"" Cheese Pizza, Stuffed Crust",Fast Foods,273.6,12.23,11.63,30.0,1.9224309262521322,,11.99
170775,"Fast foods, strawberry banana smoothie made with ice and low-fat yogurt",Fast Foods,64.9,0.86,0.14,15.05,,,
170776,"McDONALD'S, Southern Style Chicken Biscuit",Fast Foods,304.3,11.93,14.93,30.56,,,
170777,"McDONALD'S, RANCH SNACK WRAP, Crispy",Fast Foods,274.7,11.48,15.1,23.22,,,
170778,"McDONALD'S, RANCH SNACK WRAP, Grilled",Fast Foods,221.6,13.77,10.31,18.43,,,
170779,"School Lunch, pizza, cheese topping, thick crust, whole grain, frozen, cooked",Fast Foods,254.2,14.62,9.27,28.08,0.6916463127368709,,2.0
170780,"School Lunch, pizza, pepperoni topping, thin crust, whole grain, frozen, cooked",Fast Foods,253.7,12.78,8.62,31.24,,,
170781,"School Lunch, pizza, pepperoni topping, thick crust, whole grain, frozen, cooked",Fast Foods,259.0,14.35,9.82,28.3,0.6916463127368709,,2.0
170782,"School Lunch, pizza, sausage topping, thin crust, whole grain, frozen, cooked",Fast Foods,250.0,12.63,7.83,32.24,0.6916463127368709,,2.0
170783,"Beef, chuck, short ribs, boneless, separable lean only, trimmed to 0"" fat, choice, raw",Beef Products,175.0,19.38,10.7,0.29,2.86380478578156,1 lb,12.99
170784,"WENDY'S, Double Stack, with cheese",Fast Foods,284.9,18.53,16.6,15.35,,,
170785,"Fast foods, crispy chicken in tortilla, with lettuce, cheese, and ranch sauce",Fast Foods,274.7,11.48,15.1,23.22,0.9716569886724911,,4.49
170786,"Fast foods, grilled chicken in tortilla, with lettuce, cheese, and ranch sauce",Fast Foods,221.6,13.77,10.31,18.43,0.5670384205873409,,2.99
170787,"Fast foods, breakfast burrito, with egg, cheese, and sausage",Fast Foods,277.0,11.1,15.63,22.97,1.5541292647197487,,7.49
170788,"Fast foods, breadstick, soft, prepared with garlic and parmesan cheese",Fast Foods,342.6,12.2,12.88,44.48,,,
170789,"PIZZA HUT, breadstick, parmesan garlic",Fast Foods,342.6,12.2,12.88,44.48,2.0607419875807502,,9.99
170790,"CHICK-FIL-A, chicken sandwich",Fast Foods,249.4,16.28,11.19,20.89,1.0560142358655635,,4.79
170791,"ARBY'S, roast beef sandwich, classic",Fast Foods,242.2,15.17,10.3,22.21,1.681392186263333,,4.29
170792,"School Lunch, pizza, cheese topping, thin crust, whole grain, frozen, cooked",Fast Foods,247.3,12.72,7.91,31.31,0.6916463127368709,,2.0
170793,"School Lunch, pizza, sausage topping, thick crust, whole grain, frozen, cooked",Fast Foods,257.0,13.26,9.07,30.58,0.6916463127368709,,2.0
170794,"School Lunch, chicken patty, whole grain breaded",Fast Foods,245.9,17.64,13.93,12.5,,,
170795,"School Lunch, chicken nuggets, whole grain breaded",Fast Foods,270.2,15.67,12.9,22.86,1.9733262142079553,,9.79
170796,"Beef, chuck, short ribs, boneless, separable lean only, trimmed to 0"" fat, all grades, raw",Beef Products,169.1,19.68,10.02,0.05,2.86380478578156,1 lb,12.99
170797,"Beef, chuck eye Country-Style ribs, boneless, separable lean only, trimmed to 0"" fat, choice, cooked, braised",Beef Products,233.8,30.95,12.22,0.0,1.9819557370420493,1 lb,8.99
170798,"Beef, chuck eye Country-Style ribs, boneless, separable lean only, trimmed to 0"" fat, select, cooked, braised",Beef Products,220.6,32.1,10.24,0.0,,,
170799,"Beef, chuck eye Country-Style ribs, boneless, separable lean only, trimmed to 0"" fat, all grades, cooked, braised",Beef Products,228.5,31.41,11.43,0.0,1.9819557370420493,1 lb,8.99
170800,"Beef, chuck eye Country-Style ribs, boneless, separable lean only, trimmed to 0"" fat, choice, raw",Beef Products,152.5,20.87,7.67,0.0,1.9819557370420493,1 lb,8.99
170801,"Beef, chuck eye steak, boneless, separable lean only, trimmed to 0"" fat, all grades, cooked, grilled",Beef Products,208.9,27.94,10.79,0.0,2.86380478578156,1 lb,12.99
170802,"Beef, chuck eye steak, boneless, separable lean only, trimmed to 0"" fat, choice, raw",Beef Products,159.8,21.31,8.29,0.0,2.86380478578156,1 lb,12.99
170803,"Beef, chuck eye steak, boneless, separable lean only, trimmed to 0"" fat, select, raw",Beef Products,143.4,21.28,6.47,0.0,2.86380478578156,1 lb,12.99
170804,"Beef, chuck eye steak, boneless, separable lean only, trimmed to 0"" fat, all grades, raw",Beef Products,153.2,21.29,7.56,0.0,2.86380478578156,1 lb,12.99
170805,"Beef, chuck, mock tender steak, boneless, separable lean only, trimmed to 0"" fat, select, cooked, braised",Beef Products,180.8,32.96,5.44,0.0,2.86380478578156,1 lb,12.99
170806,"Beef, chuck, mock tender steak, boneless, separable lean only, trimmed to 0"" fat, all grades, cooked, braised",Beef Products,190.3,33.31,6.34,0.0,2.86380478578156,1 lb,12.99
170807,"Beef, chuck, mock tender steak, boneless, separable lean only, trimmed to 0"" fat, choice, raw",Beef Products,126.8,21.36,4.6,0.0,2.86380478578156,1 lb,12.99
170808,"Beef, chuck, mock tender steak, boneless, separable lean only, trimmed to 0"" fat, select, raw",Beef Products,116.6,21.22,3.53,0.0,2.86380478578156,1 lb,12.99
170809,"Beef, chuck for stew, separable lean and fat, select, raw",Beef Products,124.4,21.9,3.99,0.21,,0.8 - 3.8 lbs,
170810,"Beef, chuck for stew, separable lean and fat, choice, raw",Beef Products,130.3,21.64,4.81,0.12,,0.8 - 3.8 lbs,
170811,"Beef, chuck, under blade steak, boneless, separable lean only, trimmed to 0"" fat, choice, cooked, braised",Beef Products,221.8,30.91,10.91,0.0,2.86380478578156,1 lb,12.99
170812,"Beef, chuck, under blade steak, boneless, separable lean only, trimmed to 0"" fat, select, cooked, braised",Beef Products,215.0,32.01,9.66,0.0,2.86380478578156,1 lb,12.99
170813,"Beef, chuck, under blade pot roast or steak, boneless, separable lean and fat, trimmed to 0"" fat, all grades, raw",Beef Products,196.0,19.17,13.26,0.0,2.86380478578156,1 lb,12.99
170814,"Beef, chuck, under blade pot roast or steak, boneless, separable lean and fat, trimmed to 0"" fat, choice, raw",Beef Products,202.0,19.15,13.93,0.0,2.86380478578156,1 lb,12.99
170815,"Beef, chuck, under blade pot roast or steak, boneless, separable lean and fat, trimmed to 0"" fat, select, raw",Beef Products,187.2,19.2,12.27,0.0,2.86380478578156,1 lb,12.99
170816,"Beef, chuck, under blade center steak, boneless, Denver Cut, separable lean and fat, trimmed to 0"" fat, all grades, cooked, grilled",Beef Products,227.4,26.18,13.54,0.21,2.86380478578156,1 lb,12.99
170817,"Beef, chuck, under blade center steak, boneless, Denver Cut, separable lean and fat, trimmed to 0"" fat, select, raw",Beef Products,171.7,19.2,10.5,0.09,2.86380478578156,1 lb,12.99
170818,"Beef, shoulder pot roast or steak, boneless, separable lean and fat, trimmed to 0"" fat, choice, raw",Beef Products,132.9,21.17,5.33,0.07,,,
170819,"Beef, shoulder pot roast or steak, boneless, separable lean and fat, trimmed to 0"" fat, select, raw",Beef Products,126.8,21.72,4.44,0.0,,,
170820,"Beef, chuck eye roast, boneless, America's Beef Roast, separable lean and fat, trimmed to 0"" fat, all grades, cooked, roasted",Beef Products,236.1,24.63,15.29,0.0,2.86380478578156,1 lb,12.99
170821,"Beef, chuck, mock tender steak, boneless, separable lean and fat, trimmed to 0"" fat, all grades, cooked, braised",Beef Products,219.9,32.07,10.18,0.0,2.86380478578156,1 lb,12.99
170822,"Beef, chuck, mock tender steak, boneless, separable lean and fat, trimmed to 0"" fat, choice, cooked, braised",Beef Products,225.5,32.21,10.74,0.0,2.86380478578156,1 lb,12.99
170823,"Beef, chuck, mock tender steak, boneless, separable lean and fat, trimmed to 0"" fat, select, cooked, braised",Beef Products,211.5,31.86,9.34,0.0,2.86380478578156,1 lb,12.99
170824,"Beef, chuck, mock tender steak, boneless, separable lean and fat, trimmed to 0"" fat, all grades, raw",Beef Products,127.6,21.13,4.79,0.0,2.86380478578156,1 lb,12.99
170825,"Beef, chuck, short ribs, boneless, separable lean and fat, trimmed to 0"" fat, select, cooked, braised",Beef Products,286.7,25.81,20.38,0.0,2.86380478578156,1 lb,12.99
170826,"Beef, chuck, short ribs, boneless, separable lean and fat, trimmed to 0"" fat, all grades, raw",Beef Products,234.9,17.48,18.33,0.0,2.86380478578156,1 lb,12.99
170827,"Beef, chuck, short ribs, boneless, separable lean and fat, trimmed to 0"" fat, choice, raw",Beef Products,240.2,17.22,19.03,0.0,2.86380478578156,1 lb,12.99
170828,"Beef, chuck, short ribs, boneless, separable lean and fat, trimmed to 0"" fat, select, raw",Beef Products,227.0,17.87,17.28,0.0,2.86380478578156,1 lb,12.99
170829,"Beef, chuck eye Country-Style ribs, boneless, separable lean and fat, trimmed to 0"" fat, choice, cooked, braised",Beef Products,302.7,27.16,21.56,0.0,,,
170830,"Beef, chuck eye Country-Style ribs, boneless, separable lean and fat, trimmed to 0"" fat, select, cooked, braised",Beef Products,285.2,28.47,19.03,0.0,1.9819557370420493,1 lb,8.99
170831,"Beef, chuck eye Country-Style ribs, boneless, separable lean and fat, trimmed to 0"" fat, all grades, raw",Beef Products,204.8,18.97,14.32,0.0,,,
170832,"Beef, chuck eye Country-Style ribs, boneless, separable lean and fat, trimmed to 0"" fat, choice, raw",Beef Products,210.4,18.87,14.99,0.0,1.9819557370420493,1 lb,8.99
170833,"Beef, chuck eye Country-Style ribs, boneless, separable lean and fat, trimmed to 0"" fat, select, raw",Beef Products,196.4,19.1,13.33,0.0,,,
170834,"Beef, chuck eye steak, boneless, separable lean and fat, trimmed to 0"" fat, choice, raw",Beef Products,227.1,18.86,16.85,0.0,2.86380478578156,1 lb,12.99
170835,"Beef, chuck eye steak, boneless, separable lean and fat, trimmed to 0"" fat, select, raw",Beef Products,215.8,18.86,15.6,0.0,2.86380478578156,1 lb,12.99
170836,"Beef, rib eye roast, bone-in, lip-on, separable lean only, trimmed to 1/8"" fat, all grades, cooked, roasted",Beef Products,231.2,27.12,13.64,0.0,,,
170837,"Beef, rib eye roast, bone-in, lip-on, separable lean only, trimmed to 1/8"" fat, select, cooked, roasted",Beef Products,218.7,27.03,12.29,0.0,1.7614934748571718,1 lb,7.99
170838,"Beef, rib eye steak/roast, bone-in, lip-on, separable lean only, trimmed to 1/8"" fat, select, raw",Beef Products,155.4,21.65,7.64,0.0,4.847965145445458,1 lb,21.99
170839,"Beef, rib eye steak/roast, boneless, lip-on, separable lean only, trimmed to 1/8"" fat, all grades, raw",Beef Products,155.8,21.99,7.54,0.0,4.847965145445458,1 lb,21.99
170840,"Beef, rib eye steak/roast, boneless, lip-on, separable lean only, trimmed to 1/8"" fat, choice, raw",Beef Products,161.1,21.62,8.29,0.0,4.847965145445458,1 lb,21.99
170841,"Beef, rib eye steak/roast, boneless, lip-on, separable lean only, trimmed to 1/8"" fat, select, raw",Beef Products,147.9,22.55,6.41,0.0,4.847965145445458,1 lb,21.99
170842,"Beef, rib eye roast, boneless, lip-on, separable lean only, trimmed to 1/8"" fat, choice, cooked, roasted",Beef Products,228.6,27.87,13.01,0.0,1.7614934748571718,1 lb,7.99
170843,"Cheese, fontina",Dairy and Egg Products,388.9,25.6,31.14,1.55,4.1865783588908245,1 lb,18.99
170844,"Cheese, monterey",Dairy and Egg Products,373.2,24.48,30.28,0.68,0.8796444261176615,,3.99
170845,"Cheese, mozzarella, whole milk",Dairy and Egg Products,297.5,22.17,22.14,2.4,1.0979020656806904,,2.49
170846,"Cheese, mozzarella, whole milk, low moisture",Dairy and Egg Products,318.0,21.6,24.64,2.47,1.0979020656806904,,2.49
170847,"Cheese, mozzarella, part skim milk",Dairy and Egg Products,251.4,24.26,15.92,2.77,1.0979020656806904,,2.49
170848,"Cheese, parmesan, hard",Dairy and Egg Products,380.9,35.75,25.0,3.22,2.6411379009748335,,5.99
170849,"Cheese, port de salut",Dairy and Egg Products,351.2,23.78,28.2,0.57,4.847965145445458,1 lb,21.99
170850,"Cheese, provolone",Dairy and Egg Products,350.5,25.58,26.62,2.14,2.202417999226927,1 lb,9.99
170851,"Cheese, ricotta, whole milk",Dairy and Egg Products,150.9,7.54,10.18,7.27,0.7031276415283029,,2.99
170852,"Cheese, tilsit",Dairy and Egg Products,339.0,24.41,25.98,1.88,,,
170853,"Cheese, pasteurized process, American, fortified with vitamin D",Dairy and Egg Products,368.0,18.13,30.71,4.78,2.9559580113748387,,4.19
170854,"Cheese, pasteurized process, pimento",Dairy and Egg Products,376.2,22.13,31.2,1.73,2.9559580113748387,,4.19
170855,"Cheese, pasteurized process, swiss",Dairy and Egg Products,332.4,24.73,25.01,2.1,2.9559580113748387,,4.19
170856,"Cheese food, cold pack, American",Dairy and Egg Products,332.1,19.66,24.46,8.32,3.873081022063929,,5.49
170857,"Cream, fluid, light (coffee cream or table cream)",Dairy and Egg Products,198.4,2.96,19.1,3.66,,12 fluid ounces,5.49
170858,"Cream, fluid, light whipping",Dairy and Egg Products,298.7,2.17,30.91,2.96,,12 fluid ounces,5.49
170859,"Cream, fluid, heavy whipping",Dairy and Egg Products,347.4,2.84,36.08,2.84,,12 fluid ounces,5.49
170860,"Cream, whipped, cream topping, pressurized",Dairy and Egg Products,262.7,3.2,22.22,12.49,1.136906927451861,,4.19
170861,"Milk, filled, fluid, with blend of hydrogenated vegetable oils",Dairy and Egg Products,63.4,3.33,3.46,4.74,1.9646776481219788,,4.79
170862,"Milk, filled, fluid, with lauric acid oil",Dairy and Egg Products,62.9,3.33,3.4,4.74,1.9646776481219788,,4.79
170863,"Cheese, American, nonfat or fat free",Dairy and Egg Products,126.3,21.05,0.0,10.53,0.8495145836190616,16 slices,2.89
170864,"Yogurt, Greek, 2% fat, apricot, CHOBANI",Dairy and Egg Products,92.9,7.22,1.71,12.15,0.5500533441512695,,4.99
170865,"Dessert topping, powdered",Dairy and Egg Products,589.0,4.9,39.92,52.54,0.7907246470364276,,2.69
170866,"Dessert topping, powdered, 1.5 ounce prepared with 1/2 cup milk",Dairy and Egg Products,197.4,3.61,12.72,17.13,,,
170867,"Dessert topping, pressurized",Dairy and Egg Products,268.9,0.98,22.3,16.07,,,
170868,"Dessert topping, semi solid, frozen",Dairy and Egg Products,325.0,1.25,25.31,23.05,0.7907246470364276,,2.69
170869,"Sour cream, imitation, cultured",Dairy and Egg Products,211.8,2.4,19.52,6.63,0.5511556554621939,,1.25
170870,"Milk, reduced fat, fluid, 2% milkfat, with added nonfat milk solids and vitamin A and vitamin D",Dairy and Egg Products,51.1,3.48,1.92,4.97,,1 / 2 gal,4.99
170871,"Milk, reduced fat, fluid, 2% milkfat, protein fortified, with added vitamin A and vitamin D",Dairy and Egg Products,55.6,3.95,1.98,5.49,,1 / 2 gal,4.99
170872,"Milk, lowfat, fluid, 1% milkfat, with added vitamin A and vitamin D",Dairy and Egg Products,42.2,3.37,0.97,4.99,,1 / 2 gal,1.69
170873,"Milk, lowfat, fluid, 1% milkfat, with added nonfat milk solids, vitamin A and vitamin D",Dairy and Egg Products,42.5,3.48,0.97,4.97,,1 / 2 gal,1.69
170874,"Milk, buttermilk, fluid, cultured, lowfat",Dairy and Egg Products,42.0,3.31,1.07,4.79,,1 pt,1.19
170875,"Milk, low sodium, fluid",Dairy and Egg Products,61.4,3.1,3.46,4.46,1.2628078377949787,,1.79
170876,"Milk, dry, whole, with added vitamin D",Dairy and Egg Products,499.4,26.32,26.71,38.42,0.7907246470364276,,2.69
170877,"Milk, dry, nonfat, regular, without added vitamin A and vitamin D",Dairy and Egg Products,359.5,36.16,0.77,51.98,0.7907246470364276,,2.69
170878,"Milk, canned, evaporated, nonfat, with added vitamin A and vitamin D",Dairy and Egg Products,77.4,7.55,0.2,11.35,0.7241536894355037,,3.49
170879,"Milk, chocolate, fluid, commercial, whole, with added vitamin A and vitamin D",Dairy and Egg Products,84.6,3.17,3.39,10.34,,1 / 2 gal,2.59
170880,"Milk, chocolate, fluid, commercial, reduced fat, with added vitamin A and vitamin D",Dairy and Egg Products,77.6,2.99,1.9,12.13,,1 / 2 gal,2.59
170881,"Milk, chocolate, lowfat, with added vitamin A and vitamin D",Dairy and Egg Products,64.4,3.46,1.11,10.15,,1 / 2 gal,2.59
170882,"Milk, sheep, fluid",Dairy and Egg Products,108.4,5.98,7.0,5.36,6.164124850689177,,6.99
170883,"Milk shakes, thick chocolate",Dairy and Egg Products,121.1,3.05,2.7,21.15,3.04318089910471,4 ct,9.49
170884,"Milk shakes, thick vanilla",Dairy and Egg Products,113.7,3.86,3.03,17.75,1.0808949768835712,,4.29
170885,"Whey, acid, fluid",Dairy and Egg Products,24.3,0.76,0.09,5.12,3.0439652775914894,,23.99
170886,"Yogurt, plain, low fat",Dairy and Egg Products,63.1,5.25,1.55,7.04,0.9983196778183135,,1.5
170887,"Yogurt, plain, skim milk",Dairy and Egg Products,55.3,5.73,0.18,7.68,0.9983196778183135,,1.5
170888,"Yogurt, vanilla, low fat.",Dairy and Egg Products,86.2,4.93,1.25,13.8,0.3736835344033675,,3.39
170889,"Yogurt, fruit, low fat,9 g protein/8 oz",Dairy and Egg Products,100.8,3.98,1.15,18.64,16.578762116302794,8 ct,3.29
170890,"Milk dessert bar, frozen, made from lowfat milk",Dairy and Egg Products,158.9,4.41,1.47,32.0,2.437036125466974,3 ct,5.99
170891,"Yogurt, Greek, 2% fat,mixed berry blend, CHOBANI",Dairy and Egg Products,93.3,8.26,1.83,10.94,0.5500533441512695,,4.99
170892,"Nutritional supplement for people with diabetes, liquid",Dairy and Egg Products,92.8,4.4,3.08,11.88,4.404835998453854,6 ct,9.99
170893,"Egg, whole, raw, frozen, salted, pasteurized",Dairy and Egg Products,137.8,10.97,10.07,0.83,,1 / 2 gal,5.99
170894,"Yogurt, Greek, plain, nonfat (Includes foods for USDA's Food Distribution Program)",Dairy and Egg Products,58.7,10.19,0.39,3.6,0.5500533441512695,,4.99
170895,"Egg, white, dried, stabilized, glucose reduced",Dairy and Egg Products,357.2,84.08,0.32,4.51,3.6730929943150037,,4.79
170896,"Cheese spread, American or Cheddar cheese base, reduced fat",Dairy and Egg Products,176.4,13.41,8.88,10.71,2.1129103207798665,30 slices,5.99
170897,"Cheese, Swiss, nonfat or fat free",Dairy and Egg Products,127.2,28.4,0.0,3.4,1.3198340762801337,16 slices,4.49
170898,"Cheese, mexican, queso cotija",Dairy and Egg Products,365.9,20.0,30.0,3.97,1.671103947361372,,3.79
170899,"Cheese, cheddar, sharp, sliced",Dairy and Egg Products,409.9,24.25,33.82,2.13,1.0979020656806904,,2.49
170900,"Cheese, mozzarella, low moisture, part-skim, shredded",Dairy and Egg Products,304.2,23.63,19.72,8.06,1.0979020656806904,,2.49
170901,"Yogurt, Greek, strawberry, nonfat",Dairy and Egg Products,81.8,8.05,0.15,12.07,0.5500533441512695,,4.99
170902,"Yogurt, Greek, vanilla, nonfat",Dairy and Egg Products,77.7,8.64,0.18,10.37,0.5500533441512695,,4.99
170903,"Yogurt, Greek, plain, lowfat",Dairy and Egg Products,72.8,9.95,1.92,3.94,0.5500533441512695,,4.99
170904,"Kefir, lowfat, plain, LIFEWAY",Dairy and Egg Products,43.4,3.79,1.02,4.77,0.6569775413109352,,1.49
170905,"Yogurt, Greek, fruit, whole milk",Dairy and Egg Products,105.5,7.33,3.0,12.29,0.5500533441512695,,4.99
170906,"Yogurt, vanilla, non-fat",Dairy and Egg Products,79.9,2.94,0.0,17.04,0.3736835344033675,,3.39
170907,"Yogurt, Greek, vanilla, lowfat",Dairy and Egg Products,95.2,8.64,2.5,9.54,0.5500533441512695,,4.99
170908,"Yogurt, frozen, flavors other than chocolate, lowfat",Dairy and Egg Products,138.5,8.0,2.5,21.0,,4 ct,4.49
170909,"Yogurt, Greek, 2% fat, pineapple, CHOBANI",Dairy and Egg Products,93.7,7.05,1.82,12.27,0.5500533441512695,,4.99
170910,"Milk, chocolate, lowfat, reduced sugar",Dairy and Egg Products,53.8,3.43,1.04,7.68,,1 / 2 gal,2.59
170911,"Ice cream, lowfat, no sugar added, cone, added peanuts and chocolate sauce",Dairy and Egg Products,265.3,5.33,9.33,40.01,0.5048585804033696,,2.29
170912,"Yogurt, Greek, 2% fat, strawberry banana, CHOBANI",Dairy and Egg Products,88.4,8.0,1.71,10.24,0.5500533441512695,,4.99
170913,"Yogurt, Greek, nonfat, Fruit on Bottom, Pomegranate, CHOBANI",Dairy and Egg Products,79.9,7.45,0.18,12.13,0.5500533441512695,,4.99
170914,"Yogurt, Greek, Blueberry, CHOBANI",Dairy and Egg Products,82.2,7.23,0.24,12.78,0.5500533441512695,,4.99
170915,"Yogurt, Greek, nonfat, Fruit on Bottom, Strawberry, CHOBANI",Dairy and Egg Products,78.6,7.28,0.23,11.86,0.5500533441512695,,4.99
170916,"Yogurt, Greek, nonfat, Fruit on Bottom, Blackberry, CHOBANI",Dairy and Egg Products,95.2,7.54,0.37,15.43,0.5500533441512695,,4.99
170917,"Spices, bay leaf",Spices and Herbs,405.6,7.61,8.36,74.97,67.56320404188864,,2.49
170918,"Spices, caraway seed",Spices and Herbs,410.0,19.77,14.59,49.9,43.9664740014413,,3.49
170919,"Spices, cardamom",Spices and Herbs,377.2,10.76,6.7,68.47,12.266915125749607,,6.99
170920,"Spices, celery seed",Spices and Herbs,465.1,18.07,25.27,41.35,5.640061295681574,,2.99
170921,"Spices, coriander leaf, dried",Spices and Herbs,339.1,21.93,4.78,52.1,9.509669471542287,,3.99
170922,"Spices, coriander seed",Spices and Herbs,429.4,12.37,17.77,54.99,12.670407132289284,,4.49
170923,"Spices, cumin seed",Spices and Herbs,448.6,17.81,22.27,44.24,15.761891418523037,,8.49
170924,"Spices, curry powder",Spices and Herbs,406.6,14.29,14.01,55.83,8.687846183878138,,3.99
170925,"Spices, dill seed",Spices and Herbs,415.5,15.98,14.54,55.17,32.99585190700334,,4.49
170926,"Spices, ginger, ground",Spices and Herbs,360.6,8.98,4.24,71.62,9.981780721902542,,3.99
170927,"Spices, mace, ground",Spices and Herbs,520.3,6.71,32.38,50.5,1.1078558708116724,,10.49
170928,"Spices, marjoram, dried",Spices and Herbs,356.2,12.66,7.04,60.56,80.93944241944263,,8.49
170929,"Spices, mustard seed, ground",Spices and Herbs,542.8,26.08,36.24,28.09,3.3523727196356963,,2.49
170930,"Spices, parsley, dried",Spices and Herbs,358.4,26.63,5.48,50.64,43.9664740014413,,3.49
170931,"Spices, pepper, black",Spices and Herbs,326.7,10.39,3.26,63.95,9.841435383932934,,2.79
170932,"Spices, pepper, red or cayenne",Spices and Herbs,430.0,12.01,17.27,56.63,9.841435383932934,,2.79
170933,"Spices, pepper, white",Spices and Herbs,335.1,10.4,2.12,68.61,9.841435383932934,,2.79
170934,"Spices, saffron",Spices and Herbs,359.8,11.43,5.85,65.37,1.7614934748571718,,7.99
170935,"Spices, sage, ground",Spices and Herbs,400.2,10.63,12.75,60.73,37.43449211899221,,8.49
170936,"Spices, savory, ground",Spices and Herbs,355.0,6.73,5.91,68.73,9.198363923775199,,3.39
170937,"Spices, tarragon, dried",Spices and Herbs,357.1,22.77,7.24,50.22,56.3677911954295,,7.99
170938,"Spices, thyme, dried",Spices and Herbs,359.1,9.11,7.43,63.94,22.340175901400926,,3.99
170939,"Babyfood, vegetables, peas, strained",Baby Foods,50.4,3.27,0.43,8.36,22.03740772800036,16 ct,24.99
170940,"Babyfood, peas, dices, toddler",Baby Foods,64.0,3.9,0.8,10.3,3.342207894722744,,3.79
170941,"Babyfood, vegetables, spinach, creamed, strained",Baby Foods,44.5,2.5,1.3,5.7,22.03740772800036,16 ct,24.99
170942,"Babyfood, fruit, apricot with tapioca, junior",Baby Foods,70.4,0.3,0.0,17.3,17.62816248430281,16 ct,19.99
170943,"Babyfood, fruit, pears, junior",Baby Foods,48.5,0.3,0.1,11.6,17.62816248430281,16 ct,19.99
170944,"Babyfood, fruit, plums with tapioca, without ascorbic acid, strained",Baby Foods,79.2,0.1,0.0,19.7,1.2257701777479193,,1.39
170945,"Babyfood, fruit, plums with tapioca, without ascorbic acid, junior",Baby Foods,82.4,0.1,0.0,20.5,1.2257701777479193,,1.39
170946,"Babyfood, fruit, prunes with tapioca, without ascorbic acid, strained",Baby Foods,77.3,0.6,0.1,18.5,1.2257701777479193,,1.39
170947,"Babyfood, fruit, applesauce and apricots, strained",Baby Foods,49.2,0.2,0.2,11.64,17.62816248430281,16 ct,19.99
170948,"Babyfood, fruit, applesauce and apricots, junior",Baby Foods,52.2,0.2,0.2,12.4,1.2257701777479193,,1.39
170949,"Babyfood, fruit, applesauce and cherries, strained",Baby Foods,56.4,0.0,0.0,14.1,1.2257701777479193,,1.39
170950,"Babyfood, fruit, applesauce and cherries, junior",Baby Foods,56.4,0.0,0.0,14.1,1.2257701777479193,,1.39
170951,"Babyfood, fruit, applesauce with banana, junior",Baby Foods,67.0,0.37,0.1,16.16,17.62816248430281,16 ct,19.99
170952,"Babyfood, fruit and vegetable, apple and sweet potato",Baby Foods,64.4,0.3,0.22,15.3,1.8040111968499695,,1.79
170953,"Babyfood, fruit, bananas and pineapple with tapioca, junior",Baby Foods,75.3,0.2,0.1,18.4,1.2257701777479193,,1.39
170954,"Babyfood, fruit, bananas and pineapple with tapioca, strained",Baby Foods,72.0,0.2,0.0,17.8,17.62816248430281,16 ct,19.99
170955,"Babyfood, fruit, pears and pineapple, strained",Baby Foods,45.7,0.3,0.1,10.9,1.2257701777479193,,1.39
170956,"Babyfood, fruit, bananas with apples and pears, strained",Baby Foods,82.8,0.9,0.22,19.31,17.62816248430281,16 ct,19.99
170957,"Babyfood, fruit, apple and blueberry, strained",Baby Foods,67.8,0.2,0.2,16.3,17.62816248430281,16 ct,19.99
170958,"Babyfood, fruit, apple and blueberry, junior",Baby Foods,69.0,0.2,0.2,16.6,17.62816248430281,16 ct,19.99
170959,"Babyfood, juice, apple",Baby Foods,47.7,0.0,0.1,11.7,3.518577704470646,,3.99
170960,"Babyfood, juice, orange and apple and banana",Baby Foods,48.5,0.4,0.1,11.5,3.518577704470646,,3.99
170961,"Babyfood, juice, orange and apricot",Baby Foods,47.7,0.8,0.1,10.9,3.518577704470646,,3.99
170962,"Babyfood, juice, orange and banana",Baby Foods,51.3,0.7,0.1,11.9,3.518577704470646,,3.99
170963,"Babyfood, juice, orange and pineapple",Baby Foods,49.7,0.5,0.1,11.7,3.518577704470646,,3.99
170964,"Babyfood, cereal, mixed, dry fortified",Baby Foods,399.4,6.66,6.66,78.21,2.200213376605078,,4.99
170965,"Babyfood, cereal, mixed, with bananas, dry",Baby Foods,392.6,10.7,4.6,77.1,2.200213376605078,,4.99
170966,"Babyfood, cereal, mixed, with applesauce and bananas, strained",Baby Foods,80.9,0.71,0.51,18.38,2.200213376605078,,4.99
170967,"Babyfood, cereal, mixed, with applesauce and bananas, junior, fortified",Baby Foods,82.6,0.71,0.51,18.79,2.200213376605078,,4.99
170968,"Babyfood, cereal, oatmeal, with honey, dry",Baby Foods,394.2,13.5,7.0,69.3,2.200213376605078,,4.99
170969,"Babyfood, cereal, rice, dry fortified",Baby Foods,378.9,6.65,2.19,83.14,2.200213376605078,,4.99
170970,"Babyfood, cereal, rice, with applesauce and bananas, strained",Baby Foods,76.8,1.2,0.4,17.1,2.200213376605078,,4.99
170971,"Babyfood, cereal, with egg yolks, strained",Baby Foods,51.8,1.9,1.8,7.0,2.200213376605078,,4.99
170972,"Babyfood, crackers, vegetable",Baby Foods,477.4,8.4,19.6,66.85,2.25047877238323,,3.19
170973,"Babyfood, cereal, high protein, with apple and orange, dry",Baby Foods,390.5,25.4,6.5,57.6,2.200213376605078,,4.99
170974,"Babyfood, cereal, rice, with bananas, dry",Baby Foods,392.2,8.7,4.2,79.9,2.200213376605078,,4.99
170975,"Babyfood, cookies",Baby Foods,434.4,11.8,13.2,67.1,2.7886396333724894,,4.19
170976,"Babyfood, dessert, dutch apple, strained",Baby Foods,83.4,0.2,0.4,19.74,,,
170977,"Babyfood, dessert, dutch apple, junior",Baby Foods,79.0,0.2,0.16,19.18,,,
170978,"Babyfood, cherry cobbler, junior",Baby Foods,78.9,0.3,0.1,19.2,0.9221621481104593,,5.49
170979,"Babyfood, dessert, cherry vanilla pudding, strained",Baby Foods,74.7,0.2,0.3,17.8,1.4638694209075873,,2.49
170980,"Babyfood, dessert, peach melba, strained",Baby Foods,66.8,0.2,0.0,16.5,,,
170981,"Babyfood, dessert, peach melba, junior",Baby Foods,66.8,0.3,0.0,16.4,0.7508314757839258,,1.49
170982,"Babyfood, dessert, fruit pudding, pineapple, strained",Baby Foods,89.1,1.3,0.3,20.3,0.7508314757839258,,1.49
170983,"Babyfood, dessert, fruit dessert, without ascorbic acid, strained",Baby Foods,65.2,0.3,0.0,16.0,,,
170984,"Babyfood, juice, fruit punch, with calcium",Baby Foods,52.5,0.2,0.1,12.7,3.518577704470646,,3.99
170985,"Babyfood, juice, apple, with calcium",Baby Foods,45.5,0.06,0.1,11.1,3.518577704470646,,3.99
170986,"Infant Formula, MEAD JOHNSON, ENFAMIL, ENFACARE, ready-to-feed, with ARA and DHA",Baby Foods,73.1,2.0,3.8,7.73,,,
170987,"Babyfood, yogurt, whole milk, with fruit, multigrain cereal and added DHA fortified",Baby Foods,98.2,3.4,3.53,13.22,11.25239386191615,,3.19
170988,"Infant formula, ABBOTT NUTRITION, ALIMENTUM ADVANCE, with iron, powder, not reconstituted, with DHA and ARA",Baby Foods,517.3,13.99,28.19,51.91,,,
170989,"Babyfood, mashed cheddar potatoes and broccoli, toddlers",Baby Foods,47.6,1.11,1.47,7.47,1.2431920735888706,,2.89
170990,"Babyfood, yogurt, whole milk, with fruit, multigrain cereal and added iron fortified",Baby Foods,91.9,3.05,3.08,13.0,11.25239386191615,,3.19
170991,"Infant formula, NESTLE, GOOD START SOY, with DHA and ARA, liquid concentrate",Baby Foods,132.1,3.31,6.67,14.71,2.625533550786145,,20.99
170992,"Toddler formula, MEAD JOHNSON, ENFAGROW, Toddler Transitions, with ARA and DHA, powder",Baby Foods,504.9,12.9,26.9,52.8,6.7171701826843835,,39.99
170993,"Toddler formula, MEAD JOHNSON, ENFAGROW PREMIUM (formerly ENFAMIL, LIPIL, NEXT STEP), ready-to-feed",Baby Foods,68.5,1.78,3.63,7.18,6.7171701826843835,,39.99
170994,"Infant Formula, MEAD JOHNSON, ENFAMIL, Newborn, with DHA and ARA, ready-to-feed",Baby Foods,68.1,1.38,3.48,7.81,,,
170995,"Infant formula, GERBER, GOOD START 2 Soy, with iron, ready-to-feed",Baby Foods,65.5,1.84,3.28,7.15,6.346491233968508,,22.49
170996,"Infant formula, GERBER, GOOD START, PROTECT PLUS, ready-to-feed",Baby Foods,64.7,1.44,3.36,7.17,,,
170997,"Infant Formula, GERBER GOOD START 2, GENTLE PLUS, ready-to-feed",Baby Foods,66.3,1.44,3.34,7.61,7.079252436523456,,54.99
170998,"Babyfood, fruit, banana and strawberry, junior",Baby Foods,109.3,0.71,0.37,25.78,1.2257701777479193,,1.39
170999,"Babyfood, banana with mixed berries, strained",Baby Foods,92.5,1.01,0.36,21.31,1.6666947021176743,2 packs,1.89
171000,"Babyfood, Multigrain whole grain cereal, dry fortified",Baby Foods,407.0,6.67,6.67,80.06,2.200213376605078,,4.99
171001,"Babyfood, Baby MUM MUM Rice Biscuits",Baby Foods,390.7,12.5,0.87,83.21,7.602968825619022,,3.19
171002,"Salad dressing, KRAFT Mayo Light Mayonnaise",Fats and Oils,332.5,0.6,32.9,8.5,,30 fo,5.99
171003,"Salad dressing, KRAFT Mayo Fat Free Mayonnaise Dressing",Fats and Oils,64.0,0.2,0.0,15.8,,30 fo,5.99
171004,"Salad dressing, KRAFT MIRACLE WHIP FREE Nonfat Dressing",Fats and Oils,87.1,0.2,2.7,15.5,,16 fo,3.49
171005,"Salad dressing, russian dressing",Fats and Oils,366.0,0.69,26.18,31.9,,15 oza,2.99
171006,"Salad dressing, sesame seed dressing, regular",Fats and Oils,453.6,3.1,45.2,8.6,1.1728592348235487,,3.99
171007,"Salad dressing, russian dressing, low calorie",Fats and Oils,148.4,0.5,4.0,27.6,,15 oza,2.99
171008,"Salad dressing, thousand island dressing, reduced fat",Fats and Oils,201.4,0.83,11.32,24.06,,16 fo,3.49
171009,"Salad dressing, mayonnaise, regular",Fats and Oils,679.8,0.96,74.85,0.57,,30 fo,6.49
171010,"Salad dressing, mayonnaise, soybean and safflower oil, with salt",Fats and Oils,729.8,1.1,79.4,2.7,,30 fo,6.49
171011,"Shortening, household, soybean (partially hydrogenated)-cottonseed (partially hydrogenated)",Fats and Oils,900.0,0.0,100.0,0.0,0.5136770708907648,,6.99
171012,"Oil, soybean, salad or cooking, (partially hydrogenated)",Fats and Oils,900.0,0.0,100.0,0.0,1.1193603925333517,,1.19
171013,"Oil, rice bran",Fats and Oils,900.0,0.0,100.0,0.0,,,
171014,"Oil, wheat germ",Fats and Oils,900.0,0.0,100.0,0.0,,,
171015,"Oil, palm",Fats and Oils,900.0,0.0,100.0,0.0,4.686397801872826,,2.79
171016,"Oil, sesame, salad or cooking",Fats and Oils,900.0,0.0,100.0,0.0,2.8389850020710683,,4.99
171017,"Oil, sunflower, linoleic (less than 60%)",Fats and Oils,900.0,0.0,100.0,0.0,0.41843737362689765,5 lb,9.49
171018,"Margarine, regular, hard, soybean (hydrogenated)",Fats and Oils,731.7,0.9,80.5,0.9,0.9376994884930127,,3.19
171019,"Salad dressing, italian dressing, commercial, regular",Fats and Oils,240.2,0.41,21.12,12.12,1.1728592348235487,,3.99
171020,"Salad dressing, french dressing, commercial, regular, without salt",Fats and Oils,468.7,0.77,44.81,15.58,,15 oza,2.99
171021,"Salad dressing, french dressing, reduced fat, without salt",Fats and Oils,240.6,0.58,13.46,29.28,,15 oza,2.99
171022,"Salad dressing, italian dressing, commercial, regular, without salt",Fats and Oils,298.6,0.38,28.37,10.43,1.1728592348235487,,3.99
171023,"Salad dressing, italian dressing, reduced fat, without salt",Fats and Oils,77.6,0.47,6.38,4.57,1.1728592348235487,,3.99
171024,"Oil, cottonseed, salad or cooking",Fats and Oils,900.0,0.0,100.0,0.0,,,
171025,"Oil, sunflower, linoleic, (approx. 65%)",Fats and Oils,900.0,0.0,100.0,0.0,0.41843737362689765,5 lb,9.49
171026,"Oil, safflower, salad or cooking, linoleic, (over 70%)",Fats and Oils,900.0,0.0,100.0,0.0,1.5421335239832186,,13.99
171027,"Oil, safflower, salad or cooking, high oleic (primary safflower oil of commerce)",Fats and Oils,900.0,0.0,100.0,0.0,1.5421335239832186,,13.99
171028,"Oil, grapeseed",Fats and Oils,900.0,0.0,100.0,0.0,0.953866721053237,,6.49
171029,"Oil, corn, industrial and retail, all purpose salad or cooking",Fats and Oils,900.0,0.0,100.0,0.0,0.5723200326319422,,6.49
171030,"Oil, walnut",Fats and Oils,900.0,0.0,100.0,0.0,,,
171031,"Oil, almond",Fats and Oils,900.0,0.0,100.0,0.0,,1 ct,6.99
171032,"Oil, apricot kernel",Fats and Oils,900.0,0.0,100.0,0.0,3.0022060948198437,,11.49
171033,"Oil, vegetable, Natreon canola, high stability, non trans, high oleic (70%)",Fats and Oils,900.0,0.0,100.0,0.0,,1 gal,8.99
171034,"Salad dressing, honey mustard dressing, reduced calorie",Fats and Oils,207.0,0.98,10.0,28.26,1.0560142358655635,,4.79
171035,"Margarine-like spread, BENECOL Light Spread",Fats and Oils,371.2,0.0,38.71,5.71,,,
171036,"Salad dressing, spray-style dressing, assorted flavors",Fats and Oils,163.8,0.16,10.75,16.6,,,
171037,"Salad Dressing, mayonnaise, light, SMART BALANCE, Omega Plus light",Fats and Oils,351.3,1.53,34.18,9.39,,30 fo,6.49
171038,"Margarine-like, vegetable oil spread, 60% fat, tub, with salt, with added vitamin D",Fats and Oils,542.4,0.17,59.81,0.86,1.055867261024107,,4.49
171039,"Margarine-like vegetable-oil spread, stick/tub/bottle, 60% fat, with added vitamin D",Fats and Oils,534.9,0.6,59.17,0.0,0.5385158190969277,,2.29
171040,"Margarine, regular, 80% fat, composite, stick, without salt, with added vitamin D",Fats and Oils,729.8,0.16,80.71,0.7,0.9376994884930127,,3.19
171041,"Margarine-like, vegetable oil spread, 60% fat, stick/tub/bottle, without salt, with added vitamin D",Fats and Oils,542.4,0.17,59.81,0.86,1.055867261024107,,4.49
171042,"Oil, industrial, canola, high oleic",Fats and Oils,900.0,0.0,100.0,0.0,2.241499945705155,,6.99
171043,"Salad dressing, honey mustard, regular",Fats and Oils,464.3,0.87,40.83,23.33,1.0560142358655635,,4.79
171044,"Salad dressing, poppyseed, creamy",Fats and Oils,398.6,0.92,33.33,23.73,,16 fo,3.49
171045,"Salad dressing, caesar, fat-free",Fats and Oils,130.9,1.47,0.23,30.73,0.8135057474621983,,3.69
171046,"Dressing, honey mustard, fat-free",Fats and Oils,171.2,1.07,1.47,38.43,0.7319347104537937,,2.49
171047,"Chicken, broilers or fryers, meat and skin and giblets and neck, raw",Poultry Products,207.3,18.33,14.83,0.13,1.4414223542123994,,8.99
171048,"Chicken, broilers or fryers, meat and skin and giblets and neck, cooked, fried, batter",Poultry Products,285.2,22.84,17.53,9.03,1.4414223542123994,,8.99
171049,"Chicken, broilers or fryers, meat and skin and giblets and neck, cooked, fried, flour",Poultry Products,264.8,28.57,15.27,3.27,1.4414223542123994,,8.99
171050,"Chicken, broilers or fryers, meat and skin and giblets and neck, roasted",Poultry Products,226.8,26.78,13.27,0.06,1.4414223542123994,,8.99
171051,"Chicken, broilers or fryers, meat and skin, cooked, stewed",Poultry Products,211.8,24.68,12.56,0.0,1.4414223542123994,,8.99
171052,"Chicken, broilers or fryers, meat only, raw",Poultry Products,113.3,21.39,3.08,0.0,1.4414223542123994,,8.99
171053,"Chicken, broilers or fryers, meat only, cooked, fried",Poultry Products,211.1,30.57,9.12,1.69,1.4414223542123994,,8.99
171054,"Chicken, broilers or fryers, meat only, cooked, roasted",Poultry Products,182.4,28.93,7.41,0.0,1.4414223542123994,,8.99
171055,"Chicken, broilers or fryers, skin only, cooked, roasted",Poultry Products,447.6,20.36,40.68,0.0,,,
171056,"Chicken, broilers or fryers, skin only, cooked, stewed",Poultry Products,358.2,15.22,33.04,0.0,,,
171057,"Chicken, broilers or fryers, giblets, raw",Poultry Products,119.0,17.88,4.47,1.8,,,
171058,"Chicken, broilers or fryers, giblets, cooked, fried",Poultry Products,268.7,32.54,13.46,4.35,1.4414223542123994,,8.99
171059,"Chicken, heart, all classes, cooked, simmered",Poultry Products,177.3,26.41,7.92,0.1,,16 pounds,12.99
171060,"Chicken, liver, all classes, raw",Poultry Products,114.1,16.92,4.83,0.73,2.463298342812366,,4.19
171061,"Chicken, liver, all classes, cooked, simmered",Poultry Products,159.9,24.46,6.51,0.87,2.463298342812366,,4.19
171062,"Chicken, broilers or fryers, light meat, meat and skin, raw",Poultry Products,180.7,20.27,11.07,0.0,1.4414223542123994,,8.99
171063,"Chicken, broilers or fryers, dark meat, meat and skin, cooked, fried, batter",Poultry Products,292.7,21.85,18.64,9.38,1.4414223542123994,,8.99
171064,"Chicken, broilers or fryers, dark meat, meat and skin, cooked, fried, flour",Poultry Products,277.4,27.22,16.91,4.08,1.4414223542123994,,8.99
171065,"Chicken, broilers or fryers, dark meat, meat and skin, cooked, roasted",Poultry Products,245.9,25.97,15.78,0.0,,,
171066,"Chicken, broilers or fryers, dark meat, meat and skin, cooked, stewed",Poultry Products,225.9,23.5,14.66,0.0,1.4414223542123994,,8.99
171067,"Chicken, broilers or fryers, dark meat, meat only, raw",Poultry Products,119.1,20.08,4.31,0.0,,,
171068,"Chicken, broilers or fryers, dark meat, meat only, cooked, fried",Poultry Products,230.9,28.99,11.62,2.59,1.4414223542123994,,8.99
171069,"Chicken, broilers or fryers, dark meat, meat only, cooked, roasted",Poultry Products,197.0,27.37,9.73,0.0,1.4414223542123994,,8.99
171070,"Chicken, broilers or fryers, dark meat, meat only, cooked, stewed",Poultry Products,184.7,25.97,8.98,0.0,1.4414223542123994,,8.99
171071,"Chicken, broilers or fryers, back, meat and skin, cooked, roasted",Poultry Products,292.5,25.95,20.97,0.0,1.4414223542123994,,8.99
171072,"Chicken, broilers or fryers, back, meat and skin, cooked, stewed",Poultry Products,252.0,22.18,18.14,0.0,,,
171073,"Chicken, broilers or fryers, back, meat only, raw",Poultry Products,131.5,19.56,5.92,0.0,1.4414223542123994,,8.99
171074,"Chicken, broilers or fryers, back, meat only, cooked, fried",Poultry Products,280.6,29.99,15.32,5.68,1.4414223542123994,,8.99
171075,"Chicken, broilers or fryers, breast, meat and skin, cooked, roasted",Poultry Products,189.2,29.8,7.78,0.0,1.4414223542123994,,8.99
171076,"Chicken, broilers or fryers, breast, meat and skin, cooked, stewed",Poultry Products,176.3,27.39,7.42,0.0,,,
171077,"Chicken, broiler or fryers, breast, skinless, boneless, meat only, raw",Poultry Products,113.6,22.5,2.62,0.0,1.4414223542123994,,8.99
171078,"Chicken, broilers or fryers, breast, meat only, cooked, fried",Poultry Products,178.2,33.44,4.71,0.51,1.4414223542123994,,8.99
171079,"Squab, (pigeon), meat only, raw",Poultry Products,137.5,17.5,7.5,0.0,,,
171080,"Squab, (pigeon), light meat without skin, raw",Poultry Products,127.7,21.76,4.52,0.0,,,
171081,"Turkey, whole, meat and skin, raw",Poultry Products,137.9,21.64,5.64,0.14,0.4166736755294186,1 lb,1.89
171082,"Turkey, whole, skin (light and dark), roasted",Poultry Products,451.8,23.94,39.31,0.57,0.4166736755294186,1 lb,1.89
171083,"Turkey, whole, giblets, raw",Poultry Products,118.8,18.18,5.09,0.07,0.4166736755294186,1 lb,1.89
171084,"Turkey, whole, giblets, cooked, simmered",Poultry Products,165.2,26.44,6.61,0.0,0.4166736755294186,1 lb,1.89
171085,"Turkey, gizzard, all classes, raw",Poultry Products,105.5,18.8,3.37,0.0,,,
171086,"Turkey, whole, neck, meat only, raw",Poultry Products,120.4,16.51,6.04,0.0,0.4166736755294186,1 lb,1.89
171087,"Turkey, whole, neck, meat only, cooked, simmered",Poultry Products,156.2,22.48,7.36,0.0,0.4166736755294186,1 lb,1.89
171088,"Turkey, whole, light meat, meat and skin, raw",Poultry Products,155.3,21.96,7.43,0.15,0.4166736755294186,1 lb,1.89
171089,"Turkey, whole, light meat, meat and skin, cooked, roasted",Poultry Products,168.5,29.55,5.57,0.05,0.4166736755294186,1 lb,1.89
171090,"Turkey, whole, dark meat, meat only, raw",Poultry Products,108.2,21.28,2.5,0.15,0.4166736755294186,1 lb,1.89
171091,"Turkey, whole, dark meat, cooked, roasted",Poultry Products,165.2,27.71,6.04,0.0,0.4166736755294186,1 lb,1.89
171092,"Turkey, all classes, back, meat and skin, cooked, roasted",Poultry Products,236.4,26.59,14.38,0.16,,,
171093,"Turkey, all classes, breast, meat and skin, raw",Poultry Products,150.7,21.89,7.02,0.0,,,
171094,"Turkey, all classes, wing, meat and skin, cooked, roasted",Poultry Products,221.4,27.38,12.43,0.0,,,
171095,"Turkey, fryer-roasters, meat and skin, cooked, roasted",Poultry Products,164.5,28.26,5.72,0.0,,4 pk,4.99
171096,"Turkey, whole, back, meat only, raw",Poultry Products,108.2,21.28,2.5,0.15,0.4166736755294186,1 lb,1.89
171097,"Turkey, whole, back, meat only, cooked, roasted",Poultry Products,165.2,27.71,6.04,0.0,0.4166736755294186,1 lb,1.89
171098,"Turkey, whole, breast, meat only, raw",Poultry Products,108.5,23.66,1.48,0.14,0.4166736755294186,1 lb,1.89
171099,"Chicken, canned, meat only, with broth",Poultry Products,158.6,21.77,7.95,0.0,0.9100682182991746,,1.29
171100,"Pate de foie gras, canned (goose liver pate), smoked",Poultry Products,458.8,11.4,43.84,4.67,,,
171101,"Turkey, canned, meat only, with broth",Poultry Products,162.3,23.68,6.86,1.47,0.43982221305883074,,3.99
171102,"Turkey, diced, light and dark meat, seasoned",Poultry Products,132.8,18.7,6.0,1.0,1.681392186263333,,4.29
171103,"Turkey sticks, breaded, battered, fried",Poultry Products,276.9,14.2,16.9,17.0,2.4206756387899557,,5.49
171104,"Poultry, mechanically deboned, from backs and necks with skin, raw",Poultry Products,268.1,11.39,24.73,0.0,1.5410312126722943,1 lb,6.99
171105,"Poultry, mechanically deboned, from backs and necks without skin, raw",Poultry Products,194.5,13.79,15.48,0.0,,,
171106,"Poultry, mechanically deboned, from mature hens, raw",Poultry Products,238.7,14.72,19.98,0.0,1.5410312126722943,1 lb,6.99
171107,"Chicken, cornish game hens, meat and skin, cooked, roasted",Poultry Products,253.0,22.27,18.21,0.0,0.8076267538039349,,10.99
171108,"Chicken, cornish game hens, meat only, raw",Poultry Products,110.1,20.04,3.33,0.0,0.8076267538039349,,10.99
171109,"Chicken, cornish game hens, meat only, cooked, roasted",Poultry Products,128.0,23.3,3.87,0.0,0.8076267538039349,,10.99
171110,"Chicken, canned, no broth",Poultry Products,177.7,25.3,8.1,0.9,0.9100682182991746,,1.29
171111,"Chicken, wing, frozen, glazed, barbecue flavored",Poultry Products,206.1,19.67,12.67,3.34,1.100106688302539,1 lb,4.99
171112,"Duck, young duckling, domesticated, White Pekin, leg, meat and skin, bone in, cooked, roasted",Poultry Products,209.6,26.75,11.4,0.0,,,
171113,"Duck, young duckling, domesticated, White Pekin, leg, meat only, bone in, cooked without skin, braised",Poultry Products,170.0,29.1,5.96,0.0,,,
171114,"Chicken, broiler, rotisserie, BBQ, drumstick, meat only",Poultry Products,171.7,27.71,6.76,0.0,1.287499611159685,,9.49
171115,"Chicken, wing, frozen, glazed, barbecue flavored, heated (conventional oven)",Poultry Products,236.2,22.24,14.87,3.36,1.100106688302539,1 lb,4.99
171116,"Chicken, ground, raw",Poultry Products,142.8,17.44,8.1,0.04,0.5344539689330366,,2.0
171117,"Chicken, ground, crumbles, cooked, pan-browned",Poultry Products,191.4,23.28,10.92,0.0,0.5344539689330366,,2.0
171118,"Chicken, broiler, rotisserie, BBQ, thigh, meat only",Poultry Products,193.0,24.09,10.74,0.0,1.287499611159685,,9.49
171119,"Chicken, feet, boiled",Poultry Products,209.8,19.4,14.6,0.2,0.3862498833479055,,2.19
171120,"Chicken, broilers or fryers, rotisserie, original seasoning, thigh, meat only, cooked",Poultry Products,196.0,24.06,11.09,0.0,1.4414223542123994,,8.99
171121,"Chicken, broilers or fryers, rotisserie, original seasoning, wing, meat only, cooked",Poultry Products,196.5,27.69,9.53,0.0,,,
171122,"Chicken, broilers or fryers, rotisserie, original seasoning, back, meat and skin, cooked",Poultry Products,260.4,23.23,18.59,0.03,1.4414223542123994,,8.99
171123,"Chicken, broilers or fryers, rotisserie, original seasoning, breast, meat and skin, cooked",Poultry Products,183.6,27.48,8.18,0.02,1.4414223542123994,,8.99
171124,"Chicken, broiler, rotisserie, BBQ, back, meat and skin",Poultry Products,252.5,20.29,18.86,0.4,1.287499611159685,,9.49
171125,"Chicken, broiler, rotisserie, BBQ, breast, meat and skin",Poultry Products,174.9,26.37,7.67,0.09,1.287499611159685,,9.49
171126,"Chicken, broiler, rotisserie, BBQ, drumstick, meat and skin",Poultry Products,206.2,25.65,11.46,0.12,1.287499611159685,,9.49
171127,"Chicken, broiler, rotisserie, BBQ, thigh, meat and skin",Poultry Products,226.2,22.51,15.08,0.12,1.287499611159685,,9.49
171128,"Turkey, drumstick, from whole bird, meat only, with added solution, roasted",Poultry Products,158.4,26.1,6.0,0.0,0.9898755572101003,1 lb,4.49
171129,"Turkey, thigh, from whole bird, meat only, with added solution, raw",Poultry Products,114.8,19.27,4.12,0.15,1.0280890159888125,3 lbs,13.99
171130,"Turkey, retail parts, breast, meat and skin, with added solution, raw",Poultry Products,144.0,20.79,6.75,0.03,0.5500533441512695,2 lb,4.99
171131,"Turkey, thigh, from whole bird, meat only, with added solution, roasted",Poultry Products,158.4,26.1,6.0,0.0,1.0280890159888125,3 lbs,13.99
171132,"Turkey, retail parts, wing, meat and skin, raw",Poultry Products,202.4,19.53,13.79,0.05,0.5500533441512695,2 lb,4.99
171133,"Turkey, retail parts, wing, meat and skin, cooked, roasted",Poultry Products,235.1,28.74,13.29,0.13,0.5500533441512695,2 lb,4.99
171134,"Turkey, retail parts, drumstick, meat and skin, raw",Poultry Products,141.4,19.96,6.84,0.0,0.5500533441512695,2 lb,4.99
171135,"Turkey, retail parts, drumstick, meat and skin, cooked, roasted",Poultry Products,197.2,28.21,9.37,0.0,0.5500533441512695,2 lb,4.99
171136,"Turkey, drumstick, from whole bird, meat only, raw",Poultry Products,108.5,23.66,1.48,0.14,0.9898755572101003,1 lb,4.49
171137,"Turkey, retail parts, thigh, meat and skin, cooked, roasted",Poultry Products,182.9,23.95,9.5,0.41,,,
171138,"Turkey, back, from whole bird, meat and skin, with added solution, raw",Poultry Products,206.7,16.86,15.41,0.15,4.460366927682451,,3.49
171139,"Turkey, back, from whole bird, meat and skin, with added solution, roasted",Poultry Products,205.4,25.8,11.36,0.0,4.460366927682451,,3.49
171140,"Chicken, broiler or fryers, breast, skinless, boneless, meat only, cooked, braised",Poultry Products,157.4,32.06,3.24,0.0,,,
171141,"Soup, black bean, canned, condensed","Soups, Sauces, and Gravies",92.9,4.83,1.32,15.42,0.514999844463874,,2.19
171142,"Soup, bean with pork, canned, condensed","Soups, Sauces, and Gravies",131.2,5.88,4.42,16.97,0.2182576395630288,,0.99
171143,"Soup, bean with frankfurters, canned, condensed","Soups, Sauces, and Gravies",145.2,7.6,5.31,16.75,,,
171144,"Soup, bean with ham, canned, chunky, ready-to-serve","Soups, Sauces, and Gravies",96.9,5.19,3.5,11.16,0.5551007696276076,,2.99
171145,"Soup, chicken, canned, chunky, ready-to-serve","Soups, Sauces, and Gravies",71.5,5.06,2.64,6.88,1.5410312126722943,,6.99
171146,"Soup, cream of chicken, canned, condensed","Soups, Sauces, and Gravies",90.1,2.38,5.77,7.16,1.777135797269337,4 ct,5.29
171147,"Soup, chicken gumbo, canned, condensed","Soups, Sauces, and Gravies",45.3,2.1,1.14,6.67,0.6685255645682382,,1.99
171148,"Soup, chunky chicken noodle, canned, ready-to-serve","Soups, Sauces, and Gravies",40.6,3.09,1.16,4.46,0.5610060969640714,,2.99
171149,"Soup, chicken vegetable, canned, condensed","Soups, Sauces, and Gravies",60.7,2.94,2.32,7.01,2.7019854853378598,,11.49
171150,"Soup, chili beef, canned, condensed","Soups, Sauces, and Gravies",118.6,5.09,2.53,18.86,1.4086068805199112,,5.99
171151,"Soup, clam chowder, manhattan style, canned, chunky, ready-to-serve","Soups, Sauces, and Gravies",56.1,3.02,1.41,7.84,0.531969480212591,,2.79
171152,"Soup, clam chowder, manhattan, canned, condensed","Soups, Sauces, and Gravies",61.8,1.74,1.76,9.74,0.531969480212591,,2.79
171153,"Soup, minestrone, canned, condensed","Soups, Sauces, and Gravies",69.0,3.48,2.05,9.17,1.1662453669580024,,5.29
171154,"Soup, mushroom barley, canned, condensed","Soups, Sauces, and Gravies",60.6,1.5,1.8,9.6,0.531969480212591,,2.79
171155,"Soup, cream of mushroom, canned, condensed","Soups, Sauces, and Gravies",80.3,1.35,5.3,6.8,0.2564145695565653,,1.89
171156,"Soup, mushroom with beef stock, canned, condensed","Soups, Sauces, and Gravies",68.6,2.51,3.21,7.41,0.6685255645682382,,1.99
171157,"Soup, pea, split with ham, canned, condensed","Soups, Sauces, and Gravies",143.5,7.68,3.28,20.81,0.948144083609289,,3.79
171158,"Soup, cream of potato, canned, condensed","Soups, Sauces, and Gravies",74.1,1.51,1.88,12.79,0.49493777860505017,,4.49
171159,"Soup, cream of shrimp, canned, condensed","Soups, Sauces, and Gravies",72.3,2.22,4.14,6.53,0.6685255645682382,,1.99
171160,"Soup, tomato beef with noodle, canned, condensed","Soups, Sauces, and Gravies",112.5,3.55,3.42,16.87,4.691436939294195,12 ct,3.99
171161,"Soup, vegetarian vegetable, canned, condensed","Soups, Sauces, and Gravies",60.2,1.72,1.58,9.78,0.5179702833648913,,2.79
171162,"Soup, chunky beef, canned, ready-to-serve","Soups, Sauces, and Gravies",66.2,3.97,1.11,10.08,0.5610060969640714,,2.99
171163,"Soup, vegetable beef, canned, condensed","Soups, Sauces, and Gravies",63.8,4.45,1.51,8.11,0.5610060969640714,,2.99
171164,"Soup, vegetable with beef broth, canned, condensed","Soups, Sauces, and Gravies",66.5,2.42,1.56,10.7,0.5610060969640714,,2.99
171165,"Soup, onion, dry, mix","Soups, Sauces, and Gravies",293.3,7.48,0.34,65.07,4.215238452974859,,2.39
171166,"Soup, cream of vegetable, dry, powder","Soups, Sauces, and Gravies",457.3,8.0,24.1,52.1,0.5467464102184963,,2.79
171167,"Sauce, teriyaki, ready-to-serve","Soups, Sauces, and Gravies",86.1,5.93,0.02,15.56,1.0546914622924544,,2.99
171168,"Gravy, au jus, canned","Soups, Sauces, and Gravies",16.6,1.2,0.2,2.5,6.314039188974894,,1.79
171169,"Gravy, au jus, dry","Soups, Sauces, and Gravies",313.4,9.2,9.63,47.49,6.314039188974894,,1.79
171170,"Gravy, mushroom, canned","Soups, Sauces, and Gravies",51.3,1.26,2.71,5.47,4.656162977344614,,0.99
171171,"Gravy, mushroom, dry, powder","Soups, Sauces, and Gravies",334.6,10.0,4.0,64.66,4.656162977344614,,0.99
171172,"Gravy, onion, dry, mix","Soups, Sauces, and Gravies",333.6,9.0,3.0,67.64,2.0272391925046214,,0.5
171173,"Gravy, pork, dry, powder","Soups, Sauces, and Gravies",367.1,8.78,8.63,63.57,4.01393360115915,,0.99
171174,"Sauce, sofrito, prepared from recipe","Soups, Sauces, and Gravies",236.8,12.8,18.2,5.46,0.8789095519103787,,2.99
171175,"Soup, beef mushroom, canned, condensed","Soups, Sauces, and Gravies",60.8,4.6,2.4,5.2,0.6685255645682382,,1.99
171176,"Soup, tomato, canned, prepared with equal volume water, commercial","Soups, Sauces, and Gravies",34.5,0.71,0.21,7.45,0.5179702833648913,,2.79
171177,"Soup, ramen noodle, any flavor, dry","Soups, Sauces, and Gravies",440.0,10.17,17.59,60.26,5.245229802904509,4 ct,6.29
171178,"Soup, broccoli cheese, canned, condensed, commercial","Soups, Sauces, and Gravies",86.9,2.1,5.3,7.7,0.5467464102184963,,2.79
171179,"Soup, SWANSON, beef broth, lower sodium","Soups, Sauces, and Gravies",6.4,1.2,0.08,0.21,0.3624703676198263,,1.49
171180,"Soup, SWANSON, vegetable broth","Soups, Sauces, and Gravies",5.6,0.23,0.07,1.02,0.3624703676198263,,1.49
171181,"SMART SOUP, Indian Bean Masala","Soups, Sauces, and Gravies",63.1,3.3,0.88,10.5,,,
171182,"SMART SOUP, Moroccan Chick Pea","Soups, Sauces, and Gravies",56.3,2.0,1.06,9.7,0.514999844463874,,2.19
171183,"SMART SOUP, Thai Coconut Curry","Soups, Sauces, and Gravies",38.7,0.8,1.06,6.5,1.0273541417815295,,6.99
171184,"SMART SOUP, Vietnamese Carrot Lemongrass","Soups, Sauces, and Gravies",47.5,1.3,1.06,8.2,,,
171185,"Sauce, pesto, MEZZETTA, NAPA VALLEY BISTRO, basil pesto, ready-to-serve","Soups, Sauces, and Gravies",496.2,6.69,49.88,5.12,3.0184433153998094,,5.99
171186,"Sauce, hot chile, sriracha","Soups, Sauces, and Gravies",92.7,1.93,0.93,19.16,2.3721739411092826,,2.69
171187,"Sauce, hot chile, sriracha, CHA! BY TEXAS PETE","Soups, Sauces, and Gravies",107.8,2.02,0.98,22.73,2.3721739411092826,,2.69
171188,"Sauce, hot chile, sriracha, TUONG OT SRIRACHA","Soups, Sauces, and Gravies",79.0,1.86,0.9,15.87,2.3721739411092826,,2.69
171189,"Soup, vegetable beef, microwavable, ready-to-serve, single brand","Soups, Sauces, and Gravies",44.3,6.2,0.7,3.3,0.5610060969640714,,2.99
171190,"Soup, beef and vegetables, canned, ready-to-serve","Soups, Sauces, and Gravies",47.8,3.18,1.16,6.16,0.7226395448049175,,3.79
171191,"Sauce, cheese, ready-to-serve","Soups, Sauces, and Gravies",173.8,6.71,13.29,6.83,0.820707514693571,,3.49
171192,"Sauce, pasta, spaghetti/marinara, ready-to-serve","Soups, Sauces, and Gravies",49.8,1.39,1.61,7.43,0.29247993449860427,,1.99
171193,"Beef, chuck, short ribs, boneless, separable lean only, trimmed to 0"" fat, select, raw",Beef Products,161.5,20.14,8.99,0.0,2.86380478578156,1 lb,12.99
171194,"Beef, chuck eye Country-Style ribs, boneless, separable lean only, trimmed to 0"" fat, select, raw",Beef Products,137.4,21.1,5.89,0.0,1.9819557370420493,1 lb,8.99
171195,"Beef, chuck eye Country-Style ribs, boneless, separable lean only, trimmed to 0"" fat, all grades, raw",Beef Products,146.4,20.96,6.95,0.0,1.9819557370420493,1 lb,8.99
171196,"Beef, chuck eye steak, boneless, separable lean only, trimmed to 0"" fat, choice, cooked, grilled",Beef Products,215.1,27.97,11.47,0.0,2.86380478578156,1 lb,12.99
171197,"Beef, chuck eye steak, boneless, separable lean only, trimmed to 0"" fat, select, cooked, grilled",Beef Products,199.4,27.88,9.77,0.0,2.86380478578156,1 lb,12.99
171198,"Beef, shoulder pot roast, boneless, separable lean only, trimmed to 0"" fat, choice, cooked, braised",Beef Products,200.0,31.32,8.3,0.0,1.4398189923056004,,4.49
171199,"Beef, shoulder pot roast, boneless, separable lean only, trimmed to 0"" fat, select, cooked, braised",Beef Products,190.0,31.71,7.02,0.0,,,
171200,"Beef, shoulder pot roast, boneless, separable lean only, trimmed to 0"" fat, all grades, cooked, braised",Beef Products,195.9,31.48,7.78,0.0,1.4398189923056004,,4.49
171201,"Beef, chuck, mock tender steak, boneless, separable lean only, trimmed to 0"" fat, choice, cooked, braised",Beef Products,196.7,33.55,6.94,0.0,2.86380478578156,1 lb,12.99
171202,"Beef, chuck, mock tender steak, boneless, separable lean only, trimmed to 0"" fat, all grades, raw",Beef Products,122.7,21.3,4.17,0.0,2.86380478578156,1 lb,12.99
171203,"Beef, chuck for stew, separable lean and fat, all grades, cooked, braised",Beef Products,191.0,32.41,6.82,0.0,,,
171204,"Beef, chuck for stew, separable lean and fat, select, cooked, braised",Beef Products,186.2,32.29,6.34,0.0,,0.8 - 3.8 lbs,
171205,"Beef, chuck for stew, separable lean and fat, choice, cooked, braised",Beef Products,194.2,32.49,7.14,0.0,,0.8 - 3.8 lbs,
171206,"Beef, chuck for stew, separable lean and fat, all grades, raw",Beef Products,128.0,21.75,4.48,0.16,,0.8 - 3.8 lbs,
171207,"Beef, chuck, under blade steak, boneless, separable lean only, trimmed to 0"" fat, all grades, cooked, braised",Beef Products,219.1,31.35,10.41,0.0,2.86380478578156,1 lb,12.99
171208,"Beef, chuck, under blade pot roast, boneless, separable lean and fat, trimmed to 0"" fat, all grades, cooked, braised",Beef Products,291.2,26.7,20.49,0.0,2.86380478578156,1 lb,12.99
171209,"Beef, rib eye steak, boneless, lip-on, separable lean only, trimmed to 1/8"" fat, all grades, cooked, grilled",Beef Products,207.0,27.97,10.57,0.0,4.847965145445458,1 lb,21.99
171210,"Beef, rib eye roast, bone-in, lip-on, separable lean only, trimmed to 1/8"" fat, choice, cooked, roasted",Beef Products,239.7,27.18,14.55,0.0,,,
171211,"Beef, chuck, under blade center steak, boneless, Denver Cut, separable lean and fat, trimmed to 0"" fat, choice, cooked, grilled",Beef Products,235.7,26.1,14.41,0.4,2.86380478578156,1 lb,12.99
171212,"Beef, chuck, under blade center steak, boneless, Denver Cut, separable lean and fat, trimmed to 0"" fat, select, cooked, grilled",Beef Products,215.4,26.3,12.25,0.0,2.86380478578156,1 lb,12.99
171213,"Beef, chuck, under blade center steak, boneless, Denver Cut, separable lean and fat, trimmed to 0"" fat, all grades, raw",Beef Products,182.2,18.99,11.64,0.36,2.86380478578156,1 lb,12.99
171214,"Beef, chuck, under blade center steak, boneless, Denver Cut, separable lean and fat, trimmed to 0"" fat, choice, raw",Beef Products,189.1,18.85,12.4,0.53,2.86380478578156,1 lb,12.99
171215,"Beef, chuck eye roast, boneless, America's Beef Roast, separable lean and fat, trimmed to 0"" fat, choice, cooked, roasted",Beef Products,240.7,24.47,15.87,0.0,2.86380478578156,1 lb,12.99
171216,"Beef, chuck eye roast, boneless, America's Beef Roast, separable lean and fat, trimmed to 0"" fat, select, cooked, roasted",Beef Products,229.1,24.86,14.41,0.0,2.86380478578156,1 lb,12.99
171217,"Beef, chuck, under blade steak, boneless, separable lean and fat, trimmed to 0"" fat, all grades, cooked, braised",Beef Products,274.9,28.23,18.0,0.0,2.86380478578156,1 lb,12.99
171218,"Beef, chuck, under blade steak, boneless, separable lean and fat, trimmed to 0"" fat, choice, cooked, braised",Beef Products,284.1,27.6,19.3,0.0,2.86380478578156,1 lb,12.99
171219,"Beef, chuck, under blade steak, boneless, separable lean and fat, trimmed to 0"" fat, select, cooked, braised",Beef Products,261.2,29.18,16.05,0.0,2.86380478578156,1 lb,12.99
171220,"Beef, chuck, mock tender steak, boneless, separable lean and fat, trimmed to 0"" fat, choice, raw",Beef Products,131.4,21.19,5.18,0.0,2.86380478578156,1 lb,12.99
171221,"Beef, chuck, mock tender steak, boneless, separable lean and fat, trimmed to 0"" fat, select, raw",Beef Products,122.0,21.05,4.2,0.0,2.86380478578156,1 lb,12.99
171222,"Beef, chuck, short ribs, boneless, separable lean and fat, trimmed to 0"" fat, all grades, cooked, braised",Beef Products,305.1,25.48,22.58,0.0,2.86380478578156,1 lb,12.99
171223,"Beef, chuck, short ribs, boneless, separable lean and fat, trimmed to 0"" fat, choice, cooked, braised",Beef Products,317.5,25.26,24.05,0.0,2.86380478578156,1 lb,12.99
171224,"Beef, shoulder pot roast, boneless, separable lean and fat, trimmed to 0"" fat, all grades, cooked, braised",Beef Products,204.4,31.03,8.92,0.0,,,
171225,"Beef, shoulder pot roast, boneless, separable lean and fat, trimmed to 0"" fat, choice, cooked, braised",Beef Products,207.0,30.93,9.25,0.0,1.4398189923056004,,4.49
171226,"Beef, shoulder pot roast, boneless, separable lean and fat, trimmed to 0"" fat, select, cooked, braised",Beef Products,200.4,31.18,8.41,0.0,1.4398189923056004,,4.49
171227,"Beef, chuck eye Country-Style ribs, boneless, separable lean and fat, trimmed to 0"" fat, all grades, cooked, braised",Beef Products,295.7,27.69,20.55,0.0,,,
171228,"Beef, chuck eye steak, boneless, separable lean and fat, trimmed to 0"" fat, all grades, cooked, grilled",Beef Products,276.7,24.98,19.64,0.0,2.86380478578156,1 lb,12.99
171229,"Beef, chuck eye steak, boneless, separable lean and fat, trimmed to 0"" fat, choice, cooked, grilled",Beef Products,283.0,24.95,20.35,0.0,2.86380478578156,1 lb,12.99
171230,"Beef, chuck eye steak, boneless, separable lean and fat, trimmed to 0"" fat, select, cooked, grilled",Beef Products,267.2,25.03,18.57,0.0,2.86380478578156,1 lb,12.99
171231,"Beef, chuck eye steak, boneless, separable lean and fat, trimmed to 0"" fat, all grades, raw",Beef Products,222.6,18.86,16.35,0.0,2.86380478578156,1 lb,12.99
171232,"Beef, rib eye steak, boneless, lip-on, separable lean only, trimmed to 1/8"" fat, choice, cooked, grilled",Beef Products,216.9,27.3,11.97,0.0,4.847965145445458,1 lb,21.99
171233,"Beef, rib eye steak, boneless, lip-on, separable lean only, trimmed to 1/8"" fat, select, cooked, grilled",Beef Products,192.2,28.98,8.48,0.0,4.847965145445458,1 lb,21.99
171234,"Beef, rib eye steak/roast, bone-in, lip-on, separable lean only, trimmed to 1/8"" fat, all grades, raw",Beef Products,166.2,21.22,9.04,0.0,4.1865783588908245,1 lb,18.99
171235,"Beef, rib eye steak/roast, bone-in, lip-on, separable lean only, trimmed to 1/8"" fat, choice, raw",Beef Products,173.4,20.93,9.97,0.0,,,
171236,"Beef, rib eye steak, bone-in, lip-on, separable lean only, trimmed to 1/8"" fat, all grades, cooked, grilled",Beef Products,221.5,27.4,12.43,0.0,4.847965145445458,1 lb,21.99
171237,"Beef, rib eye steak, bone-in, lip-on, separable lean only, trimmed to 1/8"" fat, choice, cooked, grilled",Beef Products,229.1,27.03,13.44,0.0,4.847965145445458,1 lb,21.99
171238,"Beef, rib eye steak, bone-in, lip-on, separable lean only, trimmed to 1/8"" fat, select, cooked, grilled",Beef Products,210.0,27.96,10.91,0.0,4.847965145445458,1 lb,21.99
171239,"Beef, rib eye roast, boneless, lip-on, separable lean only, trimmed to 1/8"" fat, all grades, cooked, roasted",Beef Products,218.0,28.21,11.68,0.0,1.7614934748571718,1 lb,7.99
171240,"Cheese, gjetost",Dairy and Egg Products,474.8,9.65,29.51,42.65,,24 count,9.29
171241,"Cheese, gouda",Dairy and Egg Products,355.6,24.94,27.44,2.22,3.7434492118992213,,8.49
171242,"Cheese, gruyere",Dairy and Egg Products,411.7,29.81,32.34,0.36,6.54583951035785,,12.99
171243,"Cheese, limburger",Dairy and Egg Products,327.4,20.05,27.25,0.49,2.6396681525602674,,4.49
171244,"Cheese, mozzarella, low moisture, part-skim",Dairy and Egg Products,295.3,23.75,19.78,5.58,1.0979020656806904,,2.49
171245,"Cheese, muenster",Dairy and Egg Products,368.5,23.41,30.04,1.12,0.8796444261176615,,3.99
171246,"Cheese, neufchatel",Dairy and Egg Products,256.0,9.15,22.78,3.59,0.9656247083697638,,2.19
171247,"Cheese, parmesan, grated",Dairy and Egg Products,419.9,28.42,27.84,13.91,2.6411379009748335,,5.99
171248,"Cheese, ricotta, part skim milk",Dairy and Egg Products,137.3,11.39,7.91,5.14,0.7031276415283029,,2.99
171249,"Cheese, romano",Dairy and Egg Products,384.2,31.8,26.94,3.63,2.6411379009748335,,5.99
171250,"Cheese, roquefort",Dairy and Egg Products,369.9,21.54,30.64,2.0,6.611663242924479,1 lb,29.99
171251,"Cheese, swiss",Dairy and Egg Products,392.5,26.96,30.99,1.44,1.3198340762801337,16 slices,4.49
171252,"Cheese food, pasteurized process, American, vitamin D fortified",Dairy and Egg Products,332.4,16.86,25.63,8.56,1.3205689504874167,,5.99
171253,"Cheese food, pasteurized process, swiss",Dairy and Egg Products,322.9,21.92,24.14,4.5,1.3205689504874167,,5.99
171254,"Cheese spread, pasteurized process, American",Dairy and Egg Products,291.6,16.41,21.23,8.73,2.9559580113748387,,4.19
171255,"Cream, fluid, half and half",Dairy and Egg Products,133.2,3.13,11.5,4.3,,12 fluid ounces,5.49
171256,"Cream, sour, reduced fat, cultured",Dairy and Egg Products,136.8,2.94,12.0,4.26,0.8289381058151396,,3.29
171257,"Cream, sour, cultured",Dairy and Egg Products,202.4,2.44,19.35,4.63,0.8289381058151396,,3.29
171258,Eggnog,Dairy and Egg Products,88.1,4.55,4.19,8.05,,1 pt,8.49
171259,"Sour dressing, non-butterfat, cultured, filled cream-type",Dairy and Egg Products,180.8,3.25,16.57,4.68,,,
171260,"Yogurt, Greek, 2%fat, coconut blend, CHOBANI",Dairy and Egg Products,92.0,8.11,1.71,11.04,0.5500533441512695,,4.99
171261,"Cream substitute, liquid, with hydrogenated vegetable oil and soy protein",Dairy and Egg Products,139.2,1.0,9.97,11.38,0.4769333605266185,,6.49
171262,"Cream substitute, liquid, with lauric acid oil and sodium caseinate",Dairy and Egg Products,139.2,1.0,9.97,11.38,0.4769333605266185,,6.49
171263,"Cream substitute, powdered",Dairy and Egg Products,543.4,2.48,32.92,59.29,,,
171264,"Milk substitutes, fluid, with lauric acid oil",Dairy and Egg Products,62.3,1.75,3.41,6.16,,,
171265,"Milk, whole, 3.25% milkfat, with added vitamin D",Dairy and Egg Products,61.0,3.15,3.25,4.8,,1 gal,7.49
171266,"Milk, producer, fluid, 3.7% milkfat",Dairy and Egg Products,64.7,3.28,3.66,4.65,,1 pt,1.19
171267,"Milk, reduced fat, fluid, 2% milkfat, with added vitamin A and vitamin D",Dairy and Egg Products,50.2,3.3,1.98,4.8,,1 / 2 gal,4.99
171268,"Milk, lowfat, fluid, 1% milkfat, protein fortified, with added vitamin A and vitamin D",Dairy and Egg Products,48.3,3.93,1.17,5.52,,1 / 2 gal,1.69
171269,"Milk, nonfat, fluid, with added vitamin A and vitamin D (fat free or skim)",Dairy and Egg Products,34.0,3.37,0.08,4.96,0.28637674192964435,,4.79
171270,"Milk, nonfat, fluid, with added nonfat milk solids, vitamin A and vitamin D (fat free or skim)",Dairy and Egg Products,36.6,3.57,0.25,5.02,0.28637674192964435,,4.79
171271,"Milk, nonfat, fluid, protein fortified, with added vitamin A and vitamin D (fat free and skim)",Dairy and Egg Products,40.3,3.96,0.25,5.56,0.28637674192964435,,4.79
171272,"Milk, dry, nonfat, instant, with added vitamin A and vitamin D",Dairy and Egg Products,355.6,35.1,0.72,52.19,0.7907246470364276,,2.69
171273,"Milk, dry, nonfat, calcium reduced",Dairy and Egg Products,351.0,35.5,0.2,51.8,0.7907246470364276,,2.69
171274,"Milk, buttermilk, dried",Dairy and Egg Products,385.2,34.3,5.78,49.0,,1 pt,1.19
171275,"Milk, canned, condensed, sweetened",Dairy and Egg Products,327.5,7.91,8.7,54.4,0.7241536894355037,,3.49
171276,"Milk, canned, evaporated, with added vitamin D and without added vitamin A",Dairy and Egg Products,135.4,6.81,7.56,10.04,0.7241536894355037,,3.49
171277,"Milk, chocolate beverage, hot cocoa, homemade",Dairy and Egg Products,78.1,3.52,2.34,10.74,1.215348325353725,,3.79
171278,"Milk, goat, fluid, with added vitamin D",Dairy and Egg Products,69.3,3.56,4.14,4.45,6.294638509902624,,35.69
171279,"Milk, human, mature, fluid",Dairy and Egg Products,71.1,1.03,4.38,6.89,0.8256311718823665,,7.49
171280,"Milk, indian buffalo, fluid",Dairy and Egg Products,97.7,3.75,6.89,5.18,,,
171281,"Whey, acid, dried",Dairy and Egg Products,345.6,11.73,0.54,73.45,3.0439652775914894,,23.99
171282,"Whey, sweet, fluid",Dairy and Egg Products,27.2,0.85,0.36,5.14,1.0627801466705478,8 ct,6.99
171283,"Whey, sweet, dried",Dairy and Egg Products,359.2,12.93,1.07,74.46,1.0627801466705478,8 ct,6.99
171284,"Yogurt, plain, whole milk",Dairy and Egg Products,61.8,3.47,3.25,4.66,0.9983196778183135,,1.5
171285,"Yogurt, fruit, low fat, 10 grams protein per 8 ounce",Dairy and Egg Products,103.4,4.37,1.08,19.05,16.578762116302794,8 ct,3.29
171286,"Yogurt, fruit, low fat, 11g protein/8 oz",Dairy and Egg Products,106.5,4.86,1.41,18.6,16.578762116302794,8 ct,3.29
171287,"Egg, whole, raw, fresh",Dairy and Egg Products,138.7,12.56,9.51,0.72,,1 / 2 gal,5.99
171288,"Cheese, Mexican blend",Dairy and Egg Products,383.9,23.54,32.14,0.13,0.8796444261176615,,3.99
171289,"Cheese product, pasteurized process, American, vitamin D fortified",Dairy and Egg Products,307.3,16.09,23.06,8.85,,,
171290,"Cheese, pasteurized process, American, without added vitamin D",Dairy and Egg Products,373.4,18.13,31.79,3.7,2.9559580113748387,,4.19
171291,"Cheese food, pasteurized process, American, without added vitamin D",Dairy and Egg Products,332.4,16.86,25.63,8.56,1.3205689504874167,,5.99
171292,"Cheese, cheddar, reduced fat (Includes foods for USDA's Food Distribution Program)",Dairy and Egg Products,303.8,27.35,20.41,2.67,1.0979020656806904,,2.49
171293,"Ice cream, light, soft serve, chocolate",Dairy and Egg Products,139.2,3.36,3.69,23.15,0.21972738797759467,,2.99
171294,"Ice cream bar, stick or nugget, with crunch coating",Dairy and Egg Products,384.3,2.11,25.26,37.12,,,
171295,"Cheese, cheddar, nonfat or fat free",Dairy and Egg Products,157.1,32.14,0.0,7.14,1.0979020656806904,,2.49
171296,"Yogurt, Greek, nonfat, vanilla, CHOBANI",Dairy and Egg Products,70.6,9.07,0.22,8.09,0.5500533441512695,,4.99
171297,"Yogurt, Greek, strawberry, DANNON OIKOS",Dairy and Egg Products,106.0,8.25,2.92,11.67,0.5500533441512695,,4.99
171298,"Yogurt, Greek, nonfat, vanilla, DANNON OIKOS",Dairy and Egg Products,84.6,8.12,0.14,12.72,0.5500533441512695,,4.99
171299,"Yogurt, Greek, nonfat, strawberry, DANNON OIKOS",Dairy and Egg Products,84.2,8.03,0.22,12.53,0.5500533441512695,,4.99
171300,"Yogurt, Greek, strawberry, lowfat",Dairy and Egg Products,105.0,8.17,2.57,12.29,0.5500533441512695,,4.99
171301,"Kefir, lowfat, strawberry, LIFEWAY",Dairy and Egg Products,62.5,3.39,0.9,10.2,0.6569775413109352,,1.49
171302,"Milk, evaporated, 2% fat, with added vitamin A and vitamin D",Dairy and Egg Products,107.6,6.67,2.0,15.74,0.9670944567843297,,3.29
171303,"Milk, chocolate, fat free, with added vitamin A and vitamin D",Dairy and Egg Products,67.4,3.39,0.0,13.46,,1 / 2 gal,2.59
171304,"Yogurt, Greek, plain, whole milk",Dairy and Egg Products,96.9,9.0,5.0,3.98,0.5500533441512695,,4.99
171305,"Ice cream bar, covered with chocolate and nuts",Dairy and Egg Products,302.6,5.62,25.84,11.89,2.1517116789244053,3 ct,5.49
171306,Ice cream sundae cone,Dairy and Egg Products,253.6,3.0,14.0,28.89,,8 ct,9.29
171307,"Light ice cream, Creamsicle",Dairy and Egg Products,164.9,1.54,3.08,32.75,0.21972738797759467,,2.99
171308,"Cream, half and half, lowfat",Dairy and Egg Products,71.6,3.33,5.0,3.33,,1 pt,1.99
171309,"Yogurt, Greek, whole, plain, CHOBANI",Dairy and Egg Products,82.0,8.24,4.01,3.24,0.5500533441512695,,4.99
171310,"Yogurt, Greek, nonfat, lemon blend, CHOBANI",Dairy and Egg Products,78.5,8.62,0.15,10.66,0.5500533441512695,,4.99
171311,"Yogurt, Greek, nonfat, peach, CHOBANI",Dairy and Egg Products,79.6,7.76,0.11,11.9,0.5500533441512695,,4.99
171312,"Yogurt, Greek, nonfat, plain, CHOBANI",Dairy and Egg Products,54.0,9.53,0.24,3.43,0.5500533441512695,,4.99
171313,"Yogurt, Greek, nonfat, raspberry, CHOBANI",Dairy and Egg Products,80.5,7.65,0.22,11.98,0.5500533441512695,,4.99
171314,"Butter, Clarified butter (ghee)",Dairy and Egg Products,900.0,0.0,100.0,0.0,3.194498179058876,,14.49
171315,"Spices, allspice, ground",Spices and Herbs,391.0,6.09,8.69,72.12,8.687846183878138,,3.99
171316,"Spices, anise seed",Spices and Herbs,413.6,17.6,15.9,50.02,,,
171317,"Spices, basil, dried",Spices and Herbs,319.6,22.98,4.07,47.75,31.67601783072321,,4.49
171318,"Spices, chervil, dried",Spices and Herbs,324.3,23.2,3.9,49.1,,,
171319,"Spices, chili powder",Spices and Herbs,381.2,13.46,14.28,49.7,2.636728655731136,,2.99
171320,"Spices, cinnamon, ground",Spices and Herbs,349.5,3.99,1.24,80.59,7.599143654570101,,3.49
171321,"Spices, cloves, ground",Spices and Herbs,403.0,5.97,13.0,65.53,25.972775140769997,,13.99
171322,"Spices, dill weed, dried",Spices and Herbs,342.4,19.96,4.36,55.82,32.99585190700334,,4.49
171323,"Spices, fennel seed",Spices and Herbs,406.2,15.8,14.87,52.29,9.898755572101003,,4.49
171324,"Spices, fenugreek seed",Spices and Herbs,383.1,23.0,6.41,58.35,,,
171325,"Spices, garlic powder",Spices and Herbs,363.7,16.55,0.73,72.73,5.476385532250033,,3.99
171326,"Spices, nutmeg, ground",Spices and Herbs,547.3,5.84,36.31,49.29,20.139752560736625,,11.99
171327,"Spices, onion powder",Spices and Herbs,367.5,10.41,1.04,79.12,9.604137821726665,,5.99
171328,"Spices, oregano, dried",Spices and Herbs,350.2,9.0,4.28,68.92,6.998801974123097,,1.25
171329,"Spices, paprika",Spices and Herbs,388.5,14.14,12.89,53.99,2.2046226218487757,,1.25
171330,"Spices, poppy seed",Spices and Herbs,558.5,17.99,41.56,28.13,6.280924857348757,,3.49
171331,"Spices, poultry seasoning",Spices and Herbs,368.5,9.59,7.53,65.59,8.286053325892002,,2.49
171332,"Spices, pumpkin pie spice",Spices and Herbs,413.6,5.76,12.6,69.28,7.599143654570101,,3.49
171333,"Spices, rosemary, dried",Spices and Herbs,412.7,4.88,15.22,64.06,9.359357903955337,,1.99
171334,"Babyfood, vegetables, corn, creamed, junior",Baby Foods,74.2,1.4,0.4,16.25,22.03740772800036,16 ct,24.99
171335,"Babyfood, fruit, bananas with tapioca, strained",Baby Foods,63.7,0.4,0.1,15.3,17.62816248430281,16 ct,19.99
171336,"Babyfood, fruit, peaches, strained",Baby Foods,64.6,0.94,0.33,14.48,1.2257701777479193,,1.39
171337,"Babyfood, fruit, peaches, junior",Baby Foods,64.6,0.94,0.33,14.48,1.2257701777479193,,1.39
171338,"Babyfood, fruit, pears, strained",Baby Foods,46.2,0.3,0.2,10.8,1.2257701777479193,,1.39
171339,"Babyfood, fruit, prunes with tapioca, without ascorbic acid, junior",Baby Foods,78.1,0.6,0.1,18.7,17.62816248430281,16 ct,19.99
171340,"Babyfood, prunes, without vitamin c, strained",Baby Foods,99.9,1.0,0.2,23.52,0.8818490487395103,,1.0
171341,"Babyfood, fruit dessert, mango with tapioca",Baby Foods,79.0,0.3,0.2,19.0,,,
171342,"Babyfood, pears, dices, toddler",Baby Foods,56.5,0.3,0.1,13.6,3.342207894722744,,3.79
171343,"Babyfood, fruit, applesauce and pineapple, strained",Baby Foods,41.7,0.1,0.1,10.1,17.62816248430281,16 ct,19.99
171344,"Babyfood, fruit, applesauce and pineapple, junior",Baby Foods,43.3,0.1,0.1,10.5,1.2257701777479193,,1.39
171345,"Babyfood, fruit, apple and raspberry, strained",Baby Foods,65.0,0.2,0.2,15.6,17.62816248430281,16 ct,19.99
171346,"Babyfood, fruit, apple and raspberry, junior",Baby Foods,64.2,0.2,0.2,15.4,17.62816248430281,16 ct,19.99
171347,"Babyfood, fruit, pears and pineapple, junior",Baby Foods,48.6,0.3,0.2,11.4,1.2257701777479193,,1.39
171348,"Babyfood, fruit, guava and papaya with tapioca, strained",Baby Foods,69.7,0.2,0.1,17.0,17.62816248430281,16 ct,19.99
171349,"Babyfood, peaches, dices, toddler",Baby Foods,51.0,0.5,0.2,11.8,0.7495716914285837,,0.85
171350,"Babyfood, fruit, papaya and applesauce with tapioca, strained",Baby Foods,77.3,0.2,0.1,18.9,1.2257701777479193,,1.39
171351,"Babyfood, apple-banana juice",Baby Foods,50.9,0.2,0.1,12.3,2.43069665070745,,3.79
171352,"Babyfood, juice, apple and peach",Baby Foods,43.7,0.2,0.1,10.5,3.518577704470646,,3.99
171353,"Babyfood, juice, apple and prune",Baby Foods,74.1,0.2,0.1,18.1,3.518577704470646,,3.99
171354,"Babyfood, juice, orange",Baby Foods,45.9,0.6,0.3,10.2,3.518577704470646,,3.99
171355,"Babyfood, juice, orange and apple",Baby Foods,43.8,0.4,0.2,10.1,3.518577704470646,,3.99
171356,"Babyfood, juice, prune and orange",Baby Foods,72.3,0.6,0.3,16.8,3.518577704470646,,3.99
171357,"Babyfood, juice, mixed fruit",Baby Foods,48.1,0.1,0.1,11.7,3.518577704470646,,3.99
171358,"Babyfood, cereal, barley, dry fortified",Baby Foods,389.8,13.2,6.6,69.4,2.200213376605078,,4.99
171359,"Babyfood, cereal, whole wheat, with apples, dry fortified",Baby Foods,402.4,6.6,4.8,83.2,2.200213376605078,,4.99
171360,"Babyfood, cereal, oatmeal, dry fortified",Baby Foods,395.1,10.99,6.36,73.48,2.200213376605078,,4.99
171361,"Babyfood, cereal, oatmeal, with bananas, dry",Baby Foods,399.0,6.67,6.67,78.07,2.200213376605078,,4.99
171362,"Babyfood, cereal, oatmeal, with applesauce and bananas, strained",Baby Foods,74.0,0.89,0.89,15.62,2.200213376605078,,4.99
171363,"Babyfood, cereal, oatmeal, with applesauce and bananas, junior, fortified",Baby Foods,75.7,0.89,0.89,16.03,2.200213376605078,,4.99
171364,"Babyfood, cereal, with egg yolks, junior",Baby Foods,52.2,1.9,1.8,7.1,2.200213376605078,,4.99
171365,"Babyfood, cereal, with eggs, strained",Baby Foods,54.3,2.2,1.5,8.0,2.200213376605078,,4.99
171366,"Babyfood, cereal, egg yolks and bacon, junior",Baby Foods,79.8,2.5,5.0,6.2,2.200213376605078,,4.99
171367,"Babyfood, oatmeal cereal with fruit, dry, instant, toddler fortified",Baby Foods,401.8,10.5,7.05,74.1,1.759288852235323,,3.99
171368,"Babyfood, cookie, baby, fruit",Baby Foods,435.4,6.8,12.6,73.7,2.25047877238323,,3.19
171369,"Babyfood, cookies, arrowroot",Baby Foods,422.0,7.6,10.0,75.4,2.25047877238323,,3.19
171370,"Babyfood, pretzels",Baby Foods,390.0,10.8,2.0,82.2,,,
171371,"Babyfood, GERBER, GRADUATES Lil Biscuits Vanilla Wheat",Baby Foods,405.2,7.97,9.27,72.48,1.6666947021176743,2 packs,1.89
171372,Zwieback,Baby Foods,424.5,10.1,9.7,74.2,1.5388265900504454,,3.49
171373,"Babyfood, dessert, cherry vanilla pudding, junior",Baby Foods,76.2,0.2,0.2,18.4,0.7508314757839258,,1.49
171374,"Babyfood, dessert, fruit pudding, orange, strained",Baby Foods,83.3,1.1,0.9,17.7,,,
171375,"Babyfood, dessert, peach cobbler, strained",Baby Foods,72.4,0.3,0.0,17.8,,,
171376,"Babyfood, dessert, peach cobbler, junior",Baby Foods,74.4,0.3,0.0,18.3,0.7508314757839258,,1.49
171377,"Babyfood, dessert, fruit dessert, without ascorbic acid, junior",Baby Foods,70.0,0.3,0.0,17.2,0.7508314757839258,,1.49
171378,"Babyfood, dessert, tropical fruit, junior",Baby Foods,66.4,0.2,0.0,16.4,,,
171379,"Babyfood, dessert, custard pudding, vanilla, strained",Baby Foods,88.4,1.6,2.0,16.0,,,
171380,"Babyfood, dessert, custard pudding, vanilla, junior",Baby Foods,86.2,1.76,0.98,17.58,,,
171381,"Babyfood, juice, apple and grape",Baby Foods,47.6,0.1,0.2,11.34,3.518577704470646,,3.99
171382,"Infant formula, ABBOTT NUTRITION, SIMILAC, ISOMIL, ADVANCE with iron, liquid concentrate",Baby Foods,128.2,3.13,6.98,13.21,3.9300718449246363,,36.99
171383,"Infant formula, ABBOTT NUTRITION, SIMILAC, ISOMIL, ADVANCE with iron, ready-to-feed",Baby Foods,65.6,1.61,3.59,6.7,,,
171384,"Infant formula, ABBOTT NUTRITION, SIMILAC, ISOMIL, ADVANCE with iron, powder, not reconstituted",Baby Foods,517.5,12.6,28.09,53.57,,,
171385,"Infant formula, NESTLE, GOOD START SUPREME, with iron, DHA and ARA, ready-to-feed",Baby Foods,65.7,1.45,3.37,7.39,2.625533550786145,,20.99
171386,"Infant formula, NESTLE, GOOD START SUPREME, with iron, DHA and ARA, prepared from liquid concentrate",Baby Foods,65.7,1.45,3.37,7.39,2.625533550786145,,20.99
171387,"Infant Formula, MEAD JOHNSON, ENFAMIL GENTLEASE, with iron, prepared from powder",Baby Foods,67.9,1.51,3.5,7.6,,,
171388,"Babyfood, fortified cereal bar, fruit filling",Baby Foods,343.9,5.43,5.3,68.63,,7 ct,4.49
171389,"Infant Formula, MEAD JOHNSON, ENFAMIL, GENTLEASE, with ARA and DHA powder not reconstituted",Baby Foods,515.8,11.7,27.0,56.5,,,
171390,"Infant formula, MEAD JOHNSON, ENFAMIL, Enfagrow, Soy, Toddler ready-to-feed",Baby Foods,65.2,2.17,2.89,7.64,,,
171391,"Infant formula, MEAD JOHNSON, ENFAMIL, NUTRAMIGEN AA, ready-to-feed",Baby Foods,65.7,1.84,3.48,6.76,,,
171392,"Infant formula, MEAD JOHNSON, ENFAMIL, Premature, with iron, 20 calories, ready-to-feed",Baby Foods,63.3,2.2,3.3,6.2,,,
171393,"Infant formula, MEAD JOHNSON, ENFAMIL, Premature, with iron, 24 calories, ready-to-feed",Baby Foods,81.0,2.6,3.9,8.88,,,
171394,"Infant formula, GERBER, GOOD START 2, PROTECT PLUS, ready-to-feed",Baby Foods,65.6,1.44,3.37,7.39,6.346491233968508,,22.49
171395,"Infant formula, ABBOTT NUTRITION, SIMILAC, GO AND GROW, ready-to-feed, with ARA and DHA",Baby Foods,66.5,1.97,3.54,6.69,3.9300718449246363,,36.99
171396,"Infant formula, ABBOTT NUTRITION, SIMILAC, Expert Care, Diarrhea, ready- to- feed with ARA and DHA",Baby Foods,66.1,1.76,3.6,6.67,3.9300718449246363,,36.99
171397,"Infant formula, ABBOTT NUTRITION, SIMILAC, For Spit Up, ready-to-feed, with ARA and DHA",Baby Foods,66.2,1.4,3.54,7.19,3.9300718449246363,,36.99
171398,"Babyfood, Snack, GERBER, GRADUATES, LIL CRUNCHIES, baked whole grain corn snack",Baby Foods,503.5,0.0,28.57,61.59,11.25239386191615,,3.19
171399,"Infant formula, ABBOTT NUTRITION, SIMILAC, For Spit Up, powder, with ARA and DHA",Baby Foods,513.8,11.0,27.75,55.0,3.9300718449246363,,36.99
171400,"Fat, beef tallow",Fats and Oils,900.0,0.0,100.0,0.0,,,
171401,Lard,Fats and Oils,900.0,0.0,100.0,0.0,0.5930434852773206,,2.69
171402,"Salad dressing, thousand island, commercial, regular",Fats and Oils,378.5,1.09,35.06,14.64,,16 fo,3.49
171403,"Salad dressing, mayonnaise type, regular, with salt",Fats and Oils,256.1,0.65,21.6,14.78,0.9898755572101003,,4.49
171404,"Salad dressing, french dressing, reduced fat",Fats and Oils,230.9,0.58,11.52,31.22,,15 oza,2.99
171405,"Salad dressing, italian dressing, commercial, reduced fat",Fats and Oils,101.6,0.39,6.68,9.99,1.1728592348235487,,3.99
171406,"Salad dressing, mayonnaise, imitation, soybean",Fats and Oils,238.0,0.3,19.2,16.0,,30 fo,6.49
171407,"Salad dressing, mayonnaise, imitation, milk cream",Fats and Oils,98.7,2.1,5.1,11.1,,30 fo,6.49
171408,"Salad dressing, mayonnaise, imitation, soybean without cholesterol",Fats and Oils,492.9,0.1,47.7,15.8,,30 fo,6.49
171409,"Sandwich spread, with chopped pickle, regular, unspecified oils",Fats and Oils,399.2,0.9,34.0,22.4,,,
171410,"Oil, peanut, salad or cooking",Fats and Oils,900.0,0.0,100.0,0.0,,1 gal,20.99
171411,"Oil, soybean, salad or cooking",Fats and Oils,900.0,0.0,100.0,0.0,1.1193603925333517,,1.19
171412,"Oil, coconut",Fats and Oils,891.5,0.0,99.06,0.0,2.2989421288009146,,14.99
171413,"Oil, olive, salad or cooking",Fats and Oils,900.0,0.0,100.0,0.0,2.0851294667237177,,9.99
171414,"Salad dressing, french dressing, commercial, regular",Fats and Oils,430.3,0.87,39.07,18.79,0.5489510328403452,,2.49
171415,"Margarine,spread, 35-39% fat, tub",Fats and Oils,348.8,0.23,37.98,1.52,0.9376994884930127,,3.19
171416,"Salad dressing, french, home recipe",Fats and Oils,645.8,0.1,70.2,3.4,0.5489510328403452,,2.49
171417,"Salad dressing, home recipe, vinegar and oil",Fats and Oils,460.9,0.0,50.1,2.5,,4 ct,5.99
171418,"Salad dressing, mayonnaise, soybean oil, without salt",Fats and Oils,729.8,1.1,79.4,2.7,,30 fo,6.49
171419,"Salad dressing, french, cottonseed, oil, home recipe",Fats and Oils,645.8,0.1,70.2,3.4,0.5489510328403452,,2.49
171420,"Salad dressing, french dressing, fat-free",Fats and Oils,131.8,0.2,0.27,32.14,0.5489510328403452,,2.49
171421,"Oil, cocoa butter",Fats and Oils,900.0,0.0,100.0,0.0,8.984485602451953,,12.99
171422,"Vegetable oil, palm kernel",Fats and Oils,900.0,0.0,100.0,0.0,0.3284887706554676,,1.49
171423,"Oil, poppyseed",Fats and Oils,900.0,0.0,100.0,0.0,,16 fo,3.49
171424,"Oil, tomatoseed",Fats and Oils,900.0,0.0,100.0,0.0,1.5421335239832186,,13.99
171425,"Oil, teaseed",Fats and Oils,900.0,0.0,100.0,0.0,3.3190853960431967,,11.95
171426,"Oil, soybean lecithin",Fats and Oils,900.0,0.0,100.0,0.0,,,
171427,"Oil, hazelnut",Fats and Oils,900.0,0.0,100.0,0.0,2.0851294667237177,,9.99
171428,"Oil, babassu",Fats and Oils,900.0,0.0,100.0,0.0,5.538012026084124,,10.99
171429,"Oil, sheanut",Fats and Oils,900.0,0.0,100.0,0.0,3.889866562577868,,15.99
171430,"Oil, PAM cooking spray, original",Fats and Oils,792.0,0.26,78.69,20.69,3.0184433153998094,,5.99
171431,"Margarine, margarine-like vegetable oil spread, 67-70% fat, tub",Fats and Oils,617.2,0.07,68.29,0.59,0.8222752463357745,,10.49
171432,"Margarine, 80% fat, tub, CANOLA HARVEST Soft Spread (canola, palm and palm kernel oils)",Fats and Oils,730.1,0.41,80.32,1.39,0.9376994884930127,,3.19
171433,"Oil, cooking and salad, ENOVA, 80% diglycerides",Fats and Oils,900.0,0.0,100.0,0.0,2.34689426837875,,4.99
171434,"Margarine-like, vegetable oil spread, approximately 37% fat, unspecified oils, with salt, with added vitamin D",Fats and Oils,344.6,0.51,37.77,0.66,0.8222752463357745,,10.49
171435,"Margarine, regular, 80% fat, composite, stick, with salt, with added vitamin D",Fats and Oils,729.8,0.16,80.71,0.7,,,
171436,"Margarine, regular, 80% fat, composite, tub, with salt, with added vitamin D",Fats and Oils,725.4,0.22,80.17,0.75,0.9376994884930127,,3.19
171437,"Margarine-like, vegetable oil spread, 60% fat, stick, with salt, with added vitamin D",Fats and Oils,546.8,0.12,60.39,0.69,1.055867261024107,,4.49
171438,"Oil, industrial, soy, low linolenic",Fats and Oils,900.0,0.0,100.0,0.0,2.241499945705155,,6.99
171439,"Oil, industrial, soy, ultra low linolenic",Fats and Oils,900.0,0.0,100.0,0.0,2.241499945705155,,6.99
171440,"Oil, industrial, soy, fully hydrogenated",Fats and Oils,900.0,0.0,100.0,0.0,2.241499945705155,,6.99
171441,"Oil, industrial, cottonseed, fully hydrogenated",Fats and Oils,900.0,0.0,100.0,0.0,2.241499945705155,,6.99
171442,"Oil, flaxseed, contains added sliced flaxseed",Fats and Oils,894.1,0.37,99.01,0.39,,125 ct,18.99
171443,"Mayonnaise, reduced fat, with olive oil",Fats and Oils,361.5,0.37,40.0,0.0,0.7231162199663985,,3.69
171444,"Salad dressing, mayonnaise-type, light",Fats and Oils,158.2,0.65,10.0,16.4,,,
171445,"Chicken, broiler, rotisserie, BBQ, breast, meat only",Poultry Products,144.3,28.04,3.57,0.0,1.287499611159685,,9.49
171446,"Chicken, broilers or fryers, meat and skin and giblets and neck, stewed",Poultry Products,209.5,24.49,12.37,0.06,,,
171447,"Chicken, broilers or fryers, meat and skin, raw",Poultry Products,209.9,18.6,15.06,0.0,1.4414223542123994,,8.99
171448,"Chicken, broilers or fryers, meat and skin, cooked, fried, batter",Poultry Products,284.0,22.54,17.35,9.42,1.4414223542123994,,8.99
171449,"Chicken, broilers or fryers, meat and skin, cooked, fried, flour",Poultry Products,261.1,28.56,14.92,3.15,1.4414223542123994,,8.99
171450,"Chicken, broilers or fryers, meat and skin, cooked, roasted",Poultry Products,231.6,27.3,13.6,0.0,1.4414223542123994,,8.99
171451,"Chicken, broilers or fryers, meat only, cooked, stewed",Poultry Products,169.6,27.29,6.71,0.0,1.4414223542123994,,8.99
171452,"Chicken, broilers or fryers, skin only, raw",Poultry Products,344.5,13.33,32.35,0.0,1.4414223542123994,,8.99
171453,"Chicken, broilers or fryers, skin only, cooked, fried, batter",Poultry Products,393.4,10.32,28.83,23.15,,,
171454,"Chicken, broilers or fryers, skin only, cooked, fried, flour",Poultry Products,496.9,19.09,42.58,9.34,,,
171455,"Chicken, broilers or fryers, giblets, cooked, simmered",Poultry Products,149.1,27.15,4.5,0.0,,,
171456,"Chicken, gizzard, all classes, raw",Poultry Products,89.2,17.66,2.06,0.0,0.3862498833479055,,2.19
171457,"Chicken, gizzard, all classes, cooked, simmered",Poultry Products,145.7,30.39,2.68,0.0,0.3862498833479055,,2.19
171458,"Chicken, heart, all classes, raw",Poultry Products,149.0,15.55,9.33,0.71,,16 pounds,12.99
171459,"Chicken, broilers or fryers, light meat, meat and skin, cooked, fried, batter",Poultry Products,271.2,23.55,15.44,9.5,,,
171460,"Chicken, broilers or fryers, light meat, meat and skin, cooked, fried, flour",Poultry Products,237.9,30.45,12.09,1.82,,,
171461,"Chicken, broilers or fryers, light meat, meat and skin, cooked, roasted",Poultry Products,213.7,29.02,10.85,0.0,,,
171462,"Chicken, broilers or fryers, light meat, meat and skin, cooked, stewed",Poultry Products,194.3,26.14,9.97,0.0,1.4414223542123994,,8.99
171463,"Chicken, broilers or fryers, dark meat, meat and skin, raw",Poultry Products,231.8,16.69,18.34,0.0,,,
171464,"Chicken, broilers or fryers, light meat, meat only, raw",Poultry Products,107.6,23.2,1.65,0.0,1.4414223542123994,,8.99
171465,"Chicken, broilers or fryers, light meat, meat only, cooked, fried",Poultry Products,182.8,32.82,5.54,0.42,,,
171466,"Chicken, broilers or fryers, light meat, meat only, cooked, roasted",Poultry Products,164.2,30.91,4.51,0.0,1.4414223542123994,,8.99
171467,"Chicken, broilers or fryers, light meat, meat only, cooked, stewed",Poultry Products,151.4,28.88,3.99,0.0,1.4414223542123994,,8.99
171468,"Chicken, broilers or fryers, separable fat, raw",Poultry Products,626.5,3.73,67.95,0.0,1.4414223542123994,,8.99
171469,"Chicken, broilers or fryers, back, meat and skin, raw",Poultry Products,314.9,14.05,28.74,0.0,1.4414223542123994,,8.99
171470,"Chicken, broilers or fryers, back, meat and skin, cooked, fried, batter",Poultry Products,326.1,21.97,21.91,10.25,1.4414223542123994,,8.99
171471,"Chicken, broilers or fryers, back, meat and skin, cooked, fried, flour",Poultry Products,323.8,27.79,20.74,6.5,1.4414223542123994,,8.99
171472,"Chicken, broilers or fryers, back, meat only, cooked, roasted",Poultry Products,231.2,28.19,13.16,0.0,,,
171473,"Chicken, broilers or fryers, back, meat only, cooked, stewed",Poultry Products,202.0,25.31,11.19,0.0,1.4414223542123994,,8.99
171474,"Chicken, broilers or fryers, breast, meat and skin, raw",Poultry Products,166.6,20.85,9.25,0.0,1.4414223542123994,,8.99
171475,"Chicken, broilers or fryers, breast, meat and skin, cooked, fried, batter",Poultry Products,254.1,24.84,13.2,8.99,1.4414223542123994,,8.99
171476,"Chicken, broilers or fryers, breast, meat and skin, cooked, fried, flour",Poultry Products,213.8,31.84,8.87,1.64,,,
171477,"Chicken, broilers or fryers, breast, meat only, cooked, roasted",Poultry Products,156.2,31.02,3.57,0.0,,,
171478,"Chicken, broilers or fryers, breast, meat only, cooked, stewed",Poultry Products,143.2,28.98,3.03,0.0,1.4414223542123994,,8.99
171479,"Turkey, whole, meat and skin, cooked, roasted",Poultry Products,181.0,28.55,7.39,0.06,0.4166736755294186,1 lb,1.89
171480,"Turkey, whole, meat only, raw",Poultry Products,108.5,22.64,1.93,0.14,0.4166736755294186,1 lb,1.89
171481,"Turkey, whole, meat only, cooked, roasted",Poultry Products,150.8,29.06,3.84,0.0,0.4166736755294186,1 lb,1.89
171482,"Turkey, whole, skin (light and dark), raw",Poultry Products,402.8,12.96,38.93,0.16,0.4166736755294186,1 lb,1.89
171483,"Turkey, all classes, gizzard, cooked, simmered",Poultry Products,147.6,26.45,4.64,0.0,,,
171484,"Turkey, all classes, heart, raw",Poultry Products,135.4,16.7,7.44,0.4,,,
171485,"Turkey, all classes, heart, cooked, simmered",Poultry Products,167.2,24.88,7.52,0.0,,,
171486,"Turkey, all classes, liver, raw",Poultry Products,122.5,18.26,5.5,0.0,,,
171487,"Turkey, all classes, liver, cooked, simmered",Poultry Products,181.6,27.0,8.18,0.0,,,
171488,"Turkey, dark meat, meat and skin, raw",Poultry Products,160.6,19.81,8.97,0.15,,3 l,27.99
171489,"Turkey, whole, dark meat, meat and skin, cooked, roasted",Poultry Products,198.9,27.27,9.95,0.07,0.4166736755294186,1 lb,1.89
171490,"Turkey, whole, light meat, raw",Poultry Products,108.5,23.66,1.48,0.14,0.4166736755294186,1 lb,1.89
171491,"Turkey, all classes, light meat, cooked, roasted",Poultry Products,139.2,30.13,2.08,0.0,,,
171492,"Turkey, all classes, breast, meat and skin, cooked, roasted",Poultry Products,181.5,28.71,7.41,0.0,,,
171493,"Turkey, all classes, leg, meat and skin, raw",Poultry Products,138.6,19.54,6.72,0.0,,,
171494,"Turkey, all classes, leg, meat and skin, cooked, roasted",Poultry Products,199.9,27.87,9.82,0.0,,,
171495,"Turkey, all classes, wing, meat and skin, raw",Poultry Products,191.8,20.22,12.32,0.0,,,
171496,"Turkey, whole, breast, meat only, cooked, roasted",Poultry Products,139.2,30.13,2.08,0.0,0.4166736755294186,1 lb,1.89
171497,"Turkey, whole, wing, meat only, raw",Poultry Products,108.5,23.66,1.48,0.14,0.4166736755294186,1 lb,1.89
171498,"Turkey, whole, wing, meat only, cooked, roasted",Poultry Products,139.2,30.13,2.08,0.0,0.4166736755294186,1 lb,1.89
171499,"Turkey, young hen, skin only, cooked, roasted",Poultry Products,476.2,19.03,44.45,0.0,,,
171500,"Turkey and gravy, frozen",Poultry Products,65.6,5.88,2.63,4.61,0.5489510328403452,1 lb,2.49
171501,"Turkey breast, pre-basted, meat and skin, cooked, roasted",Poultry Products,119.8,22.16,3.46,0.0,,1 ct,2.49
171502,"Turkey thigh, pre-basted, meat and skin, cooked, roasted",Poultry Products,152.1,18.8,8.54,0.0,0.24495806909430842,4.5 lb,5.0
171503,"Turkey roast, boneless, frozen, seasoned, light and dark meat, raw",Poultry Products,115.8,17.6,2.2,6.4,1.0280890159888125,3 lb,13.99
171504,"Turkey, mechanically deboned, from turkey frames, raw",Poultry Products,196.8,13.29,15.96,0.0,,,
171505,"Turkey, Ground, raw",Poultry Products,147.6,19.66,7.66,0.0,0.9898755572101003,1 lb,4.49
171506,"Turkey, Ground, cooked",Poultry Products,203.1,27.37,10.4,0.0,0.9898755572101003,1 lb,4.49
171507,"Chicken, cornish game hens, meat and skin, raw",Poultry Products,194.8,17.15,14.02,0.0,0.8076267538039349,,10.99
171508,"Chicken, wing, frozen, glazed, barbecue flavored, heated (microwave)",Poultry Products,241.8,25.34,13.9,3.84,1.100106688302539,1 lb,4.99
171509,"Chicken, broilers or fryers, breast, skinless, boneless, meat only, with added solution, raw",Poultry Products,108.3,20.32,3.0,0.0,,,
171510,"Duck, young duckling, domesticated, White Pekin, breast, meat and skin, boneless, cooked, roasted",Poultry Products,195.6,24.5,10.85,0.0,,,
171511,"Duck, young duckling, domesticated, White Pekin, breast, meat only, boneless, cooked without skin, broiled",Poultry Products,132.9,27.6,2.5,0.0,,,
171512,"Chicken patty, frozen, uncooked",Poultry Products,292.1,14.33,20.04,13.61,1.0438479851005462,,7.99
171513,"Chicken patty, frozen, cooked",Poultry Products,287.0,14.85,19.58,12.84,1.0438479851005462,,7.99
171514,"Chicken breast tenders, breaded, cooked, microwaved",Poultry Products,251.7,16.35,12.89,17.56,2.9740359168739983,,13.49
171515,"Chicken breast tenders, breaded, uncooked",Poultry Products,260.7,14.73,15.75,15.01,2.9740359168739983,,13.49
171516,"Chicken, broiler, rotisserie, BBQ, wing, meat only",Poultry Products,185.6,28.34,7.79,0.54,1.287499611159685,,9.49
171517,"Chicken, broilers or fryers, rotisserie, original seasoning, back, meat only, cooked",Poultry Products,205.2,25.34,11.54,0.0,1.4414223542123994,,8.99
171518,"Chicken, broilers or fryers, rotisserie, original seasoning, breast, meat only, cooked",Poultry Products,137.1,28.0,2.79,0.0,1.4414223542123994,,8.99
171519,"Chicken, broilers or fryers, drumstick, rotisserie, original seasoning, meat only, cooked",Poultry Products,176.2,28.74,6.81,0.0,,,
171520,"Chicken, broilers or fryers, rotisserie, original seasoning, skin only, cooked",Poultry Products,406.2,17.66,37.24,0.11,1.4414223542123994,,8.99
171521,"Chicken, broilers or fryers,  rotisserie, original seasoning, drumstick, meat and skin, cooked",Poultry Products,215.3,26.86,11.98,0.02,1.4414223542123994,,8.99
171522,"Chicken, broilers or fryers, rotisserie, original seasoning, thigh, meat and skin, cooked",Poultry Products,233.1,22.93,15.7,0.02,1.4414223542123994,,8.99
171523,"Chicken, broilers or fryers, rotisserie, original seasoning, wing, meat and skin, cooked",Poultry Products,266.5,24.34,18.77,0.04,1.4414223542123994,,8.99
171524,"Chicken, broiler, rotisserie, BBQ, skin",Poultry Products,379.9,15.19,35.15,0.7,1.287499611159685,,9.49
171525,"Turkey, drumstick, from whole bird, meat only, with added solution, raw",Poultry Products,114.8,19.27,4.12,0.15,0.9898755572101003,1 lb,4.49
171526,"Turkey, wing, from whole bird, meat only, with added solution, raw",Poultry Products,101.7,21.54,1.66,0.14,0.9898755572101003,1 lb,4.49
171527,"Turkey, wing, from whole bird, meat only, with added solution, roasted",Poultry Products,126.6,26.97,2.08,0.0,0.9898755572101003,1 lb,4.49
171528,"Turkey, retail parts, breast, meat and skin, raw",Poultry Products,154.6,21.88,7.45,0.0,,,
171529,"Turkey, retail parts, breast, meat and skin, cooked, roasted",Poultry Products,164.2,29.01,5.33,0.05,0.5500533441512695,2 lb,4.99
171530,"Turkey, drumstick, from whole bird, meat only, roasted",Poultry Products,139.2,30.13,2.08,0.0,0.9898755572101003,1 lb,4.49
171531,"Turkey, thigh, from whole bird, meat only, raw",Poultry Products,108.2,21.28,2.5,0.15,0.503913742136863,,1.0
171532,"Turkey, thigh, from whole bird, meat only, roasted",Poultry Products,165.2,27.71,6.04,0.0,0.503913742136863,,1.0
171533,"Turkey, retail parts, thigh, meat and skin, raw",Poultry Products,160.6,19.54,9.16,0.0,0.5500533441512695,2 lb,4.99
171534,"Chicken, broiler or fryers, breast, skinless, boneless, meat only, cooked, grilled",Poultry Products,150.7,30.54,3.17,0.0,1.4414223542123994,,8.99
171535,"Chicken, broiler or fryers, breast, skinless, boneless, meat only, with added solution, cooked, braised",Poultry Products,145.4,28.24,3.61,0.0,,,
171536,"Chicken, broiler or fryers, breast, skinless, boneless, meat only, with added solution, cooked, grilled",Poultry Products,148.5,29.5,3.39,0.0,1.4414223542123994,,8.99
171537,"Soup, cream of asparagus, canned, condensed","Soups, Sauces, and Gravies",70.7,1.82,3.26,8.52,,,
171538,"Soup, beef broth or bouillon canned, ready-to-serve","Soups, Sauces, and Gravies",6.7,1.14,0.22,0.04,3.5229869497143436,,7.99
171539,"Soup, beef noodle, canned, condensed","Soups, Sauces, and Gravies",66.2,3.85,2.46,7.16,1.021807026797523,,4.49
171540,"Soup, cream of celery, canned, condensed","Soups, Sauces, and Gravies",73.5,1.32,4.46,7.03,0.6685255645682382,,1.99
171541,"Soup, cheese, canned, condensed","Soups, Sauces, and Gravies",83.7,0.8,3.92,11.3,0.6685255645682382,,1.99
171542,"Soup, chicken broth, canned, condensed","Soups, Sauces, and Gravies",30.0,4.42,1.04,0.75,0.1642443853277338,,1.49
171543,"Soup, chicken noodle, canned, condensed","Soups, Sauces, and Gravies",47.7,2.37,1.55,6.07,0.6685255645682382,,1.99
171544,"Soup, chicken rice, canned, chunky, ready-to-serve","Soups, Sauces, and Gravies",54.0,5.11,1.33,5.41,0.6685255645682382,,1.99
171545,"Soup, chicken with rice, canned, condensed","Soups, Sauces, and Gravies",67.7,1.84,1.56,11.57,0.4199281184473858,,1.25
171546,"Soup, chicken and vegetable, canned, ready-to-serve","Soups, Sauces, and Gravies",33.2,1.97,0.73,4.68,2.7019854853378598,,11.49
171547,"Soup, clam chowder, new england, canned, condensed","Soups, Sauces, and Gravies",72.5,3.17,2.06,10.32,0.531969480212591,,2.79
171548,"Soup, beef broth bouillon and consomme, canned, condensed","Soups, Sauces, and Gravies",11.4,2.52,0.0,0.32,,,
171549,"Soup, lentil with ham, canned, ready-to-serve","Soups, Sauces, and Gravies",57.7,3.74,1.12,8.16,0.9219883847511019,,3.79
171550,"Soup, minestrone, canned, chunky, ready-to-serve","Soups, Sauces, and Gravies",53.6,2.13,1.17,8.64,1.1662453669580024,,5.29
171551,"Soup, onion, canned, condensed","Soups, Sauces, and Gravies",51.7,3.06,1.42,6.68,4.215238452974859,,2.39
171552,"Soup, cream of onion, canned, condensed","Soups, Sauces, and Gravies",88.2,2.2,4.2,10.4,0.6685255645682382,,1.99
171553,"Soup, oyster stew, canned, condensed","Soups, Sauces, and Gravies",48.3,1.72,3.13,3.32,0.6685255645682382,,1.99
171554,"Soup, pea, green, canned, condensed","Soups, Sauces, and Gravies",127.0,6.54,2.23,20.18,0.948144083609289,,3.79
171555,"Soup, pea, split with ham, canned, chunky, ready-to-serve","Soups, Sauces, and Gravies",78.1,4.62,1.66,11.17,0.948144083609289,,3.79
171556,"CAMPBELL'S, Chicken Noodle Soup, condensed","Soups, Sauces, and Gravies",47.1,2.37,1.53,5.97,0.6685255645682382,,1.99
171557,"Soup, tomato rice, canned, condensed","Soups, Sauces, and Gravies",94.0,1.64,2.12,17.08,0.8548374562555974,,2.69
171558,"Soup, turkey, chunky, canned, ready-to-serve","Soups, Sauces, and Gravies",58.0,4.33,1.87,5.96,0.43982221305883074,,3.99
171559,"Soup, chunky vegetable, canned, ready-to-serve","Soups, Sauces, and Gravies",39.4,1.14,0.36,7.9,0.5610060969640714,,2.99
171560,"Soup, beef broth or bouillon, powder, dry","Soups, Sauces, and Gravies",213.5,15.97,8.89,17.4,3.5229869497143436,,7.99
171561,"Soup, beef broth, cubed, dry","Soups, Sauces, and Gravies",169.6,17.3,4.0,16.1,0.1642443853277338,,1.49
171562,"Soup, chicken broth or bouillon, dry","Soups, Sauces, and Gravies",263.6,16.66,13.88,18.01,0.7484693801176594,2.0 lb,6.79
171563,"Soup, chicken broth cubes, dry","Soups, Sauces, and Gravies",194.7,14.6,4.7,23.5,1.3540649909677642,8 ct,1.19
171564,"Gravy, beef, canned, ready-to-serve","Soups, Sauces, and Gravies",55.5,3.75,2.36,4.81,1.3492290445714508,,4.59
171565,"Gravy, brown, dry","Soups, Sauces, and Gravies",367.0,10.74,9.61,59.38,2.0272391925046214,,0.5
171566,"Gravy, chicken, canned or bottled, ready-to-serve","Soups, Sauces, and Gravies",47.6,0.71,2.62,5.29,4.01393360115915,,0.99
171567,"Gravy, chicken, dry","Soups, Sauces, and Gravies",381.0,11.27,9.73,62.09,4.01393360115915,,0.99
171568,"Gravy, turkey, canned, ready-to-serve","Soups, Sauces, and Gravies",49.7,2.6,2.1,5.1,7.257516309166544,,1.79
171569,"Gravy, turkey, dry","Soups, Sauces, and Gravies",366.9,10.42,7.19,65.12,7.257516309166544,,1.79
171570,"Gravy, unspecified type, dry","Soups, Sauces, and Gravies",356.0,13.0,8.0,58.0,,,
171571,"Soup, chicken noodle, dry, mix","Soups, Sauces, and Gravies",369.6,15.42,6.51,62.32,0.6685255645682382,,1.99
171572,"Soup, beef mushroom, canned, prepared with equal volume water","Soups, Sauces, and Gravies",31.0,2.37,1.23,2.6,0.6685255645682382,,1.99
171573,"Soup, chicken mushroom, canned, prepared with equal volume water","Soups, Sauces, and Gravies",56.2,1.8,3.75,3.8,0.531969480212591,,2.79
171574,"Soup, tomato bisque, canned, prepared with equal volume water","Soups, Sauces, and Gravies",51.3,0.92,1.02,9.6,1.0273541417815295,,6.99
171575,"Sauce, peanut, made from coconut, water, sugar, peanuts","Soups, Sauces, and Gravies",179.0,2.02,6.34,28.46,1.4692371977260017,,4.79
171576,"SMART SOUP, Santa Fe Corn Chowder","Soups, Sauces, and Gravies",59.2,2.0,0.71,11.2,0.9759129472717248,,2.49
171577,"SMART SOUP, French Lentil","Soups, Sauces, and Gravies",59.1,2.9,1.06,9.5,0.9219883847511019,,3.79
171578,"SMART SOUP, Greek Minestrone","Soups, Sauces, and Gravies",45.2,1.7,0.53,8.4,,,
171579,"Sauce, pesto, ready-to-serve, refrigerated","Soups, Sauces, and Gravies",418.1,9.83,37.6,10.09,3.0184433153998094,,5.99
171580,"Sauce, pesto, ready-to-serve, shelf stable","Soups, Sauces, and Gravies",426.3,5.0,42.42,6.14,3.0184433153998094,,5.99
171581,"Sauce, pesto, BUITONI, pesto with basil, ready-to-serve, refrigerated","Soups, Sauces, and Gravies",418.1,9.83,37.6,10.09,3.0184433153998094,,5.99
171582,"Sauce, pesto, CLASSICO, basil pesto, ready-to-serve","Soups, Sauces, and Gravies",371.8,4.16,36.38,6.93,3.0184433153998094,,5.99
171583,"Soup, vegetable broth, ready to serve","Soups, Sauces, and Gravies",5.3,0.24,0.07,0.93,0.22424161525090403,,0.89
171584,"Sauce, cheese sauce mix, dry","Soups, Sauces, and Gravies",437.8,7.68,18.33,60.52,,net wt 15.7 oz (445g),4.49
171585,"Soup, chicken corn chowder, chunky, ready-to-serve, single brand","Soups, Sauces, and Gravies",99.1,3.1,6.3,7.5,0.531969480212591,,2.79
171586,"Soup, bean with bacon, condensed, single brand","Soups, Sauces, and Gravies",116.9,6.5,2.1,18.0,0.6239571935970224,,1.99
171587,"Soup, tomato, canned, condensed, reduced sodium","Soups, Sauces, and Gravies",65.1,1.61,0.56,13.41,0.5179702833648913,,2.79
171588,"Gravy, brown instant, dry","Soups, Sauces, and Gravies",379.9,8.53,11.85,59.78,,6 ct,3.69
171589,"Gravy, instant beef, dry","Soups, Sauces, and Gravies",368.9,9.8,9.48,61.1,2.0272391925046214,,0.5
171590,"Gravy, instant turkey, dry","Soups, Sauces, and Gravies",409.1,11.72,14.66,57.56,,,
171591,"Soup, tomato, low sodium, with water","Soups, Sauces, and Gravies",32.0,0.79,0.28,6.57,0.5179702833648913,,2.79
171592,"Soup, pea, low sodium, prepared with equal volume water","Soups, Sauces, and Gravies",62.1,3.2,1.09,9.88,0.948144083609289,,3.79
171593,"Soup, chicken noodle, low sodium, canned, prepared with equal volume water","Soups, Sauces, and Gravies",25.4,1.27,0.95,2.95,0.6685255645682382,,1.99
171594,"Soup, vegetable soup, condensed, low sodium, prepared with equal volume water","Soups, Sauces, and Gravies",32.7,1.1,0.45,6.06,0.531969480212591,,2.79
171595,"Sauce, tomato chili sauce, bottled, with salt","Soups, Sauces, and Gravies",91.9,2.5,0.3,19.79,,,
171596,"Soup, vegetable chicken, canned, prepared with water, low sodium","Soups, Sauces, and Gravies",73.4,5.1,2.0,8.76,2.7019854853378598,,11.49
171597,"Sauce, pasta, spaghetti/marinara, ready-to-serve, low sodium","Soups, Sauces, and Gravies",51.2,1.41,1.48,8.06,0.29247993449860427,,1.99
171598,"Gravy, meat or poultry, low sodium, prepared","Soups, Sauces, and Gravies",61.4,3.8,2.4,6.16,,,
171599,"Gravy, HEINZ Home Style, savory beef","Soups, Sauces, and Gravies",39.5,1.09,1.13,6.24,,,
171600,"Gravy, CAMPBELL'S, chicken","Soups, Sauces, and Gravies",51.2,0.79,2.73,5.87,0.7357140635198199,,2.19
171601,"Barbecue loaf, pork, beef",Sausages and Luncheon Meats,169.1,15.84,8.9,6.4,2.6440773978039647,,17.99
171602,"Soup, cream of chicken, canned, condensed, reduced sodium","Soups, Sauces, and Gravies",56.9,1.8,1.3,9.5,1.777135797269337,4 ct,5.29
171603,"Sauce, alfredo mix, dry","Soups, Sauces, and Gravies",534.5,15.32,36.35,36.52,4.266242695253307,,1.79
171604,"Sauce, peppers, hot, chili, mature red, canned","Soups, Sauces, and Gravies",24.6,0.9,0.6,3.9,0.8516142242112985,,1.69
171605,"Sauce, chili, peppers, hot, immature green, canned","Soups, Sauces, and Gravies",23.7,0.7,0.1,5.0,0.5849598689972085,,1.99
171606,Fish broth,"Soups, Sauces, and Gravies",15.0,2.0,0.6,0.4,2.4134816070765543,,1.69
171607,"Soup, cream of mushroom, low sodium, ready-to-serve, canned","Soups, Sauces, and Gravies",55.4,1.0,3.7,4.53,0.2564145695565653,,1.89
171608,"Potato soup, instant, dry mix","Soups, Sauces, and Gravies",369.3,9.2,3.1,76.14,0.8548374562555974,,2.69
171609,"Soup, chicken broth, low sodium, canned","Soups, Sauces, and Gravies",18.2,2.0,0.6,1.2,0.1642443853277338,,1.49
171610,"Sauce, worcestershire","Soups, Sauces, and Gravies",76.7,0.0,0.0,19.17,,15 fo,6.99
171611,"Soup, beef and mushroom, low sodium, chunk style","Soups, Sauces, and Gravies",76.2,4.3,2.3,9.58,0.6685255645682382,,1.99
171612,"Soup, beef stroganoff, canned, chunky style, ready-to-serve","Soups, Sauces, and Gravies",97.8,5.1,4.6,9.0,5.855477683630349,,2.49
171613,"Soup, bouillon cubes and granules, low sodium, dry","Soups, Sauces, and Gravies",451.3,16.7,13.89,64.88,,,
171614,"Soup, ramen noodle, beef flavor, dry","Soups, Sauces, and Gravies",441.2,10.06,17.73,60.34,1.081734833120466,,0.69
171615,"Soup, ramen noodle, chicken flavor, dry","Soups, Sauces, and Gravies",439.5,10.22,17.52,60.23,1.081734833120466,,0.69
171616,"Beerwurst, beer salami, pork",Sausages and Luncheon Meats,234.4,14.24,18.8,2.06,4.578560261055538,,6.49
171617,"Sausage, Berliner, pork, beef",Sausages and Luncheon Meats,226.2,15.27,17.2,2.59,,,
171618,Blood sausage,Sausages and Luncheon Meats,374.1,14.6,34.5,1.29,,,
171619,"Bockwurst, pork, veal, raw",Sausages and Luncheon Meats,300.8,14.03,25.87,2.95,1.383243222165689,6 ct,5.49
171620,"Bratwurst, pork, cooked",Sausages and Luncheon Meats,328.9,13.72,29.18,2.85,1.2048842792251415,,6.49
171621,"Braunschweiger (a liver sausage), pork",Sausages and Luncheon Meats,326.9,14.5,28.5,3.1,0.7253208425882472,,3.29
171622,"Bratwurst, pork, beef, link",Sausages and Luncheon Meats,319.3,14.3,27.8,2.98,1.2048842792251415,,6.49
171623,"Cheesefurter, cheese smokie, pork, beef",Sausages and Luncheon Meats,323.4,14.1,29.0,1.51,1.383243222165689,,5.49
171624,"Frankfurter, chicken",Sausages and Luncheon Meats,218.7,15.51,16.19,2.74,0.5282275801949666,20 ct,5.99
171625,"Frankfurter, turkey",Sausages and Luncheon Meats,219.8,12.23,17.29,3.81,,8 ct,6.49
171626,"Ham, chopped, canned",Sausages and Luncheon Meats,234.7,16.06,18.83,0.26,2.1440434263266703,,6.99
171627,"Ham, chopped, not canned",Sausages and Luncheon Meats,216.3,16.5,16.7,0.0,1.2103378193949779,,5.49
171628,Ham and cheese loaf or roll,Sausages and Luncheon Meats,238.7,13.6,18.7,4.0,0.8201196153277446,,2.79
171629,Ham and cheese spread,Sausages and Luncheon Meats,240.6,16.18,18.53,2.28,2.347678134199852,,5.99
171630,"Headcheese, pork",Sausages and Luncheon Meats,153.4,13.83,10.9,0.0,,750ml,13.99
171631,"Sausage, Italian, pork, mild, raw",Sausages and Luncheon Meats,285.8,13.9,24.26,2.97,0.9457831047731248,,4.29
171632,"Sausage, pork and turkey, pre-cooked",Sausages and Luncheon Meats,338.5,12.05,30.64,3.63,0.8927025754932273,,3.29
171633,"Frankfurter, meat and poultry, cooked, boiled",Sausages and Luncheon Meats,297.6,10.31,26.28,4.96,1.466808917736719,5 ct,4.99
171634,"Frankfurter, meat and poultry, cooked, grilled",Sausages and Luncheon Meats,301.5,10.67,26.43,5.24,1.466808917736719,5 ct,4.99
171635,"Pork sausage, link/patty, reduced fat, unprepared",Sausages and Luncheon Meats,216.8,16.75,16.55,0.2,1.3492290445714508,,4.59
171636,"Pork sausage, link/patty, reduced fat, cooked, pan-fried",Sausages and Luncheon Meats,267.2,20.94,20.32,0.15,,,
171637,"Bologna, meat and poultry",Sausages and Luncheon Meats,280.5,10.34,23.77,6.31,0.4166736755294186,1 lb,1.89
171638,"Meatballs, frozen, Italian style",Sausages and Luncheon Meats,289.7,14.4,22.21,8.06,0.8804923578952957,,6.49
171639,"Bacon, turkey, microwaved",Sausages and Luncheon Meats,367.8,29.5,25.87,4.24,1.760758600649889,,5.99
171640,"Bacon, turkey, low sodium",Sausages and Luncheon Meats,252.5,13.33,20.0,4.8,1.760758600649889,,5.99
171641,"Cereals ready-to-eat, POST, ALPHA-BITS",Breakfast Cereals,402.6,10.0,4.6,80.3,,,
171642,"Cereals ready-to-eat, QUAKER, CAP'N CRUNCH",Breakfast Cereals,405.7,4.39,5.12,85.51,,,
171643,"Cereals ready-to-eat, QUAKER, CAP'N CRUNCH with CRUNCHBERRIES",Breakfast Cereals,405.0,4.45,4.83,85.93,0.9898755572101003,,4.49
171644,"Cereals ready-to-eat, QUAKER, CAP'N CRUNCH'S PEANUT BUTTER CRUNCH",Breakfast Cereals,426.1,7.1,9.23,78.65,0.9898755572101003,,4.49
171645,"Cereals ready-to-eat, POST, FRUITY PEBBLES",Breakfast Cereals,399.1,4.62,4.02,86.1,1.1489233320720476,,3.99
171646,"Cereals ready-to-eat, granola, homemade",Breakfast Cereals,489.0,13.67,24.31,53.88,,,
171647,"Cereals ready-to-eat, POST, GRAPE-NUTS Cereal",Breakfast Cereals,383.1,11.22,1.81,80.49,1.1489233320720476,,3.99
171648,"Cereals ready-to-eat, POST, GRAPE-NUTS Flakes",Breakfast Cereals,398.9,9.4,3.7,82.0,,,
171649,"Cereals ready-to-eat, QUAKER, SWEET CRUNCH/QUISP",Breakfast Cereals,412.9,4.51,6.08,85.03,0.9898755572101003,,4.49
171650,"Cereals ready-to-eat, POST Raisin Bran Cereal",Breakfast Cereals,360.4,7.6,1.6,78.9,0.8805892643841681,,6.99
171651,"Cereals ready-to-eat, QUAKER, QUAKER Puffed Rice",Breakfast Cereals,387.3,7.01,0.9,87.78,0.9898755572101003,,4.49
171652,"Cereals ready-to-eat, POST, GOLDEN CRISP",Breakfast Cereals,397.7,5.5,1.7,90.1,0.8805892643841681,,6.99
171653,"Cereals ready-to-eat, SUN COUNTRY, KRETSCHMER Honey Crunch Wheat Germ",Breakfast Cereals,408.7,26.55,7.78,58.11,,,
171654,"Cereals, corn grits, white, regular and quick, enriched, dry",Breakfast Cereals,362.7,7.65,1.75,79.09,2.348657966476229,,7.99
171655,"Cereals, corn grits, white, regular and quick, enriched, cooked with water, without salt",Breakfast Cereals,70.0,1.71,0.46,14.76,2.348657966476229,,7.99
171656,"Cereals, QUAKER, corn grits, instant, plain, dry",Breakfast Cereals,362.2,7.31,2.14,78.42,1.0230912615251746,,6.99
171657,"Cereals, CREAM OF WHEAT, regular (10 minute), cooked with water, without salt",Breakfast Cereals,49.7,1.44,0.21,10.52,0.8994860297143006,,4.59
171658,"Cereals, farina, enriched, assorted brands including CREAM OF WHEAT, quick (1-3 minutes), dry",Breakfast Cereals,351.8,11.6,1.41,73.19,,,
171659,"Cereals, farina, enriched, assorted brands including CREAM OF WHEAT, quick (1-3 minutes), cooked with water, without salt",Breakfast Cereals,54.0,1.82,0.34,10.92,,,
171660,"Cereals, CREAM OF WHEAT, instant, dry",Breakfast Cereals,357.0,10.6,1.4,75.5,0.8994860297143006,,4.59
171661,"Cereals, oats, instant, fortified, plain, dry",Breakfast Cereals,387.9,11.92,6.9,69.52,,18 ounces,5.79
171662,"Cereals, oats, instant, fortified, plain, prepared with water (boiling water added or microwaved)",Breakfast Cereals,68.4,2.37,1.36,11.67,,18 ounces,5.79
171663,"Cereals, QUAKER, Instant Oatmeal, apples and cinnamon, dry",Breakfast Cereals,382.9,8.62,4.61,76.74,1.0230912615251746,,6.99
171664,"Cereals, oats, instant, fortified, with cinnamon and spice, dry",Breakfast Cereals,386.0,9.53,4.84,76.08,,18 ounces,5.79
171665,"Cereals, WHEATENA, dry",Breakfast Cereals,380.9,13.1,2.9,75.6,,18 ounces,4.69
171666,"Cereals, WHEATENA, cooked with water",Breakfast Cereals,59.7,2.0,0.5,11.8,,18 ounces,4.69
171667,"Cereals, whole wheat hot natural cereal, dry",Breakfast Cereals,363.6,11.2,2.0,75.2,,,
171668,"Cereals, whole wheat hot natural cereal, cooked with water, without salt",Breakfast Cereals,66.4,2.0,0.4,13.7,,,
171669,"Cereals ready-to-eat, QUAKER, QUAKER Puffed Wheat",Breakfast Cereals,390.0,16.26,2.15,76.39,0.9898755572101003,,4.49
171670,"Cereals, corn grits, yellow, regular and quick, unenriched, dry",Breakfast Cereals,364.4,8.8,1.2,79.6,2.348657966476229,,7.99
171671,"Cereals, corn grits, white, regular and quick, enriched, cooked with water, with salt",Breakfast Cereals,70.0,1.71,0.46,14.76,2.348657966476229,,7.99
171672,"Cereals, corn grits, yellow, regular and quick, enriched, cooked with water, without salt",Breakfast Cereals,63.9,1.23,0.39,13.86,2.348657966476229,,7.99
171673,"Cereals, corn grits, yellow, regular, quick, enriched, cooked with water, with salt",Breakfast Cereals,63.9,1.23,0.39,13.86,,,
171674,"Cereals, MALT-O-MEAL, chocolate, dry",Breakfast Cereals,368.0,10.6,0.82,79.55,,30 ounces,5.99
171675,"Cereals, oats, regular and quick and instant, unenriched, cooked with water (includes boiling and microwaving), with salt",Breakfast Cereals,71.8,2.54,1.52,12.0,,18 ounces,5.79
171676,"Cereals, WHEATENA, cooked with water, with salt",Breakfast Cereals,59.1,2.03,0.45,11.74,,18 ounces,4.69
171677,"Cereals, whole wheat hot natural cereal, cooked with water, with salt",Breakfast Cereals,66.4,2.0,0.4,13.7,,,
171678,"Cereals, ready-to-eat, MALT-O-MEAL, Blueberry Mini SPOONERS",Breakfast Cereals,370.1,8.81,1.92,79.4,1.2610441396974998,,4.29
171679,"Cereals ready-to-eat, MALT-O-MEAL, OAT BLENDERS with honey",Breakfast Cereals,404.4,6.78,4.17,84.94,,,
171680,"Cereals ready-to-eat, MALT-O-MEAL, OAT BLENDERS with honey & almonds",Breakfast Cereals,384.2,7.8,4.88,77.26,,15 ounces,4.29
171681,"Cereals ready-to-eat, MALT-O-MEAL, Honey Nut SCOOTERS",Breakfast Cereals,393.4,8.59,4.51,79.62,,,
171682,"Cereals, QUAKER, Instant Oatmeal, Cinnamon Swirl, high fiber",Breakfast Cereals,381.0,8.79,4.8,75.67,1.0230912615251746,,6.99
171683,"Cereals, QUAKER, oatmeal, REAL MEDLEYS, blueberry hazelnut, dry",Breakfast Cereals,405.3,9.81,9.8,69.47,1.0230912615251746,,6.99
171684,"Cereals, QUAKER, oatmeal, REAL MEDLEYS, apple walnut, dry",Breakfast Cereals,408.1,8.18,10.36,70.53,1.0230912615251746,,6.99
171685,"Cereals, QUAKER, oatmeal, REAL MEDLEYS, summer berry, dry",Breakfast Cereals,375.2,11.31,4.4,72.58,1.0230912615251746,,6.99
171686,"Acerola, (west indian cherry), raw",Fruits and Fruit Juices,35.1,0.4,0.3,7.69,1.7614934748571718,1 lb,7.99
171687,"Acerola juice, raw",Fruits and Fruit Juices,23.5,0.4,0.3,4.8,,,
171688,"Apples, raw, with skin (Includes foods for USDA's Food Distribution Program)",Fruits and Fruit Juices,57.8,0.26,0.17,13.81,0.659182163932784,,2.99
171689,"Apples, raw, without skin",Fruits and Fruit Juices,53.3,0.27,0.13,12.76,0.659182163932784,,2.99
171690,"Apples, dehydrated (low moisture), sulfured, stewed",Fruits and Fruit Juices,81.8,0.28,0.12,19.91,7.564305173632244,,5.79
171691,"Apples, dried, sulfured, uncooked",Fruits and Fruit Juices,270.2,0.93,0.32,65.89,60.36886630799619,6 ct,5.99
171692,"Apples, dried, sulfured, stewed, without added sugar",Fruits and Fruit Juices,62.8,0.22,0.07,15.32,60.36886630799619,6 ct,5.99
171693,"Apples, dried, sulfured, stewed, with added sugar",Fruits and Fruit Juices,84.4,0.2,0.07,20.73,60.36886630799619,6 ct,5.99
171694,"Apples, frozen, unsweetened, unheated (Includes foods for USDA's Food Distribution Program)",Fruits and Fruit Juices,53.2,0.28,0.32,12.31,0.7508314757839258,,1.49
171695,"Applesauce, canned, unsweetened, without added ascorbic acid (Includes foods for USDA's Food Distribution Program)",Fruits and Fruit Juices,46.7,0.17,0.1,11.27,0.31526103492437496,,4.29
171696,"Applesauce, canned, sweetened, without salt",Fruits and Fruit Juices,72.1,0.16,0.17,17.49,0.31526103492437496,,4.29
171697,"Apricots, raw",Fruits and Fruit Juices,53.6,1.4,0.39,11.12,2.8160379623081697,,4.79
171698,"Apricots, canned, water pack, with skin, solids and liquids",Fruits and Fruit Juices,29.8,0.71,0.16,6.39,0.5065572240628269,,2.19
171699,"Apricots, canned, heavy syrup pack, with skin, solids and liquids",Fruits and Fruit Juices,88.7,0.53,0.08,21.47,0.5065572240628269,,2.19
171700,"Apricots, canned, heavy syrup pack, without skin, solids and liquids",Fruits and Fruit Juices,88.6,0.51,0.09,21.45,0.24660557469175684,,0.79
171701,"Apricots, canned, extra heavy syrup pack, without skin, solids and liquids",Fruits and Fruit Juices,102.0,0.55,0.04,24.85,0.5065572240628269,,2.19
171702,"Apricots, dehydrated (low-moisture), sulfured, uncooked",Fruits and Fruit Juices,356.7,4.9,0.62,82.89,1.9819557370420493,,8.99
171703,"Apricots, frozen, sweetened",Fruits and Fruit Juices,104.1,0.7,0.1,25.1,2.8160379623081697,,4.79
171704,"Apricot nectar, canned, with added ascorbic acid",Fruits and Fruit Juices,59.2,0.17,0.45,13.63,0.24660557469175684,,0.79
171705,"Avocados, raw, all commercial varieties",Fruits and Fruit Juices,174.1,2.0,14.66,8.53,4.827217532552169,,9.99
171706,"Avocados, raw, California",Fruits and Fruit Juices,181.1,1.96,15.41,8.64,4.827217532552169,,9.99
171707,"Avocados, raw, Florida",Fruits and Fruit Juices,130.7,2.23,10.06,7.82,4.827217532552169,,9.99
171708,"Cherries, tart, dried, sweetened (Includes foods for USDA's Food Distribution Program)",Fruits and Fruit Juices,333.4,1.25,0.73,80.45,1.2139108284717675,,4.99
171709,"Blackberries, canned, heavy syrup, solids and liquids",Fruits and Fruit Juices,98.9,1.31,0.14,23.1,3.2305070152157396,12 pk,10.99
171710,"Blackberries, frozen, unsweetened",Fruits and Fruit Juices,71.3,1.18,0.43,15.67,1.100106688302539,,4.99
171711,"Blueberries, raw",Fruits and Fruit Juices,63.9,0.74,0.33,14.49,,,
171712,"Boysenberries, canned, heavy syrup",Fruits and Fruit Juices,94.3,0.99,0.12,22.31,,,
171713,"Boysenberries, frozen, unsweetened",Fruits and Fruit Juices,55.5,1.1,0.26,12.19,1.466808917736719,,4.99
171714,"Breadfruit, raw",Fruits and Fruit Juices,114.8,1.07,0.23,27.12,0.5620317937299812,,2.39
171715,"Carambola, (starfruit), raw",Fruits and Fruit Juices,34.1,1.04,0.33,6.73,,,
171716,"Cherries, sour, red, canned, heavy syrup pack, solids and liquids",Fruits and Fruit Juices,96.9,0.73,0.1,23.27,,30 ct,17.99
171717,"Cherries, sour, red, canned, extra heavy syrup pack, solids and liquids",Fruits and Fruit Juices,120.6,0.71,0.09,29.23,,30 ct,17.99
171718,"Cherries, sour, red, frozen, unsweetened (Includes foods for USDA's Food Distribution Program)",Fruits and Fruit Juices,51.7,0.92,0.44,11.02,,30 ct,17.99
171719,"Cherries, sweet, raw",Fruits and Fruit Juices,70.1,1.06,0.2,16.01,0.7694132950252227,,3.49
171720,"Cherries, sweet, canned, extra heavy syrup pack, solids and liquids",Fruits and Fruit Juices,108.6,0.59,0.15,26.23,0.7694132950252227,,3.49
171721,"Crabapples, raw",Fruits and Fruit Juices,84.1,0.4,0.3,19.95,0.2088879934201715,,3.79
171722,"Cranberries, raw",Fruits and Fruit Juices,50.9,0.46,0.13,11.97,,,
171723,"Cranberries, dried, sweetened (Includes foods for USDA's Food Distribution Program)",Fruits and Fruit Juices,341.7,0.17,1.09,82.8,2.321026696282391,,3.29
171724,"Currants, zante, dried",Fruits and Fruit Juices,323.6,3.43,0.22,76.98,,,
171725,"Custard-apple, (bullock's-heart), raw",Fruits and Fruit Juices,113.0,1.7,0.6,25.2,,,
171726,"Dates, deglet noor",Fruits and Fruit Juices,313.4,2.45,0.39,75.03,,,
171727,"Elderberries, raw",Fruits and Fruit Juices,80.7,0.66,0.5,18.4,,40 ct,14.99
171728,"Beef, Australian, imported, grass-fed,  external fat, raw",Beef Products,509.1,11.32,51.36,0.39,,750 ml,8.99
171729,"Beef, Australian, imported, grass-fed, seam fat, raw",Beef Products,562.1,9.58,57.73,1.06,,750 ml,8.99
171730,"Beef, Australian, imported, Wagyu, external fat, Aust. marble score 4/5, raw",Beef Products,595.6,6.54,63.27,0.0,,750 ml,8.99
171731,"Beef, Australian, imported, Wagyu, seam fat, Aust. marble score 4/5, raw",Beef Products,593.7,6.0,63.3,0.0,,,
171732,"Beef, Australian, imported, Wagyu, loin, tenderloin steak/roast, boneless, separable lean and fat, Aust. marble score 4/5, raw",Beef Products,205.6,19.71,14.09,0.0,,750 ml,8.99
171733,"Beef, Australian, imported, grass-fed, loin, top loin steak/roast, boneless, separable lean and fat, raw",Beef Products,198.6,19.9,13.17,0.11,,750 ml,8.99
171734,"Beef, Australian, imported, grass-fed, loin, top sirloin cap-off steak/roast, boneless, separable lean only, raw",Beef Products,122.4,21.9,3.87,0.0,,750 ml,8.99
171735,"Beef, Australian, imported, grass-fed, rib, ribeye steak/roast lip-on, boneless, separable lean only, raw",Beef Products,159.7,21.47,8.2,0.0,,,
171736,"Beef, Australian, imported, Wagyu, loin, top loin steak/roast, boneless, separable lean only, Aust. marble score 9, raw",Beef Products,330.5,16.92,29.15,0.13,,750 ml,8.99
171737,"Beef, Australian, imported, Wagyu, rib, small end rib steak/roast, boneless, separable lean only, Aust. marble score 4/5, raw",Beef Products,233.8,20.35,16.93,0.0,,750 ml,8.99
171738,"Beef, Australian, imported, Wagyu, rib, small end rib steak/roast, boneless, separable lean only, Aust. marble score 9, raw",Beef Products,329.8,17.61,28.61,0.46,,,
171739,"Beef, Australian, imported, grass-fed, loin, top sirloin cap-off steak/roast, boneless, separable lean and fat, raw",Beef Products,127.2,21.77,4.45,0.01,,750 ml,8.99
171740,"Beef, Australian, imported, Wagyu, rib, small end rib steak/roast, boneless, separable lean and fat, Aust. marble score 4/5, raw",Beef Products,317.0,17.07,27.64,0.0,,750 ml,8.99
171741,"Beef, Australian, imported, Wagyu, rib, small end rib steak/roast, boneless, separable lean and fat, Aust. marble score 9, raw",Beef Products,404.0,14.54,38.3,0.28,,750 ml,8.99
171742,"Beef, Australian, imported, Wagyu, loin, tenderloin steak/roast, boneless, separable lean and fat, Aust. marble score 9, raw",Beef Products,248.3,18.5,19.11,0.58,,750 ml,8.99
171743,"Beef, round, top round steak, boneless, separable lean and fat, trimmed to 0"" fat, all grades, raw",Beef Products,124.0,23.49,3.34,0.0,2.643342523596682,1 lb,11.99
171744,"Beef, round, top round roast, boneless, separable lean and fat, trimmed to 0"" fat, select, raw",Beef Products,121.1,23.44,3.04,0.0,2.643342523596682,1 lb,11.99
171745,"Beef, round, eye of round roast, boneless, separable lean and fat, trimmed to 0"" fat, all grades, raw",Beef Products,124.0,23.27,3.44,0.0,2.643342523596682,1 lb,11.99
171746,"Beef, round, eye of round roast, boneless, separable lean and fat, trimmed to 0"" fat, choice, raw",Beef Products,126.7,23.26,3.74,0.0,2.643342523596682,1 lb,11.99
171747,"Beef, round, eye of round roast, boneless, separable lean and fat, trimmed to 0"" fat, select, raw",Beef Products,120.1,23.28,3.0,0.0,2.643342523596682,1 lb,11.99
171748,"Beef, loin, tenderloin roast, boneless, separable lean and fat, trimmed to 0"" fat, choice, raw",Beef Products,152.6,21.5,7.4,0.0,1.5321168690274276,,9.99
171749,"Beef, loin, tenderloin roast, boneless, separable lean and fat, trimmed to 0"" fat, select, raw",Beef Products,143.5,21.91,6.21,0.0,1.5321168690274276,,9.99
171750,"Beef, loin, top loin steak, boneless, lip off, separable lean and fat, trimmed to 0"" fat, all grades, raw",Beef Products,163.2,22.43,8.17,0.0,1.5321168690274276,,9.99
171751,"Beef, loin, top loin steak, boneless, lip off, separable lean and fat, trimmed to 0"" fat, choice, raw",Beef Products,171.2,22.19,9.16,0.0,1.5321168690274276,,9.99
171752,"Beef, loin, top loin steak, boneless, lip off, separable lean and fat, trimmed to 0"" fat, select, raw",Beef Products,151.2,22.79,6.67,0.0,1.5321168690274276,,9.99
171753,"Beef, loin, tenderloin roast, boneless, separable lean and fat, trimmed to 0"" fat, choice, cooked, roasted",Beef Products,188.4,27.26,8.82,0.0,1.5321168690274276,,9.99
171754,"Beef, loin, tenderloin roast, boneless, separable lean and fat, trimmed to 0"" fat, select, cooked, roasted",Beef Products,173.6,27.38,7.12,0.0,1.5321168690274276,,9.99
171755,"Beef, round, top round roast, boneless, separable lean and fat, trimmed to 0"" fat, all grades, cooked, roasted",Beef Products,160.0,29.9,4.49,0.0,2.643342523596682,1 lb,11.99
171756,"Beef, round, top round roast, boneless, separable lean and fat, trimmed to 0"" fat, choice, cooked, roasted",Beef Products,163.4,30.08,4.79,0.0,2.643342523596682,1 lb,11.99
171757,"Beef, round, top round steak, boneless, separable lean only, trimmed to 0"" fat, all grades, raw",Beef Products,120.8,23.59,2.94,0.0,2.643342523596682,1 lb,11.99
171758,"Beef, round, top round steak, boneless, separable lean only, trimmed to 0"" fat, choice, raw",Beef Products,123.7,23.59,3.26,0.0,2.643342523596682,1 lb,11.99
171759,"Beef, round, top round steak, boneless, separable lean only, trimmed to 0"" fat, select, raw",Beef Products,116.4,23.59,2.45,0.0,2.643342523596682,1 lb,11.99
171760,"Beef, round, top round roast, boneless, separable lean only, trimmed to 0"" fat, all grades, raw",Beef Products,120.8,23.59,2.94,0.0,2.643342523596682,1 lb,11.99
171761,"Beef, round, eye of round roast, boneless, separable lean only, trimmed to 0"" fat, select, raw",Beef Products,116.3,23.41,2.52,0.0,2.643342523596682,1 lb,11.99
171762,"Beef, round, eye of round steak, boneless, separable lean only, trimmed to 0"" fat, all grades, raw",Beef Products,120.8,23.37,3.04,0.0,2.643342523596682,1 lb,11.99
171763,"Beef, round, eye of round steak, boneless, separable lean only, trimmed to 0"" fat, choice, raw",Beef Products,123.8,23.35,3.38,0.0,2.643342523596682,1 lb,11.99
171764,"Beef, round, eye of round steak, boneless, separable lean only, trimmed to 0"" fat, select, raw",Beef Products,116.3,23.41,2.52,0.0,2.643342523596682,1 lb,11.99
171765,"Beef, loin, tenderloin roast, boneless, separable lean only, trimmed to 0"" fat, all grades, raw",Beef Products,139.4,21.94,5.74,0.0,1.5321168690274276,,9.99
171766,"Beef, loin, top loin steak, boneless, lip off, separable lean only, trimmed to 0"" fat, select, raw",Beef Products,135.1,23.3,4.66,0.0,1.5321168690274276,,9.99
171767,"Beef, loin, tenderloin steak, boneless, separable lean only, trimmed to 0"" fat, all grades, raw",Beef Products,139.4,21.94,5.74,0.0,1.5321168690274276,,9.99
171768,"Beef, loin, tenderloin steak, boneless, separable lean only, trimmed to 0"" fat, choice, raw",Beef Products,142.6,21.78,6.16,0.0,1.5321168690274276,,9.99
171769,"Beef, loin, tenderloin steak, boneless, separable lean only, trimmed to 0"" fat, select, raw",Beef Products,134.5,22.16,5.1,0.0,1.5321168690274276,,9.99
171770,"Beef, round, top round roast, boneless, separable lean only, trimmed to 0"" fat, choice, cooked, roasted",Beef Products,158.2,30.24,4.11,0.06,2.643342523596682,1 lb,11.99
171771,"Beef, round, top round roast, boneless, separable lean only, trimmed to 0"" fat, select, cooked, roasted",Beef Products,149.6,29.81,3.37,0.0,2.643342523596682,1 lb,11.99
171772,"Beef, round, eye of round steak, boneless, separable lean only, trimmed to 0"" fat, all grades, cooked, grilled",Beef Products,154.5,29.85,3.9,0.0,2.643342523596682,1 lb,11.99
171773,"Beef, round, eye of round steak, boneless, separable lean only, trimmed to 0"" fat, choice, cooked, grilled",Beef Products,158.1,29.94,4.26,0.0,2.643342523596682,1 lb,11.99
171774,"Beef, loin, top loin steak, boneless, lip-on, separable lean and fat, trimmed to 1/8"" fat, select, raw",Beef Products,191.0,21.54,11.65,0.0,1.5321168690274276,,9.99
171775,"Beef, loin, top loin steak, boneless, lip-on, separable lean and fat, trimmed to 1/8"" fat, all grades, raw",Beef Products,199.3,21.29,12.68,0.0,1.5321168690274276,,9.99
171776,"Beef, composite of trimmed retail cuts, separable lean only, trimmed to 0"" fat, select, raw",Beef Products,133.0,22.03,4.99,0.0,,,
171777,"Beef, composite of trimmed retail cuts, separable lean and fat, trimmed to 0"" fat, select, raw",Beef Products,156.8,21.2,8.0,0.0,,,
171778,"Beef, composite of trimmed retail cuts, separable lean only, trimmed to 1/8"" fat, select, cooked",Beef Products,167.4,27.51,6.37,0.0,,,
171779,"Beef, composite of trimmed retail cuts, separable lean only, trimmed to 1/8"" fat, select, raw",Beef Products,130.4,22.37,4.55,0.0,,,
171780,"Beef, chuck, clod roast, separable lean only, trimmed to 1/4"" fat, all grades, cooked, roasted",Beef Products,166.2,26.36,6.75,0.0,2.86380478578156,1 lb,12.99
171781,"Beef, shoulder steak, boneless, separable lean only, trimmed to 0"" fat, all grades, cooked, grilled",Beef Products,166.8,28.6,5.82,0.0,2.86380478578156,1 lb,12.99
171782,"Beef, chuck, clod steak, separable lean only, trimmed to 1/4"" fat, all grades, cooked, braised",Beef Products,180.7,29.34,7.04,0.0,2.86380478578156,1 lb,12.99
171783,"Beef, chuck, mock tender steak, separable lean and fat, trimmed to 0"" fat, USDA choice, cooked, broiled",Beef Products,154.4,25.73,5.72,0.0,2.86380478578156,1 lb,12.99
171784,"Beef, chuck, clod roast, separable lean and fat, trimmed to 0"" fat, select, cooked, roasted",Beef Products,188.0,27.3,8.76,0.0,2.86380478578156,1 lb,12.99
171785,"Beef, shoulder steak, boneless, separable lean and fat, trimmed to 0"" fat, choice, cooked, grilled",Beef Products,178.1,28.22,7.25,0.0,2.86380478578156,1 lb,12.99
171786,"Beef, shoulder steak, boneless, separable lean and fat, trimmed to 0"" fat, select, cooked, grilled",Beef Products,168.9,28.41,6.14,0.0,2.86380478578156,1 lb,12.99
171787,"Beef, plate, inside skirt steak, separable lean and fat, trimmed to 0"" fat, all grades, cooked, broiled",Beef Products,213.0,26.13,12.05,0.0,5.026539577815209,,3.99
171788,"Beef, plate, outside skirt steak, separable lean and fat, trimmed to 0"" fat, all grades, cooked, broiled",Beef Products,248.2,23.51,17.13,0.0,5.026539577815209,,3.99
171789,"Beef, shoulder steak, boneless, separable lean and fat, trimmed to 0"" fat, all grades, cooked, grilled",Beef Products,174.4,28.29,6.8,0.0,2.86380478578156,1 lb,12.99
171790,"Beef, ground, 95% lean meat / 5% fat, raw",Beef Products,130.6,21.41,5.0,0.0,2.092186868134488,1 lb,9.49
171791,"Beef, ground, 95% lean meat / 5% fat, patty, cooked, broiled",Beef Products,166.4,26.29,6.8,0.0,2.092186868134488,1 lb,9.49
171792,"Beef, ground, 95% lean meat / 5% fat, patty, cooked, pan-broiled",Beef Products,156.7,25.8,5.94,0.0,2.092186868134488,1 lb,9.49
171793,"Beef, ground, 90% lean meat / 10% fat, patty, cooked, pan-broiled",Beef Products,197.0,25.21,10.68,0.0,2.092186868134488,1 lb,9.49
171794,"Beef, ground, 90% lean meat / 10% fat, crumbles, cooked, pan-browned",Beef Products,222.2,28.45,12.04,0.0,2.092186868134488,1 lb,9.49
171795,"Beef, ground, 90% lean meat / 10% fat, loaf, cooked, baked",Beef Products,206.4,26.62,11.1,0.0,2.092186868134488,1 lb,9.49
171796,"Beef, ground, 85% lean meat / 15% fat, raw (Includes foods for USDA's Food Distribution Program)",Beef Products,209.4,18.59,15.0,0.0,2.092186868134488,1 lb,9.49
171797,"Beef, ground, 80% lean meat / 20% fat, patty, cooked, broiled",Beef Products,263.0,25.75,17.78,0.0,2.092186868134488,1 lb,9.49
171798,"Beef, ground, 80% lean meat / 20% fat, patty, cooked, pan-broiled",Beef Products,239.6,24.04,15.94,0.0,2.092186868134488,1 lb,9.49
171799,"Beef, ground, 80% lean meat / 20% fat, crumbles, cooked, pan-browned",Beef Products,264.2,27.0,17.36,0.0,2.092186868134488,1 lb,9.49
171800,"Beef, ground, 80% lean meat / 20% fat, loaf, cooked, baked",Beef Products,246.5,25.25,16.17,0.0,2.092186868134488,1 lb,9.49
171801,"Beef, ground, 75% lean meat / 25% fat, loaf, cooked, baked",Beef Products,246.7,24.56,16.5,0.0,2.092186868134488,1 lb,9.49
171802,"Beef, rib, small end (ribs 10-12), separable lean only, trimmed to 1/8"" fat, select, raw",Beef Products,127.9,22.53,4.2,0.0,1.9819557370420493,1 lb,8.99
171803,"Beef, tenderloin, steak, separable lean only, trimmed to 1/8"" fat, select, raw",Beef Products,141.6,22.06,5.93,0.0,4.115295560784381,,7.0
171804,"Beef, top sirloin, steak, separable lean only, trimmed to 1/8"" fat, select, raw",Beef Products,120.9,22.27,3.54,0.0,4.404835998453854,,9.99
171805,"Beef, short loin, top loin, steak, separable lean only, trimmed to 1/8"" fat, select, cooked, grilled",Beef Products,169.3,29.44,5.73,0.0,2.643342523596682,1 lb,11.99
171806,"Beef, round, bottom round , roast, separable lean only, trimmed to 1/8"" fat, select, cooked, roasted",Beef Products,155.8,28.45,4.67,0.0,2.643342523596682,1 lb,11.99
171807,"Beef, round, eye of round, roast, separable lean only, trimmed to 1/8"" fat, select, cooked, roasted",Beef Products,155.4,29.59,4.11,0.0,2.643342523596682,1 lb,11.99
171808,"Beef, round, top round, steak, separable lean only, trimmed to 1/8"" fat, select, cooked, broiled",Beef Products,168.3,31.61,4.65,0.0,2.643342523596682,1 lb,11.99
171809,"Beef, round, eye of round, roast, separable lean only, trimmed to 1/8"" fat, all grades, cooked, roasted",Beef Products,161.3,29.73,4.71,0.0,2.643342523596682,1 lb,11.99
171810,"Beef, rib, small end (ribs 10-12), separable lean only, trimmed to 1/8"" fat, all grades, raw",Beef Products,134.7,22.33,5.04,0.0,1.9819557370420493,1 lb,8.99
171811,"Beef, tenderloin, steak, separable lean only, trimmed to 1/8"" fat, all grades, cooked, broiled",Beef Products,191.7,29.04,8.39,0.0,4.115295560784381,,7.0
171812,"Beef, tenderloin, steak, separable lean only, trimmed to 1/8"" fat, all grades, raw",Beef Products,147.2,22.12,6.52,0.0,4.115295560784381,,7.0
171813,"Beef, short loin, top loin, steak, separable lean only, trimmed to 1/8"" fat, all grades, cooked, broiled",Beef Products,181.0,29.3,7.09,0.0,,,
171814,"Beef, short loin, top loin steak, separable lean only, trimmed to 1/8"" fat, all grades, raw",Beef Products,138.1,22.93,5.15,0.0,2.643342523596682,1 lb,11.99
171815,"Beef, round, top round, steak, separable lean only, trimmed to 1/8"" fat, all grades, cooked, broiled",Beef Products,176.3,31.82,5.45,0.0,2.643342523596682,1 lb,11.99
171816,"Beef, round, top round, steak, separable lean only, trimmed to 1/8"" fat, all grades, raw",Beef Products,128.4,22.91,4.09,0.0,2.643342523596682,1 lb,11.99
171817,"Beef, chuck, arm pot roast, separable lean only, trimmed to 1/8"" fat, choice, cooked, braised",Beef Products,214.2,34.72,8.37,0.0,2.86380478578156,1 lb,12.99
171818,"Beef, brisket, flat half, separable lean only, trimmed to 1/8"" fat, choice, cooked, braised",Beef Products,193.6,33.13,6.79,0.0,1.5410312126722943,1 lb,6.99
171819,"Beef, round, eye of round, roast, separable lean only, trimmed to 1/8"" fat, choice, raw",Beef Products,121.9,22.88,3.38,0.0,2.643342523596682,1 lb,11.99
171820,"Beef, round, top round, steak, separable lean only, trimmed to 1/8"" fat, choice, raw",Beef Products,133.8,22.69,4.78,0.0,2.643342523596682,1 lb,11.99
171821,"Soup, wonton, Chinese restaurant","Soups, Sauces, and Gravies",31.7,2.08,0.26,5.25,1.7601707012840624,,4.99
171822,"Soup, ramen noodle, dry, any flavor, reduced fat, reduced sodium","Soups, Sauces, and Gravies",349.9,10.89,2.5,70.95,1.081734833120466,,0.69
171823,"Sauce, duck, ready-to-serve","Soups, Sauces, and Gravies",245.2,0.36,0.13,60.66,1.390801928297742,,1.38
171824,"Sauce, salsa, verde, ready-to-serve","Soups, Sauces, and Gravies",38.0,1.13,0.89,6.36,1.1355940008284275,,4.99
171825,"Sauce, steak, tomato based","Soups, Sauces, and Gravies",95.2,1.25,0.23,22.04,1.0704880626437883,,3.49
171826,"Sauce, tartar, ready-to-serve","Soups, Sauces, and Gravies",207.5,1.0,16.7,13.3,0.8557769899072117,,2.79
171827,"Sauce, barbecue, SWEET BABY RAY'S, original","Soups, Sauces, and Gravies",192.0,0.95,0.43,46.08,0.9778726118244793,,4.99
171828,"Sauce, barbecue, BULL'S-EYE, original","Soups, Sauces, and Gravies",169.5,0.91,0.67,39.95,0.9778726118244793,,4.99
171829,"Sauce, barbecue, KC MASTERPIECE, original","Soups, Sauces, and Gravies",160.4,1.0,0.52,37.92,0.9778726118244793,,4.99
171830,"Sauce, barbecue, OPEN PIT, original","Soups, Sauces, and Gravies",132.2,0.44,1.41,29.45,0.9778726118244793,,4.99
171831,Wasabi,"Soups, Sauces, and Gravies",291.5,2.23,10.9,46.13,1.9557452236489585,,4.99
171832,"Dip, bean, original flavor","Soups, Sauces, and Gravies",118.6,5.44,3.7,15.89,1.9365405110319645,,5.49
171833,"Sauce, horseradish","Soups, Sauces, and Gravies",502.6,1.09,50.89,10.05,2.0384636958231206,,5.49
171834,"Dip, FRITO'S, bean, original flavor","Soups, Sauces, and Gravies",118.6,5.44,3.7,15.89,1.681392186263333,,4.29
171835,"Cookie, vanilla with caramel, coconut, and chocolate coating",Baked Products,502.6,3.5,25.8,64.1,10.033888658196709,6 ct,5.49
171836,"Cookie, with peanut butter filling, chocolate-coated",Baked Products,561.7,8.1,35.3,52.9,1.4992011332860307,,6.49
171837,"Cookies, animal, with frosting or icing",Baked Products,509.3,3.0,24.1,70.09,38.76608418258887,20 ct,10.99
171838,"Crackers, multigrain",Baked Products,482.4,7.1,20.4,67.6,1.3304116357361433,,4.79
171839,"Cake, snack cakes, not chocolate, with icing or filling, low-fat, with added fiber",Baked Products,412.3,3.71,11.14,74.3,,8 count,3.69
171840,"Cookies, brownies, commercially prepared, reduced fat, with added fiber",Baked Products,344.5,2.77,9.68,61.58,4.556565908310505,,5.49
171841,"Cookies, chocolate sandwich, with creme filling, reduced fat",Baked Products,435.6,2.94,13.24,76.17,0.9973236703008036,,5.29
171842,"Cookies, oatmeal sandwich, with creme filling",Baked Products,397.5,2.61,18.29,55.62,1.19172377090757,,4.49
171843,"Cookies, peanut butter, commercially prepared, sugar free",Baked Products,522.7,10.34,31.03,50.52,1.4992011332860307,,6.49
171844,"Bread, chapati or roti, plain, commercially prepared",Baked Products,297.5,11.25,7.45,46.36,,,
171845,"Bread, naan, plain, commercially prepared, refrigerated",Baked Products,291.0,9.62,5.65,50.43,2.1596982363469515,,6.49
171846,"Crackers, standard snack-type, with whole wheat",Baked Products,463.2,7.29,17.84,68.37,1.6514027129953377,,1.25
171847,"Cookies, coconut macaroon",Baked Products,459.9,3.02,22.55,61.22,2.289280130527769,,6.49
171848,"Crackers, sandwich-type, peanut butter filled, reduced fat",Baked Products,437.3,8.33,16.67,63.49,,20 ct,9.99
171849,"Bread, cinnamon",Baked Products,253.3,7.05,5.29,44.38,1.3698055223753727,,6.99
171850,"Bread, wheat, sprouted",Baked Products,188.2,13.16,0.0,33.88,0.7566264838184998,,4.29
171851,"Bread, wheat, sprouted, toasted",Baked Products,204.5,14.3,0.0,36.82,0.7566264838184998,,4.29
171852,"Bagels, multigrain",Baked Products,240.6,9.9,1.24,47.47,1.660538397437795,6 ct,4.99
171853,"Pancakes, whole wheat, dry mix, incomplete",Baked Products,350.4,10.53,1.32,74.11,1.6637314036947846,6 ct,6.99
171854,"Crackers, toast thins, low sodium",Baked Products,441.6,6.45,16.13,67.66,1.7802976089847053,,4.29
171855,"Crackers, whole grain, sandwich-type, with peanut butter filling",Baked Products,465.5,14.12,21.18,54.59,1.5915275689155923,,3.79
171856,"Crackers, water biscuits",Baked Products,384.1,7.14,7.14,72.81,,,
171857,"Cookies, gluten-free, chocolate sandwich, with creme filling",Baked Products,473.9,2.19,17.89,76.03,2.012295543599873,,5.99
171858,"Cookies, gluten-free, chocolate wafer",Baked Products,541.3,4.06,30.42,62.82,2.012295543599873,,5.99
171859,"Cookies, gluten-free, lemon wafer",Baked Products,515.2,0.0,24.18,74.39,2.012295543599873,,5.99
171860,"Cookies, gluten-free, vanilla sandwich, with creme filling",Baked Products,493.3,2.66,20.47,74.61,2.012295543599873,,5.99
171861,"Rolls, gluten-free, white, made with brown rice flour, tapioca starch, and potato starch",Baked Products,310.0,7.99,6.4,55.1,1.724230727465504,,6.99
171862,"Rolls, gluten-free, white, made with rice flour, rice starch, and corn starch",Baked Products,239.1,3.34,2.65,50.47,1.724230727465504,,6.99
171863,"Rolls, gluten-free, white, made with brown rice flour, tapioca starch, and sorghum flour",Baked Products,257.4,5.65,8.2,40.24,1.724230727465504,,6.99
171864,"Rolls, gluten-free, whole grain, made with tapioca starch and brown rice flour",Baked Products,328.8,11.8,11.6,44.29,1.724230727465504,,6.99
171865,"Cookies, oatmeal, reduced fat",Baked Products,364.9,4.02,10.04,64.62,0.5261699324145745,,1.79
171866,"Cookies, chocolate cream covered biscuit sticks",Baked Products,446.8,10.0,22.5,51.08,,,
171867,"Cookies, Marie biscuit",Baked Products,405.6,7.05,10.58,70.54,,,
171868,"Cookies, vanilla sandwich with creme filling, reduced fat",Baked Products,423.1,4.17,10.42,78.16,1.231649171406183,,4.19
171869,"Beverages, carbonated, tonic water",Beverages,35.2,0.0,0.0,8.8,0.6866942888409442,,3.29
171870,"Beverages, Energy drink, RED BULL, sugar free, with added caffeine, niacin, pantothenic acid, vitamins B6 and B12",Beverages,4.5,0.25,0.08,0.7,0.6804461047048093,,2.99
171871,"Beverages, carbonated, root beer",Beverages,42.4,0.0,0.0,10.6,0.6866942888409442,,3.29
171872,"Alcoholic Beverage, wine, table, red, Gamay",Beverages,9.8,0.07,0.0,2.38,0.8327994566794429,,3.99
171873,"Beverages, chocolate drink, milk and soy based, ready to drink, fortified",Beverages,101.3,4.22,1.69,17.3,1.2483480150950799,,4.99
171874,"Beverages, chocolate malt powder, prepared with 1% milk, fortified",Beverages,57.2,3.32,0.97,8.81,1.2058125413817093,,12.99
171875,"Beverages, carbonated, limeade, high caffeine",Beverages,17.4,0.0,0.11,4.11,0.6866942888409442,,3.29
171876,"Beverages, carbonated, low calorie, cola or pepper-types, with sodium saccharin, contains caffeine",Beverages,0.4,0.0,0.0,0.1,0.6866942888409442,,3.29
171877,"Beverages, coffee, ready to drink, vanilla, light, milk based, sweetened",Beverages,35.3,2.14,1.07,4.27,,10 ct,9.99
171878,"Beverages, Lemonade fruit juice drink light, fortified with vitamin E and C",Beverages,20.0,0.0,0.0,5.0,,,
171879,"Beverages, chocolate-flavor beverage mix, powder, prepared with whole milk",Beverages,89.9,3.23,3.24,11.96,1.2058125413817093,,12.99
171880,"Beverages, coffee, ready to drink, milk based, sweetened",Beverages,70.7,1.98,1.38,12.6,,10 ct,9.99
171881,"Beverages, coffee, brewed, breakfast blend",Beverages,1.9,0.3,0.0,0.17,,10 ct,9.99
171882,"Beverages, Clam and tomato juice, canned",Beverages,48.0,0.6,0.2,10.95,0.4618684392773186,,4.19
171883,"Beverages, tea, green, ready to drink, ginseng and honey, sweetened",Beverages,30.3,0.0,0.18,7.16,,18 ct,6.99
171884,"Beverages, The COCA-COLA company, Minute Maid, Lemonade",Beverages,48.3,0.0,0.0,12.08,4.70025542978159,24 pk,15.99
171885,"Beverages, tea, green, ready-to-drink, diet",Beverages,3.7,0.0,0.0,0.93,,18 ct,6.99
171886,"Beverages, Cocoa mix, no sugar added, powder",Beverages,376.7,15.49,3.0,71.93,22.97919695121217,,8.99
171887,"Cocoa mix, NESTLE, Rich Chocolate Hot Cocoa Mix",Beverages,447.0,3.0,15.0,75.0,1.8597216605639895,,9.49
171888,"Beverages, tea, black, ready-to-drink, lemon, sweetened",Beverages,45.2,0.0,0.22,10.8,,18 ct,6.99
171889,"Beverages, coffee, brewed, prepared with tap water, decaffeinated",Beverages,0.4,0.1,0.0,0.0,,10 ct,9.99
171890,"Beverages, coffee, brewed, prepared with tap water",Beverages,0.7,0.12,0.02,0.0,,10 ct,9.99
171891,"Beverages, coffee, brewed, espresso, restaurant-prepared",Beverages,8.8,0.12,0.18,1.67,,10 ct,9.99
171892,"Beverages, tea, black, ready-to-drink, lemon, diet",Beverages,0.9,0.0,0.0,0.22,,18 ct,6.99
171893,"Beverages, coffee, instant, regular, powder",Beverages,354.9,12.2,0.5,75.4,,10 ct,9.99
171894,"Beverages, coffee, instant, decaffeinated, prepared with water",Beverages,2.2,0.12,0.0,0.43,,10 ct,9.99
171895,"Beverages, OCEAN SPRAY, Cranberry-Apple Juice Drink, bottled",Beverages,55.9,0.29,0.0,13.68,0.2088879934201715,,3.79
171896,"Beverages, OCEAN SPRAY, Diet Cranberry Juice",Beverages,3.5,0.07,0.0,0.8,0.2088879934201715,,3.79
171897,"Beverages, coffee, instant, with chicory",Beverages,354.6,9.3,0.2,78.9,,10 ct,9.99
171898,"Beverages, KRAFT, coffee, instant, French Vanilla Cafe",Beverages,481.2,2.5,19.2,74.6,0.44092452436975516,,1.5
171899,"Beverages, OCEAN SPRAY, Cran Raspberry Juice Drink",Beverages,49.0,0.28,0.0,11.96,0.2088879934201715,,3.79
171900,"Beverages, OCEAN SPRAY, Cran Lemonade",Beverages,44.8,0.07,0.0,11.12,0.2088879934201715,,3.79
171901,"Beverages, OCEAN SPRAY, Diet Cran Cherry",Beverages,3.6,0.21,0.0,0.7,0.2088879934201715,,3.79
171902,"Beverages, cranberry-grape juice drink, bottled",Beverages,57.7,0.2,0.1,14.0,0.2088879934201715,,3.79
171903,"Cranberry juice cocktail, bottled",Beverages,55.0,0.0,0.1,13.52,0.164795540983196,,2.99
171904,"Cranberry juice cocktail, bottled, low calorie, with calcium, saccharin and corn sweetener",Beverages,18.6,0.02,0.01,4.6,0.164795540983196,,2.99
171905,"Beverages, Eggnog-flavor mix, powder, prepared with whole milk",Beverages,95.7,2.93,3.02,14.2,,,
171906,"Alcoholic beverages, beer, higher alcohol",Beverages,4.7,0.9,0.0,0.27,3.8184063810420796,6 bottles,12.99
171907,"Beverages, Malt liquor beverage",Beverages,1.4,0.35,0.0,0.0,6.295772315822432,12 bottles,19.99
171908,"Alcoholic beverages, wine, rose",Beverages,16.6,0.36,0.0,3.8,0.8327994566794429,,3.99
171909,"Beverages, OCEAN SPRAY, Cran Pomegranate",Beverages,50.6,0.07,0.01,12.56,0.2088879934201715,,3.79
171910,"Beverages, tea, green, brewed, decaffeinated",Beverages,0.0,0.0,0.0,0.0,,18 ct,6.99
171911,"Beverages, tea, green, ready to drink, unsweetened",Beverages,0.0,0.0,0.0,0.0,,18 ct,6.99
171912,"Beverages, citrus fruit juice drink, frozen concentrate",Beverages,166.5,1.2,0.1,40.2,0.1372377582100863,,2.49
171913,"Beverages, citrus fruit juice drink, frozen concentrate, prepared with water",Beverages,47.3,0.34,0.03,11.42,0.1372377582100863,,2.49
171914,"Beverages, fruit punch drink, without added nutrients, canned",Beverages,47.9,0.0,0.0,11.97,2.6396681525602674,8 pk,4.49
171915,"Beverages, Tropical Punch, ready-to-drink",Beverages,10.0,0.0,0.0,2.5,0.7319347104537937,,2.49
171916,"Beverages, grape drink, canned",Beverages,62.9,0.0,0.0,15.72,3.96362448179013,6 pk,18.99
171917,"Beverages, tea, green, brewed, regular",Beverages,0.9,0.22,0.0,0.0,,18 ct,6.99
171918,"Beverages, tea, instant, lemon, with added ascorbic acid",Beverages,395.5,0.6,0.3,97.6,,18 ct,6.99
171919,"Alcoholic beverage, distilled, all (gin, rum, vodka, whiskey) 86 proof",Beverages,0.4,0.0,0.0,0.1,,,
171920,"Alcoholic beverage, distilled, all (gin, rum, vodka, whiskey) 90 proof",Beverages,0.0,0.0,0.0,0.0,,,
171921,"Carbonated beverage, chocolate-flavored soda",Beverages,42.8,0.0,0.0,10.7,0.6866942888409442,,3.29
171922,"Beverages, water, bottled, non-carbonated, EVIAN",Beverages,0.0,0.0,0.0,0.0,,1 liter,1.0
171923,"Beverages, Powerade Zero Ion4, calorie-free, assorted flavors",Beverages,0.0,0.0,0.0,0.0,0.18896765330132362,,1.5
171924,"Beverages, WENDY'S, tea, ready-to-drink, unsweetened",Beverages,0.9,0.22,0.0,0.0,,,
171925,"Alcoholic Beverage, wine, table, red, Merlot",Beverages,10.3,0.07,0.0,2.51,0.8327994566794429,,3.99
171926,"Water, non-carbonated, bottles, natural fruit flavors, sweetened with low calorie sweetener",Beverages,0.5,0.0,0.0,0.13,1.3198340762801337,8 pk,4.49
171927,"Beverages, V8 SPLASH Juice Drinks, Diet Tropical Blend",Beverages,5.0,0.0,0.0,1.26,0.1372377582100863,,2.49
171928,"Beverages, V8 SPLASH Juice Drinks, Berry Blend",Beverages,29.6,0.0,0.0,7.41,0.1372377582100863,,2.49
171929,"Beverages, V8 SPLASH Juice Drinks, Fruit Medley",Beverages,31.3,0.0,0.0,7.82,0.1372377582100863,,2.49
171930,"Beverages, V8 SPLASH Juice Drinks, Guava Passion Fruit",Beverages,31.3,0.0,0.0,7.82,0.1372377582100863,,2.49
171931,"Beverages, V8 SPLASH Juice Drinks, Strawberry Kiwi",Beverages,29.6,0.0,0.0,7.41,,,
171932,"Beverages, V8 SPLASH Juice Drinks, Tropical Blend",Beverages,29.6,0.0,0.0,7.41,0.1372377582100863,,2.49
171933,"Beverages, V8 V-FUSION Juices, Peach Mango",Beverages,47.2,0.41,0.0,11.38,0.1372377582100863,,2.49
171934,"Beverages, V8 V-FUSION Juices, Strawberry Banana",Beverages,48.8,0.41,0.0,11.79,0.1372377582100863,,2.49
171935,"Beverages, Energy Drink, Monster, fortified with vitamins C, B2, B3, B6, B12",Beverages,47.0,0.47,0.0,11.28,0.6804461047048093,,2.99
171936,"Beverages, Energy drink, AMP, sugar free",Beverages,4.1,0.0,0.0,1.03,0.6804461047048093,,2.99
171937,"Beverages, Energy drink, ROCKSTAR",Beverages,54.1,0.34,0.22,12.7,0.6804461047048093,,2.99
171938,"Beverages, Energy drink, ROCKSTAR, sugar free",Beverages,4.5,0.25,0.08,0.7,0.6804461047048093,,2.99
171939,"Beverages, Meal supplement drink, canned, peanut flavor",Beverages,100.6,3.5,3.07,14.74,11.459628388369936,,25.99
171940,"Water, with corn syrup and/or sugar and low calorie sweetener, fruit flavored",Beverages,18.0,0.0,0.0,4.5,,,
171941,"Beverages, Horchata, as served in restaurant",Beverages,54.4,0.48,0.71,11.52,,10 ct,10.99
171942,"Beverages, rice milk, unsweetened",Beverages,46.5,0.28,0.97,9.17,,,
171943,"Beverages, Energy drink, VAULT, citrus flavor",Beverages,52.0,0.0,0.0,12.99,0.6804461047048093,,2.99
171944,"Beverages, Fruit flavored drink, reduced sugar, greater than 3% fruit juice, high vitamin C, added calcium",Beverages,30.0,0.0,0.37,6.67,,10 ct,3.79
171945,"Beverages, fruit juice drink, greater than 3% fruit juice, high vitamin C and added thiamin",Beverages,53.2,0.13,0.0,13.16,2.6396681525602674,8 pk,4.49
171946,"Beverages, tea, hibiscus, brewed",Beverages,0.0,0.0,0.0,0.0,,18 ct,6.99
171947,"Beverages, fruit juice drink, greater than 3% juice, high vitamin C",Beverages,46.9,0.13,0.11,11.35,2.6396681525602674,8 pk,4.49
171948,"Fish, bass, striped, raw",Finfish and Shellfish Products,91.9,17.73,2.33,0.0,2.202417999226927,1 lb,9.99
171949,"Fish, bluefish, raw",Finfish and Shellfish Products,118.3,20.04,4.24,0.0,1.083872648996198,,1.69
171950,"Fish, burbot, raw",Finfish and Shellfish Products,84.5,19.31,0.81,0.0,,10 ounces,7.99
171951,"Fish, butterfish, raw",Finfish and Shellfish Products,141.3,17.28,8.02,0.0,,1 ct,10.99
171952,"Fish, carp, raw",Finfish and Shellfish Products,121.7,17.83,5.6,0.0,,60 ct,22.99
171953,"Fish, cisco, raw",Finfish and Shellfish Products,93.1,18.99,1.91,0.0,,,
171954,"Fish, cisco, smoked",Finfish and Shellfish Products,172.5,16.36,11.9,0.0,,,
171955,"Fish, cod, Atlantic, raw",Finfish and Shellfish Products,77.3,17.81,0.67,0.0,2.7337320510924816,4 pk,8.99
171956,"Fish, cod, Atlantic, cooked, dry heat",Finfish and Shellfish Products,99.1,22.83,0.86,0.0,2.7337320510924816,4 pk,8.99
171957,"Fish, croaker, Atlantic, cooked, breaded and fried",Finfish and Shellfish Products,217.0,18.2,12.67,7.54,1.2310612720403564,,3.49
171958,"Fish, cusk, raw",Finfish and Shellfish Products,82.2,18.99,0.69,0.0,,1 ct,10.99
171959,"Fish, mahimahi, raw",Finfish and Shellfish Products,80.3,18.5,0.7,0.0,,1 ct,10.99
171960,"Fish, drum, freshwater, raw",Finfish and Shellfish Products,114.5,17.54,4.93,0.0,,,
171961,"Fish, gefiltefish, commercial, sweet recipe",Finfish and Shellfish Products,81.5,9.07,1.73,7.41,1.5417660868795773,,10.49
171962,"Fish, grouper, mixed species, raw",Finfish and Shellfish Products,86.7,19.38,1.02,0.0,4.11235606395525,,13.99
171963,"Fish, grouper, mixed species, cooked, dry heat",Finfish and Shellfish Products,111.1,24.84,1.3,0.0,4.11235606395525,,13.99
171964,"Fish, haddock, raw",Finfish and Shellfish Products,69.3,16.32,0.45,0.0,2.7337320510924816,4 pk,8.99
171965,"Fish, halibut, Greenland, raw",Finfish and Shellfish Products,182.0,14.37,13.84,0.0,3.8184063810420796,,12.99
171966,"Crustaceans, crab, blue, canned",Finfish and Shellfish Products,78.2,17.88,0.74,0.0,,8 ounces,3.79
171967,"Crustaceans, crab, blue, crab cakes, home recipe",Finfish and Shellfish Products,150.4,20.21,7.52,0.48,,8 ounces,3.79
171968,"Crustaceans, crab, dungeness, raw",Finfish and Shellfish Products,81.3,17.41,0.97,0.74,,,
171969,"Crustaceans, crab, queen, raw",Finfish and Shellfish Products,84.6,18.5,1.18,0.0,,,
171970,"Crustaceans, shrimp, mixed species, cooked, breaded and fried",Finfish and Shellfish Products,242.0,21.39,12.28,11.47,3.131543955301639,,7.99
171971,"Crustaceans, shrimp, mixed species, cooked, moist heat (may contain additives to retain moisture)",Finfish and Shellfish Products,112.5,22.78,1.7,1.52,3.131543955301639,,7.99
171972,"Crustaceans, shrimp, mixed species, canned",Finfish and Shellfish Products,93.9,20.42,1.36,0.0,,,
171973,"Crustaceans, shrimp, mixed species, imitation, made from surimi",Finfish and Shellfish Products,99.3,12.39,1.47,9.13,,,
171974,"Mollusks, clam, mixed species, cooked, breaded and fried",Finfish and Shellfish Products,198.6,14.24,11.15,10.33,,1 ct,20.99
171975,"Mollusks, clam, mixed species, cooked, moist heat",Finfish and Shellfish Products,140.3,25.55,1.95,5.13,,,
171976,"Mollusks, clam, mixed species, canned, drained solids",Finfish and Shellfish Products,134.9,24.25,1.59,5.9,,,
171977,"Mollusks, clam, mixed species, canned, liquid",Finfish and Shellfish Products,2.2,0.4,0.02,0.1,,1 ct,20.99
171978,"Mollusks, oyster, eastern, wild, raw",Finfish and Shellfish Products,49.1,5.71,1.71,2.72,4.845760522823609,,10.99
171979,"Mollusks, oyster, eastern, cooked, breaded and fried",Finfish and Shellfish Products,194.8,8.77,12.58,11.62,0.7025397421624766,,2.39
171980,"Mollusks, oyster, eastern, wild, cooked, moist heat",Finfish and Shellfish Products,98.3,11.42,3.42,5.45,0.7025397421624766,,2.39
171981,"Mollusks, oyster, eastern, canned",Finfish and Shellfish Products,66.1,7.06,2.47,3.91,0.7025397421624766,,2.39
171982,"Mollusks, squid, mixed species, cooked, fried",Finfish and Shellfish Products,170.2,17.94,7.48,7.79,,16 ounces,19.99
171983,"Mollusks, whelk, unspecified, raw",Finfish and Shellfish Products,130.0,23.84,0.4,7.76,,,
171984,"Mollusks, whelk, unspecified, cooked, moist heat",Finfish and Shellfish Products,260.0,47.68,0.8,15.52,,,
171985,"Fish, salmon, chinook, smoked, (lox), regular",Finfish and Shellfish Products,112.0,18.28,4.32,0.0,,11 ounces,5.0
171986,"Fish, tuna, light, canned in water, without salt, drained solids",Finfish and Shellfish Products,109.4,25.51,0.82,0.0,0.9100682182991746,,1.29
171987,"Fish, tuna, white, canned in oil, without salt, drained solids",Finfish and Shellfish Products,178.8,26.53,8.08,0.0,0.9100682182991746,,1.29
171988,"Fish, tuna, white, canned in water, without salt, drained solids",Finfish and Shellfish Products,121.2,23.62,2.97,0.0,0.9100682182991746,,1.29
171989,"Fish, bass, freshwater, mixed species, cooked, dry heat",Finfish and Shellfish Products,139.3,24.18,4.73,0.0,2.202417999226927,1 lb,9.99
171990,"Fish, cod, Pacific, cooked, dry heat (may contain additives to retain moisture)",Finfish and Shellfish Products,79.4,18.73,0.5,0.0,2.7337320510924816,4 pk,8.99
171991,"Fish, cusk, cooked, dry heat",Finfish and Shellfish Products,105.3,24.35,0.88,0.0,,1 ct,10.99
171992,"Fish, mahimahi, cooked, dry heat",Finfish and Shellfish Products,103.0,23.72,0.9,0.0,,1 ct,10.99
171993,"Fish, drum, freshwater, cooked, dry heat",Finfish and Shellfish Products,146.8,22.49,6.32,0.0,,20 ct,9.29
171994,"Fish, mackerel, Pacific and jack, mixed species, cooked, dry heat",Finfish and Shellfish Products,194.0,25.73,10.12,0.0,1.173447134189375,,4.99
171995,"Fish, milkfish, cooked, dry heat",Finfish and Shellfish Products,183.0,26.32,8.63,0.0,,1 ct,10.99
171996,"Fish, monkfish, cooked, dry heat",Finfish and Shellfish Products,91.8,18.56,1.95,0.0,,1 ct,10.99
171997,"Fish, pike, walleye, cooked, dry heat",Finfish and Shellfish Products,112.2,24.54,1.56,0.0,1.5485656921821291,10 ct,7.99
171998,"Fish, salmon, Atlantic, wild, cooked, dry heat",Finfish and Shellfish Products,174.9,25.44,8.13,0.0,,11 ounces,5.0
171999,"Fish, salmon, chinook, cooked, dry heat",Finfish and Shellfish Products,223.3,25.72,13.38,0.0,,11 ounces,5.0
172000,"Fish, salmon, chum, cooked, dry heat",Finfish and Shellfish Products,146.8,25.82,4.83,0.0,,11 ounces,5.0
172001,"Fish, salmon, pink, cooked, dry heat",Finfish and Shellfish Products,145.8,24.58,5.28,0.0,,11 ounces,5.0
172002,"Fish, sucker, white, cooked, dry heat",Finfish and Shellfish Products,112.7,21.49,2.97,0.0,1.7614934748571718,1 lb,7.99
172003,"Fish, sunfish, pumpkin seed, cooked, dry heat",Finfish and Shellfish Products,107.6,24.87,0.9,0.0,,8 ounces,5.0
172004,"Fish, trout, mixed species, cooked, dry heat",Finfish and Shellfish Products,182.8,26.63,8.47,0.0,2.4228802614118043,1 lb,10.99
172005,"Fish, tuna, skipjack, fresh, cooked, dry heat",Finfish and Shellfish Products,124.4,28.21,1.29,0.0,0.9100682182991746,,1.29
172006,"Fish, tuna, yellowfin, fresh, cooked, dry heat",Finfish and Shellfish Products,121.9,29.15,0.59,0.0,0.9100682182991746,,1.29
172007,"Crustaceans, crab, dungeness, cooked, moist heat",Finfish and Shellfish Products,104.2,22.32,1.24,0.95,,8 ounces,3.79
172008,"Crustaceans, crab, queen, cooked, moist heat",Finfish and Shellfish Products,108.5,23.72,1.51,0.0,,8 ounces,3.79
172009,"Crustaceans, spiny lobster, mixed species, cooked, moist heat",Finfish and Shellfish Products,135.6,26.41,1.94,3.12,,,
172010,"Mollusks, cuttlefish, mixed species, cooked, moist heat",Finfish and Shellfish Products,149.1,32.48,1.4,1.64,,,
172011,"Beerwurst, beer salami, pork and beef",Sausages and Luncheon Meats,273.8,14.0,22.53,3.76,4.578560261055538,,6.49
172012,"Bologna, beef",Sausages and Luncheon Meats,296.0,10.91,26.13,4.29,1.4588302834862183,,5.79
172013,"Bologna, beef and pork",Sausages and Luncheon Meats,304.1,15.2,24.59,5.49,0.4166736755294186,1 lb,1.89
172014,"Pasta, cooked, unenriched, with added salt",Cereal Grains and Pasta,153.9,5.8,0.93,30.59,1.1539624694934163,,2.29
172015,"Cornmeal, degermed, unenriched, white",Cereal Grains and Pasta,362.0,7.11,1.75,79.45,0.14506416851764944,5 lb,3.29
172016,"Wheat flour, white (industrial), 9% protein, bleached, enriched",Cereal Grains and Pasta,357.7,8.89,1.43,77.32,0.30820624253445883,5 lb,6.99
172017,"Wheat flour, white (industrial), 9% protein, bleached, unenriched",Cereal Grains and Pasta,357.7,8.89,1.43,77.32,,,
172018,"Wheat flour, white (industrial), 10% protein, bleached, enriched",Cereal Grains and Pasta,357.0,9.71,1.48,76.22,0.30820624253445883,5 lb,6.99
172019,"Wheat flour, white (industrial), 10% protein, bleached, unenriched",Cereal Grains and Pasta,357.0,9.71,1.48,76.22,0.30820624253445883,5 lb,6.99
172020,"Wheat flour, white (industrial), 13% protein, bleached, unenriched",Cereal Grains and Pasta,353.5,13.07,1.38,72.2,,,
172021,"Wheat flour, white (industrial), 15% protein, bleached, enriched",Cereal Grains and Pasta,353.5,15.33,1.41,69.88,0.30820624253445883,5 lb,6.99
172022,"Wheat flour, white (industrial), 15% protein, bleached, unenriched",Cereal Grains and Pasta,353.5,15.33,1.41,69.88,,,
172023,Millet flour,Cereal Grains and Pasta,381.7,10.75,4.25,75.12,2.202417999226927,,9.99
172024,"Pasta, whole grain, 51% whole wheat, remaining enriched semolina, cooked (Includes foods for USDA's Food Distribution Program)",Cereal Grains and Pasta,159.5,5.67,1.48,30.87,0.27557782773109696,,1.25
172025,"Pasta, whole grain, 51% whole wheat, remaining enriched semolina, dry (Includes foods for USDA's Food Distribution Program)",Cereal Grains and Pasta,369.0,13.2,2.55,73.3,0.27557782773109696,,1.25
172026,"Pasta, gluten-free, brown rice flour, cooked, TINKYADA",Cereal Grains and Pasta,157.7,3.46,1.67,32.2,0.8789095519103787,,2.99
172027,"Pasta, gluten-free, corn flour and quinoa flour, cooked, ANCIENT HARVEST",Cereal Grains and Pasta,156.0,3.23,2.07,31.11,0.8789095519103787,,2.99
172028,"Fast Foods, biscuit, with egg and sausage",Fast Foods,315.7,11.13,20.77,21.05,0.3953623235182138,,2.69
172029,"Fast foods, biscuit, with egg, cheese, and bacon",Fast Foods,303.1,12.01,17.48,24.44,0.3953623235182138,,2.69
172030,"Fast foods, biscuit, with ham",Fast Foods,349.1,11.85,16.3,38.75,,,
172031,"Fast foods, biscuit, with sausage",Fast Foods,378.4,9.67,24.42,29.99,,,
172032,"Fast foods, english muffin, with cheese and sausage",Fast Foods,340.3,13.28,20.67,25.28,1.8717246059496107,,8.49
172033,"Fast foods, english muffin, with egg, cheese, and canadian bacon",Fast Foods,228.2,13.64,9.66,21.67,1.8717246059496107,,8.49
172034,"Fast foods, english muffin, with egg, cheese, and sausage",Fast Foods,286.2,13.38,18.1,17.44,1.8717246059496107,,8.49
172035,"Fast foods, french toast sticks",Fast Foods,348.5,6.0,17.74,41.21,,,
172036,"Fast foods, sundae, strawberry",Fast Foods,179.2,4.09,5.13,29.18,,,
172037,"Fast foods, shrimp, breaded and fried",Fast Foods,313.4,7.84,18.9,27.99,1.0582188584874124,,0.9
172038,"Fast foods, burrito, with beans",Fast Foods,213.6,6.48,6.22,32.92,2.0733250968142265,,5.29
172039,"Fast foods, burrito, with beans and cheese",Fast Foods,208.8,7.35,6.05,31.23,2.0733250968142265,,5.29
172040,"PIZZA HUT 12"" Cheese Pizza, Hand-Tossed Crust",Fast Foods,270.6,11.93,10.89,31.22,1.1786968271180216,,9.49
172041,"PIZZA HUT 12"" Cheese Pizza, Pan Crust",Fast Foods,279.7,11.73,12.56,29.93,1.3930225651274977,,6.99
172042,"PIZZA HUT 12"" Cheese Pizza, THIN 'N CRISPY Crust",Fast Foods,302.6,15.29,14.1,28.64,,,
172043,"DOMINO'S 14"" Cheese Pizza, Crunchy Thin Crust",Fast Foods,297.9,12.33,15.1,28.18,,,
172044,"DOMINO'S 14"" Pepperoni Pizza, Classic Hand-Tossed Crust",Fast Foods,273.1,11.25,11.18,31.86,1.1786968271180216,,9.49
172045,"DOMINO'S 14"" Pepperoni Pizza, Ultimate Deep Dish Crust",Fast Foods,282.5,11.52,12.1,31.89,,,
172046,"DOMINO'S 14"" EXTRAVAGANZZA FEAST Pizza, Classic Hand-Tossed Crust",Fast Foods,244.1,10.33,11.1,25.72,,,
172047,"LITTLE CAESARS 14"" Original Round Cheese Pizza, Regular Crust",Fast Foods,265.4,13.39,9.54,31.5,,,
172048,"LITTLE CAESARS 14"" Original Round Pepperoni Pizza, Regular Crust",Fast Foods,272.9,13.59,10.5,31.01,,,
172049,"LITTLE CAESARS 14"" Original Round Meat and Vegetable Pizza, Regular Crust",Fast Foods,243.0,12.12,11.35,23.1,,,
172050,"LITTLE CAESARS 14"" Cheese Pizza, Large Deep Dish Crust",Fast Foods,262.9,12.63,10.22,30.1,,,
172051,"PIZZA HUT 14"" Cheese Pizza, THIN 'N CRISPY Crust",Fast Foods,305.6,13.37,12.8,34.22,,,
172052,"PIZZA HUT 14"" Pepperoni Pizza, Hand-Tossed Crust",Fast Foods,291.0,12.23,12.63,32.11,,,
172053,"PIZZA HUT 14"" Pepperoni Pizza, Pan Crust",Fast Foods,290.7,11.47,13.07,31.79,1.110653126250302,,6.99
172054,"PIZZA HUT 14"" Super Supreme Pizza, Hand-Tossed Crust",Fast Foods,248.0,11.34,10.95,26.01,1.1786968271180216,,9.49
172055,"Fast Food, Pizza Chain, 14"" pizza, meat and vegetable topping, regular crust",Fast Foods,243.7,11.02,10.9,25.38,,,
172056,"Fast foods, griddle cake sandwich, egg, cheese, and sausage",Fast Foods,290.8,10.77,17.73,22.04,,,
172057,"Fast foods, griddle cake sandwich, sausage",Fast Foods,318.5,8.41,17.76,31.25,,,
172058,"Fast foods, griddle cake sandwich, egg, cheese, and bacon",Fast Foods,271.6,12.03,13.19,26.19,1.4053296542678577,,7.49
172059,"McDONALD'S, Sausage McGRIDDLES",Fast Foods,318.5,8.41,17.76,31.25,,$0.10 removed at pickup,0.1
172060,"McDONALD'S, Sausage, Egg & Cheese McGRIDDLES",Fast Foods,290.8,10.77,17.73,22.04,,,
172061,"McDONALD'S, Vanilla Reduced Fat Ice Cream Cone",Fast Foods,166.1,4.24,4.86,26.36,,,
172062,"McDONALD'S, Strawberry Sundae",Fast Foods,160.7,3.19,3.95,28.09,,,
172063,"McDONALD'S, Sausage Burrito",Fast Foods,277.0,11.1,15.63,22.97,,,
172064,"McDONALD'S, BIG BREAKFAST",Fast Foods,285.0,10.16,19.37,17.5,,,
172065,"McDONALD'S, Double Cheeseburger",Fast Foods,282.0,15.5,16.09,18.79,,,
172066,"McDONALD'S, DOUBLE QUARTER POUNDER with Cheese",Fast Foods,271.5,16.96,16.22,14.43,,,
172067,"McDONALD'S, BIG MAC (without Big Mac Sauce)",Fast Foods,239.3,12.79,11.57,21.01,0.6276332539994308,,1.29
172068,"McDONALD'S, Sausage McMUFFIN with Egg",Fast Foods,280.0,12.59,17.83,17.28,1.0768356717385799,8 ct,10.99
172069,"McDONALD'S, Bacon Egg & Cheese Biscuit",Fast Foods,311.8,13.45,18.77,22.26,1.3205689504874167,,5.99
172070,"McDONALD'S, Sausage Biscuit",Fast Foods,375.9,9.62,25.4,27.2,1.2841926772269119,,6.99
172071,"McDONALD'S, Sausage Biscuit with Egg",Fast Foods,322.5,11.27,22.26,19.28,1.4677887500130962,,7.49
172072,McDONALD'S Bacon Ranch Salad with Crispy Chicken,Fast Foods,116.3,8.82,6.3,6.08,2.5621723270649768,,7.99
172073,"McDONALD'S, Bacon Ranch Salad without chicken",Fast Foods,66.1,4.14,3.64,4.2,2.5621723270649768,,7.99
172074,"McDONALD'S, Side Salad",Fast Foods,23.0,1.03,0.19,4.3,,$0.10 removed at pickup,0.1
172075,"McDONALD'S, Fruit 'n Yogurt Parfait",Fast Foods,105.5,2.73,1.3,20.72,,1 ct,0.1
172076,"BURGER KING, CROISSAN'WICH with Egg and Cheese",Fast Foods,282.6,10.35,15.78,24.79,2.7095054288743636,2 ct,6.99
172077,"BURGER KING, french toast sticks",Fast Foods,348.5,6.0,17.74,41.21,1.100106688302539,,4.99
172078,"BURGER KING, Hash Brown Rounds",Fast Foods,302.4,2.8,19.3,29.37,,,
172079,"Fast foods, miniature cinnamon rolls",Fast Foods,403.2,7.02,17.95,53.38,1.7906019667625988,12 ct,5.99
172080,"Fast foods, hamburger; double, large patty; with condiments, vegetables and mayonnaise",Fast Foods,251.7,13.94,15.66,13.74,,,
172081,"Fast foods, cheeseburger; single, large patty; with condiments, vegetables and mayonnaise",Fast Foods,267.9,13.69,15.8,17.73,,,
172082,"Fast foods, cheeseburger; single, large patty; with condiments",Fast Foods,269.3,15.21,14.4,19.72,,,
172083,"Fast Foods, cheeseburger; double, large patty; with condiments, vegetables and mayonnaise",Fast Foods,253.2,15.5,15.63,12.62,,,
172084,"Fast foods, cheeseburger; double, regular patty; double decker bun with condiments and special sauce",Fast Foods,260.8,11.94,14.1,21.53,1.0635633981767427,,1.99
172085,"Light Ice Cream, soft serve, blended with cookie pieces",Fast Foods,169.0,3.97,5.66,25.55,,,
172086,"POPEYES, biscuit",Fast Foods,401.2,6.0,23.71,40.95,,,
172087,"POPEYES, Coleslaw",Fast Foods,161.0,0.98,11.18,14.12,0.6273726089603945,,2.49
172088,"POPEYES, Mild Chicken Strips, analyzed 2006",Fast Foods,271.1,19.2,13.01,19.31,0.4677066065907329,,1.79
172089,"Spaghetti with meat sauce, frozen entree","Meals, Entrees, and Side Dishes",90.2,5.05,1.01,15.24,0.5404474884417856,,4.29
172090,"Beef macaroni with tomato sauce, frozen entree, reduced fat","Meals, Entrees, and Side Dishes",113.2,5.89,1.96,17.99,,net wt 15 oz (425g),9.99
172091,"Pasta with Sliced Franks in Tomato Sauce, canned entree","Meals, Entrees, and Side Dishes",89.7,4.37,2.38,12.7,,,
172092,"Turkey Pot Pie, frozen entree","Meals, Entrees, and Side Dishes",176.0,6.5,8.8,17.7,1.0546914622924544,,2.99
172093,"Beef Pot Pie, frozen entree, prepared","Meals, Entrees, and Side Dishes",219.7,7.25,11.39,22.05,0.503913742136863,,1.0
172094,"Tortellini, pasta with cheese filling, fresh-refrigerated, as purchased","Meals, Entrees, and Side Dishes",307.1,13.5,7.23,47.0,,,
172095,"Pizza, meat topping, thick crust, frozen, cooked",Fast Foods,273.8,11.76,11.52,30.76,1.7578191038207573,,2.99
172096,"Pizza, pepperoni topping, regular crust, frozen, cooked",Fast Foods,274.4,14.38,13.13,24.69,,net wt 16 oz (1 lb) 454g,10.99
172097,"Chili con carne with beans, canned entree","Meals, Entrees, and Side Dishes",106.8,5.8,3.47,13.1,0.6335203566144642,,4.49
172098,"Chili, no beans, canned entree","Meals, Entrees, and Side Dishes",118.4,7.53,7.1,6.1,,net wt 15 oz,3.49
172099,"Spaghetti, with meatballs in tomato sauce, canned","Meals, Entrees, and Side Dishes",100.3,4.37,4.11,11.45,,4 - 15 oz.,4.69
172100,"Pasta with tomato sauce, no meat, canned","Meals, Entrees, and Side Dishes",71.0,2.22,0.71,13.94,,4 - 15 oz.,4.69
172101,"Lasagna with meat & sauce, low-fat, frozen entree","Meals, Entrees, and Side Dishes",101.3,6.81,2.23,13.5,0.7050873060810573,,17.99
172102,"Burrito, beef and bean, microwaved","Meals, Entrees, and Side Dishes",298.2,8.73,11.94,38.95,0.6051689096974889,8 ct,5.49
172103,"Egg rolls, pork, refrigerated, heated","Meals, Entrees, and Side Dishes",227.3,9.94,8.18,28.49,1.361254258872444,,8.49
172104,"Egg rolls, chicken, refrigerated, heated","Meals, Entrees, and Side Dishes",196.5,10.44,4.51,28.54,1.361254258872444,,8.49
172105,"Egg rolls, vegetable, frozen, prepared","Meals, Entrees, and Side Dishes",213.6,5.95,6.97,31.77,1.361254258872444,,8.49
172106,"Lasagna, Vegetable, frozen, baked","Meals, Entrees, and Side Dishes",138.6,6.87,6.04,14.18,2.347678134199852,,5.99
172107,"HOT POCKETS, meatballs & mozzarella stuffed sandwich, frozen","Meals, Entrees, and Side Dishes",252.1,9.32,10.23,30.68,,net wt 36 oz,10.49
172108,"LEAN POCKETS, Ham N Cheddar","Meals, Entrees, and Side Dishes",230.0,10.28,6.53,32.52,1.1391414770776263,4 ct,5.49
172109,"Lean Pockets, Meatballs & Mozzarella","Meals, Entrees, and Side Dishes",240.4,10.49,7.7,32.28,,net wt 36 oz,10.49
172110,"Chili with beans, microwavable bowls","Meals, Entrees, and Side Dishes",100.0,5.85,3.68,10.88,0.8072532931412173,,3.49
172111,"Chicken, nuggets, dark and white meat, precooked, frozen, not reheated","Meals, Entrees, and Side Dishes",268.2,12.02,17.31,16.09,1.0438479851005462,,7.99
172112,"Chicken, nuggets, white meat, precooked, frozen, not reheated","Meals, Entrees, and Side Dishes",261.2,14.36,15.42,16.24,1.0438479851005462,,7.99
172113,"Ravioli, cheese with tomato sauce, frozen, not prepared, includes regular and light entrees","Meals, Entrees, and Side Dishes",110.8,4.52,2.61,17.31,0.7031276415283029,,2.99
172114,"Lasagna with meat sauce, frozen, prepared","Meals, Entrees, and Side Dishes",134.8,7.28,4.92,15.36,0.7050873060810573,,17.99
172115,"Beef, short loin, porterhouse steak, separable lean and fat, trimmed to 1/8"" fat, all grades, cooked, grilled",Beef Products,268.7,25.4,18.57,0.0,,,
172116,"Beef, short loin, porterhouse steak, separable lean and fat, trimmed to 1/8"" fat, select, raw",Beef Products,202.2,20.69,13.27,0.0,2.643342523596682,1 lb,11.99
172117,"Beef, short loin, porterhouse steak, separable lean and fat, trimmed to 1/8"" fat, select, cooked, grilled",Beef Products,255.6,26.21,16.75,0.0,2.643342523596682,1 lb,11.99
172118,"Beef, short loin, t-bone steak, separable lean and fat, trimmed to 1/8"" fat, all grades, raw",Beef Products,217.1,20.11,15.18,0.0,,,
172119,"Beef, round, knuckle, tip side, steak, separable lean and fat, trimmed to 0"" fat, choice, cooked, grilled",Beef Products,166.6,28.79,5.71,0.0,2.643342523596682,1 lb,11.99
172120,"Beef, round, knuckle, tip side, steak, separable lean and fat , trimmed to 0"" fat, select, raw",Beef Products,117.0,21.96,3.24,0.0,2.643342523596682,1 lb,11.99
172121,"Beef, round, knuckle, tip side, steak, separable lean and fat, trimmed to 0"" fat, select, cooked, grilled",Beef Products,152.1,29.24,3.91,0.0,2.643342523596682,1 lb,11.99
172122,"Beef, chuck, shoulder clod, shoulder tender, medallion, separable lean and fat, trimmed to 0"" fat, choice, raw",Beef Products,139.3,20.51,6.36,0.0,2.86380478578156,1 lb,12.99
172123,"Beef, chuck, shoulder clod, shoulder top and center steaks, separable lean and fat, trimmed to 0"" fat, select, raw",Beef Products,134.1,21.13,5.51,0.0,2.86380478578156,1 lb,12.99
172124,"Beef, chuck, shoulder clod, shoulder top and center steaks, separable lean and fat, trimmed to 0"" fat, select, cooked, grilled",Beef Products,169.1,26.66,6.94,0.0,2.86380478578156,1 lb,12.99
172125,"Beef, chuck, shoulder clod, top blade, steak, separable lean and fat, trimmed to 0"" fat, choice, raw",Beef Products,177.0,18.75,11.33,0.0,2.86380478578156,1 lb,12.99
172126,"Beef, chuck, shoulder clod, top blade, steak, separable lean and fat, trimmed to 0"" fat, choice, cooked, grilled",Beef Products,221.1,24.7,13.59,0.0,2.86380478578156,1 lb,12.99
172127,"Beef, round, knuckle, tip center, steak, separable lean and fat, trimmed to 0"" fat, select, cooked, grilled",Beef Products,154.3,26.61,5.32,0.0,2.643342523596682,1 lb,11.99
172128,"Beef, round, outside round, bottom round, steak, separable lean and fat, trimmed to 0"" fat, choice, raw",Beef Products,144.3,21.24,6.59,0.0,2.643342523596682,1 lb,11.99
172129,"Beef, round, outside round, bottom round, steak, separable lean and fat, trimmed to 0"" fat, choice, cooked, grilled",Beef Products,183.6,27.22,8.3,0.0,2.643342523596682,1 lb,11.99
172130,"Beef, round, outside round, bottom round, steak, separable lean and fat, trimmed to 0"" fat, select, raw",Beef Products,123.1,22.15,3.83,0.0,2.643342523596682,1 lb,11.99
172131,"Beef, round, knuckle, tip side, steak, separable lean and fat, trimmed to 0"" fat, all grades, cooked, grilled",Beef Products,159.9,29.08,4.84,0.0,2.643342523596682,1 lb,11.99
172132,"Beef, chuck, shoulder clod, shoulder top and center steaks, separable lean and fat, trimmed to 0"" fat, all grades, raw",Beef Products,135.6,20.67,5.88,0.0,2.86380478578156,1 lb,12.99
172133,"Beef, chuck, shoulder clod, shoulder top and center steaks, separable lean and fat, trimmed to 0"" fat, all grades, cooked, grilled",Beef Products,174.6,26.3,7.66,0.12,2.86380478578156,1 lb,12.99
172134,"Beef, chuck, shoulder clod, top blade, steak, separable lean and fat, trimmed to 0"" fat, all grades, raw",Beef Products,170.6,18.99,10.52,0.0,2.86380478578156,1 lb,12.99
172135,"Beef, round, outside round, bottom round, steak, separable lean and fat, trimmed to 0"" fat, all grades, cooked, grilled",Beef Products,174.0,27.52,7.1,0.0,2.643342523596682,1 lb,11.99
172136,"Beef, chuck, shoulder clod, shoulder tender, medallion, separable lean and fat, trimmed to 0"" fat, select, cooked, grilled",Beef Products,165.0,26.45,6.43,0.33,2.86380478578156,1 lb,12.99
172137,"Beef, plate steak, boneless, inside skirt, separable lean only, trimmed to 0"" fat, choice, raw",Beef Products,171.4,20.89,9.76,0.0,2.86380478578156,1 lb,12.99
172138,"Beef, plate steak, boneless, inside skirt, separable lean only, trimmed to 0"" fat, select, cooked, grilled",Beef Products,223.0,30.64,11.16,0.0,2.86380478578156,1 lb,12.99
172139,"Beef, plate steak, boneless, inside skirt, separable lean only, trimmed to 0"" fat, select, raw",Beef Products,153.1,21.61,7.41,0.0,2.86380478578156,1 lb,12.99
172140,"Beef, plate steak, boneless, outside skirt, separable lean only, trimmed to 0"" fat, all grades, cooked, grilled",Beef Products,281.8,27.68,19.01,0.0,,,
172141,"Beef, plate steak, boneless, outside skirt, separable lean only, trimmed to 0"" fat, select, raw",Beef Products,198.4,19.14,13.44,0.23,2.86380478578156,1 lb,12.99
172142,"Beef, rib eye steak, boneless, lip off, separable lean only, trimmed to 0"" fat, all grades, cooked, grilled",Beef Products,205.8,28.11,10.37,0.0,4.847965145445458,1 lb,21.99
172143,"Beef, rib eye steak, boneless, lip off, separable lean only, trimmed to 0"" fat, all grades, raw",Beef Products,154.1,21.85,7.41,0.0,4.847965145445458,1 lb,21.99
172144,"Beef, rib eye steak, boneless, lip off, separable lean only, trimmed to 0"" fat, choice, cooked, grilled",Beef Products,215.3,27.39,11.75,0.0,4.847965145445458,1 lb,21.99
172145,"Beef, rib, back ribs, bone-in, separable lean only, trimmed to 0"" fat, all grades, raw",Beef Products,239.5,19.11,17.91,0.46,1.9819557370420493,1 lb,8.99
172146,"Beef, rib, back ribs, bone-in, separable lean only, trimmed to 0"" fat, choice, cooked, braised",Beef Products,306.5,27.75,21.72,0.0,1.9819557370420493,1 lb,8.99
172147,"Beef, rib, back ribs, bone-in, separable lean only, trimmed to 0"" fat, choice, raw",Beef Products,251.7,18.72,19.36,0.64,1.9819557370420493,1 lb,8.99
172148,"Beef, rib, back ribs, bone-in, separable lean only, trimmed to 0"" fat, select, cooked, braised",Beef Products,286.7,29.28,18.84,0.0,1.9819557370420493,1 lb,8.99
172149,"Beef, rib eye roast, bone-in, lip-on, separable lean and fat, trimmed to 1/8"" fat, select, cooked, roasted",Beef Products,290.1,23.36,21.85,0.0,1.7614934748571718,1 lb,7.99
172150,"Beef, rib eye roast, bone-in, lip-on, separable lean and fat, trimmed to 1/8"" fat, all grades, cooked, roasted",Beef Products,300.1,23.47,22.91,0.0,,,
172151,"Beef, rib eye steak/roast, bone-in, lip-on, separable lean and fat, trimmed to 1/8"" fat, all grades, raw",Beef Products,255.3,18.13,20.31,0.0,4.1865783588908245,1 lb,18.99
172152,"Beef, rib eye steak/roast, bone-in, lip-on, separable lean and fat, trimmed to 1/8"" fat, choice, raw",Beef Products,260.3,17.92,20.96,0.0,4.1865783588908245,1 lb,18.99
172153,"Beef, rib eye roast, boneless, lip-on, separable lean and fat, trimmed to 1/8"" fat, all grades, cooked, roasted",Beef Products,292.1,24.3,21.66,0.0,1.7614934748571718,1 lb,7.99
172154,"Beef, rib eye roast, boneless, lip-on, separable lean and fat, trimmed to 1/8"" fat, choice, cooked, roasted",Beef Products,302.5,23.92,22.98,0.0,1.7614934748571718,1 lb,7.99
172155,"Beef, rib eye roast, boneless, lip-on, separable lean and fat, trimmed to 1/8"" fat, select, cooked, roasted",Beef Products,276.5,24.85,19.68,0.0,1.7614934748571718,1 lb,7.99
172156,"Beef, rib eye steak/roast, boneless, lip-on, separable lean and fat, trimmed to 1/8"" fat, all grades, raw",Beef Products,244.0,18.85,18.73,0.0,4.1865783588908245,1 lb,18.99
172157,"Beef, plate steak, boneless, inside skirt, separable lean and fat, trimmed to 0"" fat, select, cooked, grilled",Beef Products,233.1,30.06,12.54,0.0,2.86380478578156,1 lb,12.99
172158,"Beef, plate steak, boneless, inside skirt, separable lean and fat, trimmed to 0"" fat, all grades, raw",Beef Products,186.9,20.38,11.71,0.0,2.86380478578156,1 lb,12.99
172159,"Beef, plate steak, boneless, inside skirt, separable lean and fat, trimmed to 0"" fat, choice, raw",Beef Products,195.3,20.06,12.78,0.0,2.86380478578156,1 lb,12.99
172160,"Beef, plate steak, boneless, inside skirt, separable lean and fat, trimmed to 0"" fat, select, raw",Beef Products,174.5,20.87,10.11,0.0,,,
172161,"Beef, ground, unspecified fat content, cooked",Beef Products,233.5,25.07,14.53,0.62,2.092186868134488,1 lb,9.49
172162,"Beef, plate steak, boneless, outside skirt, separable lean and fat, trimmed to 0"" fat, choice, raw",Beef Products,238.1,17.69,18.44,0.35,2.86380478578156,1 lb,12.99
172163,"Beef, plate steak, boneless, outside skirt, separable lean and fat, trimmed to 0"" fat, select, raw",Beef Products,222.0,18.43,16.31,0.36,2.86380478578156,1 lb,12.99
172164,"Beef, rib eye steak, boneless, lip off, separable lean and fat, trimmed to 0"" fat, all grades, cooked, grilled",Beef Products,270.6,24.85,19.02,0.0,4.847965145445458,1 lb,21.99
172165,"Beef, rib eye steak, boneless, lip off, separable lean and fat, trimmed to 0"" fat, choice, cooked, grilled",Beef Products,285.5,23.89,21.1,0.0,4.847965145445458,1 lb,21.99
172166,"Beef, rib, back ribs, bone-in, separable lean and fat, trimmed to 0"" fat, all grades, cooked, braised",Beef Products,359.8,24.23,29.21,0.0,1.9819557370420493,1 lb,8.99
172167,"Beef, rib, back ribs, bone-in, separable lean and fat, trimmed to 0"" fat, choice, cooked, braised",Beef Products,371.9,23.34,30.95,0.0,1.9819557370420493,1 lb,8.99
172168,"Beef, rib, back ribs, bone-in, separable lean and fat, trimmed to 0"" fat, select, cooked, braised",Beef Products,341.6,25.56,26.59,0.0,1.9819557370420493,1 lb,8.99
172169,"Beef, rib, back ribs, bone-in, separable lean and fat, trimmed to 0"" fat, all grades, raw",Beef Products,323.5,16.15,28.42,0.78,1.9819557370420493,1 lb,8.99
172170,"Beef, loin, top sirloin cap steak, boneless, separable lean only, trimmed to 1/8"" fat, all grades, cooked, grilled",Beef Products,181.0,28.26,7.23,0.73,1.5321168690274276,,9.99
172171,"Beef, loin, top sirloin cap steak, boneless, separable lean only, trimmed to 1/8"" fat, choice, cooked, grilled",Beef Products,188.7,28.19,7.96,1.07,1.5321168690274276,,9.99
172172,"Beef, loin, top sirloin cap steak, boneless, separable lean only, trimmed to 1/8"" fat, select, cooked, grilled",Beef Products,169.6,28.36,6.14,0.22,1.5321168690274276,,9.99
172173,"Beef, loin, top sirloin cap steak, boneless, separable lean only, trimmed to 1/8"" fat, all grades, raw",Beef Products,133.8,21.38,5.36,0.0,1.5321168690274276,,9.99
172174,"Beef, loin, top sirloin cap steak, boneless, separable lean only, trimmed to 1/8"" fat, choice, raw",Beef Products,137.7,21.34,5.82,0.0,1.5321168690274276,,9.99
172175,"Cheese, blue",Dairy and Egg Products,353.6,21.4,28.74,2.34,4.578560261055538,,6.49
172176,"Cheese, brick",Dairy and Egg Products,371.2,23.24,29.68,2.79,1.671103947361372,,3.79
172177,"Cheese, brie",Dairy and Egg Products,333.9,20.75,27.68,0.45,3.7434492118992213,,8.49
172178,"Cheese, camembert",Dairy and Egg Products,299.4,19.8,24.26,0.46,5.507147309378242,,12.49
172179,"Cheese, cottage, creamed, large or small curd",Dairy and Egg Products,96.7,11.12,4.3,3.38,0.48354722839216485,,3.29
172180,"Cheese, cottage, creamed, with fruit",Dairy and Egg Products,95.8,10.69,3.85,4.61,0.48354722839216485,,3.29
172181,"Cheese, cottage, nonfat, uncreamed, dry, large or small curd",Dairy and Egg Products,70.6,10.34,0.29,6.66,0.48354722839216485,,3.29
172182,"Cheese, cottage, lowfat, 2% milkfat",Dairy and Egg Products,81.3,10.45,2.27,4.76,0.48354722839216485,,3.29
172183,"Egg, white, raw, fresh",Dairy and Egg Products,48.1,10.9,0.17,0.73,3.6730929943150037,,4.79
172184,"Egg, yolk, raw, fresh",Dairy and Egg Products,316.7,15.86,26.54,3.59,0.8789095519103787,,2.99
172185,"Egg, whole, cooked, omelet",Dairy and Egg Products,149.8,10.57,11.66,0.64,,1 / 2 gal,5.99
172186,"Egg, whole, cooked, poached",Dairy and Egg Products,138.1,12.51,9.47,0.71,,1 / 2 gal,5.99
172187,"Egg, whole, cooked, scrambled",Dairy and Egg Products,145.2,9.99,10.98,1.61,,1 / 2 gal,5.99
172188,"Egg, whole, dried",Dairy and Egg Products,591.8,48.05,43.9,1.13,,1 / 2 gal,5.99
172189,"Egg, duck, whole, fresh, raw",Dairy and Egg Products,181.0,12.81,13.77,1.45,,,
172190,"Egg, goose, whole, fresh, raw",Dairy and Egg Products,180.3,13.87,13.27,1.35,,,
172191,"Egg, quail, whole, fresh, raw",Dairy and Egg Products,153.6,13.05,11.09,0.41,,1 qt,1.99
172192,"Egg, turkey, whole, fresh, raw",Dairy and Egg Products,166.2,13.68,11.88,1.15,3.6730929943150037,,4.79
172193,"Milk, reduced fat, fluid, 2% milkfat, with added nonfat milk solids, without added vitamin A",Dairy and Egg Products,55.6,3.95,1.98,5.49,,1 / 2 gal,4.99
172194,"Milk, canned, evaporated, with added vitamin A",Dairy and Egg Products,135.4,6.81,7.56,10.04,0.9806161421983354,,1.39
172195,"Milk, dry, nonfat, regular, with added vitamin A and vitamin D",Dairy and Egg Products,359.5,36.16,0.77,51.98,4.177759868403429,3 ct,3.79
172196,"Milk, dry, nonfat, instant, without added vitamin A and vitamin D",Dairy and Egg Products,355.6,35.1,0.72,52.19,4.177759868403429,3 ct,3.79
172197,"Cheese, goat, hard type",Dairy and Egg Products,451.1,30.52,35.59,2.17,6.164124850689177,,6.99
172198,"Cheese substitute, mozzarella",Dairy and Egg Products,250.5,11.47,12.22,23.67,,,
172199,"Yogurt, Greek, 2% fat, mango, CHOBANI",Dairy and Egg Products,93.1,7.64,1.69,11.84,0.5500533441512695,,4.99
172200,"Cheese sauce, prepared from recipe",Dairy and Egg Products,197.5,10.33,14.92,5.48,,,
172201,"Cheese, mexican, queso anejo",Dairy and Egg Products,374.1,21.44,29.98,4.63,1.671103947361372,,3.79
172202,"Egg, whole, raw, frozen, pasteurized (Includes foods for USDA's Food Distribution Program)",Dairy and Egg Products,142.9,12.33,9.95,1.01,,1 / 2 gal,5.99
172203,"Egg, white, raw, frozen, pasteurized",Dairy and Egg Products,45.0,10.2,0.0,1.04,3.6730929943150037,,4.79
172204,"Egg, white, dried",Dairy and Egg Products,355.6,81.1,0.0,7.8,,18 ct,5.99
172205,"Milk, reduced fat, fluid, 2% milkfat, without added vitamin A and vitamin D",Dairy and Egg Products,50.2,3.3,1.98,4.8,,1 / 2 gal,4.99
172206,"Parmesan cheese topping, fat free",Dairy and Egg Products,365.0,40.0,5.0,40.0,0.8495145836190616,16 slices,2.89
172207,"Cheese, cream, fat free",Dairy and Egg Products,102.4,15.69,1.0,7.66,,2 ct,5.79
172208,"Yogurt, chocolate, nonfat milk",Dairy and Egg Products,108.2,3.53,0.0,23.53,1.2463466555518412,,1.59
172209,KRAFT CHEEZ WHIZ Pasteurized Process Cheese Sauce,Dairy and Egg Products,273.8,12.0,21.0,9.2,,3 ct,4.19
172210,KRAFT BREAKSTONE'S Reduced Fat Sour Cream,Dairy and Egg Products,152.0,4.5,12.0,6.5,,,
172211,KRAFT BREAKSTONE'S FREE Fat Free Sour Cream,Dairy and Egg Products,90.9,4.7,1.3,15.1,,,
172212,"Cream, half and half, fat free",Dairy and Egg Products,59.0,2.6,1.4,9.0,,1 pt,1.99
172213,Reddi Wip Fat Free Whipped Topping,Dairy and Egg Products,157.0,3.0,5.0,25.0,2.0567433198293807,,3.79
172214,"Cream substitute, flavored, powdered",Dairy and Egg Products,497.6,0.68,21.47,75.42,0.4769333605266185,,6.49
172215,"Cheese, provolone, reduced fat",Dairy and Egg Products,271.2,24.7,17.6,3.5,2.202417999226927,1 lb,9.99
172216,"Cheese, Mexican, blend, reduced fat",Dairy and Egg Products,287.0,24.69,19.4,3.41,1.671103947361372,,3.79
172217,"Milk, whole, 3.25% milkfat, without added vitamin A and vitamin D",Dairy and Egg Products,61.2,3.15,3.27,4.78,,1 gal,7.49
172218,"Yogurt, fruit, lowfat, with low calorie sweetener, fortified with vitamin D",Dairy and Egg Products,106.5,4.86,1.41,18.6,16.578762116302794,8 ct,3.29
172219,"Yogurt, vanilla, low fat, fortified with vitamin D",Dairy and Egg Products,86.2,4.93,1.25,13.8,0.3736835344033675,,3.39
172220,"Yogurt, vanilla or lemon flavor, nonfat milk, sweetened with low-calorie sweetener, fortified with vitamin D",Dairy and Egg Products,47.1,3.86,0.18,7.5,,,
172221,"Yogurt, chocolate, nonfat milk, fortified with vitamin D",Dairy and Egg Products,108.2,3.53,0.0,23.53,1.2463466555518412,,1.59
172222,"Cheese, dry white, queso seco",Dairy and Egg Products,325.4,24.51,24.35,2.04,,6 ct. / 1.5 oz each,7.49
172223,"Cheese, fresh, queso fresco",Dairy and Egg Products,298.7,18.09,23.82,2.98,2.202417999226927,1 lb,9.99
172224,"Cheese, white, queso blanco",Dairy and Egg Products,310.4,20.38,24.31,2.53,,24 ct,5.49
172225,"Milk, buttermilk, fluid, whole",Dairy and Egg Products,62.1,3.21,3.31,4.88,,1 pt,1.19
172226,Ice cream sandwich,Dairy and Egg Products,242.8,4.29,8.57,37.14,,24 ct,5.79
172227,Ice cream cookie sandwich,Dairy and Egg Products,239.8,3.7,7.4,39.6,4.141578120668382,3 ct,4.99
172228,"Ice cream cone, chocolate covered, with nuts, flavors other than chocolate",Dairy and Egg Products,355.3,5.21,21.88,34.38,,8 ct,9.29
172229,"Ice cream sandwich, made with light ice cream, vanilla",Dairy and Egg Products,203.1,4.29,3.04,39.64,,,
172230,"Ice cream sandwich, vanilla, light, no sugar added",Dairy and Egg Products,220.0,5.71,2.86,42.86,,24 ct,5.79
172231,"Spices, turmeric, ground",Spices and Herbs,336.5,9.68,3.25,67.14,11.207499728525775,,6.99
172232,"Basil, fresh",Spices and Herbs,29.0,3.15,0.64,2.65,17.566433050891046,,2.49
172233,"Dill weed, fresh",Spices and Herbs,52.0,3.46,1.12,7.02,17.566433050891046,,2.49
172234,"Mustard, prepared, yellow",Spices and Herbs,68.3,3.74,3.34,5.83,2.273813854903722,,4.19
172235,"Vanilla extract, imitation, alcohol",Spices and Herbs,9.8,0.05,0.0,2.41,2.636728655731136,,2.99
172236,"Vanilla extract, imitation, no alcohol",Spices and Herbs,57.7,0.03,0.0,14.4,2.636728655731136,,2.99
172237,"Vinegar, distilled",Spices and Herbs,0.2,0.0,0.0,0.04,,32 fo,3.19
172238,"Capers, canned",Spices and Herbs,36.7,2.36,0.86,4.89,1.651262343764733,,7.49
172239,"Spearmint, dried",Spices and Herbs,342.2,19.93,6.03,52.04,15.967346775843401,,6.79
172240,"Vinegar, red wine",Spices and Herbs,1.2,0.04,0.0,0.27,0.9670944567843297,,3.29
172241,"Vinegar, balsamic",Spices and Herbs,70.1,0.49,0.0,17.03,1.1391414770776263,,5.49
172242,"Seasoning mix, dry, sazon, coriander & annatto",Spices and Herbs,0.0,0.0,0.0,0.0,4.109416567126118,,6.99
172243,"Seasoning mix, dry, taco, original",Spices and Herbs,250.0,4.5,0.0,58.0,4.109416567126118,,6.99
172244,"Babyfood, meat, beef, junior",Baby Foods,80.5,12.03,2.52,2.43,1.7399000721757054,,3.29
172245,"Babyfood, meat, veal, strained",Baby Foods,80.6,13.12,2.45,1.51,1.7399000721757054,,3.29
172246,"Babyfood, meat, pork, strained",Baby Foods,119.9,14.0,7.1,0.0,1.6402392306554892,,2.79
172247,"Babyfood, meat, ham, strained",Baby Foods,94.2,11.3,3.8,3.7,1.6402392306554892,,2.79
172248,"Babyfood, meat, chicken, junior",Baby Foods,142.4,14.0,9.6,0.0,1.7399000721757054,,3.29
172249,"Babyfood, meat, chicken sticks, junior",Baby Foods,194.0,14.6,14.4,1.5,1.7399000721757054,,3.29
172250,"Babyfood, meat, turkey, strained",Baby Foods,107.4,11.5,6.2,1.4,1.7399000721757054,,3.29
172251,"Babyfood, meat, turkey, junior",Baby Foods,107.4,11.5,6.2,1.4,1.7399000721757054,,3.29
172252,"Babyfood, finger snacks, GERBER, GRADUATES, PUFFS, apple and cinnamon",Baby Foods,388.6,6.19,2.3,85.79,3.295910819663919,,2.99
172253,"Babyfood, water, bottled, GERBER, without added fluoride",Baby Foods,0.0,0.0,0.0,0.0,,,
172254,"Babyfood, GERBER, 3rd Foods, apple, mango and kiwi",Baby Foods,53.4,0.47,0.0,12.88,1.6666947021176743,2 packs,1.89
172255,"Babyfood, tropical fruit medley",Baby Foods,51.4,0.31,0.14,12.22,,,
172256,"Babyfood, dinner, vegetables and dumplings and beef, strained",Baby Foods,46.9,2.0,0.9,7.7,21.587664713143212,,4.59
172257,"Babyfood, ravioli, cheese filled, with tomato sauce",Baby Foods,99.4,3.6,2.2,16.3,1.6402392306554892,,2.79
172258,"Babyfood, dinner, beef noodle, strained",Baby Foods,62.8,2.44,2.26,8.18,21.587664713143212,,4.59
172259,"Babyfood, macaroni and cheese, toddler",Baby Foods,82.2,3.5,2.6,11.2,1.7583535577896905,,3.29
172260,"Babyfood, dinner, beef and rice, toddler",Baby Foods,81.3,5.0,2.9,8.8,21.587664713143212,,4.59
172261,"Babyfood, dinner, beef with vegetables",Baby Foods,95.9,2.03,6.93,6.36,21.587664713143212,,4.59
172262,"Babyfood, dinner, vegetables and lamb, junior",Baby Foods,52.1,2.1,1.7,7.1,21.587664713143212,,4.59
172263,"Babyfood, dinner, chicken noodle, strained",Baby Foods,74.3,3.53,3.22,7.81,21.587664713143212,,4.59
172264,"Babyfood, dinner, chicken noodle, junior",Baby Foods,74.4,3.53,3.23,7.8,21.587664713143212,,4.59
172265,"Babyfood, dinner, vegetables, noodles and chicken, junior",Baby Foods,63.0,1.7,2.2,9.1,21.587664713143212,,4.59
172266,"Babyfood, dinner, pasta with vegetables",Baby Foods,59.3,1.7,2.1,8.4,21.587664713143212,,4.59
172267,"Babyfood, dinner, vegetables and noodles and turkey, strained",Baby Foods,42.8,1.2,1.2,6.8,21.587664713143212,,4.59
172268,"Babyfood, dinner, vegetables and noodles and turkey, junior",Baby Foods,51.1,1.8,1.5,7.6,21.587664713143212,,4.59
172269,"Babyfood, dinner, turkey and rice, strained",Baby Foods,52.0,2.27,1.24,7.94,21.587664713143212,,4.59
172270,"Babyfood, dinner, macaroni and cheese, junior",Baby Foods,61.2,2.6,2.0,8.2,21.587664713143212,,4.59
172271,"Babyfood, vegetables, green beans, strained",Baby Foods,31.5,1.2,0.17,6.29,1.6666947021176743,2 packs,1.89
172272,"Babyfood, vegetables, green beans, junior",Baby Foods,28.9,1.2,0.1,5.8,1.6666947021176743,2 packs,1.89
172273,"Babyfood, green beans, dices, toddler",Baby Foods,29.4,1.2,0.2,5.7,1.6666947021176743,2 packs,1.89
172274,"Babyfood, vegetables, squash, strained",Baby Foods,28.0,0.81,0.2,5.73,1.6666947021176743,2 packs,1.89
172275,"Babyfood, vegetables, squash, junior",Baby Foods,28.0,0.81,0.2,5.73,1.6666947021176743,2 packs,1.89
172276,"Babyfood, vegetables, sweet potatoes strained",Baby Foods,58.1,1.1,0.1,13.2,1.6666947021176743,2 packs,1.89
172277,"Babyfood, vegetables, sweet potatoes, junior",Baby Foods,61.3,1.1,0.1,14.0,1.6666947021176743,2 packs,1.89
172278,"Babyfood, fruit, applesauce, junior",Baby Foods,41.2,0.0,0.0,10.3,1.8040111968499695,,1.79
172279,"Babyfood, fruit, apricot with tapioca, strained",Baby Foods,66.4,0.3,0.0,16.3,1.8040111968499695,,1.79
172280,"Babyfood, vegetables, corn, creamed, strained",Baby Foods,65.6,1.4,0.4,14.1,1.6666947021176743,2 packs,1.89
172281,"Babyfood, dinner, mixed vegetable, junior",Baby Foods,36.6,1.01,0.11,7.88,21.587664713143212,,4.59
172282,"Babyfood, fruit, bananas with tapioca, junior",Baby Foods,74.6,0.4,0.2,17.8,1.8040111968499695,,1.79
172283,"Babyfood, vegetables, mix vegetables junior",Baby Foods,42.0,1.4,0.4,8.2,1.6666947021176743,2 packs,1.89
172284,"Babyfood, vegetables, garden vegetable, strained",Baby Foods,38.2,2.3,0.2,6.8,1.6666947021176743,2 packs,1.89
172285,"Babyfood, plums, bananas and rice, strained",Baby Foods,57.9,1.1,0.3,12.7,1.6666947021176743,,1.89
172286,"Babyfood, dinner, turkey, rice, and vegetables, toddler",Baby Foods,59.6,3.8,1.6,7.5,21.587664713143212,,4.59
172287,"Babyfood, dinner, apples and chicken, strained",Baby Foods,64.6,2.16,1.38,10.88,21.587664713143212,,4.59
172288,"Babyfood, dinner, broccoli and chicken, junior",Baby Foods,62.0,3.59,2.48,6.34,21.587664713143212,,4.59
172289,"Infant formula, MEAD JOHNSON, Enfamil Premature High Protein 24 Calories, ready to feed, with ARA and DHA",Baby Foods,80.9,2.8,3.9,8.66,,,
172290,"Infant formula, MEAD JOHNSON, Enfamil Premature 30 Calories, ready to feed, with ARA and DHA",Baby Foods,100.5,3.2,4.8,11.13,,,
172291,"Infant formula, MEAD JOHNSON, Enfamil for Supplementing, powder, with ARA and DHA, not reconstituted",Baby Foods,513.0,11.7,27.0,55.8,,,
172292,"Infant formula, MEAD JOHNSON, Enfamil Reguline Powder, with ARA and DHA, not reconstituted",Baby Foods,513.4,11.7,27.0,55.9,,,
172293,"Infant formula, MEAD JOHNSON, Pregestimil 24 Calories, ready to feed, with ARA and DHA",Baby Foods,72.2,2.2,4.4,5.95,,,
172294,"Toddler drink, MEAD JOHNSON, PurAmino Toddler Powder, with ARA and DHA, not reconstituted",Baby Foods,512.3,13.9,26.0,55.68,,,
172295,"Infant formula, MEAD JOHNSON, Enfamil for Supplementing, ready to feed, with ARA and DHA",Baby Foods,67.9,1.51,3.5,7.6,,,
172296,"Babyfood, cereal, barley, prepared with whole milk",Baby Foods,84.0,3.73,3.26,9.94,2.200213376605078,,4.99
172297,"Babyfood, cereal, oatmeal, with bananas, prepared with whole milk",Baby Foods,86.4,3.82,3.46,10.0,2.200213376605078,,4.99
172298,"Babyfood, cereal, oatmeal, with honey, prepared with whole milk",Baby Foods,116.3,5.0,3.9,15.3,2.200213376605078,,4.99
172299,"Babyfood, cereal, rice, prepared with whole milk",Baby Foods,85.5,3.45,3.38,10.31,2.200213376605078,,4.99
172300,"Babyfood, cereal, rice, with honey, prepared with whole milk",Baby Foods,113.7,3.9,3.3,17.1,2.200213376605078,,4.99
172301,"Infant formula, MEAD JOHNSON, ENFAMIL, with iron, powder",Baby Foods,511.0,10.8,27.0,56.2,,,
172302,"Infant formula, MEAD JOHNSON, ENFAMIL, Infant, with iron, powder, with ARA and DHA",Baby Foods,511.0,10.8,27.0,56.2,,,
172303,"Infant formula, MEAD JOHNSON, ENFAMIL, Infant, with iron, liquid concentrate, with ARA and DHA, reconstituted",Baby Foods,68.2,1.31,3.5,7.86,,,
172304,"Infant formula, MEAD JOHNSON, ENFAMIL LIPIL, with iron, ready-to-feed, with ARA and DHA",Baby Foods,65.4,1.38,3.5,7.1,,,
172305,"Infant formula, MEAD JOHNSON, ENFAMIL, LIPIL, low iron, ready to feed, with ARA and DHA",Baby Foods,65.7,1.38,3.5,7.18,,,
172306,"Infant formula, MEAD JOHNSON, ENFAMIL, Infant, ready-to-feed, with ARA and DHA",Baby Foods,68.2,1.31,3.5,7.86,,,
172307,"Infant formula, ABBOTT NUTRITION, SIMILAC, PM 60/40, powder not reconstituted",Baby Foods,523.8,11.4,28.71,54.94,3.9300718449246363,,36.99
172308,"Infant formula, MEAD JOHNSON, ENFAMIL, NUTRAMIGEN WITH LGG, with iron, powder, not reconstituted, with ARA and DHA",Baby Foods,513.8,14.1,27.0,53.6,,,
172309,"Infant formula, MEAD JOHNSON, ENFAMIL, NUTRAMIGEN, with iron, ready-to-feed, with ARA and DHA",Baby Foods,67.7,1.83,3.5,7.21,,,
172310,"Infant formula, ABBOTT NUTRITION, SIMILAC, ALIMENTUM, with iron, ready-to-feed",Baby Foods,67.0,1.8,3.63,6.77,3.9300718449246363,,36.99
172311,"Infant formula, MEAD JOHNSON, ENFAMIL, ENFACARE, with iron, powder, with ARA and DHA",Baby Foods,504.8,13.9,26.0,53.8,,,
172312,"Infant formula, ABBOTT NUTRITION, SIMILAC, with iron, liquid concentrate, not reconstituted",Baby Foods,127.6,2.64,6.89,13.76,3.9300718449246363,,36.99
172313,"Child formula, ABBOTT NUTRITION, PEDIASURE, ready-to-feed",Baby Foods,99.0,2.86,4.77,11.15,3.9300718449246363,,36.99
172314,"Infant formula, MEAD JOHNSON, NEXT STEP, PROSOBEE LIPIL, powder, with ARA and DHA",Baby Foods,479.8,15.6,21.0,57.1,,,
172315,"Infant formula, MEAD JOHNSON, NEXT STEP, PROSOBEE, LIPIL, ready to feed, with ARA and DHA",Baby Foods,67.1,2.14,2.91,8.09,,,
172316,"Infant formula, NESTLE, GOOD START SOY, with ARA and DHA, powder",Baby Foods,502.8,12.5,25.6,55.6,2.625533550786145,,20.99
172317,"Babyfood, corn and sweet potatoes, strained",Baby Foods,68.5,1.26,0.28,15.23,1.6666947021176743,2 packs,1.89
172318,"Infant formula, ABBOTT NUTRITION, SIMILAC, ALIMENTUM, ADVANCE, ready-to-feed, with ARA and DHA",Baby Foods,67.0,1.8,3.63,6.77,,,
172319,"Infant formula, PBM PRODUCTS, store brand, ready-to-feed",Baby Foods,62.7,1.4,3.5,6.39,6.104139734077116,,62.99
172320,"Infant formula, PBM PRODUCTS, store brand, liquid concentrate, not reconstituted",Baby Foods,130.2,2.9,7.0,13.9,3.9300718449246363,,36.99
172321,"Infant formula, MEAD JOHNSON, ENFAMIL, AR, ready-to-feed, with ARA and DHA",Baby Foods,71.2,1.64,3.3,8.73,,,
172322,"Infant formula, MEAD JOHNSON, ENFAMIL, AR, powder, with ARA and DHA",Baby Foods,504.2,12.4,25.0,57.4,,,
172323,"Infant formula, ABBOTT NUTRITION, SIMILAC NEOSURE, ready-to-feed, with ARA and DHA",Baby Foods,69.4,1.92,3.77,6.94,3.9300718449246363,,36.99
172324,"Infant formula, ABBOTT NUTRITION, SIMILAC, NEOSURE, powder, with ARA and DHA",Baby Foods,519.6,14.42,28.33,51.75,3.9300718449246363,,36.99
172325,"Infant formula, ABBOTT NUTRITION, SIMILAC, SENSITIVE (LACTOSE FREE) ready-to-feed, with ARA and DHA",Baby Foods,69.2,1.48,3.74,7.4,3.9300718449246363,,36.99
172326,"Infant formula, ABBOTT NUTRITION, SIMILAC, ADVANCE, with iron, liquid concentrate, not reconstituted",Baby Foods,126.6,2.64,6.89,13.52,3.9300718449246363,,36.99
172327,"Shortening, household, lard and vegetable oil",Fats and Oils,900.0,0.0,100.0,0.0,,,
172328,"Oil, sunflower, linoleic, (partially hydrogenated)",Fats and Oils,900.0,0.0,100.0,0.0,0.41843737362689765,5 lb,9.49
172329,"Shortening bread, soybean (hydrogenated) and cottonseed",Fats and Oils,900.0,0.0,100.0,0.0,,,
172330,"Shortening cake mix, soybean (hydrogenated) and cottonseed (hydrogenated)",Fats and Oils,900.0,0.0,100.0,0.0,,,
172331,"Shortening frying (heavy duty), palm (hydrogenated)",Fats and Oils,900.0,0.0,100.0,0.0,,,
172332,Shortening household soybean (hydrogenated) and palm,Fats and Oils,900.0,0.0,100.0,0.0,,,
172333,"Shortening frying (heavy duty), soybean (hydrogenated), linoleic (less than 1%)",Fats and Oils,900.0,0.0,100.0,0.0,,,
172334,"Shortening, confectionery, fractionated palm",Fats and Oils,900.0,0.0,100.0,0.0,0.5136770708907648,,6.99
172335,"Oil, nutmeg butter",Fats and Oils,900.0,0.0,100.0,0.0,1.6253156313691282,,5.99
172336,"Oil, canola",Fats and Oils,900.0,0.0,100.0,0.0,0.32995851907003343,,4.49
172337,"Oil, mustard",Fats and Oils,900.0,0.0,100.0,0.0,3.3523727196356963,,2.49
172338,"Oil, sunflower, high oleic (70% and over)",Fats and Oils,900.0,0.0,100.0,0.0,0.41843737362689765,5 lb,9.49
172339,"Margarine-like, margarine-butter blend, soybean oil and butter",Fats and Oils,727.2,0.31,80.32,0.77,0.9376994884930127,,3.19
172340,"Fish oil, herring",Fats and Oils,900.0,0.0,100.0,0.0,,100 ct,16.99
172341,"Fish oil, menhaden",Fats and Oils,900.0,0.0,100.0,0.0,,,
172342,"Fish oil, menhaden, fully hydrogenated",Fats and Oils,900.0,0.0,100.0,0.0,,,
172343,"Fish oil, salmon",Fats and Oils,900.0,0.0,100.0,0.0,6.602844752437083,,5.99
172344,"Butter, light, stick, without salt",Fats and Oils,509.1,3.3,55.1,0.0,1.055867261024107,,4.49
172345,"Animal fat, bacon grease",Fats and Oils,895.5,0.0,99.5,0.0,1.7619343993815415,,9.99
172346,"Margarine, regular, 80% fat, composite, stick, with salt",Fats and Oils,729.8,0.16,80.71,0.7,,,
172347,"Margarine, regular, 80% fat, composite, tub, with salt",Fats and Oils,725.4,0.22,80.17,0.75,,,
172348,"Margarine-like, vegetable oil spread, 60% fat, stick, with salt",Fats and Oils,546.8,0.12,60.39,0.69,0.8222752463357745,,10.49
172349,"Margarine, regular, 80% fat, composite, tub, without salt",Fats and Oils,725.4,0.22,80.17,0.75,0.9376994884930127,,3.19
172350,"Margarine-like, vegetable oil spread, 60% fat, stick/tub/bottle, without salt",Fats and Oils,542.4,0.17,59.81,0.86,1.055867261024107,,4.49
172351,"Margarine-like, vegetable oil spread, fat free, liquid, with salt",Fats and Oils,43.0,1.5,3.0,2.5,1.055867261024107,,4.49
172352,"Margarine-like spread with yogurt, 70% fat, stick, with salt",Fats and Oils,633.2,0.3,70.0,0.5,,,
172353,"Margarine-like, vegetable oil spread, fat-free, tub",Fats and Oils,45.1,0.1,3.04,4.34,1.055867261024107,,4.49
172354,"Margarine-like, vegetable oil spread, 20% fat, with salt",Fats and Oils,177.1,0.0,19.5,0.4,0.8222752463357745,,10.49
172355,"Margarine-like, vegetable oil spread, 20% fat, without salt",Fats and Oils,177.1,0.0,19.5,0.4,0.8222752463357745,,10.49
172356,"Salad dressing, thousand island dressing, fat-free",Fats and Oils,132.3,0.55,1.45,29.27,,16 fo,3.49
172357,"Oil, industrial, mid-oleic, sunflower",Fats and Oils,900.0,0.0,100.0,0.0,2.241499945705155,,6.99
172358,"Oil, industrial, canola with antifoaming agent, principal uses salads, woks and light frying",Fats and Oils,900.0,0.0,100.0,0.0,2.241499945705155,,6.99
172359,"Oil, industrial, canola for salads, woks and light frying",Fats and Oils,900.0,0.0,100.0,0.0,2.241499945705155,,6.99
172360,"Oil, industrial, canola (partially hydrogenated) oil for deep fat frying",Fats and Oils,900.0,0.0,100.0,0.0,2.241499945705155,,6.99
172361,"Oil, industrial, soy (partially hydrogenated), multiuse for non-dairy butter flavor",Fats and Oils,900.0,0.0,100.0,0.0,2.241499945705155,,6.99
172362,"Oil, industrial, soy ( partially hydrogenated), all purpose",Fats and Oils,900.0,0.0,100.0,0.0,2.241499945705155,,6.99
172363,"Oil, industrial, soy (partially hydrogenated ) and soy (winterized), pourable clear fry",Fats and Oils,900.0,0.0,100.0,0.0,2.241499945705155,,6.99
172364,"Oil, industrial, soy (partially hydrogenated)  and cottonseed, principal use as a tortilla shortening",Fats and Oils,900.0,0.0,100.0,0.0,2.241499945705155,,6.99
172365,"Oil, industrial, coconut, confection fat, typical basis for ice cream coatings",Fats and Oils,900.0,0.0,100.0,0.0,2.241499945705155,,6.99
172366,"Oil, industrial, palm kernel (hydrogenated) , used for whipped toppings, non-dairy",Fats and Oils,900.0,0.0,100.0,0.0,2.241499945705155,,6.99
172367,"Oil, industrial, coconut (hydrogenated), used for whipped toppings and coffee whiteners",Fats and Oils,895.5,0.0,99.5,0.0,2.241499945705155,,6.99
172368,"Oil, industrial, palm and palm kernel, filling fat (non-hydrogenated)",Fats and Oils,895.5,0.0,99.5,0.0,2.241499945705155,,6.99
172369,"Margarine, industrial, soy and partially hydrogenated soy oil, use for baking, sauces and candy",Fats and Oils,723.6,0.18,80.0,0.71,,1 x 0.75 in,3.99
172370,"Oil, vegetable, soybean, refined",Fats and Oils,900.0,0.0,100.0,0.0,0.3284887706554676,,1.49
172371,"Margarine-like spread, SMART BALANCE Regular Buttery Spread with flax oil",Fats and Oils,582.8,0.14,64.63,0.14,,,
172372,"Margarine-like spread, SMART BALANCE Light Buttery Spread",Fats and Oils,335.7,0.02,36.41,1.98,,,
172373,"Chicken, broilers or fryers, drumstick, meat and skin, raw",Poultry Products,155.6,18.08,9.2,0.11,1.4414223542123994,,8.99
172374,"Chicken, broilers or fryers, drumstick, meat and skin, cooked, fried, batter",Poultry Products,262.7,21.95,15.75,8.28,1.4414223542123994,,8.99
172375,"Chicken, broilers or fryers, drumstick, meat only, cooked, fried",Poultry Products,187.2,28.62,8.08,0.0,1.4414223542123994,,8.99
172376,"Chicken, broilers or fryers, dark meat, drumstick, meat only, cooked, roasted",Poultry Products,148.3,24.24,5.7,0.0,1.4414223542123994,,8.99
172377,"Chicken, broilers or fryers, drumstick, meat only, cooked, stewed",Poultry Products,161.4,27.5,5.71,0.0,,,
172378,"Chicken, broilers or fryers, leg, meat and skin, raw",Poultry Products,209.7,16.37,15.95,0.17,,,
172379,"Chicken, broilers or fryers, leg, meat only, cooked, fried",Poultry Products,200.0,28.38,9.32,0.65,,,
172380,"Chicken, broilers or fryers, leg, meat only, cooked, roasted",Poultry Products,167.1,24.22,7.8,0.0,1.4414223542123994,,8.99
172381,"Chicken, broilers or fryers, leg, meat only, cooked, stewed",Poultry Products,177.6,26.26,8.06,0.0,1.4414223542123994,,8.99
172382,"Chicken, broilers or fryers, neck, meat and skin, raw",Poultry Products,292.4,14.07,26.24,0.0,1.4414223542123994,,8.99
172383,"Chicken, broilers or fryers, neck, meat only, cooked, fried",Poultry Products,221.5,26.87,11.88,1.77,1.4414223542123994,,8.99
172384,"Chicken, broilers or fryers, neck, meat only, cooked, simmered",Poultry Products,171.9,24.56,8.18,0.0,1.4414223542123994,,8.99
172385,"Chicken, broilers or fryers, thigh, meat and skin, raw",Poultry Products,216.6,16.52,16.61,0.25,1.4414223542123994,,8.99
172386,"Chicken, broilers or fryers, thigh, meat and skin, cooked, fried, batter",Poultry Products,271.5,21.61,16.53,9.08,,,
172387,"Chicken, broilers or fryers, thigh, meat only, cooked, fried",Poultry Products,210.1,28.18,10.3,1.18,1.4414223542123994,,8.99
172388,"Chicken, broilers or fryers, thigh, meat only, cooked, roasted",Poultry Products,172.4,24.76,8.15,0.0,1.4414223542123994,,8.99
172389,"Chicken, broilers or fryers, thigh, meat only, cooked, stewed",Poultry Products,188.1,25.0,9.79,0.0,1.4414223542123994,,8.99
172390,"Chicken, broilers or fryers, wing, meat and skin, raw",Poultry Products,185.7,17.52,12.85,0.0,1.4414223542123994,,8.99
172391,"Chicken, broilers or fryers, wing, meat only, cooked, fried",Poultry Products,203.0,30.15,9.15,0.0,,,
172392,"Chicken, broilers or fryers, wing, meat only, cooked, roasted",Poultry Products,195.0,30.46,8.13,0.0,1.4414223542123994,,8.99
172393,"Chicken, broilers or fryers, wing, meat only, cooked, stewed",Poultry Products,173.3,27.18,7.18,0.0,1.4414223542123994,,8.99
172394,"Chicken, roasting, meat and skin and giblets and neck, raw",Poultry Products,207.9,17.09,15.46,0.09,1.1012089996134635,2 lb,9.99
172395,"Chicken, roasting, meat only, cooked, roasted",Poultry Products,159.7,25.01,6.63,0.0,1.1012089996134635,2 lb,9.99
172396,"Chicken, roasting, giblets, raw",Poultry Products,122.5,18.14,5.04,1.14,,,
172397,"Chicken, roasting, giblets, cooked, simmered",Poultry Products,157.5,26.77,5.22,0.86,,,
172398,"Chicken, roasting, light meat, meat only, raw",Poultry Products,103.5,22.2,1.63,0.0,1.1012089996134635,2 lb,9.99
172399,"Chicken, stewing, meat and skin, and giblets and neck, cooked, stewed",Poultry Products,206.7,24.88,11.91,0.0,16.11516147353688,12 ct,15.99
172400,"Chicken, stewing, meat and skin, raw",Poultry Products,253.2,17.55,20.33,0.0,16.11516147353688,12 ct,15.99
172401,"Chicken, stewing, meat and skin, cooked, stewed",Poultry Products,277.4,26.88,18.87,0.0,16.11516147353688,12 ct,15.99
172402,"Chicken, stewing, meat only, raw",Poultry Products,141.9,21.26,6.32,0.0,16.11516147353688,12 ct,15.99
172403,"Chicken, stewing, meat only, cooked, stewed",Poultry Products,228.7,30.42,11.89,0.0,16.11516147353688,12 ct,15.99
172404,"Chicken, stewing, dark meat, meat only, raw",Poultry Products,151.9,19.7,8.12,0.0,16.11516147353688,12 ct,15.99
172405,"Chicken, stewing, dark meat, meat only, cooked, stewed",Poultry Products,250.1,28.14,15.28,0.0,16.11516147353688,12 ct,15.99
172406,"Chicken, capons, meat and skin and giblets and neck, raw",Poultry Products,226.5,18.51,16.9,0.08,0.38470664751261135,,3.49
172407,"Chicken, capons, meat and skin and giblets and neck, cooked, roasted",Poultry Products,218.6,28.35,11.67,0.04,0.38470664751261135,,3.49
172408,"Duck, domesticated, meat and skin, raw",Poultry Products,400.0,11.49,39.34,0.0,,,
172409,"Duck, domesticated, meat and skin, cooked, roasted",Poultry Products,331.1,18.99,28.35,0.0,,25 yard,5.49
172410,"Duck, domesticated, meat only, raw",Poultry Products,130.4,18.28,5.95,0.94,,25 yard,5.49
172411,"Duck, domesticated, meat only, cooked, roasted",Poultry Products,194.7,23.48,11.2,0.0,,25 yard,5.49
172412,"Goose, domesticated, meat and skin, cooked, roasted",Poultry Products,297.9,25.16,21.92,0.0,,,
172413,"Goose, domesticated, meat only, raw",Poultry Products,155.2,22.75,7.13,0.0,,,
172414,"Goose, domesticated, meat only, cooked, roasted",Poultry Products,229.9,28.97,12.67,0.0,,,
172415,"Goose, liver, raw",Poultry Products,129.3,16.37,4.28,6.32,,750 ml,17.99
172416,"Guinea hen, meat and skin, raw",Poultry Products,151.6,23.4,6.45,0.0,,,
172417,"Pheasant, leg, meat only, raw",Poultry Products,127.5,22.2,4.3,0.0,,,
172418,"Quail, meat and skin, raw",Poultry Products,187.0,19.63,12.05,0.0,0.17614934748571717,10 lb,7.99
172419,"Quail, meat only, raw",Poultry Products,127.8,21.76,4.53,0.0,,,
172420,"Lentils, raw",Legumes and Legume Products,361.5,24.63,1.06,63.35,0.6371359377142962,,2.89
172421,"Lentils, mature seeds, cooked, boiled, without salt",Legumes and Legume Products,120.0,9.02,0.38,20.13,0.6371359377142962,,2.89
172422,"Lima beans, thin seeded (baby), mature seeds, cooked, boiled, without salt",Legumes and Legume Products,128.8,8.04,0.38,23.31,,,
172423,"Lupins, mature seeds, raw",Legumes and Legume Products,393.8,36.17,9.74,40.37,,,
172424,"Lupins, mature seeds, cooked, boiled, without salt",Legumes and Legume Products,128.1,15.57,2.92,9.88,,,
172425,"Mothbeans, mature seeds, raw",Legumes and Legume Products,352.3,22.94,1.61,61.52,,,
172426,"Mothbeans, mature seeds, cooked, boiled, without salt",Legumes and Legume Products,120.0,7.81,0.55,20.96,,,
172427,"Mungo beans, mature seeds, cooked, boiled, without salt",Legumes and Legume Products,108.5,7.54,0.55,18.34,,,
172428,"Peas, green, split, mature seeds, raw",Legumes and Legume Products,374.0,23.12,3.89,61.63,0.36743710364146265,,1.25
172429,"Peas, split, mature seeds, cooked, boiled, without salt",Legumes and Legume Products,121.3,8.34,0.39,21.1,0.948144083609289,,3.79
172430,"Peanuts, all types, raw",Legumes and Legume Products,610.9,25.8,49.24,16.13,,,
172431,"Peanuts, spanish, oil-roasted, with salt",Legumes and Legume Products,623.2,28.01,49.04,17.45,0.5849598689972085,,1.99
172432,"Peanuts, valencia, raw",Legumes and Legume Products,612.2,25.09,47.58,20.91,0.27557782773109696,4 lb,5.0
172433,"Peanuts, valencia, oil-roasted, with salt",Legumes and Legume Products,634.5,27.04,51.24,16.3,0.27557782773109696,4 lb,5.0
172434,"Peanuts, virginia, raw",Legumes and Legume Products,605.7,25.19,48.75,16.54,1.0808949768835712,,4.29
172435,"Peanut flour, low fat",Legumes and Legume Products,457.4,33.8,21.9,31.27,1.9092031905210398,,12.99
172436,"Pigeon peas (red gram), mature seeds, raw",Legumes and Legume Products,351.3,21.7,1.49,62.78,0.5620317937299812,,2.39
172437,"Pigeon peas (red gram), mature seeds, cooked, boiled, without salt",Legumes and Legume Products,123.5,6.76,0.38,23.25,0.5620317937299812,,2.39
172438,"Refried beans, canned, traditional style",Legumes and Legume Products,92.2,4.98,2.01,13.55,0.4828123541848819,,2.19
172439,"Bacon, meatless",Legumes and Legume Products,333.7,11.69,29.52,5.31,3.3527060976839285,,4.99
172440,"Soybeans, mature seeds, roasted, salted",Legumes and Legume Products,503.7,38.55,25.4,30.22,0.8783216525445523,,2.49
172441,"Soybeans, mature seeds, dry roasted",Legumes and Legume Products,483.8,43.32,21.62,28.98,0.8783216525445523,,2.49
172442,Miso,Legumes and Legume Products,206.7,12.79,6.01,25.37,1.9019880619404435,,9.49
172443,Natto,Legumes and Legume Products,227.3,19.4,11.0,12.68,,90 ct,8.99
172444,"Soy flour, low-fat",Legumes and Legume Products,401.9,49.81,8.9,30.63,,,
172445,"Soy meal, defatted, raw",Legumes and Legume Products,361.9,49.2,2.39,35.89,,,
172446,"Soymilk, original and vanilla, unfortified",Legumes and Legume Products,54.0,3.27,1.75,6.28,,1 / 2 gal,2.59
172447,"Soy protein concentrate, produced by alcohol extraction",Legumes and Legume Products,360.3,63.63,0.46,25.41,6.342258358534558,,8.99
172448,"Tofu, firm, prepared with calcium sulfate and magnesium chloride (nigari)",Legumes and Legume Products,85.1,9.04,4.17,2.85,0.8785829411515862,,2.69
172449,"Tofu, soft, prepared with calcium sulfate and magnesium chloride (nigari)",Legumes and Legume Products,66.6,7.17,3.69,1.18,0.39462744931093086,,1.79
172450,"Tofu, dried-frozen (koyadofu)",Legumes and Legume Products,523.1,52.47,30.34,10.03,2.347678134199852,,5.99
172451,"Tofu, fried",Legumes and Legume Products,292.3,18.82,20.18,8.86,,2 ct,1.99
172452,Okara,Legumes and Legume Products,78.6,3.52,1.73,12.23,1.100106688302539,,4.99
172453,"Winged beans, mature seeds, cooked, boiled, without salt",Legumes and Legume Products,154.8,10.62,5.84,14.94,,,
172454,"Hummus, home prepared",Legumes and Legume Products,177.2,4.86,8.59,20.12,13.210098750117863,6 ct,7.49
172455,"Falafel, home-prepared",Legumes and Legume Products,340.8,13.31,17.8,31.84,1.7601707012840624,,4.99
172456,"Soymilk, original and vanilla, with added calcium, vitamins A and D",Legumes and Legume Products,43.3,2.6,1.47,4.92,,1 / 2 gal,2.59
172457,"Peanut spread, reduced sugar",Legumes and Legume Products,650.1,24.8,54.89,14.23,0.7360149075449763,,6.99
172458,"Peanut butter, smooth, reduced fat",Legumes and Legume Products,552.2,25.9,34.0,35.65,1.100106688302539,,4.99
172459,"Peanut butter, smooth, vitamin and mineral fortified",Legumes and Legume Products,635.2,25.72,50.81,18.75,1.100106688302539,,4.99
172460,"Peanut butter, chunky, vitamin and mineral fortified",Legumes and Legume Products,638.2,26.06,51.47,17.69,0.9898755572101003,,4.49
172461,"MORI-NU, Tofu, silken, firm",Legumes and Legume Products,61.5,6.9,2.7,2.4,0.870522547196067,,2.69
172462,"MORI-NU, Tofu, silken, extra firm",Legumes and Legume Products,54.7,7.4,1.9,2.0,0.870522547196067,,2.69
172463,"MORI-NU, Tofu, silken, lite firm",Legumes and Legume Products,36.8,6.3,0.8,1.1,0.870522547196067,,2.69
172464,"MORI-NU, Tofu, silken, lite extra firm",Legumes and Legume Products,38.3,7.0,0.7,1.0,0.870522547196067,,2.69
172465,"Refried beans, canned, fat-free",Legumes and Legume Products,79.4,5.34,0.45,13.5,0.4828123541848819,,2.19
172466,"Frijoles rojos volteados (Refried beans, red, canned)",Legumes and Legume Products,144.2,5.0,6.93,15.47,,,
172467,"Tempeh, cooked",Legumes and Legume Products,212.5,19.91,11.38,7.62,,,
172468,"Vitasoy USA, Nasoya Lite Firm Tofu",Legumes and Legume Products,53.7,8.3,1.7,1.3,,,
172469,"Peanut butter, chunk style, without salt",Legumes and Legume Products,632.0,24.06,49.94,21.57,0.6605049375058932,,7.49
172470,"Peanut butter, smooth style, without salt",Legumes and Legume Products,640.3,22.21,51.36,22.31,1.100106688302539,,4.99
172471,"Peanut butter with omega-3, creamy",Legumes and Legume Products,653.4,24.47,54.17,17.0,0.6605049375058932,,7.49
172472,"Pigeon peas (red gram), mature seeds, cooked, boiled, with salt",Legumes and Legume Products,123.5,6.76,0.38,23.25,0.5620317937299812,,2.39
172473,"Soy sauce made from soy and wheat (shoyu), low sodium",Legumes and Legume Products,61.3,9.05,0.3,5.59,,,
172474,"Soy sauce, reduced sodium, made from hydrolyzed vegetable protein",Legumes and Legume Products,93.3,8.19,0.31,14.44,1.0546914622924544,,2.99
172475,"Tofu, raw, firm, prepared with calcium sulfate",Legumes and Legume Products,158.7,17.27,8.72,2.78,1.3516982219079214,,4.79
172476,"Tofu, raw, regular, prepared with calcium sulfate",Legumes and Legume Products,82.8,8.08,4.78,1.87,,,
172477,"Winged beans, mature seeds, cooked, boiled, with salt",Legumes and Legume Products,154.8,10.62,5.84,14.94,,,
172478,"Veal, Australian, rib, rib roast, separable lean only, raw","Lamb, Veal, and Game Products",134.1,21.7,4.63,1.4,,750 ml,8.99
172479,"Lamb, composite of trimmed retail cuts, separable lean and fat, trimmed to 1/4"" fat, choice, raw","Lamb, Veal, and Game Products",261.8,16.88,21.59,0.0,2.86380478578156,1 lb,12.99
172480,"Lamb, composite of trimmed retail cuts, separable lean and fat, trimmed to 1/4"" fat, choice, cooked","Lamb, Veal, and Game Products",286.5,24.52,20.94,0.0,2.86380478578156,1 lb,12.99
172481,"Lamb, foreshank, separable lean and fat, trimmed to 1/4"" fat, choice, raw","Lamb, Veal, and Game Products",196.1,18.91,13.38,0.0,,,
172482,"Lamb, foreshank, separable lean and fat, trimmed to 1/4"" fat, choice, cooked, braised","Lamb, Veal, and Game Products",234.6,28.37,13.46,0.0,2.86380478578156,1 lb,12.99
172483,"Lamb, foreshank, separable lean only, trimmed to 1/4"" fat, choice, raw","Lamb, Veal, and Game Products",113.9,21.08,3.29,0.0,2.86380478578156,1 lb,12.99
172484,"Lamb, foreshank, separable lean only, trimmed to 1/4"" fat, choice, cooked, braised","Lamb, Veal, and Game Products",178.2,31.01,6.02,0.0,2.86380478578156,1 lb,12.99
172485,"Lamb, leg, shank half, separable lean and fat, trimmed to 1/4"" fat, choice, cooked, roasted","Lamb, Veal, and Game Products",217.7,26.41,12.45,0.0,,16.4 ft,22.29
172486,"Lamb, leg, shank half, separable lean only, trimmed to 1/4"" fat, choice, raw","Lamb, Veal, and Game Products",119.8,20.52,4.19,0.0,,16.4 ft,22.29
172487,"Lamb, leg, shank half, separable lean only, trimmed to 1/4"" fat, choice, cooked, roasted","Lamb, Veal, and Game Products",172.7,28.17,6.67,0.0,,16.4 ft,22.29
172488,"Lamb, leg, sirloin half, separable lean and fat, trimmed to 1/4"" fat, choice, raw","Lamb, Veal, and Game Products",266.8,16.94,22.11,0.0,,16.4 ft,22.29
172489,"Lamb, loin, separable lean and fat, trimmed to 1/4"" fat, choice, cooked, broiled","Lamb, Veal, and Game Products",308.4,25.17,23.08,0.0,3.525191572336192,1 lb,15.99
172490,"Lamb, loin, separable lean and fat, trimmed to 1/4"" fat, choice, cooked, roasted","Lamb, Veal, and Game Products",302.5,22.55,23.59,0.0,3.525191572336192,1 lb,15.99
172491,"Lamb, loin, separable lean only, trimmed to 1/4"" fat, choice, raw","Lamb, Veal, and Game Products",137.0,20.88,5.94,0.0,3.525191572336192,1 lb,15.99
172492,"Lamb, loin, separable lean only, trimmed to 1/4"" fat, choice, cooked, broiled","Lamb, Veal, and Game Products",207.5,29.99,9.73,0.0,3.525191572336192,1 lb,15.99
172493,"Lamb, rib, separable lean only, trimmed to 1/4"" fat, choice, raw","Lamb, Veal, and Game Products",163.0,19.98,9.23,0.0,5.288889669815213,1 lb,23.99
172494,"Lamb, rib, separable lean only, trimmed to 1/4"" fat, choice, cooked, broiled","Lamb, Veal, and Game Products",227.5,27.74,12.95,0.0,5.288889669815213,1 lb,23.99
172495,"Lamb, rib, separable lean only, trimmed to 1/4"" fat, choice, cooked, roasted","Lamb, Veal, and Game Products",224.4,26.16,13.31,0.0,5.288889669815213,1 lb,23.99
172496,"Lamb, shoulder, whole (arm and blade), separable lean and fat, trimmed to 1/4"" fat, choice, raw","Lamb, Veal, and Game Products",259.4,16.58,21.45,0.0,2.86380478578156,1 lb,12.99
172497,"Lamb, shoulder, whole (arm and blade), separable lean and fat, trimmed to 1/4"" fat, choice, cooked, braised","Lamb, Veal, and Game Products",335.7,28.68,24.55,0.0,2.86380478578156,1 lb,12.99
172498,"Lamb, shoulder, whole (arm and blade), separable lean only, trimmed to 1/4"" fat, choice, cooked, broiled","Lamb, Veal, and Game Products",203.0,27.12,10.5,0.0,2.86380478578156,1 lb,12.99
172499,"Lamb, shoulder, whole (arm and blade), separable lean only, trimmed to 1/4"" fat, choice, cooked, roasted","Lamb, Veal, and Game Products",196.7,24.94,10.77,0.0,2.86380478578156,1 lb,12.99
172500,"Lamb, shoulder, arm, separable lean and fat, trimmed to 1/4"" fat, choice, raw","Lamb, Veal, and Game Products",255.3,16.79,20.9,0.0,2.86380478578156,1 lb,12.99
172501,"Lamb, shoulder, arm, separable lean and fat, trimmed to 1/4"" fat, choice, cooked, braised","Lamb, Veal, and Game Products",337.6,30.39,24.0,0.0,2.86380478578156,1 lb,12.99
172502,"Lamb, shoulder, arm, separable lean only, trimmed to 1/4"" fat, choice, cooked, broiled","Lamb, Veal, and Game Products",192.0,27.71,9.02,0.0,2.86380478578156,1 lb,12.99
172503,"Lamb, shoulder, arm, separable lean only, trimmed to 1/4"" fat, choice, cooked, roasted","Lamb, Veal, and Game Products",185.2,25.46,9.26,0.0,2.86380478578156,1 lb,12.99
172504,"Lamb, shoulder, blade, separable lean and fat, trimmed to 1/4"" fat, choice, raw","Lamb, Veal, and Game Products",254.3,16.63,20.86,0.0,2.86380478578156,1 lb,12.99
172505,"Lamb, shoulder, blade, separable lean and fat, trimmed to 1/4"" fat, choice, cooked, braised","Lamb, Veal, and Game Products",336.6,28.51,24.73,0.0,2.86380478578156,1 lb,12.99
172506,"Lamb, shoulder, blade, separable lean only, trimmed to 1/4"" fat, choice, cooked, broiled","Lamb, Veal, and Game Products",203.8,25.48,11.32,0.0,2.86380478578156,1 lb,12.99
172507,"Lamb, shoulder, blade, separable lean only, trimmed to 1/4"" fat, choice, cooked, roasted","Lamb, Veal, and Game Products",202.6,24.61,11.57,0.0,2.86380478578156,1 lb,12.99
172508,"Lamb, cubed for stew or kabob (leg and shoulder), separable lean only, trimmed to 1/4"" fat, raw","Lamb, Veal, and Game Products",128.4,20.21,5.28,0.0,,,
172509,"Lamb, cubed for stew or kabob (leg and shoulder), separable lean only, trimmed to 1/4"" fat, cooked, braised","Lamb, Veal, and Game Products",214.0,33.69,8.8,0.0,,,
172510,"Lamb, cubed for stew or kabob (leg and shoulder), separable lean only, trimmed to 1/4"" fat, cooked, broiled","Lamb, Veal, and Game Products",178.3,28.08,7.33,0.0,,,
172511,"Lamb, New Zealand, imported, frozen, composite of trimmed retail cuts, separable fat, raw","Lamb, Veal, and Game Products",636.3,6.92,67.63,0.0,,750 ml,17.99
172512,"Lamb, New Zealand, imported, frozen, composite of trimmed retail cuts, separable fat, cooked","Lamb, Veal, and Game Products",582.4,9.72,60.39,0.0,,750 ml,17.99
172513,"Lamb, New Zealand, imported, fore-shank, separable lean and fat, raw","Lamb, Veal, and Game Products",183.1,20.09,11.38,0.09,,,
172514,"Lamb, New Zealand, imported, fore-shank, separable lean and fat, cooked, braised","Lamb, Veal, and Game Products",256.4,30.35,14.99,0.03,,750 ml,17.99
172515,"Lamb, New Zealand, imported, leg chop/steak, bone-in, separable lean only, raw","Lamb, Veal, and Game Products",126.2,21.1,4.64,0.0,,750 ml,17.99
172516,"Lamb, New Zealand, imported, frozen, leg, whole (shank and sirloin), separable lean only, cooked, roasted","Lamb, Veal, and Game Products",173.8,27.68,7.01,0.0,,,
172517,"Lamb, New Zealand, imported, loin chop, separable lean and fat, raw","Lamb, Veal, and Game Products",298.2,15.4,26.19,0.22,,750 ml,17.99
172518,"Game meat, muskrat, raw","Lamb, Veal, and Game Products",155.9,20.76,8.1,0.0,,,
172519,"Game meat, muskrat, cooked, roasted","Lamb, Veal, and Game Products",226.0,30.09,11.74,0.0,,,
172520,"Game meat, opossum, cooked, roasted","Lamb, Veal, and Game Products",212.6,30.2,10.2,0.0,,,
172521,"Game meat, rabbit, domesticated, composite of cuts, raw","Lamb, Veal, and Game Products",130.2,20.05,5.55,0.0,1.1459628388369936,5 lb,25.99
172522,"Game meat, rabbit, domesticated, composite of cuts, cooked, roasted","Lamb, Veal, and Game Products",188.7,29.06,8.05,0.0,1.1459628388369936,5 lb,25.99
172523,"Game meat, squirrel, raw","Lamb, Veal, and Game Products",113.8,21.23,3.21,0.0,,,
172524,"Game meat, squirrel, cooked, roasted","Lamb, Veal, and Game Products",165.3,30.77,4.69,0.0,,,
172525,"Lamb, variety meats and by-products, brain, raw","Lamb, Veal, and Game Products",118.8,10.4,8.58,0.0,2.86380478578156,1 lb,12.99
172526,"Lamb, variety meats and by-products, brain, cooked, braised","Lamb, Veal, and Game Products",141.7,12.55,10.17,0.0,2.86380478578156,1 lb,12.99
172527,"Lamb, variety meats and by-products, heart, raw","Lamb, Veal, and Game Products",117.8,16.47,5.68,0.21,,,
172528,"Lamb, variety meats and by-products, heart, cooked, braised","Lamb, Veal, and Game Products",178.8,24.97,7.91,1.93,2.86380478578156,1 lb,12.99
172529,"Veal, variety meats and by-products, heart, raw","Lamb, Veal, and Game Products",104.9,17.18,3.98,0.08,,,
172530,"Veal, variety meats and by-products, heart, cooked, braised","Lamb, Veal, and Game Products",177.8,29.12,6.75,0.13,,,
172531,"Lamb, variety meats and by-products, liver, raw","Lamb, Veal, and Game Products",133.8,20.38,5.02,1.78,2.86380478578156,1 lb,12.99
172532,"Lamb, variety meats and by-products, liver, cooked, braised","Lamb, Veal, and Game Products",211.7,30.57,8.81,2.53,2.86380478578156,1 lb,12.99
172533,"Lamb, variety meats and by-products, liver, cooked, pan-fried","Lamb, Veal, and Game Products",231.1,25.53,12.65,3.78,2.86380478578156,1 lb,12.99
172534,"Veal, variety meats and by-products, liver, raw","Lamb, Veal, and Game Products",135.0,19.93,4.85,2.91,,,
172535,"Veal, variety meats and by-products, liver, cooked, braised","Lamb, Veal, and Game Products",185.1,28.42,6.26,3.77,,,
172536,"Veal, variety meats and by-products, lungs, cooked, braised","Lamb, Veal, and Game Products",98.7,18.74,2.64,0.0,,,
172537,"Lamb, variety meats and by-products, mechanically separated, raw","Lamb, Veal, and Game Products",271.7,14.97,23.54,0.0,,,
172538,"Lamb, variety meats and by-products, pancreas, raw","Lamb, Veal, and Game Products",147.7,14.84,9.82,0.0,2.86380478578156,1 lb,12.99
172539,"Lamb, variety meats and by-products, pancreas, cooked, braised","Lamb, Veal, and Game Products",227.4,22.83,15.12,0.0,2.86380478578156,1 lb,12.99
172540,"Veal, variety meats and by-products, spleen, raw","Lamb, Veal, and Game Products",93.0,18.3,2.2,0.0,,,
172541,"Veal, variety meats and by-products, spleen, cooked, braised","Lamb, Veal, and Game Products",122.3,24.08,2.89,0.0,,,
172542,"Veal, variety meats and by-products, thymus, raw","Lamb, Veal, and Game Products",96.5,17.21,3.07,0.0,,,
172543,"Veal, variety meats and by-products, thymus, cooked, braised","Lamb, Veal, and Game Products",118.7,22.67,3.11,0.0,,,
172544,"Lamb, ground, cooked, broiled","Lamb, Veal, and Game Products",275.8,24.75,19.65,0.0,0.6783454221073156,,2.5
172545,"Lamb, composite of trimmed retail cuts, separable lean and fat, trimmed to 1/8"" fat, choice, raw","Lamb, Veal, and Game Products",238.1,17.54,18.66,0.0,2.86380478578156,1 lb,12.99
172546,"Lamb, composite of trimmed retail cuts, separable lean and fat, trimmed to 1/8"" fat, choice, cooked","Lamb, Veal, and Game Products",264.1,25.51,18.01,0.0,,,
172547,"Lamb, foreshank, separable lean and fat, trimmed to 1/8"" fat, choice, raw","Lamb, Veal, and Game Products",196.1,18.91,13.38,0.0,2.86380478578156,1 lb,12.99
172548,"Lamb, leg, shank half, separable lean and fat, trimmed to 1/8"" fat, choice, cooked, roasted","Lamb, Veal, and Game Products",209.5,26.73,11.4,0.0,,16.4 ft,22.29
172549,"Lamb, leg, sirloin half, separable lean and fat, trimmed to 1/8"" fat, choice, raw","Lamb, Veal, and Game Products",256.0,17.21,20.8,0.0,,16.4 ft,22.29
172550,"Lamb, leg, sirloin half, separable lean and fat, trimmed to 1/8"" fat, choice, cooked, roasted","Lamb, Veal, and Game Products",276.8,24.95,19.67,0.0,,16.4 ft,22.29
172551,"Lamb, loin, separable lean and fat, trimmed to 1/8"" fat, choice, raw","Lamb, Veal, and Game Products",273.5,17.18,22.75,0.0,3.525191572336192,1 lb,15.99
172552,"Lamb, rib, separable lean and fat, trimmed to 1/8"" fat, choice, cooked, roasted","Lamb, Veal, and Game Products",335.0,21.82,27.53,0.0,5.288889669815213,1 lb,23.99
172553,"Lamb, shoulder, whole (arm and blade), separable lean and fat, trimmed to 1/8"" fat, choice, raw","Lamb, Veal, and Game Products",238.9,17.07,18.96,0.0,2.86380478578156,1 lb,12.99
172554,"Lamb, shoulder, whole (arm and blade), separable lean and fat, trimmed to 1/8"" fat, choice, cooked, braised","Lamb, Veal, and Game Products",330.0,29.46,23.57,0.0,2.86380478578156,1 lb,12.99
172555,"Lamb, shoulder, whole (arm and blade), separable lean and fat, trimmed to 1/8"" fat, choice, cooked, broiled","Lamb, Veal, and Game Products",260.9,23.84,18.39,0.0,2.86380478578156,1 lb,12.99
172556,"Lamb, shoulder, blade, separable lean and fat, trimmed to 1/8"" fat, choice, raw","Lamb, Veal, and Game Products",238.8,17.01,18.97,0.0,2.86380478578156,1 lb,12.99
172557,"Lamb, shoulder, blade, separable lean and fat, trimmed to 1/8"" fat, choice, cooked, braised","Lamb, Veal, and Game Products",330.6,28.92,23.88,0.0,2.86380478578156,1 lb,12.99
172558,"Lamb, shoulder, blade, separable lean and fat, trimmed to 1/8"" fat, choice, cooked, broiled","Lamb, Veal, and Game Products",260.4,23.48,18.5,0.0,2.86380478578156,1 lb,12.99
172559,"Lamb, shoulder, blade, separable lean and fat, trimmed to 1/8"" fat, choice, cooked, roasted","Lamb, Veal, and Game Products",263.2,22.62,19.19,0.0,2.86380478578156,1 lb,12.99
172560,"Lamb, New Zealand, imported, frozen, leg, whole (shank and sirloin), separable lean and fat, trimmed to 1/8"" fat, raw","Lamb, Veal, and Game Products",195.4,18.76,13.37,0.0,,750 ml,17.99
172561,"Lamb, New Zealand, imported, frozen, leg, whole (shank and sirloin), separable lean and fat, trimmed to 1/8"" fat, cooked, roasted","Lamb, Veal, and Game Products",226.9,25.34,13.95,0.0,,,
172562,"Lamb, New Zealand, imported, frozen, loin, separable lean and fat, trimmed to 1/8"" fat, raw","Lamb, Veal, and Game Products",267.6,17.18,22.1,0.0,,750 ml,17.99
172563,"Lamb, New Zealand, imported, frozen, loin, separable lean and fat, trimmed to 1/8"" fat, cooked, broiled","Lamb, Veal, and Game Products",289.2,24.41,21.28,0.0,,750 ml,17.99
172564,"Game meat, bison, top sirloin, separable lean only, trimmed to 0"" fat, raw","Lamb, Veal, and Game Products",107.2,21.4,2.4,0.0,,,
172565,"Game meat, bison, ribeye, separable lean only, trimmed to 0"" fat, raw","Lamb, Veal, and Game Products",110.0,22.1,2.4,0.0,2.643342523596682,,11.99
172566,"Game meat, bison, shoulder clod, separable lean only, trimmed to 0"" fat, raw","Lamb, Veal, and Game Products",103.3,21.1,2.1,0.0,,,
172567,"Veal, breast, separable fat, cooked","Lamb, Veal, and Game Products",517.8,9.4,53.35,0.0,0.7694132950252227,,3.49
172568,"Veal, shank (fore and hind), separable lean and fat, raw","Lamb, Veal, and Game Products",107.9,19.15,3.48,0.0,2.86380478578156,1 lb,12.99
172569,"Veal, shank (fore and hind), separable lean and fat, cooked, braised","Lamb, Veal, and Game Products",182.0,31.54,6.2,0.0,2.86380478578156,1 lb,12.99
172570,"Veal, shank (fore and hind), separable lean only, raw","Lamb, Veal, and Game Products",102.6,19.28,2.83,0.0,2.86380478578156,1 lb,12.99
172571,"Veal, shank (fore and hind), separable lean only, cooked, braised","Lamb, Veal, and Game Products",167.8,32.22,4.33,0.0,2.86380478578156,1 lb,12.99
172572,"Lamb, Australian, imported, fresh, separable fat, raw","Lamb, Veal, and Game Products",644.9,6.27,68.87,0.0,2.86380478578156,1 lb,12.99
172573,"Lamb, Australian, imported, fresh, separable fat, cooked","Lamb, Veal, and Game Products",635.3,9.42,66.4,0.0,2.86380478578156,1 lb,12.99
172574,"Lamb, Australian, imported, fresh, foreshank, separable lean and fat, trimmed to 1/8"" fat, raw","Lamb, Veal, and Game Products",189.5,18.85,12.68,0.0,2.86380478578156,1 lb,12.99
172575,"Lamb, Australian, imported, fresh, foreshank, separable lean and fat, trimmed to 1/8"" fat, cooked, braised","Lamb, Veal, and Game Products",229.1,24.78,14.44,0.0,2.86380478578156,1 lb,12.99
172576,"Lamb, Australian, imported, fresh, leg, whole (shank and sirloin), separable lean only, trimmed to 1/8"" fat, raw","Lamb, Veal, and Game Products",128.9,20.46,5.23,0.0,,,
172577,"Lamb, Australian, imported, fresh, leg, whole (shank and sirloin), separable lean only, trimmed to 1/8"" fat, cooked, roasted","Lamb, Veal, and Game Products",182.1,27.31,8.1,0.0,2.86380478578156,1 lb,12.99
172578,"Lamb, Australian, imported, fresh, leg, shank half, separable lean and fat, trimmed to 1/8"" fat, raw","Lamb, Veal, and Game Products",195.7,18.59,13.48,0.0,2.86380478578156,1 lb,12.99
172579,"Lamb, Australian, imported, fresh, leg, shank half, separable lean and fat, trimmed to 1/8"" fat, cooked, roasted","Lamb, Veal, and Game Products",224.2,25.25,13.69,0.0,2.86380478578156,1 lb,12.99
172580,"Lamb, Australian, imported, fresh, leg, shank half, separable lean only, trimmed to 1/8"" fat, raw","Lamb, Veal, and Game Products",127.7,20.45,5.1,0.0,,,
172581,"Lamb, Australian, imported, fresh, leg, sirloin half, boneless, separable lean only, trimmed to 1/8"" fat, cooked, roasted","Lamb, Veal, and Game Products",206.8,27.75,10.65,0.0,2.86380478578156,1 lb,12.99
172582,"Lamb, Australian, imported, fresh, leg, sirloin chops, boneless, separable lean and fat, trimmed to 1/8"" fat, raw","Lamb, Veal, and Game Products",202.7,18.33,14.38,0.0,2.86380478578156,1 lb,12.99
172583,"Lamb, Australian, imported, fresh, leg, sirloin chops, boneless, separable lean and fat, trimmed to 1/8"" fat, cooked, broiled","Lamb, Veal, and Game Products",227.5,25.75,13.83,0.0,2.86380478578156,1 lb,12.99
172584,"Lamb, Australian, imported, fresh, leg, sirloin chops, boneless, separable lean only, trimmed to 1/8"" fat, raw","Lamb, Veal, and Game Products",125.9,20.43,4.91,0.0,2.86380478578156,1 lb,12.99
172585,"Lamb, Australian, imported, fresh, leg, center slice, bone-in, separable lean only, trimmed to 1/8"" fat, cooked, broiled","Lamb, Veal, and Game Products",176.1,26.75,7.68,0.0,2.86380478578156,1 lb,12.99
172586,"Lamb, Australian, imported, fresh, loin, separable lean and fat, trimmed to 1/8"" fat, raw","Lamb, Veal, and Game Products",197.7,19.32,13.38,0.0,2.86380478578156,1 lb,12.99
172587,"Lamb, Australian, imported, fresh, loin, separable lean and fat, trimmed to 1/8"" fat, cooked, broiled","Lamb, Veal, and Game Products",212.2,25.49,12.25,0.0,2.86380478578156,1 lb,12.99
172588,"Lamb, Australian, imported, fresh, loin, separable lean only, trimmed to 1/8"" fat, raw","Lamb, Veal, and Game Products",140.2,21.0,6.24,0.0,2.86380478578156,1 lb,12.99
172589,"Lamb, Australian, imported, fresh, rib chop, frenched, bone-in, separable lean only, trimmed to 1/8"" fat, cooked, grilled","Lamb, Veal, and Game Products",233.8,32.16,11.68,0.0,2.86380478578156,1 lb,12.99
172590,"Lamb, Australian, imported, fresh, shoulder, whole (arm and blade), separable lean and fat, trimmed to 1/8"" fat, raw","Lamb, Veal, and Game Products",251.0,16.68,20.47,0.0,,,
172591,"Lamb, Australian, imported, fresh, shoulder, whole (arm and blade), separable lean and fat, trimmed to 1/8"" fat, cooked","Lamb, Veal, and Game Products",289.2,23.58,21.65,0.0,2.86380478578156,1 lb,12.99
172592,"Lamb, Australian, imported, fresh, shoulder, whole (arm and blade), separable lean only,   trimmed to 1/8"" fat, raw","Lamb, Veal, and Game Products",149.5,19.36,8.01,0.0,2.86380478578156,1 lb,12.99
172593,"Lamb, Australian, imported, fresh, shoulder, whole (arm and blade), separable lean only, trimmed to 1/8"" fat, cooked","Lamb, Veal, and Game Products",225.7,26.18,13.44,0.0,2.86380478578156,1 lb,12.99
172594,"Lamb, Australian, imported, fresh, shoulder, blade, separable lean and fat, trimmed to 1/8"" fat, raw","Lamb, Veal, and Game Products",257.4,16.48,21.28,0.0,2.86380478578156,1 lb,12.99
172595,"Lamb, Australian, imported, fresh, shoulder, blade, separable lean and fat, trimmed to 1/8"" fat, cooked, broiled","Lamb, Veal, and Game Products",285.1,21.71,22.03,0.0,2.86380478578156,1 lb,12.99
172596,"Lamb, Australian, imported, fresh, shoulder, blade, separable lean only, trimmed to 1/8"" fat, raw","Lamb, Veal, and Game Products",158.2,19.1,9.09,0.0,2.86380478578156,1 lb,12.99
172597,"Lamb, Australian, imported, fresh, shoulder ,blade, separable lean only, trimmed to 1/8"" fat, cooked, broiled","Lamb, Veal, and Game Products",224.7,23.83,14.38,0.0,2.86380478578156,1 lb,12.99
172598,"Game meat, bison, chuck, shoulder clod, separable lean only, raw","Lamb, Veal, and Game Products",112.8,21.12,3.15,0.0,2.643342523596682,,11.99
172599,"Game meat, bison, ribeye, separable lean only, 1"" steak, cooked, broiled","Lamb, Veal, and Game Products",168.8,29.45,5.67,0.0,2.643342523596682,,11.99
172600,"Game meat, bison, top round, separable lean only, 1"" steak, cooked, broiled","Lamb, Veal, and Game Products",165.4,30.18,4.96,0.0,,,
172601,"Game meat, bison, top round, separable lean only, 1"" steak, raw","Lamb, Veal, and Game Products",115.2,23.32,2.43,0.0,,,
172602,"Game meat, deer, ground, raw","Lamb, Veal, and Game Products",151.3,21.78,7.13,0.0,3.131543955301639,,7.99
172603,"Game meat, deer, ground, cooked, pan-broiled","Lamb, Veal, and Game Products",179.8,26.45,8.22,0.0,3.131543955301639,,7.99
172604,"Game meat, deer, loin, separable lean only, 1"" steak, cooked, broiled","Lamb, Veal, and Game Products",142.2,30.2,2.38,0.0,,,
172605,"Game meat, deer, shoulder clod, separable lean only, cooked, braised","Lamb, Veal, and Game Products",180.7,36.28,3.95,0.0,3.131543955301639,,7.99
172606,"Veal, Australian, shank, hind, bone-in, separable lean only, raw","Lamb, Veal, and Game Products",121.7,20.37,4.47,0.0,,750 ml,8.99
172607,"Veal, Australian, shank, hind, bone-in, separable lean and fat, raw","Lamb, Veal, and Game Products",143.9,19.78,7.2,0.0,,750 ml,8.99
172608,"Lamb, Australian, ground,  85% lean / 15% fat, raw","Lamb, Veal, and Game Products",255.0,17.14,20.71,0.0,2.86380478578156,1 lb,12.99
172609,"Lamb, New Zealand, imported, Intermuscular fat, cooked","Lamb, Veal, and Game Products",596.1,8.53,62.44,0.0,,,
172610,"Lamb, New Zealand, imported, breast, separable lean only, cooked, braised","Lamb, Veal, and Game Products",270.4,28.16,17.53,0.0,,750 ml,17.99
172611,"Lamb, New Zealand, imported, breast, separable lean only, raw","Lamb, Veal, and Game Products",149.1,18.31,7.98,1.02,,,
172612,"Lamb, New Zealand, imported, chump, boneless, separable lean only, cooked, fast roasted","Lamb, Veal, and Game Products",142.2,23.69,5.27,0.0,,,
172613,"Lamb, New Zealand, imported, subcutaneous fat, cooked","Lamb, Veal, and Game Products",674.0,5.24,72.28,0.62,,750 ml,17.99
172614,"Lamb, New Zealand, imported, liver, cooked, soaked and fried","Lamb, Veal, and Game Products",168.2,25.8,6.56,1.48,,750 ml,17.99
172615,"Lamb, New Zealand, imported, liver, raw","Lamb, Veal, and Game Products",136.0,20.7,4.92,2.22,,750 ml,17.99
172616,"Lamb, New Zealand, imported, ground lamb, cooked, braised","Lamb, Veal, and Game Products",192.5,22.6,11.34,0.0,,750 ml,17.99
172617,"Lamb, New Zealand, imported, ground lamb, raw","Lamb, Veal, and Game Products",193.0,20.33,12.41,0.0,,750 ml,17.99
172618,"Lamb, New Zealand, imported, testes, cooked, soaked and fried","Lamb, Veal, and Game Products",125.1,21.01,4.56,0.0,,750 ml,17.99
172619,"Lamb, New Zealand, imported, testes, raw","Lamb, Veal, and Game Products",67.6,11.4,2.38,0.14,,750 ml,17.99
172620,"Lamb, New Zealand, imported, tongue - swiss cut, cooked, soaked and simmered","Lamb, Veal, and Game Products",271.8,17.51,22.04,0.86,,750 ml,17.99
172621,"Lamb, New Zealand, imported, tongue - swiss cut, raw","Lamb, Veal, and Game Products",224.6,14.27,18.61,0.0,,750 ml,17.99
172622,"Lamb, New Zealand, imported, tenderloin, separable lean only, cooked, fast fried","Lamb, Veal, and Game Products",155.0,27.94,4.81,0.0,,750 ml,17.99
172623,"Lamb, New Zealand, imported, tenderloin, separable lean only, raw","Lamb, Veal, and Game Products",116.4,20.53,3.81,0.0,,750 ml,17.99
172624,"Lamb, New Zealand, imported, loin saddle, separable lean only, cooked, fast roasted","Lamb, Veal, and Game Products",162.4,25.53,6.7,0.0,,750 ml,17.99
172625,"Lamb, New Zealand, imported, loin saddle, separable lean only, raw","Lamb, Veal, and Game Products",131.3,20.86,5.32,0.0,,750 ml,17.99
172626,"Lamb, New Zealand, imported, neck chops, separable lean only, cooked, braised","Lamb, Veal, and Game Products",263.8,31.4,15.36,0.0,,750 ml,17.99
172627,"Lamb, New Zealand, imported, netted shoulder, rolled, boneless, separable lean only, cooked, slow roasted","Lamb, Veal, and Game Products",198.8,25.14,10.91,0.0,,,
172628,"Lamb, New Zealand, imported, netted shoulder, rolled, boneless, separable lean only, raw","Lamb, Veal, and Game Products",142.7,20.2,6.88,0.0,,750 ml,17.99
172629,"Lamb, New Zealand, imported, rack - fully frenched, separable lean only, cooked, fast roasted","Lamb, Veal, and Game Products",173.0,24.39,8.38,0.0,,750 ml,17.99
172630,"Lamb, New Zealand, imported, flap, boneless, separable lean and fat, cooked, braised","Lamb, Veal, and Game Products",376.2,20.48,32.63,0.14,,,
172631,"Lamb, New Zealand, imported, flap, boneless, separable lean and fat, raw","Lamb, Veal, and Game Products",337.0,16.17,30.14,0.27,,750 ml,17.99
172632,"Lamb, New Zealand, imported, hind-shank, separable lean and fat, cooked, braised","Lamb, Veal, and Game Products",246.5,29.59,14.22,0.04,,,
172633,"Lamb, New Zealand, imported, hind-shank, separable lean and fat, raw","Lamb, Veal, and Game Products",185.6,18.39,12.12,0.73,,750 ml,17.99
172634,"Lamb, New Zealand, imported, loin, boneless, separable lean and fat, cooked, fast roasted","Lamb, Veal, and Game Products",157.0,28.96,4.57,0.0,,750 ml,17.99
172635,"Lamb, New Zealand, imported, loin, boneless, separable lean and fat, raw","Lamb, Veal, and Game Products",121.7,21.44,3.99,0.0,,,
172636,"Lamb, New Zealand, imported, neck chops, separable lean and fat, cooked, braised","Lamb, Veal, and Game Products",307.1,28.53,21.43,0.03,,750 ml,17.99
172637,"Lamb, New Zealand, imported, neck chops, separable lean and fat, raw","Lamb, Veal, and Game Products",231.4,17.43,17.9,0.14,,750 ml,17.99
172638,"Lamb, New Zealand, imported, netted shoulder, rolled, boneless, separable lean and fat, cooked, slow roasted","Lamb, Veal, and Game Products",287.0,21.45,22.33,0.05,,750 ml,17.99
172639,"Lamb, New Zealand, imported, tenderloin, separable lean and fat, cooked, fast fried","Lamb, Veal, and Game Products",156.5,27.87,5.0,0.0,,750 ml,17.99
172640,"Lamb, New Zealand, imported, rack - fully frenched, separable lean and fat, cooked, fast roasted","Lamb, Veal, and Game Products",195.1,23.56,11.2,0.01,,750 ml,17.99
172641,"Lamb, New Zealand, imported, rack - fully frenched, separable lean and fat, raw","Lamb, Veal, and Game Products",169.4,19.88,9.96,0.05,,750 ml,17.99
172642,"Lamb, New Zealand, imported, tunnel-boned leg, chump off, shank off, separable lean and fat, cooked, slow roasted","Lamb, Veal, and Game Products",207.9,23.41,12.68,0.03,,750 ml,17.99
172643,"Veal, leg, top round, cap off, cutlet, boneless, raw","Lamb, Veal, and Game Products",106.9,22.07,2.07,0.0,0.24495806909430842,4.5 lb,5.0
172644,"Veal, loin, chop, separable lean only, cooked, grilled","Lamb, Veal, and Game Products",159.2,29.75,4.44,0.07,3.525191572336192,1 lb,15.99
172645,"Veal, shank, separable lean only, raw","Lamb, Veal, and Game Products",93.8,19.77,1.64,0.0,2.86380478578156,1 lb,12.99
172646,"Veal, foreshank, osso buco, separable lean only, cooked, braised","Lamb, Veal, and Game Products",157.1,29.12,4.51,0.0,2.86380478578156,1 lb,12.99
172647,"Veal, seam fat only, cooked","Lamb, Veal, and Game Products",504.6,11.16,50.17,2.11,,,
172648,"Veal, shank, separable lean and fat, raw","Lamb, Veal, and Game Products",106.8,19.28,3.3,0.0,2.86380478578156,1 lb,12.99
172649,"Veal, foreshank, osso buco, separable lean and fat, cooked, braised","Lamb, Veal, and Game Products",182.1,27.94,7.77,0.11,2.86380478578156,1 lb,12.99
172650,"Veal, loin, chop, separable lean and fat, cooked, grilled","Lamb, Veal, and Game Products",198.1,28.04,9.48,0.16,3.525191572336192,1 lb,15.99
172651,"Veal, shoulder, blade chop, separable lean and fat, cooked, grilled","Lamb, Veal, and Game Products",198.6,25.72,10.57,0.15,2.86380478578156,1 lb,12.99
172652,"Lamb, Australian, imported, fresh, tenderloin, boneless, separable lean only, trimmed to 1/8"" fat, raw","Lamb, Veal, and Game Products",136.2,23.42,4.73,0.0,2.86380478578156,1 lb,12.99
172653,"Lamb, Australian, imported, fresh, leg, bottom, boneless, separable lean only, trimmed to 1/8"" fat, raw","Lamb, Veal, and Game Products",136.3,22.28,5.24,0.0,2.86380478578156,1 lb,12.99
172654,"Lamb, Australian, imported, fresh, leg, trotter off, bone-in, separable lean only, trimmed to 1/8"" fat, cooked, roasted","Lamb, Veal, and Game Products",214.6,32.08,9.59,0.0,2.86380478578156,1 lb,12.99
172655,"Lamb, Australian, imported, fresh, leg, trotter off, bone-in, separable lean only, trimmed to 1/8"" fat, raw","Lamb, Veal, and Game Products",131.4,23.11,4.33,0.0,,,
172656,"Lamb, Australian, imported, fresh, seam fat, cooked","Lamb, Veal, and Game Products",553.9,13.81,54.72,1.55,2.86380478578156,1 lb,12.99
172657,"Lamb, Australian, imported, fresh, seam fat, raw","Lamb, Veal, and Game Products",458.7,15.65,44.01,0.0,2.86380478578156,1 lb,12.99
172658,"Lamb, Australian, imported, fresh, leg, bottom, boneless, separable lean and fat, trimmed to 1/8"" fat, cooked, roasted","Lamb, Veal, and Game Products",218.5,27.54,12.04,0.0,2.86380478578156,1 lb,12.99
172659,"Lamb, Australian, imported, fresh, leg, bottom, boneless, separable lean and fat, trimmed to 1/8"" fat, raw","Lamb, Veal, and Game Products",186.8,20.97,11.43,0.0,2.86380478578156,1 lb,12.99
172660,"Lamb, Australian, imported, fresh, tenderloin, boneless, separable lean and fat, trimmed to 1/8"" fat, raw","Lamb, Veal, and Game Products",142.6,23.23,5.52,0.0,,,
172661,"Lamb, Australian, imported, fresh, rib chop, frenched, denuded, bone-in, separable lean only, trimmed to 0"" fat, cooked, grilled","Lamb, Veal, and Game Products",236.2,33.17,11.5,0.0,2.86380478578156,1 lb,12.99
172662,"Lamb, Australian, imported, fresh, rack, roast, frenched, denuded, bone-in, separable lean and fat, trimmed to 0"" fat, cooked, roasted","Lamb, Veal, and Game Products",193.0,25.95,9.91,0.0,2.86380478578156,1 lb,12.99
172663,"Lamb, Australian, imported, fresh, rack, roast, frenched, bone-in, separable lean and fat, trimmed to 1/8"" fat, cooked, roasted","Lamb, Veal, and Game Products",290.8,25.96,20.77,0.0,2.86380478578156,1 lb,12.99
172664,"Bagels, cinnamon-raisin",Baked Products,275.3,9.8,1.7,55.2,0.43916082627227615,6 ct,2.49
172665,"Bagels, cinnamon-raisin, toasted",Baked Products,295.8,10.6,1.8,59.3,0.43916082627227615,6 ct,2.49
172666,"Bagels, oat bran",Baked Products,266.8,10.7,1.2,53.3,0.7919004457680803,6 ct,4.49
172667,"Biscuits, plain or buttermilk, frozen, baked",Baked Products,339.5,6.2,11.03,53.87,0.4691436939294195,40 ct,3.99
172668,"Biscuits, plain or buttermilk, refrigerated dough, higher fat",Baked Products,307.1,6.66,10.58,46.32,0.4691436939294195,40 ct,3.99
172669,"Biscuits, plain or buttermilk, refrigerated dough, higher fat, baked",Baked Products,324.3,6.79,11.22,49.05,0.4691436939294195,40 ct,3.99
172670,"Biscuits, plain or buttermilk, prepared from recipe",Baked Products,353.1,7.0,16.3,44.6,0.4691436939294195,40 ct,3.99
172671,"Biscuits, mixed grain, refrigerated dough",Baked Products,264.4,6.1,5.6,47.4,2.599286212514163,,8.99
172672,"Bread, cracked-wheat",Baked Products,267.9,8.7,3.9,49.5,0.5114724482689159,,3.19
172673,"Bread, egg",Baked Products,283.2,9.5,6.0,47.8,1.2794828016256894,,3.99
172674,"Bread, egg, toasted",Baked Products,311.8,10.5,6.6,52.6,1.2794828016256894,,3.99
172675,"Bread, french or vienna (includes sourdough)",Baked Products,272.3,10.75,2.42,51.88,,,
172676,"Bread, oat bran",Baked Products,240.4,10.4,4.4,39.8,1.563812313098065,4 ct,3.99
172677,"Bread, oat bran, toasted",Baked Products,263.6,11.4,4.8,43.7,1.563812313098065,4 ct,3.99
172678,"Bread, oatmeal",Baked Products,267.2,8.4,4.4,48.5,0.689312006431384,,4.69
172679,"Bread, oatmeal, toasted",Baked Products,290.8,9.2,4.8,52.7,,,
172680,"Bread, raisin, enriched",Baked Products,280.4,7.9,4.4,52.3,1.3698055223753727,,6.99
172681,"Bread, raisin, enriched, toasted",Baked Products,305.2,8.6,4.8,56.9,1.3698055223753727,,6.99
172682,"Bread, reduced-calorie, oat bran",Baked Products,226.0,8.0,3.2,41.3,,16.0 ounce,3.19
172683,"Bread, reduced-calorie, oat bran, toasted",Baked Products,269.0,9.5,3.8,49.2,,,
172684,"Bread, rye",Baked Products,256.9,8.5,3.3,48.3,1.100106688302539,,4.99
172685,"Bread, rye, toasted",Baked Products,282.4,9.4,3.6,53.1,1.100106688302539,,4.99
172686,"Bread, wheat",Baked Products,273.6,10.67,4.53,47.54,0.7566264838184998,,4.29
172687,"Bread, wheat, toasted",Baked Products,313.4,12.96,4.27,55.77,0.7566264838184998,,4.29
172688,"Bread, whole-wheat, commercially prepared",Baked Products,252.1,12.45,3.5,42.71,0.7566264838184998,,4.29
172689,"Bread, whole-wheat, commercially prepared, toasted",Baked Products,306.4,16.27,4.07,51.16,0.7566264838184998,,4.29
172690,"Bread, whole-wheat, prepared from recipe",Baked Products,287.8,8.4,5.4,51.4,0.7566264838184998,,4.29
172691,"Bread, whole-wheat, prepared from recipe, toasted",Baked Products,315.5,9.2,5.9,56.4,0.7566264838184998,,4.29
172692,"Bread, stuffing, cornbread, dry mix",Baked Products,384.6,10.0,4.2,76.7,0.7583901819159788,,1.29
172693,"Bread, stuffing, cornbread, dry mix, prepared",Baked Products,178.4,2.9,8.8,21.9,0.7583901819159788,,1.29
172694,"Cake, angelfood, commercially prepared",Baked Products,262.0,5.9,0.8,57.8,,1 ct,22.99
172695,"Cake, angelfood, dry mix, prepared",Baked Products,261.9,6.1,0.3,58.7,,1 ct,22.99
172696,"Cake, boston cream pie, commercially prepared",Baked Products,257.7,2.4,8.5,42.9,,6 in,6.0
172697,"Cake, chocolate, prepared from recipe without frosting",Baked Products,370.7,5.3,15.1,53.4,,9.92 oz (1 serving),3.99
172698,"Cake, white, prepared from recipe with coconut frosting",Baked Products,363.1,4.4,10.3,63.2,,11.04 oz (1 serving),3.99
172699,"Cake, coffeecake, cheese",Baked Products,342.0,7.0,15.2,44.3,2.460728483309053,12 ct,6.99
172700,"Cake, coffeecake, cinnamon with crumb topping, commercially prepared, enriched",Baked Products,423.7,6.8,23.3,46.7,2.460728483309053,12 ct,6.99
172701,"Cake, gingerbread, dry mix",Baked Products,440.2,4.4,13.8,74.6,0.6809834320821774,,1.39
172702,"Cake, gingerbread, prepared from recipe",Baked Products,360.0,3.9,16.4,49.2,0.6809834320821774,,1.39
172703,"Cake, pineapple upside-down, prepared from recipe",Baked Products,324.9,3.5,12.1,50.5,1.6523646550756574,,14.99
172704,"Cake, pound, commercially prepared, butter (includes fresh and frozen)",Baked Products,360.2,5.0,13.96,53.64,0.9394631865904917,,7.99
172705,"Cake, white, dry mix, special dietary (includes lemon-flavored)",Baked Products,406.0,3.0,8.4,79.6,,11.04 oz (1 serving),3.99
172706,"Cake, sponge, commercially prepared",Baked Products,289.9,5.4,2.7,61.0,,16 count,5.79
172707,"Cake, sponge, prepared from recipe",Baked Products,298.7,7.3,4.3,57.7,,16 count,5.79
172708,"Cake, pudding-type, white, enriched, dry mix",Baked Products,424.7,3.9,9.5,80.9,0.9394631865904917,,7.99
172709,"Cake, white, prepared from recipe without frosting",Baked Products,362.0,5.4,12.4,57.2,,11.04 oz (1 serving),3.99
172710,"Cake, yellow, prepared from recipe without frosting",Baked Products,364.6,5.3,14.6,53.0,1.6461182243137527,,3.5
172711,"Cake, cheesecake, commercially prepared",Baked Products,326.5,5.5,22.5,25.5,1.4682786661512848,,9.99
172712,"Cake, cheesecake, prepared from mix, no-bake type",Baked Products,278.3,5.5,12.7,35.5,1.4682786661512848,,9.99
172713,"Cookies, brownies, commercially prepared",Baked Products,421.5,4.8,16.3,63.9,4.556565908310505,,5.49
172714,"Cookies, chocolate wafers",Baked Products,445.0,6.6,14.2,72.7,7.942330787357138,7 pk,3.49
172715,"Cookies, chocolate chip, commercially prepared, regular, lower fat",Baked Products,455.0,5.97,17.91,67.49,,12 count,3.99
172716,"Cookies, chocolate chip, commercially prepared, regular, higher fat, enriched",Baked Products,504.3,5.1,24.72,65.36,,12 count,3.99
172717,"Cookies, chocolate chip, commercially prepared, soft-type",Baked Products,455.4,3.63,19.77,65.75,,12 count,3.99
172718,"Cookies, chocolate sandwich, with creme filling, regular",Baked Products,477.1,5.21,19.14,71.0,0.9973236703008036,,5.29
172719,"Cookies, chocolate sandwich, with creme filling, regular, chocolate-coated",Baked Products,517.6,3.6,26.4,66.4,0.9973236703008036,,5.29
172720,"Cookies, chocolate sandwich, with extra creme filling",Baked Products,510.8,4.33,24.52,68.2,0.9973236703008036,,5.29
172721,"Cookies, fig bars",Baked Products,364.1,3.7,7.3,70.9,0.8289381058151396,,3.29
172722,"Cookies, fortune",Baked Products,377.1,4.2,2.7,84.0,2.9277388418151746,,2.49
172723,"Cookies, marshmallow, chocolate-coated (includes marshmallow pies)",Baked Products,438.9,4.0,16.9,67.7,3.9615372651067235,,2.19
172724,"Cookies, molasses",Baked Products,432.8,5.6,12.8,73.8,1.5549938226106699,,5.29
172725,"Cookies, oatmeal, commercially prepared, regular",Baked Products,462.5,6.2,18.1,68.7,0.5261699324145745,,1.79
172726,"Cookies, oatmeal, commercially prepared, soft-type",Baked Products,419.5,6.1,14.7,65.7,0.5261699324145745,,1.79
172727,"Cookies, peanut butter, commercially prepared, regular",Baked Products,482.7,8.92,23.82,58.15,1.4992011332860307,,6.49
172728,"Cookies, peanut butter, commercially prepared, soft-type",Baked Products,471.6,5.3,24.4,57.7,1.4992011332860307,,6.49
172729,"Cookies, peanut butter, refrigerated dough",Baked Products,466.2,8.2,25.0,52.1,1.4992011332860307,,6.49
172730,"Cookies, peanut butter, refrigerated dough, baked",Baked Products,513.1,9.1,27.5,57.3,1.4992011332860307,,6.49
172731,"Cookies, brownies, dry mix, sugar free",Baked Products,445.7,2.9,12.5,80.4,4.556565908310505,,5.49
172732,"Cookies, chocolate chip, commercially prepared, special dietary",Baked Products,460.4,3.9,16.8,73.4,,12 count,3.99
172733,"Cookies, chocolate sandwich, with creme filling, special dietary",Baked Products,488.9,4.5,22.1,68.0,0.9973236703008036,,5.29
172734,"Cookies, oatmeal, commercially prepared, special dietary",Baked Products,460.8,4.8,18.0,69.9,0.5261699324145745,,1.79
172735,"Cookies, sugar, refrigerated dough, baked",Baked Products,489.1,4.7,23.1,65.6,1.3064430351696448,,5.0
172736,"Cookies, sugar wafers with creme filling, regular",Baked Products,507.1,3.84,23.24,70.64,,,
172737,"Cookies, vanilla sandwich with creme filling",Baked Products,486.4,4.5,20.0,72.1,1.231649171406183,,4.19
172738,"Puff pastry, frozen, ready-to-bake, baked",Baked Products,558.9,7.4,38.5,45.7,13.61254258872444,30 ct,8.49
172739,"Crackers, crispbread, rye",Baked Products,372.1,7.9,1.3,82.2,2.8855257398099385,,4.99
172740,"Crackers, matzo, plain",Baked Products,387.4,10.0,1.4,83.7,1.7601707012840624,,4.99
172741,"Crackers, matzo, egg",Baked Products,382.5,12.3,2.1,78.6,1.7601707012840624,,4.99
172742,"Crackers, matzo, whole-wheat",Baked Products,381.5,13.1,1.5,78.9,,,
172743,"Crackers, rye, sandwich-type with cheese filling",Baked Products,480.7,9.2,22.3,60.8,1.7042893194586746,,4.59
172744,"Crackers, rye, wafers, plain",Baked Products,368.1,9.6,0.9,80.4,1.7042893194586746,,4.59
172745,"Crackers, rye, wafers, seasoned",Baked Products,414.0,9.0,9.2,73.8,1.7042893194586746,,4.59
172746,"Crackers, saltines (includes oyster, soda, soup)",Baked Products,411.8,9.46,8.64,74.05,0.4828123541848819,,2.19
172747,"Crackers, wheat, sandwich, with cheese filling",Baked Products,497.0,9.8,25.0,58.2,1.2824409421979235,,4.69
172748,"Crackers, wheat, sandwich, with peanut butter filling",Baked Products,509.5,13.5,26.7,53.8,1.2824409421979235,,4.69
172749,"Crackers, whole-wheat",Baked Products,447.7,10.58,14.13,69.55,1.7749857653028864,,6.29
172750,"Cracker, meal",Baked Products,376.1,9.3,1.7,80.9,1.9733262142079553,,9.79
172751,"Croutons, plain",Baked Products,401.0,11.9,6.6,73.5,1.0511640660974961,,1.49
172752,"Croutons, seasoned",Baked Products,461.9,10.8,18.3,63.5,1.0511640660974961,,1.49
172753,"Danish pastry, cinnamon, enriched",Baked Products,408.0,7.0,22.4,44.6,,8 ct,5.99
172754,"Danish pastry, cheese",Baked Products,377.9,8.0,21.9,37.2,2.460728483309053,12 ct,6.99
172755,"Danish pastry, fruit, enriched (includes apple, cinnamon, raisin, lemon, raspberry, strawberry)",Baked Products,379.3,5.4,18.5,47.8,1.7636980974790206,20 ct,6.0
172756,"Doughnuts, french crullers, glazed",Baked Products,415.1,3.1,18.3,59.5,0.7533510444946102,,2.99
172757,"Doughnuts, yeast-leavened, with creme filling",Baked Products,366.1,6.4,24.5,30.0,,,
172758,"Doughnuts, yeast-leavened, glazed, enriched (includes honey buns)",Baked Products,420.6,6.14,22.7,47.93,,12 count,14.29
172759,"Doughnuts, yeast-leavened, with jelly filling",Baked Products,347.9,5.9,18.7,39.0,,12 count,14.29
172760,"Muffins, English, raisin-cinnamon, toasted (includes apple-cinnamon)",Baked Products,275.5,8.87,2.21,55.04,1.0826392936832756,6 pc,3.99
172761,"Muffins, English, wheat",Baked Products,232.0,8.7,2.0,44.8,1.0826392936832756,6 pc,3.99
172762,"Muffins, English, whole-wheat",Baked Products,215.7,8.8,2.1,40.4,1.1728592348235487,6 ct,3.99
172763,"French toast, frozen, ready-to-heat",Baked Products,212.9,7.4,6.1,32.1,29.012833703529886,32 ct,3.29
172764,"Muffins, plain, prepared from recipe, made with low fat (2%) milk",Baked Products,295.8,6.9,11.4,41.4,0.7919004457680803,6 ct,4.49
172765,"Muffins, blueberry, commercially prepared (Includes mini-muffins)",Baked Products,374.6,4.49,16.07,53.0,1.3332220215540465,5 ct,3.19
172766,"Muffins, blueberry, dry mix",Baked Products,287.2,3.48,3.25,61.0,1.3332220215540465,5 ct,3.19
172767,"Muffins, blueberry, toaster-type",Baked Products,317.1,4.6,9.5,53.3,1.3332220215540465,5 ct,3.19
172768,"Muffins, blueberry, prepared from recipe, made with low fat (2%) milk",Baked Products,286.0,6.5,10.8,40.7,1.3332220215540465,5 ct,3.19
172769,"Muffins, oat bran",Baked Products,287.8,7.0,7.4,48.3,0.5407382079084031,,2.79
172770,"Muffins, wheat bran, dry mix",Baked Products,428.4,7.1,12.0,73.0,0.4585615053445454,6 ct,1.69
172771,"Pancakes plain, frozen, ready-to-heat (includes buttermilk)",Baked Products,233.4,5.23,6.83,37.75,36.181006685426766,40 ct,3.59
172772,"Pancakes, plain, dry mix, complete (includes buttermilk)",Baked Products,361.6,9.77,3.1,73.65,1.2472758581969163,8 ct,3.49
172773,"Pancakes, blueberry, prepared from recipe",Baked Products,223.2,6.1,9.2,29.0,1.3698055223753727,,6.99
172774,"Pancakes, buckwheat, dry mix, incomplete",Baked Products,353.1,10.9,2.7,71.3,1.4308000815798554,,6.49
172775,"Pancakes, special dietary, dry mix",Baked Products,343.8,8.9,1.4,73.9,36.181006685426766,40 ct,3.59
172776,"Pancakes, whole-wheat, dry mix, incomplete",Baked Products,348.7,12.8,1.5,71.0,1.6637314036947846,6 ct,6.99
172777,"Pie, banana cream, prepared from recipe",Baked Products,271.6,4.4,13.6,32.9,1.7221993187148088,,2.49
172778,"Pie, blueberry, commercially prepared",Baked Products,236.8,1.8,10.0,34.9,46.2750288326058,18 ct,20.99
172779,"Pie, blueberry, prepared from recipe",Baked Products,251.9,2.7,11.9,33.5,46.2750288326058,18 ct,20.99
172780,"Pie, cherry, commercially prepared",Baked Products,266.2,2.0,11.0,39.8,0.8612725709355883,,8.79
172781,"Pie, cherry, prepared from recipe",Baked Products,275.0,2.8,12.2,38.5,0.8612725709355883,,8.79
172782,"Pie, coconut custard, commercially prepared",Baked Products,263.2,5.9,13.2,30.2,1.0199280445289862,,8.79
172783,"Pie, egg custard, commercially prepared",Baked Products,209.6,5.5,11.6,20.8,1.1023113109243878,,1.25
172784,"Pie, fried pies, fruit",Baked Products,327.3,3.0,16.1,42.6,1.1023113109243878,,1.25
172785,"Pie, lemon meringue, commercially prepared",Baked Products,273.1,1.5,8.7,47.2,1.5410312126722943,,6.99
172786,"Pie, pecan, prepared from recipe",Baked Products,428.2,4.9,22.2,52.2,1.9208275643453332,4 ct,5.99
172787,"Pie, pumpkin, commercially prepared",Baked Products,242.7,3.9,9.75,34.83,,2 pc,
172788,"Pie, pumpkin, prepared from recipe",Baked Products,207.3,4.5,9.3,26.4,,2 pc,
172789,"Pie, vanilla cream, prepared from recipe",Baked Products,279.2,4.8,14.4,32.6,1.0053079155630418,,3.99
172790,"Puff pastry, frozen, ready-to-bake",Baked Products,552.5,7.3,38.1,45.1,13.61254258872444,30 ct,8.49
172791,Phyllo dough,Baked Products,292.8,7.1,6.0,52.6,1.4308000815798554,,6.49
172792,"Popovers, dry mix, enriched",Baked Products,364.3,10.4,4.3,71.0,0.9057443132860002,,1.99
172793,"Rolls, dinner, plain, commercially prepared (includes brown-and-serve)",Baked Products,309.8,10.86,6.47,52.04,0.6273726089603945,7 ct,2.49
172794,"Rolls, dinner, whole-wheat",Baked Products,281.5,8.7,4.7,51.1,0.6273726089603945,7 ct,2.49
172795,"Rolls, french",Baked Products,273.9,8.6,4.3,50.2,1.466808917736719,,4.99
172796,"Rolls, hamburger or hotdog, plain",Baked Products,274.8,9.77,3.91,50.12,,8 ct,7.99
172797,"Rolls, hamburger or hotdog, mixed-grain",Baked Products,270.8,9.6,6.0,44.6,,8 ct,7.99
172798,"Sweet rolls, cinnamon, refrigerated dough with frosting",Baked Products,336.2,5.0,12.2,51.6,,8 ct,5.99
172799,"Sweet rolls, cinnamon, refrigerated dough with frosting, baked",Baked Products,364.8,5.4,13.2,56.1,1.169919737994417,6 ct,1.99
172800,"Taco shells, baked",Baked Products,475.7,6.41,21.79,63.49,3.8416551286906664,12 ct,5.99
172801,"Toaster pastries, brown-sugar-cinnamon",Baked Products,378.6,4.06,7.98,72.64,,12 ct,2.49
172802,Wonton wrappers (includes egg roll wrappers),Baked Products,284.3,9.8,1.5,57.9,,,
172803,"Leavening agents, baking powder, double-acting, sodium aluminum sulfate",Baked Products,110.8,0.0,0.0,27.7,,,
172804,"Leavening agents, baking powder, double-acting, straight phosphate",Baked Products,96.8,0.1,0.0,24.1,,,
172805,"Leavening agents, baking powder, low-sodium",Baked Products,191.6,0.1,0.4,46.9,,,
172806,"Bread, crumbs, dry, grated, seasoned",Baked Products,379.8,14.13,5.48,68.49,0.35038802203249875,,1.49
172807,"Cookies, oatmeal, prepared from recipe, without raisins",Baked Products,453.9,6.8,17.9,66.4,0.5261699324145745,,1.79
172808,"Cookies, chocolate chip, prepared from recipe, made with butter",Baked Products,511.2,5.7,28.4,58.2,,12 count,3.99
172809,"Bread, protein, (includes gluten), toasted",Baked Products,266.8,13.2,2.4,48.1,0.9778726118244793,,4.99
172810,"Rolls, dinner, plain, prepared from recipe, made with low fat (2%) milk",Baked Products,313.3,8.5,7.3,53.4,0.6273726089603945,7 ct,2.49
172811,"Pie crust, cookie-type, prepared from recipe, graham cracker, chilled",Baked Products,491.6,4.1,24.4,63.9,2.1693486598991956,9 in,3.69
172812,"Crackers, matzo, egg and onion",Baked Products,383.5,10.0,3.9,77.1,1.7601707012840624,,4.99
172813,"Pie crust, cookie-type, prepared from recipe, vanilla wafer, chilled",Baked Products,541.4,3.7,36.2,50.2,,,
172814,"Pie crust, standard-type, prepared from recipe, unbaked",Baked Products,469.2,5.7,30.8,42.3,0.820707514693571,2 ct,3.49
172815,"Bread, cornbread, dry mix, unenriched (includes corn muffin mix)",Baked Products,415.8,7.0,12.2,69.5,1.759288852235323,4 ct,3.99
172816,"Bread, pita, white, unenriched",Baked Products,270.0,9.1,1.2,55.7,,6 ct,2.99
172817,"Bread, raisin, unenriched",Baked Products,280.4,7.9,4.4,52.3,1.3698055223753727,,6.99
172818,"Bread, white, commercially prepared, low sodium, no salt",Baked Products,263.6,8.2,3.6,49.6,0.3157019594487447,,1.79
172819,"Cookies, butter, commercially prepared, unenriched",Baked Products,469.2,6.1,18.8,68.9,1.4992011332860307,,6.49
172820,"Cookies, chocolate chip, commercially prepared, regular, higher fat, unenriched",Baked Products,492.2,5.4,22.6,66.8,,12 count,3.99
172821,"Cookies, ladyfingers, without lemon juice and rind",Baked Products,363.1,10.6,9.1,59.7,2.2121813279808284,,4.39
172822,"Crackers, melba toast, plain, without salt",Baked Products,383.6,12.1,3.2,76.6,2.3457184696470974,,3.99
172823,"Crackers, whole-wheat, low salt",Baked Products,464.4,8.8,17.2,68.6,1.7749857653028864,,6.29
172824,"Danish pastry, cinnamon, unenriched",Baked Products,408.0,7.0,22.4,44.6,,8 ct,5.99
172825,"Danish pastry, fruit, unenriched (includes apple, cinnamon, raisin, strawberry)",Baked Products,379.3,5.4,18.5,47.8,1.7636980974790206,20 ct,6.0
172826,"Bread, white, commercially prepared, toasted, low sodium no salt",Baked Products,289.6,9.0,4.0,54.4,0.3157019594487447,,1.79
172827,"Danish pastry, lemon, unenriched",Baked Products,379.3,5.4,18.5,47.8,1.4985179579999055,,5.99
172828,"English muffins, plain, unenriched, with calcium propionate (includes sourdough)",Baked Products,231.0,7.7,1.8,46.0,1.0826392936832756,6 ct,3.99
172829,"Quail, breast, meat only, raw",Poultry Products,117.3,22.59,2.99,0.0,,,
172830,"Chicken, broiler, rotisserie, BBQ, wing, meat and skin",Poultry Products,258.4,23.42,18.04,0.6,1.287499611159685,,9.49
172831,"Ruffed Grouse, breast meat, skinless, raw",Poultry Products,111.7,25.94,0.88,0.0,,,
172832,"Emu, ground, raw",Poultry Products,127.4,22.77,4.03,0.0,14.100766289344769,,15.99
172833,"Emu, ground, cooked, pan-broiled",Poultry Products,155.6,28.43,4.65,0.0,14.100766289344769,,15.99
172834,"Emu, full rump, cooked, broiled",Poultry Products,158.8,33.67,2.68,0.0,,,
172835,"Emu, inside drum, raw",Poultry Products,102.3,22.22,1.49,0.0,,,
172836,"Emu, inside drums, cooked, broiled",Poultry Products,147.6,32.38,2.01,0.0,,,
172837,"Emu, outside drum, raw",Poultry Products,96.6,23.08,0.48,0.0,,,
172838,"Emu, oyster, raw",Poultry Products,135.0,22.81,4.86,0.0,4.845760522823609,,10.99
172839,"Ostrich, inside leg, raw",Poultry Products,105.0,22.39,1.72,0.0,,,
172840,"Ostrich, inside leg, cooked",Poultry Products,133.5,29.01,1.94,0.0,,,
172841,"Ostrich, inside strip, raw",Poultry Products,120.6,23.69,2.87,0.0,,,
172842,"Ostrich, inside strip, cooked",Poultry Products,155.8,29.37,4.26,0.0,,,
172843,"Ostrich, oyster, cooked",Poultry Products,151.0,28.81,3.97,0.0,,,
172844,"Ostrich, round, raw",Poultry Products,109.6,21.99,2.4,0.0,,,
172845,"Ostrich, tenderloin, raw",Poultry Products,117.0,22.07,3.19,0.0,,,
172846,"Ostrich, tip trimmed, raw",Poultry Products,108.1,21.85,2.3,0.0,,,
172847,"Turkey, ground, fat free, raw",Poultry Products,111.8,23.57,1.95,0.0,0.9898755572101003,1 lb,4.49
172848,"Turkey, ground, fat free, pan-broiled crumbles",Poultry Products,151.2,31.69,2.71,0.0,0.9898755572101003,1 lb,4.49
172849,"Turkey, ground, fat free, patties, broiled",Poultry Products,138.3,28.99,2.48,0.0,0.9898755572101003,1 lb,4.49
172850,"Turkey, ground, 93% lean, 7% fat, raw",Poultry Products,150.0,18.73,8.34,0.0,0.9898755572101003,1 lb,4.49
172851,"Turkey, ground, 93% lean, 7% fat, pan-broiled crumbles",Poultry Products,212.8,27.1,11.6,0.0,0.9898755572101003,1 lb,4.49
172852,"Chicken, broilers or fryers, dark meat, drumstick, meat only, cooked, braised",Poultry Products,149.3,23.93,5.95,0.0,1.4414223542123994,,8.99
172853,"Chicken, broilers or fryers, dark meat, thigh, meat only, cooked, braised",Poultry Products,175.9,24.55,8.63,0.0,1.4414223542123994,,8.99
172854,"Chicken, skin (drumsticks and thighs), cooked, braised",Poultry Products,443.3,14.61,42.76,0.0,0.3284887706554676,1 lb,1.49
172855,"Chicken, skin (drumsticks and thighs), raw",Poultry Products,439.6,9.58,44.23,0.79,0.3284887706554676,1 lb,1.49
172856,"Chicken, dark meat, drumstick, meat only, with added solution, cooked, roasted",Poultry Products,146.4,25.34,5.0,0.0,1.6244111708063187,,4.49
172857,"Chicken, dark meat, drumstick, meat only, with added solution, cooked, braised",Poultry Products,148.9,22.99,6.33,0.0,1.6244111708063187,,4.49
172858,"Chicken, dark meat, thigh, meat only, with added solution, cooked, braised",Poultry Products,163.6,23.0,7.96,0.0,1.6244111708063187,,4.49
172859,"Chicken, dark meat, thigh, meat only, with added solution, raw",Poultry Products,109.6,19.11,3.69,0.0,1.6244111708063187,,4.49
172860,"Chicken, dark meat, drumstick, meat and skin, with added solution, raw",Poultry Products,146.3,18.03,8.24,0.0,1.6244111708063187,,4.49
172861,"Chicken, dark meat, drumstick, meat and skin, with added solution, cooked, roasted",Poultry Products,180.1,24.72,9.0,0.05,1.6244111708063187,,4.49
172862,"Chicken, dark meat, thigh, meat and skin, with added solution, cooked, braised",Poultry Products,215.2,20.7,14.62,0.21,1.6244111708063187,,4.49
172863,"Chicken, dark meat, thigh, meat and skin, with added solution, raw",Poultry Products,197.5,16.56,14.58,0.0,1.6244111708063187,,4.49
172864,"Turkey from whole, light meat, meat only, with added solution, raw",Poultry Products,101.1,21.54,1.66,0.0,1.5104814420552468,,11.99
172865,"Turkey from whole, light meat, meat only, with added solution, cooked, roasted",Poultry Products,126.6,26.97,2.08,0.0,1.5104814420552468,,11.99
172866,"Turkey, skin from whole (light and dark), with added solution, raw",Poultry Products,381.2,12.29,36.8,0.21,,4 count,6.49
172867,"Turkey, skin from whole, (light and dark), with added solution, roasted",Poultry Products,451.4,22.15,40.31,0.0,,4 count,6.49
172868,"Turkey, whole, meat only, with added solution, raw",Poultry Products,105.6,20.87,2.39,0.14,0.4166736755294186,1 lb,1.89
172869,"Turkey, whole, meat only, with added solution, roasted",Poultry Products,139.7,26.61,3.7,0.0,0.4166736755294186,1 lb,1.89
172870,"Turkey, whole, meat and skin, with added solution, raw",Poultry Products,158.6,19.03,9.1,0.15,0.4166736755294186,1 lb,1.89
172871,"Turkey, whole, meat and skin, with added solution, roasted",Poultry Products,176.4,26.09,8.01,0.0,0.4166736755294186,1 lb,1.89
172872,"Turkey, retail parts, wing, meat only, cooked, roasted",Poultry Products,170.3,30.17,5.51,0.0,0.5500533441512695,2 lb,4.99
172873,"Turkey, skin, from retail parts, from dark meat, raw",Poultry Products,379.9,14.35,35.83,0.0,0.5102126639135739,3.15 lb,7.29
172874,"Turkey, skin, from retail parts, from dark meat, cooked, roasted",Poultry Products,413.6,24.58,35.03,0.0,0.5102126639135739,3.15 lb,7.29
172875,"Turkey, retail parts, drumstick, meat only, raw",Poultry Products,117.8,20.52,3.97,0.0,0.5500533441512695,2 lb,4.99
172876,"Turkey, breast, from whole bird, meat only, with added solution, raw",Poultry Products,101.7,21.54,1.66,0.14,1.0280890159888125,3 lbs,13.99
172877,"Turkey, retail parts, thigh, meat only, cooked, roasted",Poultry Products,158.6,25.14,6.25,0.46,0.5500533441512695,2 lb,4.99
172878,"Turkey, retail parts, drumstick, meat only, cooked, roasted",Poultry Products,173.1,28.61,6.52,0.0,0.5500533441512695,2 lb,4.99
172879,"Sauce, plum, ready-to-serve","Soups, Sauces, and Gravies",184.2,0.89,1.04,42.81,0.7273734222706582,,2.99
172880,"Sauce, pizza, canned, ready-to-serve","Soups, Sauces, and Gravies",53.7,2.18,1.15,8.66,0.551785547639865,,2.19
172881,"Soup, tomato bisque, canned, condensed","Soups, Sauces, and Gravies",98.5,1.76,1.95,18.47,1.0273541417815295,,6.99
172882,"Soup, tomato, canned, condensed","Soups, Sauces, and Gravies",70.7,1.46,0.44,15.22,0.5179702833648913,,2.79
172883,"Soup, stock, beef, home-prepared","Soups, Sauces, and Gravies",13.5,1.97,0.09,1.2,0.329591081966392,,2.99
172884,"Soup, stock, chicken, home-prepared","Soups, Sauces, and Gravies",35.0,2.52,1.2,3.53,0.329591081966392,,2.99
172885,"Soup, stock, fish, home-prepared","Soups, Sauces, and Gravies",16.3,2.26,0.81,0.0,0.329591081966392,,2.99
172886,"Sauce, hoisin, ready-to-serve","Soups, Sauces, and Gravies",220.1,3.31,3.39,44.08,0.9682702555159822,,5.49
172887,"Soup, cream of mushroom, canned, condensed, reduced sodium","Soups, Sauces, and Gravies",52.4,1.21,1.69,8.1,0.2564145695565653,,1.89
172888,"Soup, chicken broth, less/reduced sodium, ready to serve","Soups, Sauces, and Gravies",7.0,1.36,0.0,0.38,0.1642443853277338,,1.49
172889,"Soup, beef broth, less/reduced sodium, ready to serve","Soups, Sauces, and Gravies",6.0,1.14,0.07,0.2,0.1642443853277338,,1.49
172890,"Sauce, teriyaki, ready-to-serve, reduced sodium","Soups, Sauces, and Gravies",86.2,5.93,0.02,15.58,1.0546914622924544,,2.99
172891,"Soup, cream of asparagus, canned, prepared with equal volume milk","Soups, Sauces, and Gravies",66.3,2.55,3.3,6.61,0.6685255645682382,,1.99
172892,"Soup, chicken vegetable with potato and cheese, chunky, ready-to-serve","Soups, Sauces, and Gravies",65.6,1.16,4.46,5.2,0.7036227146784724,,3.79
172893,"Soup, cream of celery, canned, prepared with equal volume milk","Soups, Sauces, and Gravies",67.8,2.29,3.91,5.86,0.6685255645682382,,1.99
172894,"Soup, cheese, canned, prepared with equal volume milk","Soups, Sauces, and Gravies",93.2,3.77,5.8,6.47,0.6685255645682382,,1.99
172895,"Soup, oyster stew, canned, prepared with equal volume milk","Soups, Sauces, and Gravies",55.2,2.51,3.24,3.99,0.6685255645682382,,1.99
172896,"Soup, pea, green, canned, prepared with equal volume milk","Soups, Sauces, and Gravies",95.6,4.97,2.77,12.69,0.948144083609289,,3.79
172897,"Soup, cream of potato, canned, prepared with equal volume milk","Soups, Sauces, and Gravies",60.4,2.33,2.6,6.92,0.49493777860505017,,4.49
172898,"Soup, cream of shrimp, canned, prepared with equal volume low fat (2%) milk","Soups, Sauces, and Gravies",62.8,2.78,3.23,5.64,0.6685255645682382,,1.99
172899,"Soup, HEALTHY CHOICE Chicken and Rice Soup, canned","Soups, Sauces, and Gravies",37.9,2.53,0.55,5.71,0.6685255645682382,,1.99
172900,"Soup, HEALTHY CHOICE Garden Vegetable Soup, canned","Soups, Sauces, and Gravies",50.6,2.13,0.21,10.04,0.531969480212591,,2.79
172901,"CAMPBELL'S, Cream of Mushroom Soup, condensed","Soups, Sauces, and Gravies",81.0,1.29,5.5,6.59,0.6685255645682382,,1.99
172902,"Soup, tomato bisque, canned, prepared with equal volume milk","Soups, Sauces, and Gravies",80.6,2.51,2.63,11.73,1.0273541417815295,,6.99
172903,"Soup, black bean, canned, prepared with equal volume water","Soups, Sauces, and Gravies",46.5,2.42,0.66,7.71,0.514999844463874,,2.19
172904,"Soup, bean with pork, canned, prepared with equal volume water","Soups, Sauces, and Gravies",64.2,2.88,2.16,8.31,0.2182576395630288,,0.99
172905,"Soup, bean with frankfurters, canned, prepared with equal volume water","Soups, Sauces, and Gravies",76.3,3.99,2.79,8.8,0.531969480212591,,2.79
172906,"Soup, beef noodle, canned, prepared with equal volume water","Soups, Sauces, and Gravies",33.1,1.93,1.23,3.58,1.021807026797523,,4.49
172907,"Soup, cream of celery, canned, prepared with equal volume water","Soups, Sauces, and Gravies",37.8,0.68,2.29,3.62,0.6685255645682382,,1.99
172908,"Soup, chicken gumbo, canned, prepared with equal volume water","Soups, Sauces, and Gravies",23.4,1.08,0.59,3.43,0.6685255645682382,,1.99
172909,"Soup, chicken noodle, canned, prepared with equal volume water","Soups, Sauces, and Gravies",23.4,1.16,0.76,2.97,0.6685255645682382,,1.99
172910,"Soup, chicken with rice, canned, prepared with equal volume water","Soups, Sauces, and Gravies",24.5,1.45,0.78,2.92,0.4199281184473858,,1.25
172911,"Soup, chili beef, canned, prepared with equal volume water","Soups, Sauces, and Gravies",58.0,2.49,1.24,9.23,1.4086068805199112,,5.99
172912,"CAMPBELL'S CHUNKY, Old Fashioned Vegetable Beef Soup","Soups, Sauces, and Gravies",48.7,3.16,1.23,6.24,0.5610060969640714,,2.99
172913,"Soup, minestrone, canned, prepared with equal volume water","Soups, Sauces, and Gravies",35.1,1.77,1.04,4.66,1.1662453669580024,,5.29
172914,"Soup, mushroom barley, canned, prepared with equal volume water","Soups, Sauces, and Gravies",30.6,0.77,0.93,4.8,0.531969480212591,,2.79
172915,"Soup, cream of mushroom, canned, prepared with equal volume water","Soups, Sauces, and Gravies",39.3,0.66,2.59,3.33,0.2564145695565653,,1.89
172916,"Soup, pea, split with ham, canned, prepared with equal volume water","Soups, Sauces, and Gravies",76.2,4.08,1.74,11.05,0.948144083609289,,3.79
172917,"Soup, cream of potato, canned, prepared with equal volume water","Soups, Sauces, and Gravies",30.4,0.72,0.97,4.7,0.49493777860505017,,4.49
172918,"Soup, cream of shrimp, canned, prepared with equal volume water","Soups, Sauces, and Gravies",36.2,1.11,2.07,3.27,0.6685255645682382,,1.99
172919,"Soup, tomato beef with noodle, canned, prepared with equal volume water","Soups, Sauces, and Gravies",56.3,1.78,1.71,8.44,4.691436939294195,12 ct,3.99
172920,"Soup, tomato rice, canned, prepared with equal volume water","Soups, Sauces, and Gravies",47.0,0.82,1.06,8.54,0.8548374562555974,,2.69
172921,"Soup, vegetable with beef broth, canned, prepared with equal volume water","Soups, Sauces, and Gravies",33.3,1.21,0.78,5.35,0.5610060969640714,,2.99
172922,"Soup, beef broth or bouillon, powder, prepared with water","Soups, Sauces, and Gravies",2.6,0.21,0.08,0.25,3.5229869497143436,,7.99
172923,"Soup, beef broth, cubed, prepared with water","Soups, Sauces, and Gravies",2.6,0.21,0.08,0.25,0.1642443853277338,,1.49
172924,"Soup, chicken broth or bouillon, dry, prepared with water","Soups, Sauces, and Gravies",4.4,0.28,0.23,0.3,0.7484693801176594,2.0 lb,6.79
172925,"Soup, chicken noodle, dry, mix, prepared with water","Soups, Sauces, and Gravies",23.0,0.84,0.55,3.67,0.6685255645682382,,1.99
172926,"Olive loaf, pork",Sausages and Luncheon Meats,232.5,11.8,16.5,9.2,,,
172927,"Pastrami, turkey",Sausages and Luncheon Meats,134.4,16.3,6.21,3.34,,1 ct,7.99
172928,"Pate, chicken liver, canned",Sausages and Luncheon Meats,197.9,13.45,13.1,6.55,1.0582188584874124,,0.9
172929,"Pate, goose liver, smoked, canned",Sausages and Luncheon Meats,458.8,11.4,43.84,4.67,1.0582188584874124,,0.9
172930,"Pate, liver, not specified, canned",Sausages and Luncheon Meats,314.8,14.2,28.0,1.5,1.0582188584874124,,0.9
172931,"Luxury loaf, pork",Sausages and Luncheon Meats,136.4,18.4,4.8,4.9,,,
172932,"Mother's loaf, pork",Sausages and Luncheon Meats,279.1,12.07,22.3,7.53,,,
172933,"Picnic loaf, pork, beef",Sausages and Luncheon Meats,228.5,14.92,16.64,4.76,,,
172934,"Pork sausage, link/patty, unprepared",Sausages and Luncheon Meats,288.5,15.39,24.8,0.93,1.3492290445714508,,4.59
172935,"Salami, cooked, beef",Sausages and Luncheon Meats,257.8,12.6,22.2,1.9,2.643342523596682,1 lb,11.99
172936,"Salami, cooked, beef and pork",Sausages and Luncheon Meats,330.1,21.85,25.9,2.4,2.643342523596682,1 lb,11.99
172937,"Salami, cooked, turkey",Sausages and Luncheon Meats,165.9,19.2,9.21,1.55,,,
172938,"Salami, dry or hard, pork",Sausages and Luncheon Meats,400.2,22.58,33.72,1.6,3.5203414025681248,,4.99
172939,"Sausage, smoked link sausage, pork and beef (nonfat dry milk added)",Sausages and Luncheon Meats,309.3,13.28,27.61,1.92,1.383243222165689,,5.49
172940,"Thuringer, cervelat, summer sausage, beef, pork",Sausages and Luncheon Meats,357.0,17.45,30.43,3.33,,,
172941,"Turkey breast, sliced, prepackaged",Sausages and Luncheon Meats,102.0,14.81,3.77,2.2,2.643342523596682,1 lb,11.99
172942,"Sausage, Vienna, canned, chicken, beef, pork",Sausages and Luncheon Meats,227.0,10.5,19.4,2.6,0.6518014708074641,,0.85
172943,"Honey roll sausage, beef",Sausages and Luncheon Meats,177.5,18.58,10.5,2.18,1.3198340762801337,,4.49
172944,"Oscar Mayer, Braunschweiger Liver Sausage (sliced)",Sausages and Luncheon Meats,331.6,14.25,29.35,2.6,0.7253208425882472,,3.29
172945,"Oscar Mayer, Chicken Breast (honey glazed)",Sausages and Luncheon Meats,110.1,19.85,1.5,4.3,1.9557452236489585,,4.99
172946,"Oscar Mayer, Ham (chopped with natural juice)",Sausages and Luncheon Meats,180.2,16.3,11.15,3.65,,,
172947,"Oscar Mayer, Salami (hard)",Sausages and Luncheon Meats,368.3,25.9,28.7,1.6,3.5229869497143436,,7.99
172948,"Sausage, turkey, pork, and beef, low fat, smoked",Sausages and Luncheon Meats,100.7,8.0,2.5,11.54,0.8927025754932273,,3.29
172949,"Frankfurter, beef, pork, and turkey, fat free",Sausages and Luncheon Meats,109.2,12.5,1.59,11.21,1.760758600649889,,5.99
172950,"Luncheon meat, pork, ham, and chicken, minced, canned, reduced sodium, added ascorbic acid, includes SPAM, 25% less sodium",Sausages and Luncheon Meats,289.5,12.5,25.1,3.4,,,
172951,"Luncheon meat, pork with ham, minced, canned, includes Spam (Hormel)",Sausages and Luncheon Meats,311.4,13.4,26.6,4.6,2.200213376605078,,4.99
172952,"Sausage, Italian, sweet, links",Sausages and Luncheon Meats,148.7,16.13,8.42,2.1,0.9457831047731248,,4.29
172953,"Sausage, Polish, beef with chicken, hot",Sausages and Luncheon Meats,259.4,17.6,19.4,3.6,1.0053079155630418,,3.99
172954,"Sausage, Polish, pork and beef, smoked",Sausages and Luncheon Meats,295.2,12.07,26.56,1.98,1.0053079155630418,,3.99
172955,"Sausage, pork and beef, with cheddar cheese, smoked",Sausages and Luncheon Meats,292.6,12.89,25.84,2.13,2.054708283563059,,6.99
172956,"Bratwurst, beef and pork, smoked",Sausages and Luncheon Meats,293.9,12.2,26.34,2.0,1.2048842792251415,,6.49
172957,"Bratwurst, chicken, cooked",Sausages and Luncheon Meats,170.9,19.44,10.35,0.0,2.348657966476229,5 ct,7.99
172958,"Bratwurst, pork, beef and turkey, lite, smoked",Sausages and Luncheon Meats,186.0,14.45,13.53,1.62,1.2048842792251415,,6.49
172959,"Pastrami, beef, 98% fat-free",Sausages and Luncheon Meats,95.0,19.6,1.16,1.54,3.5223570575366723,,6.99
172960,"Yachtwurst, with pistachio nuts, cooked",Sausages and Luncheon Meats,268.2,14.8,22.6,1.4,,,
172961,"Beerwurst, pork and beef",Sausages and Luncheon Meats,275.8,14.0,22.53,4.27,0.5855477683630349,,2.49
172962,"Chicken breast, fat-free, mesquite flavor, sliced",Sausages and Luncheon Meats,79.7,16.8,0.39,2.25,2.933617835473438,,4.99
172963,"Chicken breast, oven-roasted, fat-free, sliced",Sausages and Luncheon Meats,79.4,16.79,0.39,2.17,2.662081815882397,,14.49
172964,"Frankfurter, pork",Sausages and Luncheon Meats,265.5,12.81,23.68,0.28,1.2572647866314732,,4.99
172965,"Macaroni and cheese loaf, chicken, pork and beef",Sausages and Luncheon Meats,228.2,11.76,14.96,11.63,,3.5 ounce,1.38
172966,"Salami, Italian, pork and beef, dry, sliced, 50% less sodium",Sausages and Luncheon Meats,350.4,21.8,26.4,6.4,5.0993879774936905,,3.99
172967,"Pate, truffle flavor",Sausages and Luncheon Meats,326.5,11.2,28.5,6.3,25.00603229843891,24 ct,38.99
172968,"Frankfurter, meat",Sausages and Luncheon Meats,289.6,10.26,25.76,4.17,,10 ct,3.49
172969,"Scrapple, pork",Sausages and Luncheon Meats,213.3,8.06,13.87,14.06,1.1140692982409146,,3.79
172970,"Bologna, chicken, turkey, pork",Sausages and Luncheon Meats,297.7,9.88,26.18,5.65,,10 ct,5.49
172971,"Pork sausage, link/patty, fully cooked, microwaved",Sausages and Luncheon Meats,437.9,15.12,41.66,0.62,1.3492290445714508,,4.59
172972,"Cereals, QUAKER, QUAKER MultiGrain Oatmeal, dry",Breakfast Cereals,365.6,12.64,2.73,72.62,1.0230912615251746,,6.99
172973,"Cereals ready-to-eat, chocolate-flavored frosted puffed corn",Breakfast Cereals,393.7,3.34,3.5,87.2,,,
172974,"Cereals ready-to-eat, QUAKER, Toasted Multigrain Crisps",Breakfast Cereals,395.1,12.38,5.11,74.9,0.9898755572101003,,4.49
172975,"Cereals ready-to-eat, QUAKER, QUAKER 100% Natural Granola with Oats, Wheat, Honey, and Raisins",Breakfast Cereals,430.7,9.66,10.38,74.67,,,
172976,"Cereals ready-to-eat, QUAKER, Low Fat 100% Natural Granola with Raisins",Breakfast Cereals,405.6,8.42,5.52,80.57,0.9898755572101003,,4.49
172977,"Cereals, QUAKER, Instant Grits, Butter flavor, dry",Breakfast Cereals,382.6,8.12,5.64,74.83,1.0230912615251746,,6.99
172978,"Cereals, Oat Bran, QUAKER, QUAKER/MOTHER'S Oat Bran, prepared with water, salt",Breakfast Cereals,46.6,2.03,0.95,7.49,0.5407382079084031,,2.79
172979,"Cereals, QUAKER, QUAKER MultiGrain Oatmeal, prepared with water, no salt",Breakfast Cereals,66.5,2.08,0.47,13.49,1.0230912615251746,,6.99
172980,"Cereals, QUAKER, QUAKER MultiGrain Oatmeal, prepared with water, salt",Breakfast Cereals,66.4,2.07,0.47,13.47,1.0230912615251746,,6.99
172981,"Cereals ready-to-eat, HEALTH VALLEY, FIBER 7 Flakes",Breakfast Cereals,383.0,14.44,1.41,78.15,,,
172982,"Cereals ready-to-eat, MALT-O-MEAL, BERRY COLOSSAL CRUNCH",Breakfast Cereals,400.5,4.19,4.17,86.55,,,
172983,"Cereals ready-to-eat, MALT-O-MEAL, Crispy Rice",Breakfast Cereals,380.0,6.07,1.12,86.4,,15 ounces,4.29
172984,"Cereals ready-to-eat, MALT-O-MEAL, TOOTIE FRUITIES",Breakfast Cereals,391.3,4.69,3.2,85.94,,15 ounces,4.29
172985,"Cereals ready-to-eat, QUAKER, MOTHER'S PEANUT BUTTER BUMPERS Cereal",Breakfast Cereals,415.2,7.62,7.33,79.68,0.9898755572101003,,4.49
172986,"Cereals ready-to-eat, QUAKER, MOTHER'S Toasted Oat Bran cereal",Breakfast Cereals,392.8,11.45,5.04,75.41,,,
172987,"Cereals ready-to-eat, QUAKER, Shredded Wheat, bagged cereal",Breakfast Cereals,387.1,11.24,2.01,81.01,0.9898755572101003,,4.49
172988,"Cereals ready-to-eat, SUN COUNTRY, KRETSCHMER Wheat Germ, Regular",Breakfast Cereals,409.3,31.43,9.56,49.38,,,
172989,"Cereals, QUAKER, Quick Oats, Dry",Breakfast Cereals,389.4,13.7,6.87,68.18,1.0230912615251746,,6.99
172990,"Cereals ready-to-eat, MALT-O-MEAL, Frosted Flakes",Breakfast Cereals,385.6,4.25,0.87,90.2,,,
172991,"Cereals, QUAKER, Instant Oatmeal, Raisin and Spice, dry",Breakfast Cereals,375.2,9.11,4.0,75.68,1.0230912615251746,,6.99
172992,"Cereals, QUAKER, Instant Grits, Redeye Gravy & Country Ham flavor, dry",Breakfast Cereals,357.0,9.83,1.58,75.86,1.0230912615251746,,6.99
172993,"Cereals, QUAKER, Instant Grits Product with American Cheese Flavor, dry",Breakfast Cereals,374.0,8.8,4.67,74.18,1.0230912615251746,,6.99
172994,"Cereals, QUAKER, Instant Grits, Ham 'n' Cheese flavor, dry",Breakfast Cereals,369.4,10.73,4.68,71.08,1.0230912615251746,,6.99
172995,"Cereals ready-to-eat, MALT-O-MEAL, HONEY GRAHAM SQUARES",Breakfast Cereals,406.3,4.46,9.97,74.68,,15 ounces,4.29
172996,"Cereals ready-to-eat, MALT-O-MEAL, Raisin Bran Cereal",Breakfast Cereals,368.8,7.63,1.87,80.37,,,
172997,"Cereals ready-to-eat, MALT-O-MEAL, Blueberry MUFFIN TOPS Cereal",Breakfast Cereals,442.6,4.9,11.48,79.91,,15 ounces,4.29
172998,"Cereals, MALT-O-MEAL, Farina Hot Wheat Cereal, dry",Breakfast Cereals,355.1,10.48,0.49,77.2,,30 ounces,5.99
172999,"Cereals, MALT-O-MEAL, Maple & Brown Sugar Hot Wheat Cereal, dry",Breakfast Cereals,361.6,8.82,0.47,80.52,,30 ounces,5.99
173000,"Cereals ready-to-eat, MALT-O-MEAL, Frosted Mini SPOONERS",Breakfast Cereals,381.1,9.09,1.94,81.81,,15 ounces,4.29
173001,"Cereals ready-to-eat, MALT-O-MEAL, Fruity DYNO-BITES",Breakfast Cereals,404.3,3.9,3.15,90.1,,,
173002,"Cereals ready-to-eat, RALSTON Enriched Wheat Bran flakes",Breakfast Cereals,390.2,10.21,3.36,79.77,,,
173003,"Cereals ready-to-eat, RALSTON Corn Biscuits",Breakfast Cereals,375.9,5.83,1.05,85.79,3.4581080554142227,,5.49
173004,"Cereals, MALT-O-MEAL, chocolate, prepared with water, without salt",Breakfast Cereals,43.3,1.37,0.1,9.22,,30 ounces,5.99
173005,"Cereals ready-to-eat, POST GREAT GRAINS Cranberry Almond Crunch",Breakfast Cereals,395.1,8.9,5.9,76.6,1.1489233320720476,,3.99
173006,Rice and Wheat cereal bar,Snacks,409.1,9.09,9.09,72.73,0.9898755572101003,,4.49
173007,"Cereals ready-to-eat, QUAKER, QUAKER Honey Graham LIFE Cereal",Breakfast Cereals,388.8,9.33,4.14,78.56,0.9898755572101003,,4.49
173008,"Cereals, CREAM OF WHEAT, 2 1/2 minute cook time, cooked with water, stove-top, without salt",Breakfast Cereals,54.5,1.44,0.2,11.74,0.8994860297143006,,4.59
173009,"Cereals, CREAM OF WHEAT, 2 1/2 minute cook time, cooked with water, microwaved, without salt",Breakfast Cereals,51.2,1.88,0.37,10.1,0.8994860297143006,,4.59
173010,"Cereals, CREAM OF WHEAT, 1 minute cook time, dry",Breakfast Cereals,350.8,11.77,1.47,72.63,0.8994860297143006,,4.59
173011,"Cereals, CREAM OF WHEAT, 1 minute cook time, cooked with water, stove-top, without salt",Breakfast Cereals,55.0,1.65,0.42,11.16,0.8994860297143006,,4.59
173012,"Cereals, CREAM OF WHEAT, 1 minute cook time, cooked with water, microwaved, without salt",Breakfast Cereals,53.8,1.95,0.37,10.67,0.8994860297143006,,4.59
173013,"Cereals ready-to-eat, QUAKER, Cap'n Crunch's OOPS! All Berries Cereal",Breakfast Cereals,402.7,4.6,3.99,87.1,,,
173014,"Cereals ready-to-eat, QUAKER Oatmeal Squares, Golden Maple",Breakfast Cereals,400.8,11.3,4.83,78.04,1.2139108284717675,,4.99
173015,"Cereals ready-to-eat, POST, HONEY BUNCHES OF OATS with vanilla bunches",Breakfast Cereals,404.7,7.9,5.1,81.8,,,
173016,"Cereals, QUAKER, Instant Oatmeal, Cinnamon Spice, reduced sugar",Breakfast Cereals,377.8,11.26,6.11,69.45,1.0230912615251746,,6.99
173017,"Cereals ready-to-eat, NATURE'S PATH, Organic FLAX PLUS flakes",Breakfast Cereals,397.9,11.91,5.46,75.27,,,
173018,"Cereals ready-to-eat, BARBARA'S PUFFINS, original",Breakfast Cereals,398.9,7.41,3.7,84.0,,11 ounces,4.99
173019,"Cereals ready-to-eat, POST, HONEY BUNCHES OF OATS, with real strawberries",Breakfast Cereals,404.1,6.7,4.9,83.3,,,
173020,"Cereals ready-to-eat, POST HONEY BUNCHES OF OATS with cinnamon bunches",Breakfast Cereals,404.6,7.1,5.0,82.8,,,
173021,"Figs, raw",Fruits and Fruit Juices,82.4,0.75,0.3,19.18,,,
173022,"Figs, canned, water pack, solids and liquids",Fruits and Fruit Juices,58.5,0.4,0.1,13.99,12.910270073546432,5 ct,5.49
173023,"Figs, canned, light syrup pack, solids and liquids",Fruits and Fruit Juices,74.3,0.39,0.1,17.95,2.347678134199852,,5.99
173024,"Figs, canned, heavy syrup pack, solids and liquids",Fruits and Fruit Juices,94.0,0.38,0.1,22.9,12.910270073546432,5 ct,5.49
173025,"Figs, canned, extra heavy syrup pack, solids and liquids",Fruits and Fruit Juices,113.9,0.38,0.1,27.86,12.910270073546432,5 ct,5.49
173026,"Fruit cocktail, (peach and pineapple and pear and grape and cherry), canned, extra light syrup, solids and liquids",Fruits and Fruit Juices,48.8,0.4,0.07,11.63,,,
173027,"Fruit cocktail, (peach and pineapple and pear and grape and cherry), canned, light syrup, solids and liquids",Fruits and Fruit Juices,62.0,0.4,0.07,14.93,,,
173028,"Fruit cocktail, (peach and pineapple and pear and grape and cherry), canned, heavy syrup, solids and liquids",Fruits and Fruit Juices,77.8,0.39,0.07,18.91,,,
173029,"Fruit cocktail, (peach and pineapple and pear and grape and cherry), canned, extra heavy syrup, solids and liquids",Fruits and Fruit Juices,93.8,0.39,0.07,22.89,,,
173030,"Gooseberries, raw",Fruits and Fruit Juices,49.5,0.88,0.58,10.18,,,
173031,"Gooseberries, canned, light syrup pack, solids and liquids",Fruits and Fruit Juices,79.4,0.65,0.2,18.75,,each,2.99
173032,"Goji berries, dried",Fruits and Fruit Juices,368.8,14.26,0.39,77.06,5.532972888662756,,5.49
173033,"Grapefruit, raw, pink and red and white, all areas",Fruits and Fruit Juices,35.7,0.63,0.1,8.08,,1 each,1.5
173034,"Grapefruit, raw, white, Florida",Fruits and Fruit Juices,36.2,0.63,0.1,8.19,,1 each,1.5
173035,"Grapefruit, sections, canned, water pack, solids and liquids",Fruits and Fruit Juices,39.8,0.58,0.1,9.15,0.6325797176291421,,2.69
173036,"Grapefruit, sections, canned, juice pack, solids and liquids",Fruits and Fruit Juices,40.4,0.7,0.09,9.21,0.6325797176291421,,2.69
173037,"Grapefruit, sections, canned, light syrup pack, solids and liquids",Fruits and Fruit Juices,64.9,0.56,0.1,15.44,0.6325797176291421,,2.69
173038,"Grapefruit juice, pink or red, with added calcium",Fruits and Fruit Juices,39.1,0.51,0.68,7.74,,1 each,2.5
173039,"Grapefruit juice, white, raw",Fruits and Fruit Juices,39.7,0.5,0.1,9.2,0.6602844752437084,,5.99
173040,"Grapes, muscadine, raw",Fruits and Fruit Juices,63.2,0.81,0.47,13.93,0.659182163932784,1 lb,2.99
173041,"Grape juice, canned or bottled, unsweetened, with added ascorbic acid",Fruits and Fruit Juices,61.7,0.37,0.13,14.77,0.4166736755294186,,1.89
173042,"Grape juice, canned or bottled, unsweetened, without added ascorbic acid",Fruits and Fruit Juices,61.7,0.37,0.13,14.77,0.4166736755294186,,1.89
173043,"Groundcherries, (cape-gooseberries or poha), raw",Fruits and Fruit Juices,58.7,1.9,0.7,11.2,,,
173044,"Guavas, common, raw",Fruits and Fruit Juices,76.0,2.55,0.95,14.32,,,
173045,"Guavas, strawberry, raw",Fruits and Fruit Juices,77.2,0.58,0.6,17.36,1.1728592348235487,,3.99
173046,"Beef, top loin petite roast, boneless, separable lean only, trimmed to 1/8"" fat, all grades, cooked, roasted",Beef Products,195.4,28.33,8.76,0.82,2.643342523596682,1 lb,11.99
173047,"Beef, top loin petite roast, boneless, separable lean only, trimmed to 1/8"" fat, choice, cooked, roasted",Beef Products,206.2,28.24,9.97,0.88,2.643342523596682,1 lb,11.99
173048,"Beef, top loin petite roast, boneless, separable lean only, trimmed to 1/8"" fat, select, cooked, roasted",Beef Products,179.4,28.48,6.95,0.74,2.643342523596682,1 lb,11.99
173049,"Beef, top loin petite roast/filet, boneless, separable lean only, trimmed to 1/8"" fat, all grades, raw",Beef Products,143.0,22.61,5.84,0.0,3.525191572336192,1 lb,15.99
173050,"Beef, loin, top sirloin filet, boneless, separable lean only, trimmed to 0"" fat, select, cooked, grilled",Beef Products,165.2,30.78,4.68,0.0,1.5321168690274276,,9.99
173051,"Beef, loin, top sirloin petite roast, boneless, separable lean only, trimmed to 0"" fat, all grades, cooked, roasted",Beef Products,169.8,29.12,5.92,0.0,1.5321168690274276,,9.99
173052,"Beef, loin, top sirloin petite roast, boneless, separable lean only, trimmed to 0"" fat, select, cooked, roasted",Beef Products,164.6,29.35,5.25,0.0,1.5321168690274276,,9.99
173053,"Beef, loin, top sirloin petite roast/filet, boneless, separable lean only, trimmed to 0"" fat, all grades, raw",Beef Products,128.0,23.04,3.98,0.0,1.5321168690274276,,9.99
173054,"Beef, ribeye cap steak, boneless, separable lean only, trimmed to 0"" fat, all grades, cooked, grilled",Beef Products,246.1,24.66,15.7,1.53,4.847965145445458,1 lb,21.99
173055,"Beef, ribeye cap steak, boneless, separable lean only, trimmed to 0"" fat, choice, cooked, grilled",Beef Products,259.1,24.24,17.21,1.81,4.847965145445458,1 lb,21.99
173056,"Beef, ribeye cap steak, boneless, separable lean only, trimmed to 0"" fat, select, cooked, grilled",Beef Products,226.4,25.28,13.43,1.1,4.847965145445458,1 lb,21.99
173057,"Beef, ribeye cap steak, boneless, separable lean only, trimmed to 0"" fat, all grades, raw",Beef Products,180.2,19.7,10.6,1.51,4.847965145445458,1 lb,21.99
173058,"Beef, ribeye petite roast, boneless, separable lean only, trimmed to 0"" fat, all grades, cooked, roasted",Beef Products,178.4,28.15,7.31,0.0,2.86380478578156,1 lb,12.99
173059,"Beef, ribeye petite roast, boneless, separable lean only, trimmed to 0"" fat, choice, cooked, roasted",Beef Products,187.8,28.0,8.42,0.0,2.86380478578156,1 lb,12.99
173060,"Beef, ribeye petite roast, boneless, separable lean only, trimmed to 0"" fat, select, cooked, roasted",Beef Products,164.3,28.37,5.65,0.0,2.86380478578156,1 lb,12.99
173061,"Beef, loin, top sirloin cap steak, boneless, separable lean and fat, trimmed to 1/8"" fat, all grades, cooked, grilled",Beef Products,242.2,26.0,15.0,0.8,1.5321168690274276,,9.99
173062,"Beef, loin, top sirloin cap steak, boneless, separable lean and fat, trimmed to 1/8"" fat, select, raw",Beef Products,178.5,20.1,10.9,0.0,1.5321168690274276,,9.99
173063,"Beef, top loin filet, boneless, separable lean and fat, trimmed to 1/8"" fat, all grades, cooked, grilled",Beef Products,238.9,27.4,14.1,0.6,,,
173064,"Beef, top loin filet, boneless, separable lean and fat, trimmed to 1/8"" fat, choice, cooked, grilled",Beef Products,252.7,26.8,15.9,0.6,0.907785785467143,1.7 lb,7.0
173065,"Beef, top loin filet, boneless, separable lean and fat, trimmed to 1/8"" fat, select, cooked, grilled",Beef Products,219.2,28.3,11.6,0.4,,,
173066,"Beef, top loin petite roast/filet, boneless, separable lean and fat, trimmed to 1/8"" fat, choice, raw",Beef Products,199.0,20.8,12.6,0.6,3.525191572336192,1 lb,15.99
173067,"Beef, top loin petite roast/filet, boneless, separable lean and fat, trimmed to 1/8"" fat, select, raw",Beef Products,170.1,21.6,9.3,0.0,3.525191572336192,1 lb,15.99
173068,"Beef, Australian, imported, grass-fed, ground, 85% lean / 15% fat, raw",Beef Products,234.0,17.72,18.12,0.0,,750 ml,8.99
173069,"Beef, loin, top loin steak, boneless, lip-on, separable lean only, trimmed to 1/8"" fat, choice, cooked, grilled",Beef Products,207.7,28.66,10.34,0.0,1.5321168690274276,,9.99
173070,"Beef, loin, top loin steak, boneless, lip-on, separable lean only, trimmed to 1/8"" fat, select, cooked, grilled",Beef Products,184.0,29.67,7.26,0.0,1.5321168690274276,,9.99
173071,"Beef, loin, top loin steak, boneless, lip-on, separable lean only, trimmed to 1/8"" fat, all grades, cooked, grilled",Beef Products,198.2,29.06,9.11,0.0,1.5321168690274276,,9.99
173072,"Beef, loin, top loin steak, boneless, lip-on, separable lean and fat, trimmed to 1/8"" fat, choice, raw",Beef Products,204.8,21.13,13.36,0.0,1.5321168690274276,,9.99
173073,"Beef, New Zealand, imported, brisket point end, separable lean only, cooked, braised",Beef Products,201.5,34.51,7.05,0.0,,750 ml,15.99
173074,"Beef, New Zealand, imported, brisket point end, separable lean only, raw",Beef Products,125.3,20.92,4.62,0.0,,750 ml,15.99
173075,"Beef, New Zealand, imported, chuck eye roll, separable lean only, raw",Beef Products,130.5,20.46,5.41,0.0,,750 ml,15.99
173076,"Beef, New Zealand, imported, chuck eye roll, separable lean only, cooked, braised",Beef Products,208.3,32.08,8.89,0.0,,750 ml,15.99
173077,"Beef, New Zealand, imported, flank, separable lean only, cooked, braised",Beef Products,194.3,30.75,7.92,0.0,,750 ml,15.99
173078,"Beef, New Zealand, imported, flank, separable lean only, raw",Beef Products,142.2,20.53,6.67,0.0,,750 ml,15.99
173079,"Beef, New Zealand, imported, flat, separable lean only, cooked, braised",Beef Products,225.6,33.22,10.3,0.0,,750 ml,15.99
173080,"Beef, New Zealand, imported, flat, separable lean only, raw",Beef Products,154.4,21.3,7.69,0.0,,750 ml,15.99
173081,"Beef, New Zealand, imported, variety meats and by-products, heart, cooked, boiled",Beef Products,179.2,31.29,6.0,0.0,,750 ml,15.99
173082,"Beef, New Zealand, imported, intermuscular fat, cooked",Beef Products,560.1,7.9,57.22,3.39,,750 ml,15.99
173083,"Beef, New Zealand, imported, intermuscular fat, raw",Beef Products,601.9,6.97,63.78,0.01,,750 ml,15.99
173084,"Beef, New Zealand, imported, variety meats and by-products, kidney, cooked, boiled",Beef Products,156.6,27.28,5.27,0.0,,750 ml,15.99
173085,"Beef, New Zealand, imported, knuckle, cooked, fast fried",Beef Products,178.3,27.51,7.58,0.0,,750 ml,15.99
173086,"Beef, New Zealand, imported, manufacturing beef, raw",Beef Products,119.0,21.23,3.68,0.23,,,
173087,"Beef, New Zealand, imported, oyster blade, separable lean only, cooked, braised",Beef Products,195.6,29.87,8.46,0.0,,750 ml,15.99
173088,"Beef, New Zealand, imported, oyster blade, separable lean only, raw",Beef Products,155.4,21.83,7.56,0.0,,750 ml,15.99
173089,"Beef, New Zealand, imported, ribs prepared, cooked, fast roasted",Beef Products,196.9,27.23,9.74,0.09,,,
173090,"Beef, New Zealand, imported, subcutaneous fat, cooked",Beef Products,730.7,6.5,78.3,0.0,,750 ml,15.99
173091,"Beef, New Zealand, imported, subcutaneous fat, raw",Beef Products,685.4,8.5,72.38,0.0,,,
173092,"Beef, New Zealand, imported, sweetbread, cooked, boiled",Beef Products,318.2,12.53,29.79,0.0,,750 ml,15.99
173093,"Beef, New Zealand, imported, sweetbread, raw",Beef Products,303.4,11.51,28.6,0.0,,750 ml,15.99
173094,"Beef, New Zealand, imported, tenderloin, separable lean only, cooked, fast fried",Beef Products,199.6,29.37,9.01,0.27,,750 ml,15.99
173095,"Beef, New Zealand, imported, variety meats and by-products, tripe cooked, boiled",Beef Products,102.8,19.0,2.98,0.0,,750 ml,15.99
173096,"Beef, New Zealand, imported, variety meats and by-products, tripe uncooked, raw",Beef Products,77.3,14.86,1.98,0.0,,750 ml,15.99
173097,"Beef, New Zealand, imported, bolar blade, separable lean and fat, cooked, fast roasted",Beef Products,227.5,31.3,11.37,0.0,,750 ml,15.99
173098,"Beef, New Zealand, imported, bolar blade, separable lean and fat, raw",Beef Products,159.1,21.29,8.22,0.0,,,
173099,"Beef, New Zealand, imported, chuck eye roll, separable lean and fat, cooked, braised",Beef Products,252.3,29.92,14.74,0.0,,750 ml,15.99
173100,"Beef, New Zealand, imported, chuck eye roll, separable lean and fat, raw",Beef Products,180.6,19.38,11.45,0.0,,750 ml,15.99
173101,"Beef, New Zealand, imported, cube roll, separable lean and fat, cooked, fast roasted",Beef Products,286.3,27.79,19.45,0.03,,750 ml,15.99
173102,"Beef, New Zealand, imported, cube roll, separable lean and fat, raw",Beef Products,224.7,18.22,16.31,1.26,,,
173103,"Beef, New Zealand, imported, flat, separable lean and fat, raw",Beef Products,177.2,20.57,10.55,0.0,,750 ml,15.99
173104,"Beef, New Zealand, imported, hind shin, separable lean and fat, cooked, braised",Beef Products,196.1,29.82,8.5,0.07,,750 ml,15.99
173105,"Beef, New Zealand, imported, hind shin, separable lean and fat, raw",Beef Products,147.2,20.61,7.2,0.0,,750 ml,15.99
173106,"Beef, New Zealand, imported, oyster blade, separable lean and fat, cooked, braised",Beef Products,197.3,29.79,8.68,0.0,,750 ml,15.99
173107,"Beef, New Zealand, imported, striploin, separable lean and fat, raw",Beef Products,252.1,18.49,19.53,0.6,,,
173108,"Beef, New Zealand, imported, tenderloin, separable lean and fat, cooked, fast fried",Beef Products,202.3,29.26,9.35,0.27,,750 ml,15.99
173109,"Beef, New Zealand, imported, tenderloin, separable lean and fat, raw",Beef Products,146.1,21.04,6.88,0.0,,750 ml,15.99
173110,"Beef, ground, 93% lean meat / 7% fat, raw",Beef Products,146.4,20.85,7.0,0.0,2.092186868134488,1 lb,9.49
173111,"Beef, ground, 97% lean meat / 3% fat, raw",Beef Products,114.9,21.98,3.0,0.0,2.092186868134488,1 lb,9.49
173112,"Beef, ground, 97% lean meat / 3% fat, patty, cooked, broiled",Beef Products,145.6,26.36,4.46,0.0,2.092186868134488,1 lb,9.49
173113,"Beef, ground, 97% lean meat /3% fat, patty, cooked, pan-broiled",Beef Products,137.0,26.03,3.65,0.0,2.092186868134488,1 lb,9.49
173114,"Beef, ground, 97% lean meat / 3% fat, loaf, cooked, baked",Beef Products,146.9,27.58,4.06,0.0,2.092186868134488,1 lb,9.49
173115,"Beef, round, bottom round, steak, separable lean only, trimmed to 1/8"" fat, choice, cooked, braised",Beef Products,218.1,34.22,9.02,0.0,2.643342523596682,1 lb,11.99
173116,"Beef, short loin, top loin, steak, separable lean only, trimmed to 1/8"" fat, choice, raw",Beef Products,149.0,22.78,6.43,0.0,2.643342523596682,1 lb,11.99
173117,"Beef, tenderloin, steak, separable lean only, trimmed to 1/8"" fat, choice, cooked, broiled",Beef Products,197.9,29.01,9.1,0.0,4.115295560784381,,7.0
173118,"Beef, top sirloin, steak, separable lean only, trimmed to 1/8"" fat, choice, cooked, broiled",Beef Products,178.5,29.51,6.72,0.0,4.404835998453854,,9.99
173119,"Beef, short loin, top loin, steak, separable lean only, trimmed to 1/8"" fat, choice, cooked, broiled",Beef Products,192.7,29.16,8.45,0.0,2.643342523596682,1 lb,11.99
173120,"Beef, round, eye of round, roast, separable lean only, trimmed to 1/8"" fat, select, raw",Beef Products,112.8,22.31,2.62,0.0,2.643342523596682,1 lb,11.99
173121,"Beef, round, top round, steak, separable lean only, trimmed to 1/8"" fat, select, raw",Beef Products,122.8,23.13,3.37,0.0,2.643342523596682,1 lb,11.99
173122,"Beef, round, bottom round, roast, separable lean only, trimmed to 1/8"" fat, select, raw",Beef Products,121.7,22.18,3.66,0.0,2.643342523596682,1 lb,11.99
173123,"Beef, rib, small end (ribs 10-12), separable lean only, trimmed to 1/8"" fat, all grades, cooked, broiled",Beef Products,187.0,29.58,7.63,0.0,1.9819557370420493,1 lb,8.99
173124,"Beef, bottom sirloin, tri-tip roast, separable lean only, trimmed to 0"" fat, select, raw",Beef Products,123.2,21.34,4.21,0.0,,,
173125,"Beef, round, tip round, roast, separable lean only, trimmed to 0"" fat, all grades, raw",Beef Products,119.8,21.07,3.95,0.0,2.643342523596682,1 lb,11.99
173126,"Beef, round, tip round, roast, separable lean only, trimmed to 0"" fat, choice, raw",Beef Products,124.0,20.76,4.55,0.0,2.643342523596682,1 lb,11.99
173127,"Beef, round, tip round, roast, separable lean only, trimmed to 0"" fat, select, raw",Beef Products,115.7,21.38,3.35,0.0,2.643342523596682,1 lb,11.99
173128,"Beef, brisket, flat half, separable lean and fat, trimmed to 1/8"" fat, choice, raw",Beef Products,272.3,18.12,22.15,0.12,1.5410312126722943,1 lb,6.99
173129,"Beef, brisket, flat half, separable lean and fat, trimmed to 1/8"" fat, select, raw",Beef Products,271.0,17.77,22.21,0.0,1.5410312126722943,1 lb,6.99
173130,"Beef, brisket, flat half, separable lean and fat, trimmed to 1/8"" fat, choice, cooked, braised",Beef Products,289.9,28.66,19.47,0.0,1.5410312126722943,1 lb,6.99
173131,"Snacks, popcorn, microwave, 94% fat free",Snacks,401.9,10.72,6.1,76.04,,18 ct,14.49
173132,"Formulated bar, MARS SNACKFOOD US, SNICKERS MARATHON Double Chocolate Nut Bar",Snacks,377.0,22.35,8.99,51.66,,,
173133,"Snacks, M&M MARS, KUDOS Whole Grain Bars, peanut butter",Snacks,469.3,5.88,20.78,64.69,2.0509973350774127,55 ct,17.99
173134,"Formulated bar, MARS SNACKFOOD US, SNICKERS MARATHON Honey Nut Oat Bar",Snacks,381.4,22.5,7.87,55.13,,,
173135,"Snacks, M&M MARS, KUDOS Whole Grain Bar, M&M's milk chocolate",Snacks,414.7,3.78,11.95,73.01,2.0509973350774127,55 ct,17.99
173136,"Formulated bar, MARS SNACKFOOD US, SNICKERS MARATHON Energy Bar, all flavors",Snacks,386.0,21.91,10.79,50.3,,,
173137,"Formulated bar, POWER BAR, chocolate",Snacks,363.1,14.15,3.11,69.63,,,
173138,"Formulated bar, MARS SNACKFOOD US, COCOAVIA, Chocolate Blueberry Snack Bar",Snacks,339.8,6.21,9.27,57.87,,,
173139,"Formulated bar, SLIM-FAST OPTIMA meal bar, milk chocolate peanut",Snacks,385.9,16.19,8.92,60.21,,,
173140,"Snacks, soy chips or crisps, salted",Snacks,384.8,26.5,7.35,53.15,,,
173141,"Popcorn, microwave, regular (butter) flavor, made with palm oil",Snacks,534.5,8.38,30.22,57.26,0.9452849985475197,,5.29
173142,"Snacks, plantain chips, salted",Snacks,530.8,2.28,29.59,63.84,1.8201364365983492,,1.29
173143,"Tortilla chips, yellow, plain, salted",Snacks,497.0,6.62,22.33,67.38,1.4854257309878862,,3.79
173144,"Snacks, granola bar, KASHI GOLEAN, crunchy, mixed flavors",Snacks,392.9,17.88,9.23,59.58,10.258843933669636,6 ct,3.49
173145,"Snacks, granola bar, chewy, reduced sugar, all flavors",Snacks,412.3,5.55,12.5,69.4,10.258843933669636,6 ct,3.49
173146,"Snacks, granola bites, mixed flavors",Snacks,451.3,7.17,17.5,66.27,18.6329516651313,5 ct,4.49
173147,"Snacks, pita chips, salted",Snacks,457.0,11.79,15.2,68.26,2.4013242855171386,,4.99
173148,"Snacks, granola bars, soft, almond, confectioners coating",Snacks,454.9,8.6,20.0,60.13,10.258843933669636,6 ct,3.49
173149,"Formulated bar, high fiber, chewy, oats and chocolate",Snacks,389.3,5.0,10.0,69.82,,5 ct,2.59
173150,"Snacks, bagel chips, plain",Snacks,451.1,12.34,15.14,66.36,2.5145295732629465,,4.99
173151,"Snacks, NUTRI-GRAIN FRUIT AND NUT BAR",Snacks,402.8,9.38,10.93,66.72,,4 ct,3.99
173152,"Snacks, yucca (cassava) chips, salted",Snacks,515.5,1.34,25.91,69.23,2.9559580113748387,,4.19
173153,"Snacks, granola bar, GENERAL MILLS, NATURE VALLEY, CHEWY TRAIL MIX",Snacks,414.8,5.71,11.43,72.27,10.258843933669636,6 ct,3.49
173154,"Snacks, granola bar, QUAKER, DIPPS, all flavors",Snacks,473.7,7.52,20.42,64.96,10.258843933669636,6 ct,3.49
173155,"Snacks, brown rice chips",Snacks,384.0,8.2,2.8,81.5,,,
173156,"Snack, Pretzel, hard chocolate coated",Snacks,467.2,7.05,17.64,70.07,45.971174323420556,20 ct,11.99
173157,"Snacks, peas, roasted, wasabi-flavored",Snacks,432.2,14.11,14.11,62.2,3.1628985881457106,,2.69
173158,"Formulated Bar, SOUTH BEACH protein bar",Snacks,411.5,30.34,15.17,38.4,,5 ct,6.99
173159,"Snack, BALANCE, original bar",Snacks,414.9,28.0,12.0,48.73,10.55867261024107,3 pk,4.49
173160,"Snacks, shrimp cracker",Snacks,425.7,7.14,17.86,59.09,5.629724327153034,,3.99
173161,Rice crackers,Snacks,415.6,10.0,5.0,82.64,3.9595022288404014,,4.49
173162,"Beverages, MONSTER energy drink, low carb",Beverages,5.5,0.0,0.0,1.38,0.7253208425882472,,3.29
173163,"Beverages, Whiskey sour mix, powder",Beverages,392.5,0.6,0.1,97.3,1.466808917736719,,4.99
173164,"Alcoholic beverage, whiskey sour, prepared with water, whiskey and powder mix",Beverages,64.0,0.1,0.02,15.85,1.466808917736719,,4.99
173165,"Beverages, THE COCA-COLA COMPANY, NOS energy drink, Original, grape, loaded cherry, charged citrus, fortified with vitamins B6 and B12",Beverages,45.0,0.0,0.0,11.25,4.70025542978159,24 pk,15.99
173166,"Beverages, water, bottled, yumberry, pomegranate with anti-oxidants, zero calories",Beverages,5.0,0.0,0.0,1.25,,1 liter,1.0
173167,"Beverages, ABBOTT, EAS whey protein powder",Beverages,384.7,66.67,5.13,17.95,2.6396681525602674,8 pk,4.49
173168,"Alcoholic beverage, creme de menthe, 72 proof",Beverages,169.1,0.0,0.3,41.6,2.8627048348802946,28 pc,3.79
173169,"Beverages, NESTLE, Boost plus, nutritional drink, ready-to-drink",Beverages,139.1,5.38,5.38,17.29,2.625533550786145,,20.99
173170,"Beverages, SLIMFAST, Meal replacement,  High Protein Shake, Ready-To-Drink, 3-2-1 plan",Beverages,60.2,6.59,3.38,0.85,3.203517089784621,4 pk,9.99
173171,"Beverages, UNILEVER, SLIMFAST, meal replacement, regular, ready-to-drink,  3-2-1 Plan",Beverages,61.6,3.32,1.93,7.74,1.663755205288543,,8.49
173172,"Beverages, UNILEVER, SLIMFAST Shake Mix, powder, 3-2-1 Plan",Beverages,448.3,8.13,13.34,73.92,1.663755205288543,,8.49
173173,"Beverages, FUZE, orange mango, fortified with vitamins A, C, E, B6",Beverages,40.1,0.68,0.06,9.2,0.659182163932784,,2.99
173174,"Beverages, UNILEVER, SLIMFAST Shake Mix, high protein, whey powder, 3-2-1 Plan,",Beverages,432.6,27.87,13.46,50.0,1.663755205288543,,8.49
173175,"Beverages, Acai berry drink, fortified",Beverages,62.1,0.83,0.83,12.83,,3.24 fo,6.99
173176,"Alcoholic beverage, wine, dessert, sweet",Beverages,55.6,0.2,0.0,13.69,0.8327994566794429,,3.99
173177,"Beverages, Whey protein powder isolate",Beverages,359.3,58.14,1.16,29.07,4.407775495282986,,29.99
173178,"Beverages, Orange juice, light, No pulp",Beverages,22.5,0.21,0.0,5.42,0.3673092994315004,,4.79
173179,"Beverages, The COCA-COLA company, Hi-C Flashin' Fruit Punch",Beverages,50.0,0.0,0.0,12.5,,,
173180,"Beverages, Protein powder whey based",Beverages,351.6,78.13,1.56,6.25,3.0439652775914894,,23.99
173181,"Beverages, Protein powder soy based",Beverages,387.8,55.56,5.56,28.89,4.549582511669,,23.99
173182,"Beverages, rich chocolate, powder",Beverages,371.8,0.0,0.0,92.96,1.8597216605639895,,9.49
173183,"Beverages, GEROLSTEINER BRUNNEN GmbH & Co. KG (Gerolsteiner), naturally sparkling, mineral bottled water",Beverages,0.0,0.0,0.0,0.0,,,
173184,"Beverages, chocolate malt, powder, prepared with fat free milk",Beverages,49.1,3.25,0.17,8.64,2.054708283563059,,6.99
173185,"Alcoholic beverage, wine, table, all",Beverages,11.2,0.07,0.0,2.72,0.8327994566794429,,3.99
173186,"Beverages, V8 SPLASH Smoothies, Peach Mango",Beverages,35.9,1.22,0.0,7.76,0.1372377582100863,,2.49
173187,"Beverages, chocolate almond milk, unsweetened, shelf-stable, fortified with vitamin D2 and E",Beverages,21.5,0.83,1.46,1.25,0.2524292902016848,,2.29
173188,"Beverages, The COCA-COLA company, Glaceau Vitamin Water, Revive Fruit Punch, fortified",Beverages,0.0,0.0,0.0,0.0,4.70025542978159,24 pk,15.99
173189,"Beverages, MINUTE MAID, Lemonada, Limeade",Beverages,55.0,0.0,0.0,13.75,0.1369108014653206,,2.29
173190,"Alcoholic beverage, wine, table, red",Beverages,10.7,0.07,0.0,2.61,0.8327994566794429,,3.99
173191,"Alcoholic Beverage, wine, table, red, Barbera",Beverages,11.4,0.07,0.0,2.79,0.8327994566794429,,3.99
173192,"Alcoholic Beverage, wine, table, red, Zinfandel",Beverages,11.7,0.07,0.0,2.86,0.8327994566794429,,3.99
173193,"Alcoholic Beverage, wine, table, red, Petite Sirah",Beverages,11.0,0.07,0.0,2.68,0.8327994566794429,,3.99
173194,"Alcoholic Beverage, wine, table, red, Claret",Beverages,12.3,0.07,0.0,3.01,0.8327994566794429,,3.99
173195,"Alcoholic beverage, wine, table, white, Chenin Blanc",Beverages,13.5,0.07,0.0,3.31,0.8327994566794429,,3.99
173196,"Alcoholic beverage, wine, table, white, Fume Blanc",Beverages,9.4,0.07,0.0,2.27,0.8327994566794429,,3.99
173197,"Beverages, Mixed vegetable and fruit juice drink, with added nutrients",Beverages,30.1,0.04,0.01,7.47,,12 fo,1.99
173198,"Alcoholic beverage, wine, table, white, Muller Thurgau",Beverages,14.2,0.07,0.0,3.48,0.8327994566794429,,3.99
173199,"Carbonated beverage, cream soda",Beverages,53.2,0.0,0.0,13.3,0.7319347104537937,,2.49
173200,"Alcoholic beverage, wine, table, white, Riesling",Beverages,15.2,0.07,0.0,3.74,0.8327994566794429,,3.99
173201,"Alcoholic beverage, wine, table, white, Sauvignon Blanc",Beverages,8.5,0.07,0.0,2.05,0.8327994566794429,,3.99
173202,"Alcoholic beverage, wine, table, white, late harvest",Beverages,53.8,0.07,0.0,13.39,0.8327994566794429,,3.99
173203,"Beverages, carbonated, grape soda",Beverages,44.8,0.0,0.0,11.2,0.6866942888409442,,3.29
173204,"Beverages, carbonated, low calorie, other than cola or pepper,  without caffeine",Beverages,0.4,0.1,0.0,0.0,0.6866942888409442,,3.29
173205,"Beverages, carbonated, lemon-lime soda, no caffeine",Beverages,42.0,0.09,0.0,10.42,0.6866942888409442,,3.29
173206,"Beverages, carbonated, SPRITE, lemon-lime, without caffeine",Beverages,40.9,0.05,0.02,10.14,0.6866942888409442,,3.29
173207,"Beverages, carbonated, low calorie, other than cola or pepper, with aspartame, contains caffeine",Beverages,0.4,0.1,0.0,0.0,0.6866942888409442,,3.29
173208,"Alcoholic Beverage, wine, table, red, Burgundy",Beverages,15.0,0.07,0.0,3.69,0.8327994566794429,,3.99
173209,"Beverages, carbonated, pepper-type, contains caffeine",Beverages,42.5,0.0,0.1,10.4,0.6866942888409442,,3.29
173210,"Beverages, Energy drink, RED BULL",Beverages,42.8,0.46,0.0,10.23,0.6804461047048093,,2.99
173211,"Beverages, tea, black, ready to drink, decaffeinated, diet",Beverages,3.3,0.0,0.0,0.83,,18 ct,6.99
173212,"Beverages, tea, black, ready to drink, decaffeinated",Beverages,35.0,0.0,0.0,8.75,,18 ct,6.99
173213,"Beverages, grape juice drink, canned",Beverages,58.2,0.0,0.0,14.55,0.2088879934201715,,3.79
173214,"Beverages, Cranberry juice cocktail",Beverages,52.1,0.0,0.34,12.25,0.164795540983196,,2.99
173215,"Beverages, SNAPPLE, tea, black and green, ready to drink, peach, diet",Beverages,0.8,0.1,0.0,0.1,0.39462744931093086,,1.79
173216,"Lemonade, frozen concentrate, white",Beverages,206.7,0.22,0.7,49.89,0.5849598689972085,,1.99
173217,"Lemonade, frozen concentrate, white, prepared with water",Beverages,42.3,0.07,0.04,10.42,0.5849598689972085,,1.99
173218,"Beverages, SNAPPLE, tea, black and green, ready to drink, lemon, diet",Beverages,0.8,0.1,0.0,0.1,0.39462744931093086,,1.79
173219,"Beverages, Malted drink mix, natural, with added nutrients, powder, prepared with whole milk",Beverages,86.2,3.67,3.21,10.67,2.7112944717458554,4 cans,12.99
173220,"Beverages, Malted drink mix, natural, powder, dairy based.",Beverages,427.7,14.29,9.52,71.21,2.7112944717458554,4 cans,12.99
173221,"Beverages, Malted drink mix, natural, powder, prepared with whole milk",Beverages,88.9,3.86,3.62,10.23,2.7112944717458554,4 cans,12.99
173222,"Beverages, OVALTINE, chocolate malt powder",Beverages,371.8,0.0,0.0,92.96,2.054708283563059,,6.99
173223,"Beverages, orange and apricot juice drink, canned",Beverages,52.9,0.3,0.1,12.7,,,
173224,"Beverages, pineapple and grapefruit juice drink, canned",Beverages,48.1,0.2,0.1,11.6,,,
173225,"Beverages, pineapple and orange juice drink, canned",Beverages,52.4,1.3,0.0,11.8,0.8795283933480905,,3.79
173226,"Shake, fast food, vanilla",Beverages,150.5,3.37,6.52,19.59,0.8795283933480905,,3.79
173227,"Beverages, tea, black, brewed, prepared with tap water",Beverages,1.2,0.0,0.0,0.3,,18 ct,6.99
173228,"Beverages, tea, instant, decaffeinated, lemon, diet",Beverages,360.2,3.3,0.6,85.4,,18 ct,6.99
173229,"Beverages, tea, instant, decaffeinated, lemon, sweetened",Beverages,401.2,0.12,0.73,98.55,,18 ct,6.99
173230,"Beverages, tea, instant, unsweetened, powder",Beverages,315.5,20.21,0.0,58.66,,18 ct,6.99
173231,"Beverages, tea, instant, lemon, diet",Beverages,1.8,0.02,0.0,0.44,,18 ct,6.99
173232,"Beverages, tea, herb, other than chamomile, brewed",Beverages,0.8,0.0,0.0,0.2,,18 ct,6.99
173233,"Beverages, water, bottled, PERRIER",Beverages,0.0,0.0,0.0,0.0,,1 liter,1.0
173234,"Beverages, water, bottled, POLAND SPRING",Beverages,0.0,0.0,0.0,0.0,,1 liter,1.0
173235,"Beverages, orange-flavor drink, breakfast type, powder",Beverages,395.8,0.0,0.0,98.94,0.47797262050023165,,2.29
173236,"Beverages, orange-flavor drink, breakfast type, powder, prepared with water",Beverages,50.6,0.0,0.0,12.65,0.47797262050023165,,2.29
173237,"Beverages, Orange-flavor drink, breakfast type, low calorie, powder",Beverages,358.0,3.6,0.0,85.9,0.47797262050023165,,2.29
173238,"English muffins, plain, unenriched, without calcium propionate (includes sourdough)",Baked Products,231.0,7.7,1.8,46.0,1.0826392936832756,6 ct,3.99
173239,"Pie, apple, commercially prepared, unenriched flour",Baked Products,242.6,1.9,11.0,34.0,1.1023113109243878,,1.25
173240,"Pie, fried pies, cherry",Baked Products,327.3,3.0,16.1,42.6,,,
173241,"Tortillas, ready-to-bake or -fry, corn, without added salt",Baked Products,231.7,5.7,2.5,46.6,,,
173242,"Tortillas, ready-to-bake or -fry, flour, without added calcium",Baked Products,321.1,8.7,7.1,55.6,2.8162731220545,,4.99
173243,"Cake, pound, commercially prepared, fat-free",Baked Products,276.4,5.4,1.2,61.0,0.9394631865904917,,7.99
173244,"Cake, yellow, light, dry mix",Baked Products,404.7,4.7,5.5,84.1,1.6461182243137527,,3.5
173245,"Archway Home Style Cookies, Coconut Macaroon",Baked Products,460.0,3.02,22.55,61.23,1.8773586415387797,,4.79
173246,"Archway Home Style Cookies, Date Filled Oatmeal",Baked Products,399.8,4.67,12.05,68.16,1.8773586415387797,,4.79
173247,"Archway Home Style Cookies, Dutch Cocoa",Baked Products,430.7,4.5,14.99,69.44,1.8773586415387797,,4.79
173248,"Archway Home Style Cookies, Frosty Lemon",Baked Products,430.8,4.41,17.11,64.78,1.8266192187944883,,4.79
173249,"Archway Home Style Cookies, Iced Molasses",Baked Products,420.4,3.5,14.43,69.12,1.8773586415387797,,4.79
173250,"Archway Home Style Cookies, Old Fashioned Molasses",Baked Products,405.8,4.27,11.83,70.55,1.8773586415387797,,4.79
173251,"Archway Home Style Cookies, Old Fashioned Windmill Cookies",Baked Products,467.6,5.17,17.55,72.23,1.8773586415387797,,4.79
173252,"Archway Home Style Cookies, Peanut Butter",Baked Products,488.4,9.0,24.28,58.48,,,
173253,"Archway Home Style Cookies, Raspberry Filled",Baked Products,400.4,4.35,13.26,65.92,3.4039373281345098,,5.79
173254,"George Weston Bakeries, Brownberry Sage and Onion Stuffing Mix, dry",Baked Products,389.9,13.3,5.1,72.7,,,
173255,"Keebler, Keebler Chocolate Graham SELECTS",Baked Products,465.0,7.1,16.6,71.8,,,
173256,"Continental Mills, Krusteaz Almond Poppyseed Muffin Mix, Artificially Flavored, dry",Baked Products,417.5,5.6,10.3,75.6,,,
173257,"Mckee Baking, Little Debbie Nutty Bars, Wafers with Peanut Butter, Chocolate Covered",Baked Products,548.0,8.0,32.8,55.2,19.365405110319646,24 ct,5.49
173258,"Nabisco, Nabisco Ritz Crackers",Baked Products,491.8,7.23,23.21,63.51,1.207553879879797,,4.69
173259,"Pillsbury, Buttermilk Biscuits, Artificial Flavor, refrigerated dough",Baked Products,239.0,6.4,2.79,47.07,11.006154473691195,20 ct,6.49
173260,"Pillsbury, Chocolate Chip Cookies, refrigerated dough",Baked Products,449.6,3.82,21.26,60.75,21.129103207798668,10 ct,5.99
173261,"Pillsbury, Crusty French Loaf, refrigerated dough",Baked Products,245.7,8.59,2.88,46.35,1.2794828016256894,,3.99
173262,"Sorghum flour, refined, unenriched",Cereal Grains and Pasta,356.7,9.53,1.24,76.85,,1 ct,16.99
173263,"Rice, brown, parboiled, cooked, UNCLE BENS",Cereal Grains and Pasta,145.3,3.09,0.85,31.33,0.45100279921249237,,1.79
173264,"Pasta, gluten-free, rice flour and rice bran extract, cooked, DE BOLES",Cereal Grains and Pasta,195.1,4.21,1.7,40.75,0.8789095519103787,,2.99
173265,"Pasta, gluten-free, corn and rice flour, cooked",Cereal Grains and Pasta,174.0,3.2,1.0,38.05,0.8789095519103787,,2.99
173266,"Fast foods, biscuit, with egg and bacon",Fast Foods,308.1,11.33,20.73,19.06,0.3953623235182138,,2.69
173267,"Fast foods, biscuit, with egg and ham",Fast Foods,234.8,10.64,14.08,16.37,0.3953623235182138,,2.69
173268,"Fast foods, biscuit, with crispy chicken fillet",Fast Foods,304.3,11.93,14.93,30.56,0.3953623235182138,,2.69
173269,"Fast foods, croissant, with egg, cheese, and bacon",Fast Foods,289.3,12.92,16.4,22.5,,,
173270,"Fast foods, croissant, with egg, cheese, and ham",Fast Foods,260.3,12.45,14.95,18.98,0.3953623235182138,,2.69
173271,"Fast foods, croissant, with egg, cheese, and sausage",Fast Foods,308.0,12.09,21.78,15.9,0.3953623235182138,,2.69
173272,"Fast foods, egg, scrambled",Fast Foods,209.3,13.84,16.18,2.08,,,
173273,"Fast foods, potatoes, hash browns, round pieces or patty",Fast Foods,279.2,2.58,17.04,28.88,0.4954889342605123,4 lb,8.99
173274,"Fast foods, vanilla, light, soft-serve ice cream, with cone",Fast Foods,166.1,4.24,4.86,26.36,,,
173275,"Fast foods, sundae, caramel",Fast Foods,199.9,4.71,5.98,31.81,,,
173276,"Fast foods, sundae, hot fudge",Fast Foods,184.1,3.57,5.46,30.17,,,
173277,"Fast foods, burrito, with beans and beef",Fast Foods,191.4,11.52,7.47,19.52,,,
173278,"Fast foods, burrito, with beans, cheese, and beef",Fast Foods,182.8,7.03,6.8,23.37,2.0733250968142265,,5.29
173279,"PIZZA HUT 12"" Pepperoni Pizza, Hand-Tossed Crust",Fast Foods,280.1,12.86,11.38,31.55,,,
173280,"PIZZA HUT 12"" Pepperoni Pizza, Pan Crust",Fast Foods,297.7,11.97,14.21,30.49,1.110653126250302,,6.99
173281,"PIZZA HUT 12"" Super Supreme Pizza, Hand-Tossed Crust",Fast Foods,242.6,10.9,10.72,25.62,1.1786968271180216,,9.49
173282,"DOMINO'S 14"" Cheese Pizza, Classic Hand-Tossed Crust",Fast Foods,256.9,10.8,8.97,33.24,1.1786968271180216,,9.49
173283,"DOMINO'S 14"" Cheese Pizza, Ultimate Deep Dish Crust",Fast Foods,265.4,10.76,9.83,33.48,1.1518305267382218,,8.49
173284,"PAPA JOHN'S 14"" Cheese Pizza, Original Crust",Fast Foods,260.3,11.53,9.25,32.74,,,
173285,"PAPA JOHN'S 14"" Pepperoni Pizza, Original Crust",Fast Foods,274.8,11.97,11.86,30.04,0.612395172735771,,1.25
173286,"PAPA JOHN'S 14"" The Works Pizza, Original Crust",Fast Foods,239.7,10.27,10.21,26.69,,,
173287,"PAPA JOHN'S 14"" Cheese Pizza, Thin Crust",Fast Foods,295.1,12.29,15.66,26.26,,,
173288,"LITTLE CAESARS 14"" Pepperoni Pizza, Large Deep Dish Crust",Fast Foods,265.1,12.93,10.81,29.03,,,
173289,"LITTLE CAESARS 14"" Cheese Pizza, Thin Crust",Fast Foods,309.2,16.23,16.99,22.85,,,
173290,"PIZZA HUT 14"" Cheese Pizza, Hand-Tossed Crust",Fast Foods,275.4,11.98,10.42,33.42,1.1786968271180216,,9.49
173291,"PIZZA HUT 14"" Cheese Pizza, Pan Crust",Fast Foods,276.0,10.85,11.25,32.85,1.3930225651274977,,6.99
173292,"Fast Food, Pizza Chain, 14"" pizza, cheese topping, regular crust",Fast Foods,266.1,11.39,9.69,33.33,,,
173293,"Fast Food, Pizza Chain, 14"" pizza, cheese topping, thick crust",Fast Foods,270.8,10.81,10.54,33.17,,,
173294,"Fast Food, Pizza Chain, 14"" pizza, cheese topping, thin crust",Fast Foods,301.8,12.85,13.95,31.2,,,
173295,"Fast Food, Pizza Chain, 14"" pizza, pepperoni topping, regular crust",Fast Foods,282.1,11.74,11.91,31.98,,,
173296,"Fast Food, Pizza Chain, 14"" pizza, pepperoni topping, thick crust",Fast Foods,286.5,11.49,12.58,31.84,,,
173297,"McDONALD'S, Chicken McNUGGETS",Fast Foods,301.8,15.79,19.81,15.09,,,
173298,"McDONALD'S, Hash Brown",Fast Foods,270.9,2.48,16.3,28.56,,,
173299,"McDONALD'S, Hotcakes (plain)",Fast Foods,229.6,6.0,5.84,38.27,,,
173300,"McDONALD'S, Bacon, Egg & Cheese McGRIDDLES",Fast Foods,271.6,12.03,13.19,26.19,,,
173301,"McDONALD'S, Hot Caramel Sundae",Fast Foods,191.8,3.58,4.89,33.36,,8 ct,6.49
173302,"McDONALD'S, Hot Fudge Sundae",Fast Foods,190.0,4.14,5.91,30.05,,12 ct,4.29
173303,"McDONALD'S, McFLURRY with M&M'S CANDIES",Fast Foods,181.5,4.02,6.46,26.82,,,
173304,"McDONALD'S, McFLURRY with OREO cookies",Fast Foods,169.0,3.97,5.66,25.55,,,
173305,"McDONALD'S, McCHICKEN Sandwich",Fast Foods,272.5,10.43,13.21,27.97,,,
173306,"McDONALD'S, McCHICKEN Sandwich (without mayonnaise)",Fast Foods,244.3,11.08,8.46,30.95,,,
173307,"McDONALD'S, Egg McMUFFIN",Fast Foods,228.2,13.64,9.66,21.67,,$0.10 removed at pickup,0.1
173308,"McDONALD'S, Sausage McMUFFIN",Fast Foods,338.3,12.66,21.06,24.52,,$0.10 removed at pickup,0.1
173309,"McDONALD'S, Deluxe Breakfast, with syrup and margarine",Fast Foods,285.2,7.56,15.23,29.48,,$0.10 removed at pickup,0.1
173310,"McDONALD'S, Hotcakes and Sausage",Fast Foods,293.9,7.81,12.5,37.55,,,
173311,"McDONALD'S, Hotcakes (with 2 pats margarine & syrup)",Fast Foods,273.1,4.05,8.06,46.08,,,
173312,"McDONALD'S, Bacon Ranch Salad with Grilled Chicken",Fast Foods,83.9,10.28,3.14,3.64,2.5621723270649768,,7.99
173313,"McDONALD'S, Fruit 'n Yogurt Parfait (without granola)",Fast Foods,90.7,2.47,1.13,17.67,,,
173314,"McDONALD'S, FILET-O-FISH (without tartar sauce)",Fast Foods,242.8,12.47,7.62,31.08,,,
173315,"BURGER KING, CROISSAN'WICH with Sausage, Egg and Cheese",Fast Foods,308.0,12.09,21.78,15.9,,,
173316,"BURGER KING, CROISSAN'WICH with Sausage and Cheese",Fast Foods,376.0,13.73,25.45,23.0,2.7095054288743636,2 ct,6.99
173317,"Fast foods, hamburger; single, large patty; with condiments, vegetables and mayonnaise",Fast Foods,226.0,11.34,12.37,17.33,0.3953623235182138,,2.69
173318,"Fast foods, hamburger; single, regular patty; double decker bun with condiments and special sauce",Fast Foods,259.1,12.17,13.3,22.69,0.3953623235182138,,2.69
173319,"Fast foods, cheeseburger; double, regular patty; with condiments",Fast Foods,282.5,16.24,16.18,17.97,1.0635633981767427,,1.99
173320,"Fast foods, cheeseburger; double, large patty; with condiments",Fast Foods,271.5,16.96,16.22,14.43,1.0635633981767427,,1.99
173321,"Fast foods, chicken tenders",Fast Foods,271.4,19.22,13.95,17.25,0.77125048054343,6 lb,20.99
173322,"Fast foods, bagel, with egg, sausage patty, cheese, and condiments",Fast Foods,295.2,12.98,16.97,22.64,0.4954889342605123,4 lb,8.99
173323,"Fast foods, bagel, with breakfast steak, egg, cheese, and condiments",Fast Foods,282.4,15.95,14.07,22.99,0.4954889342605123,4 lb,8.99
173324,"Light Ice Cream, soft serve, blended with milk chocolate candies",Fast Foods,181.5,4.02,6.46,26.82,,,
173325,"Macaroni and Cheese, canned entree","Meals, Entrees, and Side Dishes",81.7,3.38,2.46,11.52,1.384503006521031,,10.99
173326,"HOT POCKETS, CROISSANT POCKETS Chicken, Broccoli, and Cheddar Stuffed Sandwich, frozen","Meals, Entrees, and Side Dishes",234.6,8.9,8.6,30.4,,,
173327,"HOT POCKETS Ham 'N Cheese Stuffed Sandwich, frozen","Meals, Entrees, and Side Dishes",270.4,9.16,15.0,24.69,1.1391414770776263,4 ct,5.49
173328,"Ravioli, cheese-filled, canned","Meals, Entrees, and Side Dishes",77.5,2.48,1.45,13.64,0.8892751459920536,,4.79
173329,"Ravioli, meat-filled, with tomato sauce or meat sauce, canned","Meals, Entrees, and Side Dishes",96.7,3.24,3.41,13.26,0.8892751459920536,,4.79
173330,"Beef stew, canned entree","Meals, Entrees, and Side Dishes",98.8,4.41,5.53,7.85,0.7736755654274637,,3.29
173331,"Chicken pot pie, frozen entree, prepared","Meals, Entrees, and Side Dishes",203.9,5.11,11.85,19.21,1.319099202072851,,3.59
173332,"Beef, corned beef hash, with potato, canned","Meals, Entrees, and Side Dishes",164.2,8.73,10.24,9.27,1.0808949768835712,,4.29
173333,"Lasagna, cheese, frozen, prepared","Meals, Entrees, and Side Dishes",129.5,6.54,5.33,13.84,,2 lb 6 oz,9.99
173334,"Lasagna with meat & sauce, frozen entree","Meals, Entrees, and Side Dishes",123.9,6.63,4.42,14.39,0.7050873060810573,,17.99
173335,"Burrito, beef and bean, frozen","Meals, Entrees, and Side Dishes",238.9,7.26,9.61,30.84,0.6051689096974889,8 ct,5.49
173336,"Burrito, bean and cheese, frozen","Meals, Entrees, and Side Dishes",221.0,7.07,6.3,34.01,1.7566433050891046,,2.49
173337,"Macaroni and Cheese, canned, microwavable","Meals, Entrees, and Side Dishes",133.7,5.98,5.99,13.96,0.2939496829131701,,1.25
173338,"Turkey, stuffing, mashed potatoes w/gravy, assorted vegetables, frozen, microwaved","Meals, Entrees, and Side Dishes",128.2,6.97,3.89,16.32,1.1728592348235487,,3.99
173339,"Rice bowl with chicken, frozen entree, prepared (includes fried, teriyaki, and sweet and sour varieties)","Meals, Entrees, and Side Dishes",126.5,5.65,1.56,22.46,1.4414223542123994,,8.99
173340,"Macaroni and cheese dinner with dry sauce mix, boxed, uncooked","Meals, Entrees, and Side Dishes",379.3,13.86,4.82,70.12,,,
173341,"Macaroni and cheese, dry mix, prepared with 2% milk and 80% stick margarine from dry mix","Meals, Entrees, and Side Dishes",189.8,4.89,8.28,23.93,,,
173342,"Macaroni and cheese, frozen entree","Meals, Entrees, and Side Dishes",149.2,5.6,6.41,17.28,2.7415707093034998,,13.99
173343,Potato salad with egg,"Meals, Entrees, and Side Dishes",157.2,1.96,9.4,16.18,1.2103378193949779,1 lb,5.49
173344,Pulled pork in barbecue sauce,"Meals, Entrees, and Side Dishes",167.5,13.19,4.42,18.74,1.8717246059496107,,8.49
173345,"Corn dogs, frozen, prepared","Meals, Entrees, and Side Dishes",250.3,8.57,12.02,26.96,,40 ct,8.49
173346,"Chicken tenders, breaded, frozen, prepared","Meals, Entrees, and Side Dishes",240.1,14.62,13.58,14.86,0.7650800712512441,,6.29
173347,"RICE-A-RONI, chicken flavor, unprepared","Meals, Entrees, and Side Dishes",356.2,10.64,1.04,76.08,10.725433100405414,4 ct,5.99
173348,"Rice and vermicelli mix, chicken flavor, prepared with 80% margarine","Meals, Entrees, and Side Dishes",135.8,2.65,3.45,23.54,0.8537321225478157,,1.67
173349,"Beef, shoulder pot roast or steak, boneless, separable lean and fat, trimmed to 0"" fat, all grades, raw",Beef Products,130.3,21.39,4.97,0.0,2.643342523596682,1 lb,11.99
173350,"Beef, short loin, porterhouse steak, separable lean and fat, trimmed to 1/8"" fat, all grades, raw",Beef Products,208.5,20.49,14.06,0.0,2.643342523596682,1 lb,11.99
173351,"Beef, short loin, t-bone steak, separable lean and fat, trimmed to 1/8"" fat, all grades, cooked, grilled",Beef Products,281.6,24.6,20.36,0.0,2.643342523596682,1 lb,11.99
173352,"Beef, short loin, t-bone steak, separable lean and fat, trimmed to 1/8"" fat, select, raw",Beef Products,208.8,20.28,14.19,0.0,2.643342523596682,1 lb,11.99
173353,"Beef, short loin, t-bone steak, separable lean and fat, trimmed to 1/8"" fat, select, cooked, grilled",Beef Products,273.7,25.18,19.22,0.0,2.643342523596682,1 lb,11.99
173354,"Beef, round, knuckle, tip side, steak, separable lean and fat, trimmed to 0"" fat, choice, raw",Beef Products,127.6,21.41,4.66,0.0,2.643342523596682,1 lb,11.99
173355,"Beef, chuck, shoulder clod, shoulder tender, medallion, separable lean and fat, trimmed to 0"" fat, choice, cooked, grilled",Beef Products,173.4,26.07,7.68,0.0,2.86380478578156,1 lb,12.99
173356,"Beef, chuck, shoulder clod, shoulder tender, medallion, separable lean and fat, trimmed to 0"" fat, select, raw",Beef Products,135.8,20.93,5.79,0.0,2.86380478578156,1 lb,12.99
173357,"Beef, chuck, shoulder clod, shoulder top and center steaks, separable lean and fat, trimmed to 0"" fat, choice, raw",Beef Products,136.6,20.39,6.12,0.0,2.86380478578156,1 lb,12.99
173358,"Beef, chuck, shoulder clod, shoulder top and center steaks, separable lean and fat, trimmed to 0"" fat, choice, cooked, grilled",Beef Products,177.3,26.07,8.11,0.0,2.86380478578156,1 lb,12.99
173359,"Beef, chuck, shoulder clod, top blade, steak, separable lean and fat, trimmed to 0"" fat, select, raw",Beef Products,160.5,19.38,9.22,0.0,2.86380478578156,1 lb,12.99
173360,"Beef, chuck, shoulder clod, top blade, steak, separable lean and fat, trimmed to 0"" fat, select, cooked, grilled",Beef Products,204.8,25.29,11.52,0.0,2.86380478578156,1 lb,12.99
173361,"Beef, round, knuckle, tip center, steak, separable lean and fat, trimmed to 0"" fat, choice, raw",Beef Products,144.6,20.74,6.85,0.0,2.643342523596682,1 lb,11.99
173362,"Beef, round, knuckle, tip center, steak, separable lean and fat, trimmed to 0"" fat, choice, cooked, grilled",Beef Products,180.7,26.88,8.13,0.0,2.643342523596682,1 lb,11.99
173363,"Beef, round, knuckle, tip center, steak, separable lean and fat, trimmed to 0"" fat, select, raw",Beef Products,130.8,20.98,5.21,0.0,2.643342523596682,1 lb,11.99
173364,"Beef, round, outside round, bottom round, steak, separable lean and fat, trimmed to 0"" fat, select, cooked, grilled",Beef Products,158.6,28.01,5.17,0.0,2.643342523596682,1 lb,11.99
173365,"Beef, chuck, shoulder clod, shoulder tender, medallion, separable lean and fat, trimmed to 0"" fat, all grades, raw",Beef Products,138.1,20.54,6.22,0.0,2.86380478578156,1 lb,12.99
173366,"Beef, chuck, shoulder clod, shoulder tender, medallion, separable lean and fat, trimmed to 0"" fat, all grades, cooked, grilled",Beef Products,169.7,26.22,7.2,0.0,2.86380478578156,1 lb,12.99
173367,"Beef, round, knuckle, tip side, steak, separable lean and fat, trimmed to 0"" fat, all grades, raw",Beef Products,122.8,21.69,4.0,0.0,2.643342523596682,1 lb,11.99
173368,"Beef, chuck, shoulder clod, top blade, steak, separable lean and fat, trimmed to 0"" fat, all grades, cooked, grilled",Beef Products,214.8,24.93,12.79,0.0,2.86380478578156,1 lb,12.99
173369,"Beef, round, knuckle, tip center, steak, separable lean and fat, trimmed to 0"" fat, all grades, raw",Beef Products,136.7,20.93,5.89,0.0,2.643342523596682,1 lb,11.99
173370,"Beef, round, knuckle, tip center, steak, separable lean and fat, trimmed to 0"" fat, all grades, cooked, grilled",Beef Products,169.5,27.12,6.78,0.0,2.643342523596682,1 lb,11.99
173371,"Beef, round, outside round, bottom round, steak, separable lean and fat, trimmed to 0"" fat, all grades, raw",Beef Products,136.1,21.59,5.53,0.0,2.643342523596682,1 lb,11.99
173372,"Beef, rib eye roast, boneless, lip-on, separable lean only, trimmed to 1/8"" fat, select, cooked, roasted",Beef Products,202.0,28.72,9.68,0.0,,,
173373,"Beef, plate steak, boneless, inside skirt, separable lean only, trimmed to 0"" fat, all grades, cooked, grilled",Beef Products,234.2,29.99,12.69,0.0,2.86380478578156,1 lb,12.99
173374,"Beef, plate steak, boneless, inside skirt, separable lean only, trimmed to 0"" fat, all grades, raw",Beef Products,164.1,21.17,8.82,0.0,2.86380478578156,1 lb,12.99
173375,"Beef, plate steak, boneless, inside skirt, separable lean only, trimmed to 0"" fat, choice, cooked, grilled",Beef Products,241.7,29.56,13.72,0.0,2.86380478578156,1 lb,12.99
173376,"Beef, plate steak, boneless, outside skirt, separable lean only, trimmed to 0"" fat, all grades, raw",Beef Products,206.5,18.74,14.53,0.19,2.86380478578156,1 lb,12.99
173377,"Beef, plate steak, boneless, outside skirt, separable lean only, trimmed to 0"" fat, choice, cooked, grilled",Beef Products,290.6,27.03,20.28,0.0,2.86380478578156,1 lb,12.99
173378,"Beef, plate steak, boneless, outside skirt, separable lean only, trimmed to 0"" fat, choice, raw",Beef Products,211.9,18.47,15.26,0.17,,,
173379,"Beef, plate steak, boneless, outside skirt, separable lean only, trimmed to 0"" fat, select, cooked, grilled",Beef Products,268.5,28.65,17.1,0.0,,,
173380,"Beef, rib eye steak, boneless, lip off, separable lean only, trimmed to 0"" fat, choice, raw",Beef Products,162.3,21.44,8.5,0.0,4.847965145445458,1 lb,21.99
173381,"Beef, rib eye steak, boneless, lip off, separable lean only, trimmed to 0"" fat, select, cooked, grilled",Beef Products,191.5,29.18,8.31,0.0,4.847965145445458,1 lb,21.99
173382,"Beef, rib eye steak, boneless, lip off, separable lean only, trimmed to 0"" fat, select, raw",Beef Products,141.9,22.46,5.78,0.0,4.847965145445458,1 lb,21.99
173383,"Beef, rib, back ribs, bone-in, separable lean only, trimmed to 0"" fat, all grades, cooked, braised",Beef Products,298.6,28.36,20.57,0.0,1.9819557370420493,1 lb,8.99
173384,"Beef, rib, back ribs, bone-in, separable lean only, trimmed to 0"" fat, select, raw",Beef Products,221.2,19.71,15.73,0.2,1.9819557370420493,1 lb,8.99
173385,"Beef, rib eye steak, bone-in, lip-on, separable lean and fat, trimmed to 1/8"" fat, choice, cooked, grilled",Beef Products,313.1,22.71,24.7,0.0,4.847965145445458,1 lb,21.99
173386,"Beef, rib eye steak, bone-in, lip-on, separable lean and fat, trimmed to 1/8"" fat, select, cooked, grilled",Beef Products,304.0,23.19,23.47,0.0,4.847965145445458,1 lb,21.99
173387,"Beef, rib eye steak, bone-in, lip-on, separable lean and fat, trimmed to 1/8"" fat, all grades, cooked, grilled",Beef Products,309.4,22.9,24.2,0.0,4.847965145445458,1 lb,21.99
173388,"Beef, rib eye roast, bone-in, lip-on, separable lean and fat, trimmed to 1/8"" fat, choice, cooked, roasted",Beef Products,306.6,23.53,23.61,0.0,1.7614934748571718,1 lb,7.99
173389,"Beef, rib eye steak/roast, bone-in, lip-on, separable lean and fat, trimmed to 1/8"" fat, select, raw",Beef Products,247.8,18.44,19.34,0.0,4.1865783588908245,1 lb,18.99
173390,"Beef, rib eye steak, boneless, lip-on, separable lean and fat, trimmed to 1/8"" fat, choice, cooked, grilled",Beef Products,303.4,22.92,23.52,0.0,4.847965145445458,1 lb,21.99
173391,"Beef, rib eye steak, boneless, lip-on, separable lean and fat, trimmed to 1/8"" fat, select, cooked, grilled",Beef Products,272.6,24.83,19.25,0.0,4.847965145445458,1 lb,21.99
173392,"Beef, rib eye steak, boneless, lip-on, separable lean and fat, trimmed to 1/8"" fat, all grades, cooked, grilled",Beef Products,291.0,23.69,21.81,0.0,4.847965145445458,1 lb,21.99
173393,"Beef, rib eye steak/roast, boneless, lip-on, separable lean and fat, trimmed to 1/8"" fat, choice, raw",Beef Products,253.1,18.39,19.95,0.0,4.1865783588908245,1 lb,18.99
173394,"Beef, rib eye steak/roast, boneless, lip-on, separable lean and fat, trimmed to 1/8"" fat, select, raw",Beef Products,230.3,19.55,16.9,0.0,4.1865783588908245,1 lb,18.99
173395,"Beef, plate steak, boneless, inside skirt, separable lean and fat, trimmed to 0"" fat, all grades, cooked, grilled",Beef Products,245.2,29.36,14.2,0.0,2.86380478578156,1 lb,12.99
173396,"Beef, plate steak, boneless, inside skirt, separable lean and fat, trimmed to 0"" fat, choice, cooked, grilled",Beef Products,253.3,28.9,15.3,0.0,2.86380478578156,1 lb,12.99
173397,"Beef, plate steak, boneless, outside skirt, separable lean and fat, trimmed to 0"" fat, all grades, cooked, grilled",Beef Products,292.5,27.06,20.47,0.0,2.86380478578156,1 lb,12.99
173398,"Beef, plate steak, boneless, outside skirt, separable lean and fat, trimmed to 0"" fat, choice, cooked, grilled",Beef Products,300.4,26.46,21.62,0.0,2.86380478578156,1 lb,12.99
173399,"Beef, plate steak, boneless, outside skirt, separable lean and fat, trimmed to 0"" fat, select, cooked, grilled",Beef Products,280.6,27.95,18.75,0.0,2.86380478578156,1 lb,12.99
173400,"Beef, plate steak, boneless, outside skirt, separable lean and fat, trimmed to 0"" fat, all grades, raw",Beef Products,231.6,17.98,17.59,0.35,2.86380478578156,1 lb,12.99
173401,"Beef, rib eye steak, boneless, lip off, separable lean and fat, trimmed to 0"" fat, select, cooked, grilled",Beef Products,248.3,26.29,15.9,0.0,4.847965145445458,1 lb,21.99
173402,"Beef, rib eye steak, boneless, lip off, separable lean and fat, trimmed to 0"" fat, all grades, raw",Beef Products,227.9,19.26,16.71,0.12,4.847965145445458,1 lb,21.99
173403,"Beef, rib eye steak, boneless, lip off, separable lean and fat, trimmed to 0"" fat, choice, raw",Beef Products,241.4,18.69,18.43,0.2,4.847965145445458,1 lb,21.99
173404,"Beef, rib eye steak, boneless, lip off, separable lean and fat, trimmed to 0"" fat, select, raw",Beef Products,207.7,20.12,14.14,0.0,4.847965145445458,1 lb,21.99
173405,"Beef, rib, back ribs, bone-in, separable lean and fat, trimmed to 0"" fat, choice, raw",Beef Products,335.6,15.75,29.89,0.9,1.9819557370420493,1 lb,8.99
173406,"Beef, rib, back ribs, bone-in, separable lean and fat, trimmed to 0"" fat, select, raw",Beef Products,305.5,16.75,26.23,0.6,1.9819557370420493,1 lb,8.99
173407,"Beef, loin, top sirloin petite roast, boneless, separable lean only, trimmed to 0"" fat, choice, cooked, roasted",Beef Products,173.2,28.97,6.37,0.0,1.5321168690274276,,9.99
173408,"Beef, loin, top sirloin petite roast/filet, boneless, separable lean only, trimmed to 0"" fat, choice, raw",Beef Products,131.7,23.03,4.4,0.0,1.5321168690274276,,9.99
173409,"Beef, loin, top sirloin cap steak, boneless, separable lean only, trimmed to 1/8"" fat, select, raw",Beef Products,127.9,21.44,4.68,0.0,1.5321168690274276,,9.99
173410,"Butter, salted",Dairy and Egg Products,733.6,0.85,81.11,0.06,1.2103378193949779,1 lb,5.49
173411,"Butter, whipped, with salt",Dairy and Egg Products,706.7,0.49,78.3,0.0,0.7043034402599556,,5.99
173412,"Butter oil, anhydrous",Dairy and Egg Products,896.4,0.28,99.48,0.0,1.2801241463884092,,4.99
173413,"Cheese, caraway",Dairy and Egg Products,375.8,25.18,29.2,3.06,,750 ml,17.99
173414,"Cheese, cheddar (Includes foods for USDA's Food Distribution Program)",Dairy and Egg Products,404.8,22.87,33.31,3.37,,,
173415,"Cheese, cheshire",Dairy and Egg Products,388.0,23.37,30.6,4.78,,,
173416,"Cheese, colby",Dairy and Egg Products,394.3,23.76,32.11,2.57,1.4638694209075873,8 slices,2.49
173417,"Cheese, cottage, lowfat, 1% milkfat",Dairy and Egg Products,69.6,12.39,1.02,2.72,0.48354722839216485,,3.29
173418,"Cheese, cream",Dairy and Egg Products,356.6,6.15,34.44,5.52,,2 ct,5.79
173419,"Cheese, edam",Dairy and Egg Products,362.8,24.99,28.57,1.43,3.5229869497143436,,7.99
173420,"Cheese, feta",Dairy and Egg Products,265.8,14.21,21.49,3.88,2.933617835473438,,4.99
173421,"Egg, yolk, raw, frozen, pasteurized",Dairy and Egg Products,295.8,15.53,25.6,0.81,0.8789095519103787,,2.99
173422,"Egg, yolk, raw, frozen, sugared, pasteurized",Dairy and Egg Products,304.7,13.87,22.82,10.95,0.8789095519103787,,2.99
173423,"Egg, whole, cooked, fried",Dairy and Egg Products,191.3,13.61,14.84,0.83,,1 / 2 gal,5.99
173424,"Egg, whole, cooked, hard-boiled",Dairy and Egg Products,150.3,12.58,10.61,1.12,,1 / 2 gal,5.99
173425,"Egg, whole, dried, stabilized, glucose reduced",Dairy and Egg Products,597.8,48.17,43.95,2.38,,1 / 2 gal,5.99
173426,"Egg, white, dried, flakes, stabilized, glucose reduced",Dairy and Egg Products,324.7,76.92,0.04,4.17,,18 ct,5.99
173427,"Egg, white, dried, powder, stabilized, glucose reduced",Dairy and Egg Products,347.8,82.4,0.04,4.47,3.6730929943150037,,4.79
173428,"Egg, yolk, dried",Dairy and Egg Products,669.3,33.63,59.13,0.66,0.8789095519103787,,2.99
173429,"Egg substitute, powder",Dairy and Egg Products,426.2,55.5,13.0,21.8,0.5048585804033696,,2.29
173430,"Butter, without salt",Dairy and Egg Products,733.6,0.85,81.11,0.06,1.3205689504874167,4 ct,5.99
173431,"Cheese, parmesan, shredded",Dairy and Egg Products,411.1,37.86,27.34,3.41,2.6411379009748335,,5.99
173432,"Milk, nonfat, fluid, without added vitamin A and vitamin D (fat free or skim)",Dairy and Egg Products,34.5,3.37,0.18,4.86,0.28637674192964435,,4.79
173433,"Cheese, goat, semisoft type",Dairy and Egg Products,355.4,21.58,29.84,0.12,6.164124850689177,,6.99
173434,"Yogurt, Greek, 2% fat, key lime blend, CHOBANI",Dairy and Egg Products,91.9,7.75,1.47,11.91,0.5500533441512695,,4.99
173435,"Cheese, goat, soft type",Dairy and Egg Products,263.8,18.52,21.08,0.0,6.164124850689177,,6.99
173436,"Egg, yolk, raw, frozen, salted, pasteurized",Dairy and Egg Products,269.7,14.07,22.93,1.77,0.8789095519103787,,2.99
173437,"Cheese, mexican, queso asadero",Dairy and Egg Products,331.9,22.6,25.0,4.13,1.671103947361372,,3.79
173438,"Cheese, mexican, queso chihuahua",Dairy and Egg Products,375.6,21.56,29.68,5.56,1.671103947361372,,3.79
173439,"Cheese, low fat, cheddar or colby",Dairy and Egg Products,168.0,24.35,7.0,1.91,1.9098330826987107,,3.79
173440,"Cheese, low-sodium, cheddar or colby",Dairy and Egg Products,398.6,24.35,32.62,1.91,2.3457184696470974,,3.99
173441,"Milk, fluid, 1% fat, without added vitamin A and vitamin D",Dairy and Egg Products,42.2,3.37,0.97,4.99,3.5173179201153038,,3.49
173442,"Sour cream, reduced fat",Dairy and Egg Products,182.9,7.0,14.1,7.0,0.8796444261176615,,3.99
173443,"Sour cream, light",Dairy and Egg Products,137.8,3.5,10.6,7.1,0.8289381058151396,,3.29
173444,"Sour cream, fat free",Dairy and Egg Products,74.8,3.1,0.0,15.6,0.8796444261176615,,3.99
173445,"Yogurt, vanilla or lemon flavor, nonfat milk, sweetened with low-calorie sweetener",Dairy and Egg Products,47.1,3.86,0.18,7.5,,,
173446,KRAFT CHEEZ WHIZ LIGHT Pasteurized Process Cheese Product,Dairy and Egg Products,215.5,16.3,9.5,16.2,,3 ct,4.19
173447,KRAFT FREE Singles American Nonfat Pasteurized Process Cheese Product,Dairy and Egg Products,146.6,22.7,1.0,11.7,,,
173448,KRAFT VELVEETA Pasteurized Process Cheese Spread,Dairy and Egg Products,302.4,16.3,22.0,9.8,1.3205689504874167,,5.99
173449,KRAFT VELVEETA LIGHT Reduced Fat Pasteurized Process Cheese Product,Dairy and Egg Products,221.0,19.6,10.6,11.8,,,
173450,"Milk, chocolate, fluid, commercial, reduced fat, with added calcium",Dairy and Egg Products,77.6,2.99,1.9,12.13,,1 / 2 gal,2.59
173451,"Yogurt, fruit, lowfat, with low calorie sweetener",Dairy and Egg Products,106.5,4.86,1.41,18.6,16.578762116302794,8 ct,3.29
173452,"Cheese, parmesan, dry grated, reduced fat",Dairy and Egg Products,265.5,20.0,20.0,1.37,2.6411379009748335,,5.99
173453,"Cream substitute, flavored, liquid",Dairy and Egg Products,264.5,0.69,13.5,35.07,,,
173454,"Milk, dry, whole, without added vitamin D",Dairy and Egg Products,499.4,26.32,26.71,38.42,4.177759868403429,3 ct,3.79
173455,"Cheese product, pasteurized process, American, reduced fat, fortified with vitamin D",Dairy and Egg Products,239.7,17.6,14.1,10.6,1.3205689504874167,,5.99
173456,"Yogurt, fruit, low fat, 9 grams protein per 8 ounce, fortified with vitamin D",Dairy and Egg Products,100.8,3.98,1.15,18.64,16.578762116302794,8 ct,3.29
173457,"Yogurt, fruit, low fat, 10 grams protein per 8 ounce, fortified with vitamin D",Dairy and Egg Products,103.4,4.37,1.08,19.05,16.578762116302794,8 ct,3.29
173458,"Yogurt, fruit variety, nonfat, fortified with vitamin D",Dairy and Egg Products,95.4,4.4,0.2,19.0,12.083851536441975,9 pack,11.99
173459,"Protein supplement, milk based, Muscle Milk, powder",Dairy and Egg Products,411.1,45.71,17.14,18.5,4.404835998453854,6 ct,9.99
173460,"Protein supplement, milk based, Muscle Milk Light, powder",Dairy and Egg Products,396.0,50.0,12.0,22.0,4.404835998453854,6 ct,9.99
173461,Dulce de Leche,Dairy and Egg Products,314.9,6.84,7.35,55.35,1.1819409638329554,,4.49
173462,"Egg substitute, liquid or frozen, fat free",Dairy and Egg Products,48.0,10.0,0.0,2.0,0.6305220698487499,12 ct,4.29
173463,"Yogurt, vanilla flavor, lowfat milk, sweetened with low calorie sweetener",Dairy and Egg Products,86.2,4.93,1.25,13.8,0.3736835344033675,,3.39
173464,"Yogurt, frozen, flavors not chocolate, nonfat milk, with low-calorie sweetener",Dairy and Egg Products,103.6,4.4,0.8,19.7,,4 ct,4.49
173465,"Ice cream, soft serve, chocolate",Dairy and Egg Products,222.2,4.1,13.0,22.2,,,
173466,"Ice cream, bar or stick, chocolate covered",Dairy and Egg Products,331.3,4.1,24.1,24.5,1.4682786661512848,12 ct,9.99
173467,"Fat free ice cream, no sugar added, flavors other than chocolate",Dairy and Egg Products,133.1,4.41,0.0,28.86,,6 ct,5.99
173468,"Salt, table",Spices and Herbs,0.0,0.0,0.0,0.0,0.242847661114419,,1.79
173469,"Vinegar, cider",Spices and Herbs,3.7,0.0,0.0,0.93,0.659182163932784,,2.99
173470,"Thyme, fresh",Spices and Herbs,135.2,5.56,1.68,24.45,47.41634500530136,,6.99
173471,Vanilla extract,Spices and Herbs,51.4,0.06,0.06,12.65,9.691521045647217,,10.99
173472,"Horseradish, prepared",Spices and Herbs,56.1,1.18,0.69,11.29,2.273813854903722,,4.19
173473,"Rosemary, fresh",Spices and Herbs,148.8,3.31,5.86,20.7,,1 ct,2.99
173474,"Peppermint, fresh",Spices and Herbs,83.0,3.75,0.94,14.89,,24 count,6.99
173475,"Spearmint, fresh",Spices and Herbs,53.4,3.29,0.73,8.41,,50 pc,5.49
173476,"Seasoning mix, dry, chili, original",Spices and Herbs,335.2,10.82,7.3,56.56,4.109416567126118,,6.99
173477,Clif Z bar,Baby Foods,408.6,5.55,9.72,74.72,,12 ct,12.99
173478,"Babyfood, juice treats, fruit medley, toddler",Baby Foods,346.9,0.0,0.02,86.68,3.518577704470646,,3.99
173479,"Babyfood, meat, beef, strained",Baby Foods,80.5,12.03,2.52,2.43,1.6402392306554892,,2.79
173480,"Babyfood, meat, ham, junior",Baby Foods,94.2,11.3,3.8,3.7,1.6402392306554892,,2.79
173481,"Babyfood, meat, lamb, strained",Baby Foods,90.4,14.07,3.41,0.85,1.6402392306554892,,2.79
173482,"Babyfood, meat, lamb, junior",Baby Foods,107.6,15.2,5.2,0.0,1.7399000721757054,,3.29
173483,"Babyfood, meat, chicken, strained",Baby Foods,126.3,13.7,7.9,0.1,1.7399000721757054,,3.29
173484,"Babyfood, meat, turkey sticks, junior",Baby Foods,188.2,13.7,14.2,1.4,1.6402392306554892,,2.79
173485,"Babyfood, snack, GERBER GRADUATE FRUIT  STRIPS, Real Fruit Bars",Baby Foods,329.9,0.82,2.24,76.61,,5 ct,5.49
173486,"Babyfood, meat, meat sticks, junior",Baby Foods,189.4,13.4,14.6,1.1,1.6402392306554892,,2.79
173487,"Babyfood, GERBER, 2nd Foods, apple, carrot and squash, organic",Baby Foods,63.7,1.1,0.0,14.82,1.6666947021176743,2 packs,1.89
173488,"Babyfood, dinner, vegetables and dumplings and beef, junior",Baby Foods,47.6,2.1,0.8,8.0,21.587664713143212,,4.59
173489,"Babyfood, dinner, beef lasagna, toddler",Baby Foods,75.7,4.2,2.1,10.0,21.587664713143212,,4.59
173490,"Babyfood, dinner, macaroni and tomato and beef, strained",Baby Foods,60.5,2.36,1.47,9.45,21.587664713143212,,4.59
173491,"Babyfood, dinner, macaroni and tomato and beef, junior",Baby Foods,57.5,2.5,1.1,9.4,21.587664713143212,,4.59
173492,"Babyfood, dinner, spaghetti and tomato and meat, junior",Baby Foods,68.3,2.57,1.37,11.42,21.587664713143212,,4.59
173493,"Babyfood, dinner, spaghetti and tomato and meat, toddler",Baby Foods,73.4,5.3,1.0,10.8,21.587664713143212,,4.59
173494,"Babyfood, dinner, vegetables and beef, strained",Baby Foods,76.6,2.21,3.6,8.84,21.587664713143212,,4.59
173495,"Babyfood, dinner, vegetables and beef, junior",Baby Foods,76.6,2.21,3.6,8.84,21.587664713143212,,4.59
173496,"Babyfood, dinner, chicken soup, strained",Baby Foods,50.5,1.6,1.7,7.2,21.587664713143212,,4.59
173497,"Babyfood, dinner, chicken stew, toddler",Baby Foods,79.7,5.2,3.7,6.4,21.587664713143212,,4.59
173498,"Babyfood, dinner, vegetables chicken, strained",Baby Foods,59.1,2.47,1.73,8.42,21.587664713143212,,4.59
173499,"Babyfood, dinner, vegetables, noodles and chicken, strained",Baby Foods,62.1,2.0,2.5,7.9,21.587664713143212,,4.59
173500,"Babyfood, dinner, turkey and rice, junior",Baby Foods,56.0,2.37,0.92,9.57,21.587664713143212,,4.59
173501,"Babyfood, dinner, vegetables and turkey, strained",Baby Foods,47.9,2.32,0.9,7.62,21.587664713143212,,4.59
173502,"Babyfood, dinner, vegetables and turkey, junior",Baby Foods,52.7,1.72,1.74,7.55,21.587664713143212,,4.59
173503,"Babyfood, dinner, macaroni and cheese, strained",Baby Foods,67.4,3.14,2.11,8.95,21.587664713143212,,4.59
173504,"Babyfood, vegetable, green beans and potatoes",Baby Foods,61.9,2.2,1.9,9.0,22.03740772800036,16 ct,24.99
173505,"Babyfood, vegetables, beets, strained",Baby Foods,36.9,1.3,0.1,7.7,1.6666947021176743,2 packs,1.89
173506,"Babyfood, vegetables, carrots, strained",Baby Foods,28.1,0.8,0.1,6.0,1.6666947021176743,2 packs,1.89
173507,"Babyfood, vegetables, carrots, junior",Baby Foods,33.8,0.8,0.2,7.2,1.6666947021176743,2 packs,1.89
173508,"Babyfood, potatoes, toddler",Baby Foods,51.8,1.0,0.1,11.73,1.6666947021176743,,1.89
173509,"Babyfood, cereal, Oatmeal, dry, GERBER, SINGLE GRAIN, fortified",Baby Foods,395.8,10.94,6.42,73.57,2.200213376605078,,4.99
173510,"Babyfood, vegetable, butternut squash and corn",Baby Foods,50.4,2.0,0.6,9.26,22.03740772800036,16 ct,24.99
173511,"Babyfood, apples, dices, toddler",Baby Foods,50.2,0.19,0.36,11.56,1.4021399874958214,,1.59
173512,"Babyfood, fruit, applesauce, strained",Baby Foods,45.8,0.2,0.2,10.8,1.8040111968499695,,1.79
173513,"Babyfood, dinner, vegetables and chicken, junior",Baby Foods,52.9,2.04,1.12,8.66,21.587664713143212,,4.59
173514,"Babyfood, dinner, mixed vegetable, strained",Baby Foods,43.7,1.2,0.1,9.5,21.587664713143212,,4.59
173515,"Babyfood, vegetables, mix vegetables strained",Baby Foods,41.5,1.0,0.5,8.25,1.6666947021176743,2 packs,1.89
173516,"Babyfood, dinner, beef noodle, junior",Baby Foods,56.3,2.5,1.9,7.3,21.587664713143212,,4.59
173517,"Babyfood, apples with ham, strained",Baby Foods,62.1,2.6,0.9,10.9,,,
173518,"Babyfood, carrots and beef, strained",Baby Foods,58.9,3.4,2.5,5.7,1.4008802031404792,,1.39
173519,"Babyfood, beverage, GERBER, GRADUATES, FRUIT SPLASHERS",Baby Foods,29.4,0.0,0.0,7.35,6.168534095932874,6 pk,13.99
173520,"Babyfood, snack, GERBER, GRADUATES, YOGURT MELTS",Baby Foods,380.4,14.29,4.0,71.82,11.25239386191615,,3.19
173521,"Babyfood, dinner, sweet potatoes and chicken, strained",Baby Foods,73.7,2.51,2.17,11.04,21.587664713143212,,4.59
173522,"Infant formula, MEAD JOHNSON, Enfamil 24, ready to feed, with ARA and DHA",Baby Foods,71.2,1.64,4.1,6.93,,,
173523,"Infant formula, MEAD JOHNSON, Enfamil Enspire Powder, with ARA and DHA, not reconstituted",Baby Foods,513.8,10.5,27.0,57.2,,,
173524,"Infant formula, MEAD JOHNSON, Enfamil Reguline, ready to feed, with ARA and DHA",Baby Foods,67.9,1.51,3.5,7.6,,,
173525,"Infant formula, MEAD JOHNSON, Gentlease, ready to feed, with ARA and DHA",Baby Foods,67.9,1.5,3.5,7.61,,,
173526,"Toddler formula, MEAD JOHNSON, Nutramigen Toddler with LGG Powder, with ARA and DHA, not reconstituted",Baby Foods,484.9,12.0,21.0,61.97,6.7171701826843835,,39.99
173527,"Infant formula, MEAD JOHNSON, Pregestimil 20 Calories, ready to feed, with ARA and DHA",Baby Foods,68.7,1.84,3.7,7.0,,,
173528,"Babyfood, cereal, high protein, prepared with whole milk",Baby Foods,115.4,8.7,3.8,11.6,2.200213376605078,,4.99
173529,"Babyfood, cereal, mixed, prepared with whole milk",Baby Foods,96.2,4.14,3.38,12.3,2.200213376605078,,4.99
173530,"Babyfood, cereal, mixed, with bananas, prepared with whole milk",Baby Foods,86.4,3.82,3.46,10.0,2.200213376605078,,4.99
173531,"Babyfood, cereal, oatmeal, prepared with whole milk",Baby Foods,118.1,5.0,4.1,15.3,2.200213376605078,,4.99
173532,"Babyfood, cereal, mixed, with honey, prepared with whole milk",Baby Foods,116.0,5.0,3.6,15.9,2.200213376605078,,4.99
173533,"Babyfood, cereal, high protein, with apple and orange, prepared with whole milk",Baby Foods,116.3,6.9,3.9,13.4,2.200213376605078,,4.99
173534,"Babyfood, cereal, rice, with bananas, prepared with whole milk",Baby Foods,86.1,3.57,3.32,10.49,2.200213376605078,,4.99
173535,"Infant formula, NESTLE, GOOD START SUPREME, with iron, liquid concentrate, not reconstituted",Baby Foods,126.5,2.79,6.5,14.2,2.625533550786145,,20.99
173536,"Infant formula, NESTLE, GOOD START SUPREME, with iron, powder",Baby Foods,509.4,11.3,26.1,57.32,2.625533550786145,,20.99
173537,"Infant formula, MEAD JOHNSON, ENFAMIL, LIPIL, low iron, liquid concentrate, with ARA and DHA",Baby Foods,132.4,2.76,7.16,14.24,,,
173538,"Infant formula, MEAD JOHNSON, PREGESTIMIL, with iron, powder, with ARA and DHA, not reconstituted",Baby Foods,516.8,14.0,28.0,52.2,,,
173539,"Infant formula, MEAD JOHNSON, PREGESTIMIL, with iron, with ARA and DHA, prepared from powder",Baby Foods,66.9,1.86,3.7,6.54,,,
173540,"Infant formula, MEAD JOHNSON, PROSOBEE, with iron, ready-to-feed",Baby Foods,62.5,1.64,3.5,6.11,,,
173541,"Infant formula, ABBOTT NUTRITION, SIMILAC, ISOMIL, with iron, ready-to-feed",Baby Foods,65.6,1.61,3.59,6.7,3.9300718449246363,,36.99
173542,"Infant formula, ABBOTT NUTRITION, SIMILAC, ISOMIL, with iron, liquid concentrate",Baby Foods,128.2,3.13,6.98,13.21,3.9300718449246363,,36.99
173543,"Infant formula, ABBOTT NUTRITION, SIMILAC, ISOMIL, with iron, powder, not reconstituted",Baby Foods,517.5,12.6,28.09,53.57,3.9300718449246363,,36.99
173544,"Infant formula, MEAD JOHNSON, ENFAMIL, NUTRAMIGEN, with iron, liquid concentrate not reconstituted, with ARA and DHA",Baby Foods,67.7,1.84,3.5,7.2,,,
173545,"Infant formula, MEAD JOHNSON, ENFAMIL, PROSOBEE, with iron, powder, not reconstituted, with ARA and DHA",Baby Foods,512.2,12.7,27.0,54.6,,,
173546,"Infant formula, ABBOTT NUTRITION, SIMILAC, with iron, powder, not reconstituted",Baby Foods,522.3,10.89,28.87,54.73,3.9300718449246363,,36.99
173547,"Infant formula, MEAD JOHNSON, ENFAMIL, PROSOBEE, liquid concentrate, reconstituted, with ARA and DHA",Baby Foods,67.4,1.63,3.4,7.58,,,
173548,"Infant formula, MEAD JOHNSON, PROSOBEE, with iron, ready to feed, with ARA and DHA",Baby Foods,63.9,1.64,3.5,6.47,,,
173549,"Infant formula, NESTLE, GOOD START SOY, with DHA and ARA, ready-to-feed",Baby Foods,64.4,1.6,3.28,7.13,2.625533550786145,,20.99
173550,"Child formula, ABBOTT NUTRITION, PEDIASURE, ready-to-feed, with iron and fiber",Baby Foods,98.6,2.8,4.7,11.28,3.9300718449246363,,36.99
173551,"Infant formula, NESTLE, GOOD START ESSENTIALS SOY, with iron, powder",Baby Foods,502.3,12.5,25.5,55.7,2.625533550786145,,20.99
173552,"Infant formula, MEAD JOHNSON, NEXT STEP PROSOBEE, powder, not reconstituted",Baby Foods,479.8,15.6,21.0,57.1,,,
173553,"Infant formula, MEAD JOHNSON,NEXT STEP PROSOBEE, prepared from powder",Baby Foods,67.1,2.14,2.91,8.08,,,
173554,"Infant formula, PBM PRODUCTS, store brand, powder",Baby Foods,524.0,12.0,28.0,56.0,3.9300718449246363,,36.99
173555,"Infant formula, PBM PRODUCTS, store brand, soy, ready-to-feed",Baby Foods,63.1,1.8,3.5,6.09,6.104139734077116,,62.99
173556,"Infant formula, PBM PRODUCTS, store brand, soy, liquid concentrate, not reconstituted",Baby Foods,126.1,3.6,7.0,12.18,6.104139734077116,,62.99
173557,"Infant formula, PBM PRODUCTS, store brand, soy, powder",Baby Foods,508.0,13.6,27.2,52.2,6.104139734077116,,62.99
173558,"Infant formula, ABBOTT NUTRITION, SIMILAC, SENSITIVE, (LACTOSE FREE), liquid concentrate, with ARA and DHA",Baby Foods,128.0,2.73,6.95,13.64,,,
173559,"Infant formula, ABBOTT NUTRITION, SIMILAC, SENSITIVE, (LACTOSE FREE), powder, with ARA and DHA",Baby Foods,520.5,11.13,28.14,55.67,3.9300718449246363,,36.99
173560,"Infant formula, ABBOTT NUTRITION, SIMILAC, ADVANCE, with iron, ready-to-feed",Baby Foods,65.8,1.36,3.7,6.77,3.9300718449246363,,36.99
173561,"Infant formula, ABBOTT NUTRITION, SIMILAC, ADVANCE, with iron, powder, not reconstituted",Baby Foods,522.3,10.89,28.87,54.73,3.9300718449246363,,36.99
173562,"Salad dressing, blue or roquefort cheese dressing, commercial, regular",Fats and Oils,484.5,1.37,51.1,4.77,,,
173563,"Oil, cupu assu",Fats and Oils,900.0,0.0,100.0,0.0,,,
173564,"Fat, chicken",Fats and Oils,898.2,0.0,99.8,0.0,0.5179702833648913,,2.79
173565,"Oil, soybean, salad or cooking, (partially hydrogenated) and cottonseed",Fats and Oils,900.0,0.0,100.0,0.0,1.1193603925333517,,1.19
173566,"Shortening industrial, lard and vegetable oil",Fats and Oils,900.0,0.0,100.0,0.0,0.5136770708907648,,6.99
173567,"Shortening frying (heavy duty), beef tallow and cottonseed",Fats and Oils,900.0,0.0,100.0,0.0,,,
173568,"Shortening confectionery, coconut (hydrogenated) and or palm kernel (hydrogenated)",Fats and Oils,900.0,0.0,100.0,0.0,,,
173569,"Shortening industrial, soybean (hydrogenated) and cottonseed",Fats and Oils,900.0,0.0,100.0,0.0,,,
173570,"Oil, ucuhuba butter",Fats and Oils,900.0,0.0,100.0,0.0,,,
173571,"Fat, turkey",Fats and Oils,898.2,0.0,99.8,0.0,1.0280890159888125,3 lbs,13.99
173572,"Fat, goose",Fats and Oils,898.2,0.0,99.8,0.0,,,
173573,"Oil, avocado",Fats and Oils,900.0,0.0,100.0,0.0,2.6069336375754992,,12.49
173574,"Shortening, special purpose for cakes and frostings, soybean (hydrogenated)",Fats and Oils,900.0,0.0,100.0,0.0,,,
173575,"Shortening, special purpose for baking, soybean (hydrogenated) palm and cottonseed",Fats and Oils,900.0,0.0,100.0,0.0,0.5136770708907648,,6.99
173576,"Oil, oat",Fats and Oils,900.0,0.0,100.0,0.0,5.785982713819235,,10.99
173577,"Fish oil, cod liver",Fats and Oils,900.0,0.0,100.0,0.0,,,
173578,"Fish oil, sardine",Fats and Oils,900.0,0.0,100.0,0.0,10.47334321657256,5 cans,12.99
173579,"Shortening, multipurpose, soybean (hydrogenated) and palm (hydrogenated)",Fats and Oils,900.0,0.0,100.0,0.0,,,
173580,"Margarine-like, vegetable oil-butter spread, tub, with salt",Fats and Oils,368.0,1.0,40.0,1.0,0.8222752463357745,,10.49
173581,"Butter, light, stick, with salt",Fats and Oils,509.1,3.3,55.1,0.0,1.243995058088536,,5.29
173582,"Margarine-like, vegetable oil spread, 60% fat, tub, with salt",Fats and Oils,542.4,0.17,59.81,0.86,1.055867261024107,,4.49
173583,"Margarine-like, vegetable oil spread, 60% fat, stick/tub/bottle, with salt",Fats and Oils,534.9,0.6,59.17,0.0,0.8222752463357745,,10.49
173584,"Shortening, vegetable, household, composite",Fats and Oils,899.7,0.0,99.97,0.0,0.5136770708907648,,6.99
173585,"Margarine, regular, 80% fat, composite, stick, without salt",Fats and Oils,729.8,0.16,80.71,0.7,,,
173586,"Margarine-like spread with yogurt, approximately 40% fat, tub, with salt",Fats and Oils,331.0,2.0,35.0,2.0,,,
173587,"Margarine, 80% fat, stick, includes regular and hydrogenated corn and soybean oils",Fats and Oils,729.8,0.16,80.71,0.7,0.9376994884930127,,3.19
173588,"Margarine, margarine-type vegetable oil spread, 70% fat, soybean and partially hydrogenated soybean, stick",Fats and Oils,639.1,0.26,70.22,1.53,0.9376994884930127,,3.19
173589,"Margarine Spread, 40-49% fat, tub",Fats and Oils,401.2,0.27,44.46,0.0,0.9376994884930127,,3.19
173590,"Salad dressing, italian dressing, fat-free",Fats and Oils,46.7,0.97,0.87,8.75,1.0097171608067392,,2.29
173591,"Salad dressing, ranch dressing, fat-free",Fats and Oils,124.3,0.25,1.92,26.51,0.9898755572101003,,4.49
173592,"Salad dressing, ranch dressing, regular",Fats and Oils,429.7,1.32,44.54,5.9,0.9898755572101003,,4.49
173593,"Salad dressing, ranch dressing, reduced fat",Fats and Oils,202.1,1.25,12.42,21.33,0.9898755572101003,,4.49
173594,"Salad dressing, mayonnaise, light",Fats and Oils,238.4,0.37,22.22,9.23,,30 fo,6.49
173595,"Oil, industrial, coconut, principal uses candy coatings, oil sprays, roasting nuts",Fats and Oils,900.0,0.0,100.0,0.0,2.241499945705155,,6.99
173596,"Oil, industrial, soy (partially hydrogenated), principal uses popcorn and flavoring vegetables",Fats and Oils,900.0,0.0,100.0,0.0,2.241499945705155,,6.99
173597,"Shortening, industrial, soy (partially hydrogenated), pourable liquid fry shortening",Fats and Oils,900.0,0.0,100.0,0.0,,,
173598,"Oil, industrial, soy, refined, for woks and light frying",Fats and Oils,900.0,0.0,100.0,0.0,2.241499945705155,,6.99
173599,"Margarine-like shortening, industrial, soy (partially hydrogenated), cottonseed, and soy, principal use flaky pastries",Fats and Oils,639.0,0.0,71.0,0.0,0.9376994884930127,,3.19
173600,"Oil, industrial, palm kernel, confection fat, uses similar to high quality cocoa butter",Fats and Oils,900.0,0.0,100.0,0.0,2.241499945705155,,6.99
173601,"Oil, industrial, palm kernel (hydrogenated), confection fat, uses similar to 95 degree hard butter",Fats and Oils,900.0,0.0,100.0,0.0,2.241499945705155,,6.99
173602,"Oil, industrial, palm kernel (hydrogenated), confection fat, intermediate grade product",Fats and Oils,900.0,0.0,100.0,0.0,2.241499945705155,,6.99
173603,"Oil, industrial, palm kernel (hydrogenated), filling fat",Fats and Oils,900.0,0.0,100.0,0.0,2.241499945705155,,6.99
173604,"Oil, industrial, soy (partially hydrogenated ), palm, principal uses icings and fillings",Fats and Oils,900.0,0.0,100.0,0.0,2.241499945705155,,6.99
173605,"Margarine, industrial, non-dairy, cottonseed, soy oil (partially hydrogenated ), for flaky pastries",Fats and Oils,729.4,1.9,80.2,0.0,0.9376994884930127,,3.19
173606,"Shortening, industrial, soy (partially hydrogenated ) and corn for frying",Fats and Oils,900.0,0.0,100.0,0.0,0.5136770708907648,,6.99
173607,"Shortening, industrial, soy (partially hydrogenated ) for baking and confections",Fats and Oils,900.0,0.0,100.0,0.0,0.5136770708907648,,6.99
173608,"Margarine-like spread, SMART BEAT Super Light without saturated fat",Fats and Oils,153.9,0.0,17.1,0.0,,,
173609,"Margarine-like spread, SMART BEAT Smart Squeeze",Fats and Oils,47.3,0.0,2.1,7.1,0.9376994884930127,,3.19
173610,"Margarine-like spread, SMART BALANCE Omega Plus Spread (with plant sterols & fish oil)",Fats and Oils,639.7,0.13,70.95,0.16,,,
173611,"Chicken, broilers or fryers, drumstick, meat and skin, cooked, fried, flour",Poultry Products,237.8,26.96,13.72,1.63,,,
173612,"Chicken, broilers or fryers, drumstick, meat and skin, cooked, roasted",Poultry Products,184.8,23.35,10.15,0.0,1.4414223542123994,,8.99
173613,"Chicken, broilers or fryers, drumstick, meat and skin, cooked, stewed",Poultry Products,197.0,25.32,10.64,0.0,1.4414223542123994,,8.99
173614,"Chicken, broilers or fryers, dark meat, drumstick, meat only, raw",Poultry Products,111.0,19.41,3.71,0.0,1.4414223542123994,,8.99
173615,"Chicken, broilers or fryers, leg, meat and skin, cooked, fried, batter",Poultry Products,267.5,21.77,16.17,8.72,1.4414223542123994,,8.99
173616,"Chicken, broilers or fryers, leg, meat and skin, cooked, fried, flour",Poultry Products,247.2,26.84,14.43,2.5,1.4414223542123994,,8.99
173617,"Chicken, broilers or fryers, leg, meat and skin, cooked, roasted",Poultry Products,177.0,24.03,8.99,0.0,,,
173618,"Chicken, broilers or fryers, leg, meat and skin, cooked, stewed",Poultry Products,213.0,24.17,12.92,0.0,1.4414223542123994,,8.99
173619,"Chicken, broilers or fryers, leg, meat only, raw",Poultry Products,114.6,19.16,4.22,0.0,1.4414223542123994,,8.99
173620,"Chicken, broilers or fryers, neck, meat and skin, cooked, fried, batter",Poultry Products,325.8,19.82,23.52,8.7,1.4414223542123994,,8.99
173621,"Chicken, broilers or fryers, neck, meat and skin, cooked, fried, flour",Poultry Products,325.5,24.01,23.61,4.24,,,
173622,"Chicken, broilers or fryers, neck, meat and skin, cooked simmered",Poultry Products,241.3,19.61,18.1,0.0,1.4414223542123994,,8.99
173623,"Chicken, broilers or fryers, neck, meat only, raw",Poultry Products,149.2,17.55,8.78,0.0,1.4414223542123994,,8.99
173624,"Chicken, broilers or fryers, thigh, meat and skin, cooked, fried, flour",Poultry Products,254.5,26.75,14.98,3.18,1.4414223542123994,,8.99
173625,"Chicken, broilers or fryers, thigh, meat and skin, cooked, roasted",Poultry Products,225.4,23.26,14.71,0.0,1.4414223542123994,,8.99
173626,"Chicken, broilers or fryers, thigh, meat and skin, cooked, stewed",Poultry Products,225.7,23.26,14.74,0.0,,,
173627,"Chicken, broilers or fryers, dark meat, thigh, meat only, raw",Poultry Products,115.7,19.66,4.12,0.0,1.4414223542123994,,8.99
173628,"Chicken, broilers or fryers, wing, meat and skin, cooked, fried, batter",Poultry Products,319.5,19.87,21.81,10.94,,,
173629,"Chicken, broilers or fryers, wing, meat and skin, cooked, fried, flour",Poultry Products,313.4,26.11,22.16,2.39,1.4414223542123994,,8.99
173630,"Chicken, broilers or fryers, wing, meat and skin, cooked, roasted",Poultry Products,247.0,23.79,16.87,0.0,1.4414223542123994,,8.99
173631,"Chicken, broilers or fryers, wing, meat and skin, cooked, stewed",Poultry Products,242.5,22.78,16.82,0.0,1.4414223542123994,,8.99
173632,"Chicken, broilers or fryers, wing, meat only, raw",Poultry Products,119.7,21.97,3.54,0.0,1.4414223542123994,,8.99
173633,"Chicken, roasting, meat and skin and giblets and neck, cooked, roasted",Poultry Products,213.7,23.96,13.07,0.05,1.1012089996134635,2 lb,9.99
173634,"Canada Goose, breast meat only, skinless, raw",Poultry Products,133.4,24.31,4.02,0.0,,,
173635,"Chicken, roasting, meat and skin, cooked, roasted",Poultry Products,216.4,23.97,13.39,0.0,1.1012089996134635,2 lb,9.99
173636,"Chicken, roasting, meat only, raw",Poultry Products,105.6,20.33,2.7,0.0,1.1012089996134635,2 lb,9.99
173637,"Chicken, roasting, light meat, meat only, cooked, roasted",Poultry Products,145.2,27.13,4.07,0.0,1.1012089996134635,2 lb,9.99
173638,"Chicken, roasting, dark meat, meat only, raw",Poultry Products,107.4,18.74,3.61,0.0,,,
173639,"Chicken, roasting, dark meat, meat only, cooked, roasted",Poultry Products,171.8,23.25,8.75,0.0,1.1012089996134635,2 lb,9.99
173640,"Chicken, stewing, meat and skin, and giblets and neck, raw",Poultry Products,246.4,17.48,19.52,0.19,16.11516147353688,12 ct,15.99
173641,"Chicken, stewing, giblets, raw",Poultry Products,163.0,17.89,9.21,2.13,16.11516147353688,12 ct,15.99
173642,"Chicken, stewing, giblets, cooked, simmered",Poultry Products,187.1,25.73,9.3,0.11,16.11516147353688,12 ct,15.99
173643,"Chicken, stewing, light meat, meat only, raw",Poultry Products,130.3,23.1,4.21,0.0,16.11516147353688,12 ct,15.99
173644,"Chicken, stewing, light meat, meat only, cooked, stewed",Poultry Products,204.0,33.04,7.98,0.0,16.11516147353688,12 ct,15.99
173645,"Chicken, capons, meat and skin, raw",Poultry Products,228.7,18.77,17.07,0.0,0.38470664751261135,,3.49
173646,"Chicken, capons, meat and skin, cooked, roasted",Poultry Products,220.7,28.96,11.65,0.0,0.38470664751261135,,3.49
173647,"Beverages, water, tap, drinking",Beverages,0.0,0.0,0.0,0.0,,1 liter,1.0
173648,"Beverages, coffee substitute, cereal grain beverage, powder, prepared with whole milk",Beverages,65.3,3.3,3.3,5.6,3.523868798763083,,9.99
173649,"Beverages, Dairy drink mix, chocolate, reduced calorie, with low-calorie sweeteners, powder",Beverages,329.0,25.0,2.6,51.4,3.402230523524046,8 ct,2.99
173650,"Beverages, dairy drink mix, chocolate, reduced calorie, with aspartame, powder, prepared with water and ice",Beverages,28.9,2.19,0.23,4.51,3.402230523524046,8 ct,2.99
173651,"Beverages, Orange-flavor drink, breakfast type, with pulp, frozen concentrate.",Beverages,176.5,0.1,0.5,42.9,0.47797262050023165,,2.29
173652,"Beverages, Orange-flavor drink, breakfast type, with pulp, frozen concentrate, prepared with water",Beverages,50.2,0.03,0.14,12.21,0.47797262050023165,,2.29
173653,"Cranberry juice cocktail, frozen concentrate",Beverages,206.0,0.05,0.0,51.45,0.5849598689972085,,1.99
173654,"Cranberry juice cocktail, frozen concentrate, prepared with water",Beverages,47.3,0.01,0.0,11.81,0.5849598689972085,,1.99
173655,"Beverages, water, bottled, non-carbonated, DANNON",Beverages,0.0,0.0,0.0,0.0,,1 liter,1.0
173656,"Beverages, water, bottled, non-carbonated, PEPSI, AQUAFINA",Beverages,0.0,0.0,0.0,0.0,,1 liter,1.0
173657,"Water, bottled, non-carbonated, NAYA",Beverages,0.0,0.0,0.0,0.0,4.2807472394526505,,16.99
173658,"Beverages, DANNON, water, bottled, non-carbonated, with Fluoride",Beverages,0.1,0.0,0.0,0.03,2.988303568936152,4 ct,4.49
173659,"Beverages, drink mix, QUAKER OATS, GATORADE, orange flavor, powder",Beverages,387.5,0.0,1.23,94.11,1.891536617296292,,7.99
173660,"Beverages, PEPSICO QUAKER, Gatorade, G performance O 2, ready-to-drink.",Beverages,25.7,0.0,0.0,6.43,,,
173661,"Whiskey sour mix, bottled, with added potassium and sodium",Beverages,86.9,0.1,0.1,21.4,1.466808917736719,,4.99
173662,"Alcoholic beverage, whiskey sour",Beverages,53.0,0.0,0.03,13.17,1.466808917736719,,4.99
173663,"Alcoholic beverage, distilled, all (gin, rum, vodka, whiskey) 94 proof",Beverages,0.0,0.0,0.0,0.0,,187 ml,4.99
173664,"Alcoholic beverage, distilled, all (gin, rum, vodka, whiskey) 100 proof",Beverages,0.0,0.0,0.0,0.0,,,
173665,"Alcoholic beverage, liqueur, coffee, 63 proof",Beverages,131.9,0.1,0.3,32.2,,375 ml,7.99
173666,"Lemonade, frozen concentrate, pink",Beverages,202.5,0.22,0.69,48.86,0.5849598689972085,,1.99
173667,"Beverages, lemonade, frozen concentrate, pink, prepared with water",Beverages,44.8,0.05,0.15,10.81,0.6804461047048093,,2.99
173668,"Fish, herring, Atlantic, kippered",Finfish and Shellfish Products,209.6,24.58,12.37,0.0,1.1193603925333517,,1.19
173669,"Fish, herring, Pacific, raw",Finfish and Shellfish Products,190.5,16.39,13.88,0.0,1.1193603925333517,,1.19
173670,"Fish, ling, raw",Finfish and Shellfish Products,81.7,18.99,0.64,0.0,,750 ml,19.99
173671,"Fish, lingcod, raw",Finfish and Shellfish Products,80.2,17.66,1.06,0.0,,,
173672,"Fish, mackerel, Pacific and jack, mixed species, raw",Finfish and Shellfish Products,151.3,20.07,7.89,0.0,1.173447134189375,,4.99
173673,"Fish, mackerel, spanish, raw",Finfish and Shellfish Products,133.9,19.29,6.3,0.0,1.173447134189375,,4.99
173674,"Fish, mackerel, spanish, cooked, dry heat",Finfish and Shellfish Products,151.2,23.59,6.32,0.0,1.173447134189375,,4.99
173675,"Fish, milkfish, raw",Finfish and Shellfish Products,142.7,20.53,6.73,0.0,,1 ct,10.99
173676,"Fish, monkfish, raw",Finfish and Shellfish Products,71.6,14.48,1.52,0.0,,1 ct,10.99
173677,"Fish, pout, ocean, raw",Finfish and Shellfish Products,74.8,16.64,0.91,0.0,,90 ct,34.99
173678,"Fish, perch, mixed species, raw",Finfish and Shellfish Products,85.8,19.39,0.92,0.0,1.7614934748571718,1 lb,7.99
173679,"Fish, perch, mixed species, cooked, dry heat",Finfish and Shellfish Products,110.1,24.86,1.18,0.0,1.7614934748571718,1 lb,7.99
173680,"Fish, pike, northern, raw",Finfish and Shellfish Products,83.2,19.26,0.69,0.0,1.7614934748571718,1 lb,7.99
173681,"Fish, pollock, Alaska, cooked, dry heat (may contain additives to retain moisture)",Finfish and Shellfish Products,104.5,23.48,1.18,0.0,1.8542036577443914,8 ct,7.99
173682,"Fish, pompano, florida, raw",Finfish and Shellfish Products,159.2,18.48,9.47,0.0,,,
173683,"Fish, pompano, florida, cooked, dry heat",Finfish and Shellfish Products,204.0,23.69,12.14,0.0,,,
173684,"Fish, rockfish, Pacific, mixed species, raw",Finfish and Shellfish Products,85.5,18.36,1.34,0.0,2.202417999226927,1 lb,9.99
173685,"Fish, sablefish, smoked",Finfish and Shellfish Products,251.9,17.65,20.14,0.0,,,
173686,"Fish, salmon, Atlantic, wild, raw",Finfish and Shellfish Products,136.4,19.84,6.34,0.0,,11 ounces,5.0
173687,"Fish, salmon, chinook, smoked",Finfish and Shellfish Products,112.0,18.28,4.32,0.0,,11 ounces,5.0
173688,"Fish, salmon, chinook, raw",Finfish and Shellfish Products,173.6,19.93,10.43,0.0,,11 ounces,5.0
173689,"Fish, salmon, chum, raw",Finfish and Shellfish Products,114.5,20.14,3.77,0.0,,11 ounces,5.0
173690,"Fish, salmon, pink, canned, total can contents",Finfish and Shellfish Products,123.4,19.68,4.97,0.0,,11 ounces,5.0
173691,"Fish, salmon, sockeye, raw",Finfish and Shellfish Products,131.2,22.25,4.69,0.0,,11 ounces,5.0
173692,"Fish, salmon, sockeye, cooked, dry heat",Finfish and Shellfish Products,156.0,26.48,5.57,0.0,,11 ounces,5.0
173693,"Fish, salmon, sockeye, canned, drained solids",Finfish and Shellfish Products,160.9,23.59,7.39,0.0,,11 ounces,5.0
173694,"Fish, sea bass, mixed species, cooked, dry heat",Finfish and Shellfish Products,117.6,23.63,2.56,0.0,2.202417999226927,1 lb,9.99
173695,"Fish, seatrout, mixed species, raw",Finfish and Shellfish Products,99.4,16.74,3.61,0.0,,,
173696,"Fish, shad, american, raw",Finfish and Shellfish Products,191.6,16.93,13.77,0.0,,8 ounces,5.0
173697,"Fish, shark, mixed species, raw",Finfish and Shellfish Products,124.5,20.98,4.51,0.0,1.483362926195513,,7.99
173698,"Fish, snapper, mixed species, raw",Finfish and Shellfish Products,94.1,20.51,1.34,0.0,3.8184063810420796,,12.99
173699,"Fish, snapper, mixed species, cooked, dry heat",Finfish and Shellfish Products,120.7,26.3,1.72,0.0,3.8184063810420796,,12.99
173700,"Fish, spot, raw",Finfish and Shellfish Products,118.1,18.51,4.9,0.0,,1 ct,6.49
173701,"Fish, sturgeon, mixed species, raw",Finfish and Shellfish Products,100.9,16.14,4.04,0.0,,,
173702,"Fish, surimi",Finfish and Shellfish Products,96.2,15.18,0.9,6.85,1.466808917736719,,4.99
173703,"Fish, swordfish, raw",Finfish and Shellfish Products,138.5,19.66,6.65,0.0,2.202417999226927,1 lb,9.99
173704,"Fish, swordfish, cooked, dry heat",Finfish and Shellfish Products,165.2,23.45,7.93,0.0,2.202417999226927,1 lb,9.99
173705,"Fish, tilefish, raw",Finfish and Shellfish Products,90.8,17.5,2.31,0.0,,,
173706,"Fish, tuna, fresh, bluefin, raw",Finfish and Shellfish Products,137.4,23.33,4.9,0.0,0.9100682182991746,,1.29
173707,"Fish, tuna, fresh, bluefin, cooked, dry heat",Finfish and Shellfish Products,176.2,29.91,6.28,0.0,0.9100682182991746,,1.29
173708,"Fish, tuna, light, canned in oil, drained solids",Finfish and Shellfish Products,190.4,29.13,8.21,0.0,0.9100682182991746,,1.29
173709,"Fish, tuna, light, canned in water, drained solids (Includes foods for USDA's Food Distribution Program)",Finfish and Shellfish Products,86.4,19.44,0.96,0.0,0.9100682182991746,,1.29
173710,"Fish, turbot, european, raw",Finfish and Shellfish Products,90.8,16.05,2.95,0.0,,,
173711,"Fish, whitefish, mixed species, raw",Finfish and Shellfish Products,129.1,19.09,5.86,0.0,2.7337320510924816,4 pk,8.99
173712,"Fish, whitefish, mixed species, smoked",Finfish and Shellfish Products,102.0,23.4,0.93,0.0,2.7337320510924816,4 pk,8.99
173713,"Fish, whiting, mixed species, raw",Finfish and Shellfish Products,85.0,18.31,1.31,0.0,0.7341393330756424,3 lb,9.99
173714,"Fish, catfish, channel, wild, cooked, dry heat",Finfish and Shellfish Products,99.5,18.47,2.85,0.0,1.9819557370420493,1 lb,8.99
173715,"Fish, salmon, coho, farmed, raw",Finfish and Shellfish Products,154.1,21.27,7.67,0.0,,11 ounces,5.0
173716,"Fish, salmon, coho, farmed, cooked, dry heat",Finfish and Shellfish Products,171.3,24.3,8.23,0.0,,11 ounces,5.0
173717,"Fish, trout, rainbow, farmed, raw",Finfish and Shellfish Products,135.4,19.94,6.18,0.0,2.4228802614118043,1 lb,10.99
173718,"Fish, trout, rainbow, farmed, cooked, dry heat",Finfish and Shellfish Products,161.6,23.8,7.38,0.0,2.4228802614118043,1 lb,10.99
173719,"Fish, salmon, coho, wild, cooked, dry heat",Finfish and Shellfish Products,132.5,23.45,4.3,0.0,,11 ounces,5.0
173720,"Mollusks, conch, baked or broiled",Finfish and Shellfish Products,122.8,26.3,1.2,1.7,,,
173721,"Salmon nuggets, breaded, frozen, heated",Finfish and Shellfish Products,212.1,12.69,11.72,13.96,0.7650800712512441,,6.29
173722,"Salmon nuggets, cooked as purchased, unheated",Finfish and Shellfish Products,189.2,11.97,10.43,11.85,,,
173723,"Salmon, sockeye, canned, drained solids, without skin and bones",Finfish and Shellfish Products,158.1,26.33,5.87,0.0,,4 ounces,10.99
173724,"Fish, Salmon, pink, canned, drained solids, without skin and bones",Finfish and Shellfish Products,136.4,24.62,4.21,0.0,,11 ounces,5.0
173725,"Fish, pollock, Alaska, raw",Finfish and Shellfish Products,76.1,17.17,0.82,0.0,1.8542036577443914,8 ct,7.99
173726,"Fish, pollock, Alaska, cooked",Finfish and Shellfish Products,86.6,19.42,0.9946,0.0,1.8542036577443914,8 ct,7.99
173727,"Beans, adzuki, mature seeds, raw",Legumes and Legume Products,335.8,19.87,0.53,62.9,,,
173728,"Beans, adzuki, mature seeds, cooked, boiled, without salt",Legumes and Legume Products,130.1,7.52,0.1,24.77,,,
173729,"Beans, adzuki, mature seeds, canned, sweetened",Legumes and Legume Products,235.5,3.8,0.03,55.01,,,
173730,"Yokan, prepared from adzuki beans and sugar",Legumes and Legume Products,257.1,3.29,0.12,60.72,,,
173731,"Beans, baked, home prepared",Legumes and Legume Products,155.0,5.54,5.15,21.63,0.7182288637926614,,1.69
173732,"Beans, baked, canned, with pork and sweet sauce",Legumes and Legume Products,112.4,4.52,0.89,21.57,0.7182288637926614,,1.69
173733,"Beans, baked, canned, with pork and tomato sauce",Legumes and Legume Products,103.7,5.15,0.93,18.69,0.7182288637926614,,1.69
173734,"Beans, black, mature seeds, raw",Legumes and Legume Products,348.6,21.6,1.42,62.36,0.23130466852183876,,1.0
173735,"Beans, black, mature seeds, cooked, boiled, without salt",Legumes and Legume Products,135.1,8.86,0.54,23.71,0.23130466852183876,,1.0
173736,"Beans, cranberry (roman), mature seeds, cooked, boiled, without salt",Legumes and Legume Products,139.3,9.34,0.46,24.46,,,
173737,"Beans, cranberry (roman), mature seeds, canned",Legumes and Legume Products,85.2,5.54,0.28,15.12,,,
173738,"Beans, french, mature seeds, raw",Legumes and Legume Products,349.9,18.81,2.02,64.11,0.3867972379298818,,1.59
173739,"Beans, french, mature seeds, cooked, boiled, without salt",Legumes and Legume Products,131.1,7.05,0.76,24.02,0.3867972379298818,,1.59
173740,"Beans, kidney, all types, mature seeds, cooked, boiled, without salt",Legumes and Legume Products,130.4,8.67,0.5,22.8,0.2275739480618091,,1.0
173741,"Beans, kidney, all types, mature seeds, canned",Legumes and Legume Products,84.3,5.22,0.6,14.5,0.2275739480618091,,1.0
173742,"Beans, kidney, california red, mature seeds, raw",Legumes and Legume Products,338.9,24.37,0.25,59.8,0.2275739480618091,,1.0
173743,"Beans, kidney, california red, mature seeds, cooked, boiled, without salt",Legumes and Legume Products,127.0,9.13,0.09,22.41,0.2275739480618091,,1.0
173744,"Beans, kidney, red, mature seeds, raw",Legumes and Legume Products,344.8,22.53,1.06,61.29,0.2275739480618091,,1.0
173745,"Beans, navy, mature seeds, raw",Legumes and Legume Products,345.8,22.33,1.5,60.75,0.35053499687395534,,1.59
173746,"Beans, navy, mature seeds, cooked, boiled, without salt",Legumes and Legume Products,142.7,8.23,0.62,26.05,0.35053499687395534,,1.59
173747,"Beans, navy, mature seeds, canned",Legumes and Legume Products,115.8,7.53,0.43,20.45,0.35053499687395534,,1.59
173748,"Beans, pink, mature seeds, raw",Legumes and Legume Products,350.8,20.96,1.13,64.19,0.36184257741827647,,1.59
173749,"Beans, small white, mature seeds, raw",Legumes and Legume Products,344.1,21.11,1.18,62.25,0.23130466852183876,,1.0
173750,"Beans, small white, mature seeds, cooked, boiled, without salt",Legumes and Legume Products,144.9,8.97,0.64,25.81,0.23130466852183876,,1.0
173751,"Beans, yellow, mature seeds, raw",Legumes and Legume Products,354.2,22.0,2.6,60.7,0.8289381058151396,,3.29
173752,"Beans, yellow, mature seeds, cooked, boiled, without salt",Legumes and Legume Products,147.5,9.16,1.08,25.28,0.8289381058151396,,3.29
173753,"Broadbeans (fava beans), mature seeds, cooked, boiled, without salt",Legumes and Legume Products,112.6,7.6,0.4,19.65,,,
173754,"Broadbeans (fava beans), mature seeds, canned",Legumes and Legume Products,73.5,5.47,0.22,12.41,,,
173755,Carob flour,Legumes and Legume Products,379.8,4.62,0.65,88.88,1.7815533088145785,,4.49
173756,"Chickpeas (garbanzo beans, bengal gram), mature seeds, raw",Legumes and Legume Products,388.0,20.47,6.04,62.95,0.35143317646063443,,2.69
173757,"Chickpeas (garbanzo beans, bengal gram), mature seeds, cooked, boiled, without salt",Legumes and Legume Products,168.4,8.86,2.59,27.42,0.35143317646063443,,2.69
173758,"Cowpeas, common (blackeyes, crowder, southern), mature seeds, raw",Legumes and Legume Products,345.5,23.52,1.26,60.03,0.36184257741827647,,1.59
173759,"Cowpeas, common (blackeyes, crowder, southern), mature seeds, cooked, boiled, without salt",Legumes and Legume Products,118.7,7.73,0.53,20.76,0.36184257741827647,,1.59
173760,"Cowpeas, common (blackeyes, crowder, southern), mature seeds, canned, plain",Legumes and Legume Products,78.4,4.74,0.55,13.63,0.36184257741827647,,1.59
173761,"Cowpeas, common (blackeyes, crowder, southern), mature seeds, canned with pork",Legumes and Legume Products,91.5,2.74,1.6,16.53,0.36184257741827647,,1.59
173762,"Vitasoy USA, Organic Nasoya Extra Firm Tofu",Legumes and Legume Products,97.6,10.1,5.2,2.6,2.312964076408201,,4.59
173763,"Vitasoy USA, Organic Nasoya Firm Tofu",Legumes and Legume Products,84.4,8.9,4.4,2.3,,,
173764,"Vitasoy USA, Organic Nasoya Silken Tofu",Legumes and Legume Products,47.3,4.8,2.5,1.4,,2 ct,1.99
173765,"Soymilk (All flavors), enhanced",Legumes and Legume Products,43.5,2.94,1.99,3.45,,,
173766,"Soymilk, original and vanilla, light, with added calcium, vitamins A and D",Legumes and Legume Products,30.5,2.38,0.77,3.51,,,
173767,"Soymilk, chocolate and other flavors, light, with added calcium, vitamins A and D",Legumes and Legume Products,47.1,2.1,0.64,8.24,3.7434492118992213,6 ct,8.49
173768,"Soymilk, original and vanilla, light, unsweetened, with added calcium, vitamins A and D",Legumes and Legume Products,33.5,2.62,0.85,3.85,,1 / 2 gal,2.59
173769,"Soymilk (All flavors), lowfat, with added calcium, vitamins A and D",Legumes and Legume Products,41.0,1.65,0.62,7.2,,1 / 2 gal,2.59
173770,"SILK Chocolate, soymilk",Legumes and Legume Products,59.1,2.06,1.44,9.47,3.7434492118992213,6 ct,8.49
173771,"SILK Light Plain, soymilk",Legumes and Legume Products,30.4,2.47,0.82,3.29,,1 / 2 gal,4.29
173772,"SILK Light Vanilla, soymilk",Legumes and Legume Products,33.7,2.47,0.82,4.12,,,
173773,"SILK Light Chocolate, soymilk",Legumes and Legume Products,50.0,2.06,0.62,9.05,3.7434492118992213,6 ct,8.49
173774,"SILK Very Vanilla, soymilk",Legumes and Legume Products,56.0,2.47,1.65,7.82,3.7434492118992213,6 ct,8.49
173775,"SILK Nog, soymilk",Legumes and Legume Products,73.8,2.46,1.64,12.3,,,
173776,"SILK Chai, soymilk",Legumes and Legume Products,54.1,2.47,1.44,7.82,,1 / 2 gal,3.69
173777,"SILK Mocha, soymilk",Legumes and Legume Products,57.4,2.06,1.44,9.05,,1 / 2 gal,3.69
173778,SILK Raspberry soy yogurt,Legumes and Legume Products,90.6,2.35,1.18,17.65,,24 oz.,6.79
173779,SILK Peach soy yogurt,Legumes and Legume Products,95.3,2.35,1.18,18.82,,5.3 oz.,1.59
173780,SILK Black Cherry soy yogurt,Legumes and Legume Products,88.3,2.35,1.18,17.06,,24 oz.,6.79
173781,SILK Blueberry soy yogurt,Legumes and Legume Products,88.3,2.35,1.18,17.06,,5.3 oz.,1.59
173782,SILK Hazelnut Creamer,Legumes and Legume Products,140.0,0.0,6.67,20.0,0.6051689096974889,,5.49
173783,"Vitasoy USA Organic Nasoya, Soft Tofu",Legumes and Legume Products,69.5,8.76,3.5,0.74,2.023843566857176,,4.59
173784,"Vitasoy USA Nasoya, Lite Silken Tofu",Legumes and Legume Products,42.7,8.21,1.1,0.0,2.262572702194515,,4.49
173785,"Vitasoy USA Organic Nasoya, Tofu Plus Extra Firm",Legumes and Legume Products,92.1,10.18,4.9,1.82,,2 ct,1.99
173786,"Vitasoy USA Azumaya, Silken Tofu",Legumes and Legume Products,43.2,4.82,2.4,0.58,,2 ct,1.99
173787,HOUSE FOODS Premium Soft Tofu,Legumes and Legume Products,58.7,6.38,2.71,2.19,,2 ct,1.99
173788,HOUSE FOODS Premium Firm Tofu,Legumes and Legume Products,85.3,10.92,4.19,0.97,2.0305139635078984,10 slices,4.49
173789,"Beans, adzuki, mature seed, cooked, boiled, with salt",Legumes and Legume Products,130.1,7.52,0.1,24.77,1.1264151849232678,4 ct,4.79
173790,"Beans, great northern, mature seeds, cooked, boiled, with salt",Legumes and Legume Products,121.7,8.33,0.45,21.09,0.4828123541848819,,2.19
173791,"Beans, great northern, mature seeds, canned, low sodium",Legumes and Legume Products,117.1,7.37,0.39,21.02,0.4828123541848819,,2.19
173792,"Beans, kidney, all types, mature seeds, cooked, boiled, with salt",Legumes and Legume Products,130.4,8.67,0.5,22.8,0.2275739480618091,,1.0
173793,"Beans, kidney, california red, mature seeds, cooked, boiled, with salt",Legumes and Legume Products,127.0,9.13,0.09,22.41,0.2275739480618091,,1.0
173794,"Beans, navy, mature seeds, cooked, boiled, with salt",Legumes and Legume Products,142.7,8.23,0.62,26.05,0.35053499687395534,,1.59
173795,"Beans, pink, mature seeds, cooked, boiled, with salt",Legumes and Legume Products,152.3,9.06,0.49,27.91,0.36184257741827647,,1.59
173796,"Beans, pinto, mature seeds, cooked, boiled, with salt",Legumes and Legume Products,146.8,9.01,0.65,26.22,0.39462744931093086,,1.79
173797,"Beans, pinto, mature seeds, canned, drained solids, rinsed in tap water",Legumes and Legume Products,120.0,7.04,0.97,20.77,0.39462744931093086,,1.79
173798,"Broadbeans (fava beans), mature seeds, cooked, boiled, with salt",Legumes and Legume Products,112.6,7.6,0.4,19.65,,,
173799,"Chickpeas (garbanzo beans, bengal gram), mature seeds, cooked, boiled, with salt",Legumes and Legume Products,168.4,8.86,2.59,27.42,0.35143317646063443,,2.69
173800,"Chickpeas (garbanzo beans, bengal gram), mature seeds, canned, drained solids",Legumes and Legume Products,143.2,7.05,2.77,22.53,,,
173801,"Chickpeas (garbanzo beans, bengal gram), mature seeds, canned, drained, rinsed in tap water",Legumes and Legume Products,141.9,7.04,2.47,22.87,,,
173802,"Lima beans, large, mature seeds, cooked, boiled, with salt",Legumes and Legume Products,118.1,7.8,0.38,20.88,0.5489510328403452,,2.49
173803,"Lima beans, thin seeded (baby), mature seeds, cooked, boiled, with salt",Legumes and Legume Products,128.8,8.04,0.38,23.31,,,
173804,"Lupins, mature seeds, cooked, boiled, with salt",Legumes and Legume Products,125.7,15.57,2.92,9.29,,,
173805,"Mothbeans, mature seeds, cooked, boiled, with salt",Legumes and Legume Products,120.0,7.81,0.55,20.96,,,
173806,"Peanuts, all types, dry-roasted, without salt",Legumes and Legume Products,629.4,24.35,49.66,21.26,18.80102171912636,,15.99
173807,"Peanuts, spanish, oil-roasted, without salt",Legumes and Legume Products,623.2,28.01,49.04,17.45,0.5849598689972085,,1.99
173808,"Peanuts, valencia, oil-roasted, without salt",Legumes and Legume Products,634.5,27.04,51.24,16.3,0.5849598689972085,,1.99
173809,"Peanuts, virginia, oil-roasted, without salt",Legumes and Legume Products,620.5,25.87,48.62,19.86,1.0808949768835712,,4.29
173810,"Lamb, New Zealand, imported, loin chop, separable lean only, raw","Lamb, Veal, and Game Products",141.8,19.98,6.88,0.0,,750 ml,17.99
173811,"Lamb, New Zealand, imported, frozen, loin, separable lean only, cooked, broiled","Lamb, Veal, and Game Products",191.4,29.31,8.24,0.0,,750 ml,17.99
173812,"Lamb, New Zealand, imported, rack - partly frenched, separable lean and fat, raw","Lamb, Veal, and Game Products",239.7,18.12,18.52,0.13,,750 ml,17.99
173813,"Lamb, New Zealand, imported, rack - partly frenched, separable lean and fat, cooked, fast roasted","Lamb, Veal, and Game Products",253.0,22.06,18.29,0.04,,750 ml,17.99
173814,"Lamb, New Zealand, imported, frozen, shoulder, whole (arm and blade), separable lean only, cooked, braised","Lamb, Veal, and Game Products",275.7,34.06,15.5,0.0,,750 ml,17.99
173815,"Veal, composite of trimmed retail cuts, separable lean and fat, raw","Lamb, Veal, and Game Products",138.3,19.35,6.77,0.0,,,
173816,"Veal, composite of trimmed retail cuts, separable lean and fat, cooked","Lamb, Veal, and Game Products",222.9,30.1,11.39,0.0,,,
173817,"Veal, composite of trimmed retail cuts, separable lean only, raw","Lamb, Veal, and Game Products",106.6,20.2,2.87,0.0,,,
173818,"Veal, leg (top round), separable lean and fat, cooked, braised","Lamb, Veal, and Game Products",201.6,36.16,6.33,0.0,,,
173819,"Veal, leg (top round), separable lean and fat, cooked, pan-fried, breaded","Lamb, Veal, and Game Products",231.4,27.29,9.18,9.91,,,
173820,"Veal, leg (top round), separable lean and fat, cooked, pan-fried, not breaded","Lamb, Veal, and Game Products",202.1,31.75,8.35,0.0,,,
173821,"Veal, leg (top round), separable lean and fat, cooked, roasted","Lamb, Veal, and Game Products",152.6,27.7,4.65,0.0,,,
173822,"Veal, leg (top round), separable lean only, cooked, roasted","Lamb, Veal, and Game Products",142.8,28.07,3.39,0.0,,,
173823,"Veal, loin, separable lean and fat, raw","Lamb, Veal, and Game Products",171.2,20.07,10.07,0.07,3.525191572336192,1 lb,15.99
173824,"Veal, loin, separable lean and fat, cooked, braised","Lamb, Veal, and Game Products",275.7,30.19,17.21,0.0,3.525191572336192,1 lb,15.99
173825,"Veal, loin, separable lean and fat, cooked, roasted","Lamb, Veal, and Game Products",210.1,24.8,12.32,0.0,3.525191572336192,1 lb,15.99
173826,"Veal, loin, separable lean only, raw","Lamb, Veal, and Game Products",113.5,21.85,2.9,0.0,3.525191572336192,1 lb,15.99
173827,"Veal, rib, separable lean and fat, cooked, roasted","Lamb, Veal, and Game Products",221.5,23.96,13.96,0.0,5.288889669815213,1 lb,23.99
173828,"Veal, rib, separable lean only, raw","Lamb, Veal, and Game Products",114.9,19.97,3.89,0.0,5.288889669815213,1 lb,23.99
173829,"Veal, rib, separable lean only, cooked, braised","Lamb, Veal, and Game Products",208.0,34.44,7.81,0.0,5.288889669815213,1 lb,23.99
173830,"Veal, rib, separable lean only, cooked, roasted","Lamb, Veal, and Game Products",170.0,25.76,7.44,0.0,5.288889669815213,1 lb,23.99
173831,"Veal, shoulder, whole (arm and blade), separable lean only, cooked, braised","Lamb, Veal, and Game Products",189.6,33.68,6.1,0.0,2.86380478578156,1 lb,12.99
173832,"Veal, shoulder, whole (arm and blade), separable lean only, cooked, roasted","Lamb, Veal, and Game Products",162.8,25.81,6.62,0.0,2.86380478578156,1 lb,12.99
173833,"Veal, shoulder, arm, separable lean and fat, raw","Lamb, Veal, and Game Products",126.3,19.34,5.44,0.0,2.86380478578156,1 lb,12.99
173834,"Veal, shoulder, arm, separable lean and fat, cooked, braised","Lamb, Veal, and Game Products",226.7,33.63,10.24,0.0,2.86380478578156,1 lb,12.99
173835,"Veal, shoulder, blade chop, separable lean and fat, raw","Lamb, Veal, and Game Products",143.5,18.72,7.61,0.03,2.86380478578156,1 lb,12.99
173836,"Veal, shoulder, blade, separable lean and fat, cooked, braised","Lamb, Veal, and Game Products",215.8,31.26,10.09,0.0,2.86380478578156,1 lb,12.99
173837,"Veal, shoulder, blade, separable lean and fat, cooked, roasted","Lamb, Veal, and Game Products",178.6,25.15,8.67,0.0,2.86380478578156,1 lb,12.99
173838,"Veal, shoulder, blade chop, separable lean only, raw","Lamb, Veal, and Game Products",104.3,19.6,2.88,0.0,2.86380478578156,1 lb,12.99
173839,"Veal, shoulder, blade, separable lean only, cooked, braised","Lamb, Veal, and Game Products",189.0,32.66,6.48,0.0,2.86380478578156,1 lb,12.99
173840,"Veal, sirloin, separable lean only, raw","Lamb, Veal, and Game Products",104.1,20.2,2.59,0.0,3.1427213012692015,,12.99
173841,"Veal, sirloin, separable lean only, cooked, braised","Lamb, Veal, and Game Products",194.4,33.96,6.51,0.0,3.1427213012692015,,12.99
173842,"Veal, sirloin, separable lean only, cooked, roasted","Lamb, Veal, and Game Products",161.3,26.32,6.22,0.0,3.1427213012692015,,12.99
173843,"Veal, cubed for stew (leg and shoulder), separable lean only, raw","Lamb, Veal, and Game Products",103.6,20.27,2.5,0.0,2.86380478578156,1 lb,12.99
173844,"Game meat, antelope, cooked, roasted","Lamb, Veal, and Game Products",141.8,29.45,2.67,0.0,,,
173845,"Game meat, bear, raw","Lamb, Veal, and Game Products",155.1,20.1,8.3,0.0,50.340982839472616,12 ct,9.99
173846,"Game meat, bear, cooked, simmered","Lamb, Veal, and Game Products",250.2,32.42,13.39,0.0,50.340982839472616,12 ct,9.99
173847,"Bison, ground, grass-fed, cooked","Lamb, Veal, and Game Products",179.4,25.45,8.62,0.0,2.533111392504243,1 lb,11.49
173848,"Game meat, beefalo, composite of cuts, cooked, roasted","Lamb, Veal, and Game Products",179.5,30.66,6.32,0.0,2.4228802614118043,1 lb,10.99
173849,"Veal, Australian, separable fat, raw","Lamb, Veal, and Game Products",509.2,9.91,52.17,0.0,,750 ml,8.99
173850,"Veal, Australian, rib, rib roast, separable lean and fat, raw","Lamb, Veal, and Game Products",200.9,19.6,13.1,1.15,,750 ml,8.99
173851,"Game meat, bison, separable lean only, raw","Lamb, Veal, and Game Products",103.0,21.62,1.84,0.0,2.643342523596682,,11.99
173852,"Game meat, bison, separable lean only, cooked, roasted","Lamb, Veal, and Game Products",135.5,28.44,2.42,0.0,2.643342523596682,,11.99
173853,"Game meat, caribou, raw","Lamb, Veal, and Game Products",120.8,22.63,3.36,0.0,,,
173854,"Game meat, caribou, cooked, roasted","Lamb, Veal, and Game Products",158.9,29.77,4.42,0.0,,,
173855,"Game meat, deer, raw","Lamb, Veal, and Game Products",113.6,22.96,2.42,0.0,3.131543955301639,,7.99
173856,"Bologna, pork",Sausages and Luncheon Meats,243.0,15.3,19.87,0.73,,,
173857,"Bologna, turkey",Sausages and Luncheon Meats,208.8,11.42,16.05,4.68,0.835551973680686,,3.79
173858,Chicken spread,Sausages and Luncheon Meats,246.3,18.01,17.56,4.05,2.4656499402756706,,6.99
173859,"Sausage, pork, chorizo, link or ground, raw",Sausages and Luncheon Meats,295.5,13.63,25.1,3.78,1.100106688302539,,4.99
173860,"Corned beef loaf, jellied",Sausages and Luncheon Meats,146.5,22.9,6.1,0.0,2.054708283563059,,6.99
173861,"Dutch brand loaf, chicken, pork and beef",Sausages and Luncheon Meats,269.9,12.0,22.91,3.93,,,
173862,"Frankfurter, beef, unheated",Sausages and Luncheon Meats,311.5,11.69,28.1,2.97,1.760758600649889,,5.99
173863,"Ham, sliced, pre-packaged, deli meat (96%fat free, water added)",Sausages and Luncheon Meats,106.6,16.85,4.04,0.7,3.0820624253445885,,6.99
173864,"Ham, sliced, regular (approximately 11% fat)",Sausages and Luncheon Meats,160.1,16.6,8.8,3.63,3.0820624253445885,,6.99
173865,"Ham, minced",Sausages and Luncheon Meats,258.6,16.28,20.68,1.84,1.8474737571092743,,4.19
173866,Ham salad spread,Sausages and Luncheon Meats,217.0,8.68,15.53,10.64,2.054708283563059,,6.99
173867,"Knackwurst, knockwurst, pork, beef",Sausages and Luncheon Meats,306.5,11.1,27.7,3.2,3.5223570575366723,,6.99
173868,"Lebanon bologna, beef",Sausages and Luncheon Meats,171.8,19.03,10.44,0.44,2.202417999226927,1 lb,9.99
173869,"Liver cheese, pork",Sausages and Luncheon Meats,299.6,15.2,25.6,2.1,4.806077315630331,,11.99
173870,"Liver sausage, liverwurst, pork",Sausages and Luncheon Meats,321.7,14.1,28.5,2.2,0.7253208425882472,,3.29
173871,"Sausage, turkey, fresh, cooked",Sausages and Luncheon Meats,189.5,23.89,10.44,0.0,0.8927025754932273,,3.29
173872,"Bologna, chicken, pork, beef",Sausages and Luncheon Meats,272.3,11.33,22.73,5.61,,8 ct,6.49
173873,"Bologna, chicken, pork",Sausages and Luncheon Meats,333.5,10.31,30.61,4.19,,8 ct,6.49
173874,"Chicken breast, deli, rotisserie seasoned, sliced, prepackaged",Sausages and Luncheon Meats,98.0,17.4,1.86,2.92,2.643342523596682,1 lb,11.99
173875,"Frankfurter, meat and poultry, unheated",Sausages and Luncheon Meats,276.6,9.72,24.18,5.02,1.466808917736719,5 ct,4.99
173876,"Pork sausage, link/patty, fully cooked, unheated",Sausages and Luncheon Meats,391.8,13.46,37.25,0.69,1.3492290445714508,,4.59
173877,"Kielbasa, fully cooked, grilled",Sausages and Luncheon Meats,337.0,12.45,29.68,5.03,1.43447445261627,,5.49
173878,"Kielbasa, fully cooked, pan-fried",Sausages and Luncheon Meats,333.4,12.36,29.43,4.78,1.43447445261627,,5.49
173879,"Kielbasa, fully cooked, unheated",Sausages and Luncheon Meats,324.9,10.84,29.63,3.72,1.43447445261627,,5.49
173880,"Sausage, chicken or turkey, Italian style,  lower sodium",Sausages and Luncheon Meats,182.9,21.43,4.46,14.25,0.8927025754932273,,3.29
173881,"Ham, smoked, extra lean, low sodium",Sausages and Luncheon Meats,141.3,18.52,2.71,10.7,1.5388265900504454,,3.49
173882,"Pork sausage, reduced sodium, cooked",Sausages and Luncheon Meats,271.3,9.41,22.35,8.13,,,
173883,"Sausage, pork, turkey, and beef, reduced sodium",Sausages and Luncheon Meats,284.4,10.71,26.79,0.11,1.100106688302539,,4.99
173884,"Cereals ready-to-eat, GENERAL MILLS, CHEERIOS",Breakfast Cereals,401.8,12.4,6.6,73.2,1.5948654590878666,,5.29
173885,"Cereals ready-to-eat, POST, COCOA PEBBLES",Breakfast Cereals,398.9,4.8,4.1,85.7,,,
173886,"Cereals ready-to-eat, QUAKER, QUAKER CRUNCHY BRAN",Breakfast Cereals,396.7,6.37,4.06,83.68,0.9898755572101003,,4.49
173887,"Cereals ready-to-eat, RALSTON CRISP RICE",Breakfast Cereals,383.0,6.69,1.26,86.22,0.6305220698487499,,4.29
173888,"Cereals ready-to-eat, POST Bran Flakes",Breakfast Cereals,380.5,9.9,2.1,80.5,,16.6 ounces,3.99
173889,"Cereals ready-to-eat, POST, Honeycomb Cereal",Breakfast Cereals,396.9,6.01,2.93,86.63,1.1489233320720476,,3.99
173890,"Cereals ready-to-eat, QUAKER, KING VITAMAN",Breakfast Cereals,392.0,6.41,3.44,83.85,0.9898755572101003,,4.49
173891,"Cereals ready-to-eat, QUAKER, QUAKER OAT LIFE, plain",Breakfast Cereals,390.8,9.98,4.43,77.74,0.9898755572101003,,4.49
173892,"Cereals ready-to-eat, QUAKER, 100% Natural Granola, Oats, Wheat and Honey",Breakfast Cereals,441.4,10.55,11.62,73.65,0.9898755572101003,,4.49
173893,"Cereals ready-to-eat, RALSTON TASTEEOS",Breakfast Cereals,394.9,10.71,5.36,75.96,,,
173894,"Cereals ready-to-eat, POST, Honey Nut Shredded Wheat",Breakfast Cereals,394.5,8.5,2.9,83.6,0.8805892643841681,,6.99
173895,"Cereals ready-to-eat, MALT-O-MEAL, CORN BURSTS",Breakfast Cereals,378.8,3.32,0.35,90.59,,,
173896,"Cereals ready-to-eat, wheat germ, toasted, plain",Breakfast Cereals,411.1,29.1,10.7,49.6,,,
173897,"Cereals, QUAKER, corn grits, instant, plain, prepared (microwaved or boiling water added), without salt",Breakfast Cereals,74.5,1.58,0.49,15.95,1.0230912615251746,,6.99
173898,"Cereals, QUAKER, corn grits, instant, cheddar cheese flavor, dry",Breakfast Cereals,376.9,8.98,5.46,72.96,1.0230912615251746,,6.99
173899,"Cereals, QUAKER, Instant Grits, Country Bacon flavor, dry",Breakfast Cereals,356.8,9.93,1.73,75.39,1.0230912615251746,,6.99
173900,"Cereals, CREAM OF RICE, dry",Breakfast Cereals,359.3,6.3,0.5,82.4,1.1564820382041006,,4.59
173901,"Cereals, CREAM OF WHEAT, regular, 10 minute cooking, dry",Breakfast Cereals,361.5,10.5,1.5,76.5,0.8994860297143006,,4.59
173902,"Cereals, CREAM OF WHEAT, instant, prepared with water, without salt",Breakfast Cereals,61.8,1.84,0.24,13.08,0.8994860297143006,,4.59
173903,"Cereals, MALT-O-MEAL, original, plain, dry",Breakfast Cereals,362.5,11.8,0.7,77.25,,30 ounces,5.99
173904,"Cereals, oats, regular and quick, not fortified, dry",Breakfast Cereals,382.1,13.15,6.52,67.7,,18 ounces,5.79
173905,"Cereals, oats, regular and quick, unenriched, cooked with water (includes boiling and microwaving), without salt",Breakfast Cereals,71.8,2.54,1.52,12.0,,18 ounces,5.79
173906,"Cereals, oats, instant, fortified, with cinnamon and spice, prepared with water",Breakfast Cereals,96.2,2.37,1.21,18.95,,18 ounces,5.79
173907,"Cereals, QUAKER, Instant Oatmeal, maple and brown sugar, dry",Breakfast Cereals,386.1,9.2,4.63,76.91,1.0230912615251746,,6.99
173908,"Cereals, oats, instant, fortified, with raisins and spice, prepared with water",Breakfast Cereals,88.1,1.98,0.95,17.91,,18 ounces,5.79
173909,"Cereals ready-to-eat, MALT-O-MEAL, MARSHMALLOW MATEYS",Breakfast Cereals,390.6,6.94,3.53,82.77,,15 ounces,4.29
173910,"Cereals ready-to-eat, POST, Shredded Wheat, original big biscuit",Breakfast Cereals,379.4,11.37,2.01,78.96,1.1489233320720476,,3.99
173911,"Cereals ready-to-eat, POST, Shredded Wheat, original spoon-size",Breakfast Cereals,391.7,11.8,2.1,81.4,0.8805892643841681,,6.99
173912,"Cereals ready-to-eat, rice, puffed, fortified",Breakfast Cereals,388.9,6.3,0.5,89.8,,,
173913,"Cereals ready-to-eat, wheat, puffed, fortified",Breakfast Cereals,388.0,14.7,1.2,79.6,1.9596645527544674,,7.0
173914,"Cereals, CREAM OF RICE, cooked with water, with salt",Breakfast Cereals,50.5,0.9,0.1,11.5,1.1564820382041006,,4.59
173915,"Cereals, CREAM OF WHEAT, regular (10 minute), cooked with water, with salt",Breakfast Cereals,50.4,1.46,0.21,10.66,0.8994860297143006,,4.59
173916,"Cereals, farina, unenriched, dry",Breakfast Cereals,358.9,10.6,0.5,78.0,,,
173917,"Cereals, farina, enriched, cooked with water, with salt",Breakfast Cereals,54.0,1.82,0.34,10.92,,,
173918,"Cereals ready-to-eat, POST, Shredded Wheat, lightly frosted, spoon-size",Breakfast Cereals,383.5,7.8,1.9,83.8,,,
173919,"Cereals ready-to-eat, POST SELECTS Blueberry Morning",Breakfast Cereals,400.1,6.5,5.3,81.6,,,
173920,"Cereals, oats, instant, fortified, maple and brown sugar, dry",Breakfast Cereals,386.2,9.25,4.73,76.67,,18 ounces,5.79
173921,"Cereals ready-to-eat, QUAKER WHOLE HEARTS oat cereal",Breakfast Cereals,401.4,7.63,5.61,80.1,1.0230912615251746,,6.99
173922,"Cereals, QUAKER, Weight Control Instant Oatmeal, maple and brown sugar",Breakfast Cereals,378.3,16.37,6.2,64.25,1.0230912615251746,,6.99
173923,"Cereals, QUAKER, Weight Control Instant Oatmeal, banana bread",Breakfast Cereals,379.1,16.5,6.16,64.42,1.0230912615251746,,6.99
173924,"Cereals, QUAKER, oatmeal, REAL MEDLEYS, peach almond, dry",Breakfast Cereals,403.4,10.1,9.84,68.61,1.0230912615251746,,6.99
173925,"Cereals, QUAKER, oatmeal, REAL MEDLEYS, cherry pistachio, dry",Breakfast Cereals,414.2,12.02,11.02,66.73,1.0230912615251746,,6.99
173926,"Cereals, QUAKER, Instant Oatmeal, weight control, cinnamon",Breakfast Cereals,379.4,16.5,6.28,64.21,1.0230912615251746,,6.99
173927,"Cereals ready-to-eat, MOM'S BEST, Sweetened WHEAT-FULS",Breakfast Cereals,372.8,8.18,1.83,80.91,,11.5 ounces,3.99
173928,"Apples, raw, without skin, cooked, boiled",Fruits and Fruit Juices,58.8,0.26,0.36,13.64,0.659182163932784,,2.99
173929,"Apples, raw, without skin, cooked, microwave",Fruits and Fruit Juices,62.5,0.28,0.42,14.41,0.659182163932784,,2.99
173930,"Apples, canned, sweetened, sliced, drained, heated",Fruits and Fruit Juices,72.0,0.18,0.43,16.84,0.4354509785499927,,1.79
173931,"Apples, dehydrated (low moisture), sulfured, uncooked",Fruits and Fruit Juices,384.6,1.32,0.58,93.53,7.564305173632244,,5.79
173932,"Apples, frozen, unsweetened, heated (Includes foods for USDA's Food Distribution Program)",Fruits and Fruit Juices,52.1,0.29,0.33,12.0,0.7508314757839258,,1.49
173933,"Apple juice, canned or bottled, unsweetened, without added ascorbic acid",Fruits and Fruit Juices,46.8,0.1,0.13,11.3,2.4206756387899557,6 bottles,5.49
173934,"Apple juice, frozen concentrate, unsweetened, undiluted, without added ascorbic acid",Fruits and Fruit Juices,169.4,0.51,0.37,41.0,0.5849598689972085,,1.99
173935,"Apple juice, frozen concentrate, unsweetened, diluted with 3 volume water without added ascorbic acid",Fruits and Fruit Juices,47.6,0.14,0.1,11.54,0.5849598689972085,,1.99
173936,"Apricots, canned, water pack, without skin, solids and liquids",Fruits and Fruit Juices,25.0,0.69,0.03,5.48,0.5065572240628269,,2.19
173937,"Apricots, canned, juice pack, with skin, solids and liquids",Fruits and Fruit Juices,52.2,0.63,0.04,12.34,0.5065572240628269,,2.19
173938,"Apricots, canned, extra light syrup pack, with skin, solids and liquids (Includes foods for USDA's Food Distribution Program)",Fruits and Fruit Juices,53.3,0.6,0.1,12.5,0.24660557469175684,,0.79
173939,"Apricots, canned, light syrup pack, with skin, solids and liquids",Fruits and Fruit Juices,68.5,0.53,0.05,16.49,0.5065572240628269,,2.19
173940,"Apricots, dehydrated (low-moisture), sulfured, stewed",Fruits and Fruit Juices,140.4,1.93,0.24,32.62,1.9819557370420493,,8.99
173941,"Apricots, dried, sulfured, uncooked",Fruits and Fruit Juices,268.7,3.39,0.51,62.64,2.8160379623081697,,4.79
173942,"Apricots, dried, sulfured, stewed, without added sugar",Fruits and Fruit Juices,95.0,1.2,0.18,22.15,2.8160379623081697,,4.79
173943,"Apricots, dried, sulfured, stewed, with added sugar",Fruits and Fruit Juices,123.1,1.17,0.15,29.26,2.8160379623081697,,4.79
173944,"Bananas, raw",Fruits and Fruit Juices,98.7,1.09,0.33,22.84,0.6602844752437084,2 lb,5.99
173945,"Bananas, dehydrated, or banana powder",Fruits and Fruit Juices,385.0,3.89,1.81,88.28,17.60758600649889,,5.99
173946,"Blackberries, raw",Fruits and Fruit Juices,48.4,1.39,0.49,9.61,2.14289318843701,,7.29
173947,"Blackberry juice, canned",Fruits and Fruit Juices,37.8,0.3,0.6,7.8,0.2088879934201715,,3.79
173948,"Blueberries, canned, heavy syrup, solids and liquids",Fruits and Fruit Juices,93.8,0.65,0.33,22.06,0.5687926364369842,,1.29
173949,"Blueberries, wild, frozen (Includes foods for USDA's Food Distribution Program)",Fruits and Fruit Juices,56.8,0.0,0.16,13.85,,10 ct,9.99
173950,"Blueberries, frozen, unsweetened (Includes foods for USDA's Food Distribution Program)",Fruits and Fruit Juices,56.1,0.42,0.64,12.17,0.7341393330756424,,9.99
173951,"Blueberries, frozen, sweetened",Fruits and Fruit Juices,90.6,0.4,0.13,21.95,0.7341393330756424,,9.99
173952,"Carissa, (natal-plum), raw",Fruits and Fruit Juices,68.2,0.5,1.3,13.63,,,
173953,"Cherimoya, raw",Fruits and Fruit Juices,83.2,1.57,0.68,17.71,,,
173954,"Cherries, sour, red, raw",Fruits and Fruit Juices,55.4,1.0,0.3,12.18,,30 ct,17.99
173955,"Cherries, sour, red, canned, water pack, solids and liquids",Fruits and Fruit Juices,39.7,0.77,0.1,8.94,,30 ct,17.99
173956,"Cherries, sour, red, canned, light syrup pack, solids and liquids",Fruits and Fruit Juices,81.1,0.74,0.1,19.3,,30 ct,17.99
173957,"Cherries, sweet, canned, water pack, solids and liquids",Fruits and Fruit Juices,51.3,0.77,0.13,11.76,0.7694132950252227,,3.49
173958,"Cherries, sweet, canned, juice pack, solids and liquids",Fruits and Fruit Juices,59.1,0.91,0.02,13.81,0.7694132950252227,,3.49
173959,"Cherries, sweet, canned, light syrup pack, solids and liquids",Fruits and Fruit Juices,73.0,0.61,0.15,17.29,0.7694132950252227,,3.49
173960,"Cherries, sweet, canned, pitted, heavy syrup pack, solids and liquids",Fruits and Fruit Juices,88.8,0.6,0.15,21.27,0.7694132950252227,,3.49
173961,"Cranberry sauce, canned, sweetened",Fruits and Fruit Juices,166.5,0.9,0.15,40.4,0.7533510444946102,,2.99
173962,"Cranberry-orange relish, canned",Fruits and Fruit Juices,186.9,0.3,0.1,46.2,,,
173963,"Currants, european black, raw",Fruits and Fruit Juices,70.8,1.4,0.41,15.38,1.067839029928207,,9.99
173964,"Currants, red and white, raw",Fruits and Fruit Juices,62.6,1.4,0.2,13.8,1.3368831578890976,,3.79
173965,"Beef, Australian, imported, grass-fed, loin, tenderloin steak/roast, boneless, separable lean only, raw",Beef Products,138.4,20.85,6.11,0.0,,750 ml,8.99
173966,"Beef, Australian, imported, Wagyu, loin, tenderloin steak/roast, boneless, separable lean only, Aust. marble score 4/5, raw",Beef Products,191.5,20.19,12.3,0.0,,750 ml,8.99
173967,"Beef, Australian, imported, Wagyu, external fat, Aust. marble score 9, raw",Beef Products,638.7,5.54,68.07,0.97,,750 ml,8.99
173968,"Beef, Australian, imported, Wagyu, seam fat, Aust. marble score 9, raw",Beef Products,626.6,5.16,67.33,0.0,,,
173969,"Beef, Australian, imported, grass-fed, loin, tenderloin steak/roast, boneless, separable lean and fat, raw",Beef Products,150.8,20.53,7.63,0.01,,750 ml,8.99
173970,"Beef, Australian, imported, grass-fed, loin, top loin steak/roast, boneless, separable lean only, raw",Beef Products,131.0,21.79,4.87,0.0,,750 ml,8.99
173971,"Beef, Australian, imported, grass-fed, round, bottom round steak/roast, boneless, separable lean only, raw",Beef Products,130.0,21.4,4.93,0.0,,750 ml,8.99
173972,"Beef, Australian, imported, grass-fed, round, top round cap-off steak/roast, boneless, separable lean only, raw",Beef Products,129.5,22.41,4.43,0.0,,750 ml,8.99
173973,"Beef, Australian, imported, Wagyu, loin, tenderloin steak/roast, boneless, separable lean only, Aust. marble score 9, raw",Beef Products,237.3,18.87,17.73,0.57,,750 ml,8.99
173974,"Beef, Australian, imported, Wagyu, loin, top loin steak/roast, boneless, separable lean only, Aust. marble score 4/5, raw",Beef Products,222.6,20.15,15.69,0.2,,750 ml,8.99
173975,"Beef, Australian, imported, grass-fed, rib, ribeye steak/roast lip-on, boneless, separable lean and fat, raw",Beef Products,216.5,19.8,15.21,0.11,,750 ml,8.99
173976,"Beef, Australian, imported, grass-fed, round, bottom round steak/roast, boneless, separable lean and fat, raw",Beef Products,140.0,21.13,6.16,0.01,,750 ml,8.99
173977,"Beef, Australian, imported, grass-fed, round, top round cap-off steak/roast, boneless, separable lean and fat, raw",Beef Products,128.6,22.24,4.4,0.0,,750 ml,8.99
173978,"Beef, Australian, imported, Wagyu, loin, top loin steak/roast, boneless, separable lean and fat, Aust. marble score 4/5, raw",Beef Products,289.0,17.67,24.2,0.12,,750 ml,8.99
173979,"Beef, Australian, imported, Wagyu, loin, top loin steak/roast, separable lean and fat, Aust. marble score 9, raw",Beef Products,391.7,14.58,36.98,0.14,,750 ml,8.99
173980,"Beef, round, top round steak, boneless, separable lean and fat, trimmed to 0"" fat, choice, raw",Beef Products,126.9,23.49,3.66,0.0,2.643342523596682,1 lb,11.99
173981,"Beef, round, top round steak, boneless, separable lean and fat, trimmed to 0"" fat, select, raw",Beef Products,119.6,23.49,2.85,0.0,2.643342523596682,1 lb,11.99
173982,"Beef, round, top round roast, boneless, separable lean and fat, trimmed to 0"" fat, all grades, raw",Beef Products,125.3,23.45,3.5,0.0,2.643342523596682,1 lb,11.99
173983,"Beef, round, top round roast, boneless, separable lean and fat, trimmed to 0"" fat, choice, raw",Beef Products,128.1,23.46,3.81,0.0,2.643342523596682,1 lb,11.99
173984,"Beef, round, eye of round steak, boneless, separable lean and fat, trimmed to 0"" fat, all grades, raw",Beef Products,124.4,23.26,3.48,0.0,2.643342523596682,1 lb,11.99
173985,"Beef, round, eye of round steak, boneless separable lean and fat, trimmed to 0"" fat, choice, raw",Beef Products,127.4,23.24,3.83,0.0,2.643342523596682,1 lb,11.99
173986,"Beef, round, eye of round steak, boneless, separable lean and fat, trimmed to 0"" fat, select, raw",Beef Products,119.8,23.3,2.95,0.0,2.643342523596682,1 lb,11.99
173987,"Beef, loin, tenderloin roast, boneless, separable lean and fat, trimmed to 0"" fat, all grades, raw",Beef Products,149.0,21.67,6.93,0.0,1.5321168690274276,,9.99
173988,"Beef, loin, tenderloin steak, boneless, separable lean and fat, trimmed to 0"" fat, all grades, raw",Beef Products,146.9,21.72,6.67,0.0,1.5321168690274276,,9.99
173989,"Beef, loin, tenderloin steak, boneless, separable lean and fat, trimmed to 0"" fat, choice, raw",Beef Products,150.2,21.57,7.1,0.0,1.5321168690274276,,9.99
173990,"Beef, loin, tenderloin steak, boneless, separable lean and fat, trimmed to 0"" fat, select, raw",Beef Products,142.0,21.95,6.02,0.0,1.5321168690274276,,9.99
173991,"Beef, loin, tenderloin roast, boneless, separable lean and fat, trimmed to 0"" fat, all grades, cooked, roasted",Beef Products,182.5,27.31,8.14,0.0,1.5321168690274276,,9.99
173992,"Beef, round, top round roast, boneless, separable lean and fat, trimmed to 0"" fat, select, cooked, roasted",Beef Products,157.4,30.97,3.72,0.0,2.643342523596682,1 lb,11.99
173993,"Beef, round, eye of round steak, boneless, separable lean and fat, trimmed to 0"" fat, all grades, cooked, grilled",Beef Products,158.9,29.66,4.47,0.0,2.643342523596682,1 lb,11.99
173994,"Beef, round, eye of round steak, boneless, separable lean and fat, trimmed to 0"" fat, choice, cooked, grilled",Beef Products,162.6,29.79,4.83,0.0,2.643342523596682,1 lb,11.99
173995,"Beef, round, eye of round steak, boneless, separable lean and fat, trimmed to 0"" fat, select, cooked, grilled",Beef Products,153.7,29.47,3.98,0.0,2.643342523596682,1 lb,11.99
173996,"Beef, round, top round roast, boneless, separable lean only, trimmed to 0"" fat, choice, raw",Beef Products,123.7,23.59,3.26,0.0,2.643342523596682,1 lb,11.99
173997,"Beef, round, top round roast, boneless, separable lean only, trimmed to 0"" fat, select, raw",Beef Products,116.4,23.59,2.45,0.0,2.643342523596682,1 lb,11.99
173998,"Beef, round, eye of round roast, boneless, separable lean only, trimmed to 0"" fat, all grades, raw",Beef Products,120.8,23.37,3.04,0.0,2.643342523596682,1 lb,11.99
173999,"Beef, round, eye of round roast, boneless, separable lean only, trimmed to 0"" fat, choice, raw",Beef Products,123.8,23.35,3.38,0.0,2.643342523596682,1 lb,11.99
174000,"Beef, loin, tenderloin roast, boneless, separable lean only, trimmed to 0"" fat, choice, raw",Beef Products,142.6,21.78,6.16,0.0,1.5321168690274276,,9.99
174001,"Beef, loin, tenderloin roast, boneless, separable lean only, trimmed to 0"" fat, select, raw",Beef Products,134.5,22.16,5.1,0.0,1.5321168690274276,,9.99
174002,"Beef, loin, top loin steak, boneless, lip off, separable lean only, trimmed to 0"" fat, all grades, raw",Beef Products,143.3,23.07,5.67,0.0,1.5321168690274276,,9.99
174003,"Beef, loin, top loin steak, boneless, lip off, separable lean only, trimmed to 0"" fat, choice, raw",Beef Products,148.8,22.93,6.34,0.0,1.5321168690274276,,9.99
174004,"Beef, loin, tenderloin roast, boneless, separable lean only, trimmed to 0"" fat, all grades, cooked, roasted",Beef Products,177.4,27.51,7.49,0.0,1.5321168690274276,,9.99
174005,"Beef, loin, tenderloin roast, boneless, separable lean only, trimmed to 0"" fat, choice, cooked, roasted",Beef Products,183.1,27.48,8.13,0.0,1.5321168690274276,,9.99
174006,"Beef, loin, tenderloin roast, separable lean only, boneless, trimmed to 0"" fat, select, cooked, roasted",Beef Products,169.1,27.55,6.54,0.0,1.5321168690274276,,9.99
174007,"Beef, round, top round roast, boneless, separable lean only, trimmed to 0"" fat, all grades, cooked, roasted",Beef Products,154.3,30.09,3.77,0.0,2.643342523596682,1 lb,11.99
174008,"Beef, round, eye of round steak, boneless, separable lean only, trimmed to 0"" fat, select, cooked, grilled",Beef Products,149.0,29.52,3.43,0.0,2.643342523596682,1 lb,11.99
174009,"Beef, loin, top loin steak, boneless, lip-on, separable lean only, trimmed to 1/8"" fat, select, raw",Beef Products,135.1,23.3,4.66,0.0,1.5321168690274276,,9.99
174010,"Beef, loin, top loin steak, boneless, lip-on, separable lean only, trimmed to 1/8"" fat, choice, raw",Beef Products,148.8,22.93,6.34,0.0,1.5321168690274276,,9.99
174011,"Beef, loin, top loin steak, boneless, lip-on, separable lean only, trimmed to 1/8"" fat, all grades, raw",Beef Products,143.3,23.07,5.67,0.0,1.5321168690274276,,9.99
174012,"Beef, composite of trimmed retail cuts, separable lean only, trimmed to 1/8"" fat, choice, raw",Beef Products,142.5,22.01,6.05,0.0,,,
174013,"Beef composite, separable lean only, trimmed to 1/8"" fat, choice, cooked",Beef Products,197.4,28.73,9.16,0.0,,,
174014,"Beef, composite of trimmed retail cuts, separable lean and fat, trimmed to 0"" fat, choice, raw",Beef Products,176.1,21.34,10.08,0.0,,,
174015,"Beef, composite of trimmed retail cuts, separable lean only, trimmed to 0"" fat, choice, raw",Beef Products,151.4,21.55,7.24,0.0,,,
174016,"Beef, chuck, mock tender steak, separable lean only, trimmed to 0"" fat, all grades, cooked, broiled",Beef Products,152.4,25.9,5.42,0.0,2.86380478578156,1 lb,12.99
174017,"Beef, chuck, top blade, separable lean only, trimmed to 0"" fat, all grades, cooked, broiled",Beef Products,196.0,26.13,10.16,0.0,2.86380478578156,1 lb,12.99
174018,"Beef, chuck, clod roast, separable lean only, trimmed to 1/4"" fat, all grades, raw",Beef Products,123.7,19.63,5.02,0.0,2.86380478578156,1 lb,12.99
174019,"Beef, chuck, clod roast, separable lean only, trimmed to 0"" fat, all grades, cooked, roasted",Beef Products,164.3,26.82,6.34,0.0,2.86380478578156,1 lb,12.99
174020,"Beef, chuck, mock tender steak, separable lean and fat, trimmed to 0"" fat, USDA select, cooked, broiled",Beef Products,151.5,26.08,5.24,0.0,2.86380478578156,1 lb,12.99
174021,"Beef, chuck, top blade, separable lean and fat, trimmed to 0"" fat, choice, cooked, broiled",Beef Products,219.4,25.77,12.93,0.0,2.86380478578156,1 lb,12.99
174022,"Beef, chuck, top blade, separable lean and fat, trimmed to 0"" fat, select, cooked, broiled",Beef Products,192.6,25.67,9.99,0.0,2.86380478578156,1 lb,12.99
174023,"Beef, chuck, clod roast, separable lean and fat, trimmed to 0"" fat, choice, cooked, roasted",Beef Products,208.8,24.61,12.26,0.0,2.86380478578156,1 lb,12.99
174024,"Beef, loin, bottom sirloin butt, tri-tip steak, separable lean and fat, trimmed to 0"" fat, all grades, cooked, broiled",Beef Products,256.5,29.97,15.18,0.0,1.5321168690274276,,9.99
174025,"Beef, chuck, mock tender steak, separable lean and fat, trimmed to 0"" fat, all grades, cooked, broiled",Beef Products,153.2,25.87,5.52,0.0,2.86380478578156,1 lb,12.99
174026,"Beef, chuck, top blade, separable lean and fat, trimmed to 0"" fat, all grades, cooked, broiled",Beef Products,208.5,25.73,11.73,0.0,2.86380478578156,1 lb,12.99
174027,"Beef, chuck, clod roast, separable lean and fat, trimmed to 0"" fat, all grades, cooked, roasted",Beef Products,200.4,25.7,10.84,0.0,2.86380478578156,1 lb,12.99
174028,"Beef, ground, 95% lean meat / 5% fat, crumbles, cooked, pan-browned",Beef Products,184.9,29.17,7.58,0.0,2.092186868134488,1 lb,9.49
174029,"Beef, ground, 95% lean meat / 5% fat, loaf, cooked, baked",Beef Products,166.6,27.31,6.37,0.0,2.092186868134488,1 lb,9.49
174030,"Beef, ground, 90% lean meat / 10% fat, raw",Beef Products,170.0,20.0,10.0,0.0,2.092186868134488,1 lb,9.49
174031,"Beef, ground, 90% lean meat / 10% fat, patty, cooked, broiled",Beef Products,210.2,26.11,11.75,0.0,2.092186868134488,1 lb,9.49
174032,"Beef, ground, 85% lean meat / 15% fat, patty, cooked, broiled",Beef Products,242.4,25.93,15.41,0.0,2.092186868134488,1 lb,9.49
174033,"Beef, ground, 85% lean meat / 15% fat, patty, cooked, pan-broiled",Beef Products,224.7,24.62,14.02,0.0,2.092186868134488,1 lb,9.49
174034,"Beef, ground, 85% lean meat / 15% fat, crumbles, cooked, pan-browned",Beef Products,248.6,27.73,15.3,0.0,2.092186868134488,1 lb,9.49
174035,"Beef, ground, 85% lean meat / 15% fat, loaf, cooked, baked",Beef Products,233.0,25.93,14.36,0.0,2.092186868134488,1 lb,9.49
174036,"Beef, ground, 80% lean meat / 20% fat, raw",Beef Products,248.7,17.17,20.0,0.0,2.092186868134488,1 lb,9.49
174037,"Beef, ground, 75% lean meat / 25% fat, raw",Beef Products,288.0,15.76,25.0,0.0,2.092186868134488,1 lb,9.49
174038,"Beef, ground, 75% lean meat / 25% fat, patty, cooked, broiled",Beef Products,272.1,25.56,18.87,0.0,2.092186868134488,1 lb,9.49
174039,"Beef, ground, 75% lean meat / 25% fat, patty, cooked, pan-broiled",Beef Products,241.8,23.45,16.44,0.0,2.092186868134488,1 lb,9.49
174040,"Beef, ground, 75% lean meat / 25% fat, crumbles, cooked, pan-browned",Beef Products,269.0,26.28,18.21,0.0,2.092186868134488,1 lb,9.49
174041,"Beef, short loin, top loin, steak, separable lean only, trimmed to 1/8"" fat, select, raw",Beef Products,127.2,23.07,3.88,0.0,,,
174042,"Beef, rib, small end (ribs 10-12), separable lean only, trimmed to 1/8"" fat, select, cooked, broiled",Beef Products,179.5,30.87,6.22,0.0,1.9819557370420493,1 lb,8.99
174043,"Beef, tenderloin, steak, separable lean only, trimmed to 1/8"" fat, select, cooked, broiled",Beef Products,186.1,29.07,7.76,0.0,4.115295560784381,,7.0
174044,"Beef, top sirloin, steak, separable lean only, trimmed to 1/8"" fat, select, cooked, broiled",Beef Products,162.0,29.34,4.96,0.0,4.404835998453854,,9.99
174045,"Beef, round, bottom round, steak, separable lean only, trimmed to 1/8"" fat, select, cooked, braised",Beef Products,195.7,34.46,6.43,0.0,2.643342523596682,1 lb,11.99
174046,"Beef, round, bottom round, roast, separable lean only, trimmed to 1/8"" fat, all grades, raw",Beef Products,127.6,22.19,4.31,0.0,2.643342523596682,1 lb,11.99
174047,"Beef, brisket, flat half, separable lean only, trimmed to 1/8"" fat, all grades, cooked, braised",Beef Products,186.6,33.15,6.0,0.0,1.5410312126722943,1 lb,6.99
174048,"Beef, brisket, flat half, separable lean only, trimmed to 1/8"" fat, all grades, raw",Beef Products,120.8,21.57,3.84,0.0,1.5410312126722943,1 lb,6.99
174049,"Beef, round, eye of round, roast, separable lean only, trimmed to 1/8"" fat, all grades, raw",Beef Products,117.4,22.6,3.0,0.0,2.643342523596682,1 lb,11.99
174050,"Beef, chuck, arm pot roast, separable lean only, trimmed to 1/8"" fat, all grades, cooked, braised",Beef Products,204.9,34.66,7.36,0.0,2.86380478578156,1 lb,12.99
174051,"Beef, chuck, arm pot roast, separable lean only, trimmed to 1/8"" fat, all grades, raw",Beef Products,126.2,22.11,4.19,0.0,2.86380478578156,1 lb,12.99
174052,"Beef, round, bottom round, roast, separable lean only, trimmed to 1/8"" fat, all grades, cooked",Beef Products,163.5,28.0,5.72,0.0,2.643342523596682,1 lb,11.99
174053,"Beef, round, bottom round, steak, separable lean only, trimmed to 1/8"" fat, all grades, cooked, braised",Beef Products,206.9,34.34,7.73,0.0,2.643342523596682,1 lb,11.99
174054,"Beef, top sirloin, steak, separable lean only, trimmed to 1/8"" fat, all grades, cooked, broiled",Beef Products,170.2,29.42,5.84,0.0,4.404835998453854,,9.99
174055,"Beef, top sirloin, steak, separable lean only, trimmed to 1/8"" fat, all grades, raw",Beef Products,125.1,22.09,4.08,0.0,4.404835998453854,,9.99
174056,"Beef, chuck, arm pot roast, separable lean only, trimmed to 1/8"" fat, choice, raw",Beef Products,133.3,21.96,5.05,0.0,2.86380478578156,1 lb,12.99
174057,"Beef, brisket, flat half, separable lean only, trimmed to 1/8"" fat, choice, raw",Beef Products,123.3,21.69,4.06,0.0,1.5410312126722943,1 lb,6.99
174058,"Beef, round, bottom round, roast, separable lean only, trimmed to 1/8"" fat, choice, raw",Beef Products,133.5,22.22,4.96,0.0,2.643342523596682,1 lb,11.99
174059,"Beef, round, bottom round, roast, separable lean only, trimmed to 1/8"" fat, choice, cooked, roasted",Beef Products,171.2,27.56,6.77,0.0,2.643342523596682,1 lb,11.99
174060,"Beef, round, eye of round, roast, separable lean only, trimmed to 1/8"" fat, choice, cooked, roasted",Beef Products,167.2,29.87,5.3,0.0,2.643342523596682,1 lb,11.99
174061,"Beef, round, top round, steak, separable lean only, trimmed to 1/8"" fat, choice, cooked, broiled",Beef Products,184.4,32.04,6.25,0.0,2.643342523596682,1 lb,11.99
174062,"Soup, clam chowder, new england, canned, ready-to-serve","Soups, Sauces, and Gravies",79.0,2.61,3.94,8.28,0.531969480212591,,2.79
174063,"Soup, clam chowder, new england, reduced sodium, canned, ready-to-serve","Soups, Sauces, and Gravies",70.1,2.33,4.23,5.68,0.531969480212591,,2.79
174064,"Soup, chicken noodle, reduced sodium, canned, ready-to-serve","Soups, Sauces, and Gravies",40.6,3.29,1.34,3.84,0.6685255645682382,,1.99
174065,"Soup, beef and vegetables, reduced sodium, canned, ready-to-serve","Soups, Sauces, and Gravies",41.6,3.26,0.95,4.99,0.5610060969640714,,2.99
174066,"Sauce, sweet and sour, ready-to-serve","Soups, Sauces, and Gravies",154.1,0.27,0.02,38.22,0.7019518427966501,,1.99
174067,"Sauce, cocktail, ready-to-serve","Soups, Sauces, and Gravies",127.8,1.36,1.05,28.22,0.5849598689972085,,1.99
174068,"Dip, salsa con queso, cheese and salsa- medium","Soups, Sauces, and Gravies",142.7,3.14,9.51,11.14,1.4718862304415825,,4.59
174069,"Dip, TOSTITOS, salsa con queso, medium","Soups, Sauces, and Gravies",132.9,2.92,8.26,11.72,1.1355940008284275,,4.99
174070,"Sauce, peanut, made from peanut butter, water, soy sauce","Soups, Sauces, and Gravies",257.5,6.31,16.02,22.02,1.4692371977260017,,4.79
174071,"Soup, chunky vegetable, reduced sodium, canned, ready-to-serve","Soups, Sauces, and Gravies",50.3,1.16,0.51,10.28,0.5610060969640714,,2.99
174072,"Gravy, HEINZ Home Style, classic chicken","Soups, Sauces, and Gravies",45.8,0.67,2.57,5.01,,,
174073,"Soup, beef barley, ready to serve","Soups, Sauces, and Gravies",51.6,2.81,0.96,7.94,0.5179702833648913,,2.79
174074,"Sauce, enchilada, red, mild, ready to serve","Soups, Sauces, and Gravies",30.2,0.62,0.91,4.87,0.4018712093541482,,3.19
174075,"Bread, chapati or roti, whole wheat, commercially prepared, frozen",Baked Products,298.7,7.85,9.2,46.13,,,
174076,"Bread, paratha, whole wheat, commercially prepared, frozen",Baked Products,325.6,6.36,13.2,45.35,,,
174077,"Bread, naan, whole wheat, commercially prepared, refrigerated",Baked Products,285.9,10.2,6.7,46.21,2.1596982363469515,,6.49
174078,"Bread, roll, Mexican, bollilo",Baked Products,317.9,10.65,5.8,55.77,17.636980974790205,12 ct,5.0
174079,"Cookie, butter or sugar, with chocolate icing or filling",Baked Products,503.2,4.1,23.5,68.83,5.450666977447068,,6.49
174080,"Cookie, chocolate, with icing or coating",Baked Products,507.3,4.5,24.2,67.87,,12 count,3.99
174081,"Tortillas, ready-to-bake or -fry, whole wheat",Baked Products,310.4,9.76,9.76,45.89,2.8162731220545,,4.99
174082,"Cake, snack cakes, creme-filled, chocolate with frosting, low-fat, with added fiber",Baked Products,409.3,3.71,13.0,69.37,,8 count,3.69
174083,"Cookies, graham crackers, plain or honey, lowfat",Baked Products,386.1,5.71,5.71,77.96,38.76608418258887,20 ct,10.99
174084,"Crackers, cheese, whole grain",Baked Products,411.9,9.62,16.03,57.29,0.8505576308810116,,2.99
174085,"Waffles, whole wheat, lowfat, frozen, ready-to-heat",Baked Products,257.3,7.14,3.57,49.16,,40 ct,4.99
174086,"Pancakes, plain, reduced fat",Baked Products,269.2,5.71,1.9,57.32,,,
174087,"Cookies, shortbread, reduced fat",Baked Products,451.4,5.37,14.0,75.99,1.3079460227322295,,4.19
174088,"Cookies, sugar wafer, chocolate-covered",Baked Products,526.1,3.45,27.59,65.99,0.8774398034958127,,1.99
174089,"Rolls, hamburger or hot dog, wheat/cracked wheat",Baked Products,268.5,11.69,3.61,47.31,1.724230727465504,,6.99
174090,"Rolls, hamburger or hot dog, whole wheat",Baked Products,268.7,12.38,4.38,44.93,1.724230727465504,,6.99
174091,"Bread, french or vienna, whole wheat",Baked Products,239.1,8.33,1.04,49.1,,,
174092,"Bagels, whole grain white",Baked Products,255.3,9.3,0.0,54.52,,4 ct,7.99
174093,"English muffins, whole grain white",Baked Products,244.5,7.02,1.75,50.17,1.0826392936832756,6 ct,3.99
174094,"Rolls, hamburger, whole grain white, calcium-fortified",Baked Products,254.6,9.3,3.49,46.5,1.6924718281577522,4 ct,4.99
174095,"Cookies, chocolate chip sandwich, with creme filling",Baked Products,424.7,2.94,17.65,63.52,38.76608418258887,20 ct,10.99
174096,"Cookies, chocolate, made with rice cereal",Baked Products,440.1,3.23,19.35,63.26,,12 count,3.99
174097,"Cookies, marshmallow, with rice cereal and chocolate chips",Baked Products,434.9,4.55,18.18,63.26,3.9615372651067235,,2.19
174098,"Crackers, flavored, fish-shaped",Baked Products,462.7,10.16,17.71,65.67,10.198775954987381,8 ct,3.99
174099,"Bread, gluten-free, white, made with potato extract, rice starch, and rice flour",Baked Products,320.1,3.13,10.7,52.83,1.173839067099926,,5.99
174100,"Bread, gluten-free, white, made with rice flour, corn starch, and/or tapioca",Baked Products,247.5,4.31,5.24,45.78,1.173839067099926,,5.99
174101,"Bread, gluten-free, white, made with tapioca starch and brown rice flour",Baked Products,298.4,5.4,8.02,51.15,1.173839067099926,,5.99
174102,"Bread, gluten-free, whole grain, made with tapioca starch and brown rice flour",Baked Products,309.4,7.25,9.34,49.09,1.173839067099926,,5.99
174103,"Crackers, gluten-free, multigrain and vegetable, made with corn starch and white rice flour",Baked Products,456.4,2.5,15.41,76.94,4.323579907534285,,4.29
174104,"Crackers, gluten-free, multi-seeded and multigrain",Baked Products,452.8,11.25,15.84,66.3,4.323579907534285,,4.29
174105,"Waffles, gluten-free, frozen, ready-to-heat",Baked Products,262.6,2.72,8.84,43.05,1.38670762914288,,6.29
174106,"Pancakes, gluten-free, frozen, ready-to-heat",Baked Products,215.5,3.31,4.55,40.32,1.38670762914288,,6.29
174107,"Rolls, dinner, sweet",Baked Products,320.8,10.04,7.37,53.58,0.6273726089603945,7 ct,2.49
174108,"Beverages,  Energy drink, Citrus",Beverages,45.1,0.0,0.0,11.27,0.6804461047048093,,2.99
174109,"Alcoholic Beverage, wine, table, red, Mouvedre",Beverages,10.8,0.07,0.0,2.64,0.8327994566794429,,3.99
174110,"Alcoholic beverage, wine, table, white, Chardonnay",Beverages,8.9,0.07,0.0,2.16,0.8327994566794429,,3.99
174111,"Beverages, Kiwi Strawberry Juice Drink",Beverages,49.0,0.0,0.0,12.26,0.39462744931093086,,1.79
174112,"Beverages, Apple juice drink, light, fortified with vitamin C",Beverages,21.3,0.0,0.1,5.1,2.6396681525602674,8 pk,4.49
174113,"Beverages, POWERADE, Zero, Mixed Berry",Beverages,0.6,0.0,0.0,0.14,0.18896765330132362,,1.5
174114,"Beverages, Carob-flavor beverage mix, powder",Beverages,382.2,1.8,0.2,93.3,,,
174115,"Beverages, Carob-flavor beverage mix, powder, prepared with whole milk",Beverages,75.4,3.16,3.11,8.68,,,
174116,"Beverages, coconut milk, sweetened, fortified with calcium, vitamins A, B12, D2",Beverages,31.2,0.21,2.08,2.92,0.9682342616772582,,2.69
174117,"Beverages, chocolate syrup",Beverages,279.0,2.1,1.13,65.1,1.3874425033501627,,6.49
174118,"Beverages, chocolate syrup, prepared with whole milk",Beverages,90.0,3.07,2.96,12.78,1.3874425033501627,,6.49
174119,"Beverages, coffee, ready to drink, iced, mocha, milk based",Beverages,60.4,1.48,0.98,11.42,,10 ct,9.99
174120,"Beverages, tea, Oolong, brewed",Beverages,0.6,0.0,0.0,0.15,,18 ct,6.99
174121,"Beverages, tea, green, ready-to-drink, citrus, diet, fortified with vitamin C",Beverages,1.2,0.0,0.0,0.31,,18 ct,6.99
174122,"Beverages, Cocoa mix, powder",Beverages,397.6,6.67,4.0,83.73,22.97919695121217,,8.99
174123,"Beverages, Cocoa mix, powder, prepared with water",Beverages,54.8,0.92,0.55,11.54,22.97919695121217,,8.99
174124,"Beverages, Cocoa mix, NESTLE, Hot Cocoa Mix Rich Chocolate With Marshmallows",Beverages,446.2,2.8,15.0,75.0,22.97919695121217,,8.99
174125,"Beverages, coffee, brewed, espresso, restaurant-prepared, decaffeinated",Beverages,8.8,0.1,0.18,1.69,,10 ct,9.99
174126,"Beverages, coffee, instant, regular, half the caffeine",Beverages,354.9,14.42,0.5,73.18,,10 ct,9.99
174127,"Beverages, coffee and cocoa, instant, decaffeinated, with whitener and low calorie sweetener",Beverages,440.5,9.0,13.21,71.4,,10 ct,12.49
174128,"Beverages, tea, green, ready-to-drink, sweetened",Beverages,26.8,0.0,0.22,6.2,,18 ct,6.99
174129,"Beverages, tea, ready-to-drink, lemon, diet",Beverages,1.6,0.0,0.0,0.41,,18 ct,6.99
174130,"Beverages, coffee, instant, regular, prepared with water",Beverages,1.8,0.1,0.0,0.34,,10 ct,9.99
174131,"Beverages, aloe vera juice drink, fortified with Vitamin C",Beverages,15.0,0.0,0.0,3.75,0.625121396680434,,5.99
174132,"Beverages, OCEAN SPRAY, Cran Grape",Beverages,53.5,0.21,0.0,13.16,0.2088879934201715,,3.79
174133,"Beverages, coffee, instant, decaffeinated, powder",Beverages,352.2,11.6,0.2,76.0,,10 ct,9.99
174134,"Beverages, coffee, instant, chicory",Beverages,3.4,0.09,0.0,0.75,,10 ct,9.99
174135,"Beverages, coffee, instant, mocha, sweetened",Beverages,460.2,5.29,15.87,74.04,,10 ct,9.99
174136,"Beverages, OCEAN SPRAY, Light Cranberry and Raspberry Flavored Juice",Beverages,26.0,0.73,0.0,5.77,0.2088879934201715,,3.79
174137,"Beverages, OCEAN SPRAY, White Cranberry Strawberry Flavored Juice Drink",Beverages,48.9,0.22,0.01,11.98,0.2088879934201715,,3.79
174138,"Beverages, coffee substitute, cereal grain beverage, powder",Beverages,360.4,6.01,2.52,78.42,3.523868798763083,,9.99
174139,"Beverages, coffee substitute, cereal grain beverage, prepared with water",Beverages,6.0,0.1,0.04,1.3,3.523868798763083,,9.99
174140,"Beverages, cranberry-apple juice drink, bottled",Beverages,64.4,0.0,0.11,15.85,0.2088879934201715,,3.79
174141,"Alcoholic beverage, malt beer, hard lemonade",Beverages,40.3,0.0,0.0,10.07,2.51641924979596,4 bottles,7.99
174142,"Beverages, cranberry-apricot juice drink, bottled",Beverages,65.6,0.2,0.0,16.2,0.2088879934201715,,3.79
174143,"Beverages, tea, green, instant, decaffeinated, lemon, unsweetened, fortified with vitamin C",Beverages,377.8,0.0,0.0,94.45,,18 ct,6.99
174144,"Beverages, tea, black, ready to drink",Beverages,0.0,0.0,0.0,0.0,,18 ct,6.99
174145,"Alcoholic beverage, beer, light, higher alcohol",Beverages,4.1,0.25,0.0,0.77,3.8184063810420796,6 bottles,12.99
174146,"Beverages, AMBER, hard cider",Beverages,23.7,0.0,0.0,5.92,3.3552256663946127,4 pk,7.99
174147,"Beverages, OCEAN SPRAY, Cran Cherry",Beverages,51.8,0.19,0.0,12.76,0.2088879934201715,,3.79
174148,"Beverages, OCEAN SPRAY, Light Cranberry",Beverages,19.8,0.22,0.01,4.72,0.2088879934201715,,3.79
174149,"Beverages, OCEAN SPRAY, White Cranberry Peach",Beverages,48.1,0.13,0.01,11.88,0.2088879934201715,,3.79
174150,"Beverages, OCEAN SPRAY, Light Cranberry, Concord Grape",Beverages,24.7,0.36,0.02,5.78,0.2088879934201715,,3.79
174151,"Beverages, Fruit punch drink, with added nutrients, canned",Beverages,47.8,0.0,0.0,11.94,2.6396681525602674,8 pk,4.49
174152,"Beverages, Fruit punch drink, frozen concentrate",Beverages,166.4,0.2,0.0,41.4,2.6396681525602674,8 pk,4.49
174153,"Beverages, Fruit punch drink, frozen concentrate, prepared with water",Beverages,46.9,0.06,0.0,11.66,2.6396681525602674,8 pk,4.49
174154,"Beverages, coffee, instant, vanilla, sweetened, decaffeinated, with non dairy creamer",Beverages,465.1,0.0,13.33,86.28,,10 ct,9.99
174155,"Beverages, tea, black, brewed, prepared with distilled water",Beverages,1.2,0.0,0.0,0.3,,18 ct,6.99
174156,"Beverages, tea, herb, brewed, chamomile",Beverages,0.8,0.0,0.0,0.2,,18 ct,6.99
174157,"Beverages, Wine, non-alcoholic",Beverages,6.4,0.5,0.0,1.1,3.8184063810420796,6 bottles,12.99
174158,"Water, bottled, generic",Beverages,0.0,0.0,0.0,0.0,4.2807472394526505,,16.99
174159,"Beverages, chocolate-flavor beverage mix for milk, powder, with added nutrients",Beverages,399.8,4.55,2.27,90.28,1.1789938369017368,,3.69
174160,"Beverages, chocolate-flavor beverage mix for milk, powder, with added nutrients, prepared with whole milk",Beverages,89.1,3.27,3.17,11.87,1.1789938369017368,,3.69
174161,"Beverages, Water with added vitamins and minerals, bottles, sweetened, assorted fruit flavors",Beverages,22.0,0.0,0.0,5.49,3.3552256663946127,6 pk,7.99
174162,"Beverages, V8 SPLASH Juice Drinks, Diet Berry Blend",Beverages,4.9,0.0,0.0,1.23,,,
174163,"Beverages, V8 SPLASH Juice Drinks, Diet Fruit Medley",Beverages,5.0,0.0,0.0,1.26,,,
174164,"Beverages, V8 SPLASH Juice Drinks, Diet Strawberry Kiwi",Beverages,5.0,0.0,0.0,1.26,0.1372377582100863,,2.49
174165,"Beverages, V8 SPLASH Juice Drinks, Mango Peach",Beverages,32.9,0.0,0.0,8.23,,,
174166,"Beverages, V8 SPLASH Juice Drinks, Orange Pineapple",Beverages,29.6,0.0,0.0,7.41,,,
174167,"Beverages, V8 SPLASH Juice Drinks, Orchard Blend",Beverages,31.3,0.0,0.0,7.82,0.1372377582100863,,2.49
174168,"Beverages, V8 SPLASH Juice Drinks, Strawberry Banana",Beverages,29.6,0.0,0.0,7.41,0.1372377582100863,,2.49
174169,"Beverages, V8 V-FUSION Juices, Tropical",Beverages,47.2,0.41,0.0,11.38,0.1372377582100863,,2.49
174170,"Beverages, V8 V- FUSION Juices, Acai Berry",Beverages,43.9,0.0,0.0,10.98,0.1372377582100863,,2.49
174171,"Beverages, Energy drink, AMP",Beverages,50.0,0.25,0.08,12.08,0.6804461047048093,,2.99
174172,"Beverages, Energy drink, FULL THROTTLE",Beverages,50.0,0.25,0.08,12.08,0.6804461047048093,,2.99
174173,"Beverages, Vegetable and fruit juice drink, reduced calorie, with low-calorie sweetener, added vitamin C",Beverages,4.4,0.0,0.0,1.1,1.1728592348235487,,3.99
174174,"Beverages, milk beverage, reduced fat, flavored and sweetened, Ready-to-drink,  added calcium, vitamin A and vitamin D",Beverages,77.0,3.05,1.83,12.08,0.9682342616772582,,2.69
174175,"Beverages, vegetable and fruit juice blend, 100% juice, with added vitamins A, C, E",Beverages,45.9,0.3,0.01,11.15,0.34430454163829577,,4.49
174176,"Beverages, fruit juice drink, reduced sugar, with vitamin E added",Beverages,40.6,0.0,0.07,10.0,2.6396681525602674,8 pk,4.49
174177,"Beverages, Energy drink, VAULT Zero, sugar-free, citrus flavor",Beverages,4.5,0.25,0.08,0.7,0.6804461047048093,,2.99
174178,"Beverages, PEPSICO QUAKER, Gatorade G2, low calorie",Beverages,8.0,0.05,0.01,1.94,,,
174179,"Beverages, Fruit flavored drink, less than 3% juice, not fortified with vitamin C",Beverages,64.1,0.0,0.0,16.03,,10 ct,3.79
174180,"Beverages, Fruit flavored drink containing less than 3% fruit juice, with high vitamin C",Beverages,26.7,0.0,0.0,6.67,,,
174181,"Beverages, nutritional shake mix, high protein, powder",Beverages,392.2,53.57,10.71,20.38,4.864279352847139,4 bottles,13.79
174182,"Fish, anchovy, european, raw",Finfish and Shellfish Products,125.0,20.35,4.84,0.0,1.1193603925333517,,1.19
174183,"Fish, anchovy, european, canned in oil, drained solids",Finfish and Shellfish Products,203.0,28.89,9.71,0.0,1.1193603925333517,,1.19
174184,"Fish, bass, fresh water, mixed species, raw",Finfish and Shellfish Products,108.6,18.86,3.69,0.0,2.202417999226927,1 lb,9.99
174185,"Fish, carp, cooked, dry heat",Finfish and Shellfish Products,156.0,22.86,7.17,0.0,,60 ct,22.99
174186,"Fish, catfish, channel, wild, raw",Finfish and Shellfish Products,90.9,16.38,2.82,0.0,1.9819557370420493,1 lb,8.99
174187,"Fish, catfish, channel, cooked, breaded and fried",Finfish and Shellfish Products,224.5,18.09,13.33,8.04,1.9819557370420493,1 lb,8.99
174188,"Fish, caviar, black and red, granular",Finfish and Shellfish Products,275.5,24.6,17.9,4.0,,1.5l,20.99
174189,"Fish, cod, Atlantic, canned, solids and liquid",Finfish and Shellfish Products,98.8,22.76,0.86,0.0,2.7337320510924816,4 pk,8.99
174190,"Fish, cod, Atlantic, dried and salted",Finfish and Shellfish Products,272.6,62.82,2.37,0.0,2.7337320510924816,4 pk,8.99
174191,"Fish, cod, Pacific, raw (may have been previously frozen)",Finfish and Shellfish Products,64.8,15.27,0.41,0.0,2.7337320510924816,4 pk,8.99
174192,"Fish, croaker, Atlantic, raw",Finfish and Shellfish Products,99.6,17.78,3.17,0.0,1.2310612720403564,,3.49
174193,"Fish, eel, mixed species, raw",Finfish and Shellfish Products,178.7,18.44,11.66,0.0,,90 ct,37.99
174194,"Fish, eel, mixed species, cooked, dry heat",Finfish and Shellfish Products,229.2,23.65,14.95,0.0,,90 ct,37.99
174195,"Fish, fish sticks, frozen, prepared",Finfish and Shellfish Products,276.8,11.01,16.23,21.66,1.15036308562101,44 ct,7.99
174196,"Fish, flatfish (flounder and sole species), raw",Finfish and Shellfish Products,67.0,12.41,1.93,0.0,,,
174197,"Fish, flatfish (flounder and sole species), cooked, dry heat",Finfish and Shellfish Products,82.3,15.24,2.37,0.0,,32 ounces,14.49
174198,"Fish, haddock, cooked, dry heat",Finfish and Shellfish Products,84.9,19.99,0.55,0.0,,32 ounces,14.49
174199,"Fish, haddock, smoked",Finfish and Shellfish Products,109.6,25.23,0.96,0.0,,32 ounces,14.49
174200,"Fish, halibut, Atlantic and Pacific, raw",Finfish and Shellfish Products,86.2,18.56,1.33,0.0,,12 ounces,17.99
174201,"Fish, halibut, Atlantic and Pacific, cooked, dry heat",Finfish and Shellfish Products,104.6,22.54,1.61,0.0,,12 ounces,17.99
174202,"Crustaceans, crab, alaska king, cooked, moist heat",Finfish and Shellfish Products,91.3,19.35,1.54,0.0,,8 ounces,3.79
174203,"Crustaceans, crab, alaska king, imitation, made from surimi",Finfish and Shellfish Products,94.6,7.62,0.46,15.0,,8 ounces,3.79
174204,"Crustaceans, crab, blue, raw",Finfish and Shellfish Products,82.1,18.06,1.08,0.04,,8 ounces,3.79
174205,"Crustaceans, crab, blue, cooked, moist heat",Finfish and Shellfish Products,78.2,17.88,0.74,0.0,,8 ounces,3.79
174206,"Crustaceans, crayfish, mixed species, wild, raw",Finfish and Shellfish Products,72.4,15.97,0.95,0.0,,1 ct,6.99
174207,"Crustaceans, crayfish, mixed species, wild, cooked, moist heat",Finfish and Shellfish Products,77.9,16.77,1.2,0.0,,,
174208,"Crustaceans, lobster, northern, raw",Finfish and Shellfish Products,72.8,16.52,0.75,0.0,2.7337320510924816,4 pk,8.99
174209,"Crustaceans, lobster, northern, cooked, moist heat",Finfish and Shellfish Products,83.7,19.0,0.86,0.0,2.7337320510924816,4 pk,8.99
174210,"Crustaceans, shrimp, mixed species, raw (may contain additives to retain moisture)",Finfish and Shellfish Products,67.2,13.61,1.01,0.91,,,
174211,"Crustaceans, spiny lobster, mixed species, raw",Finfish and Shellfish Products,105.7,20.6,1.51,2.43,,1 ct,6.99
174212,"Mollusks, abalone, mixed species, raw",Finfish and Shellfish Products,99.3,17.1,0.76,6.01,,,
174213,"Mollusks, abalone, mixed species, cooked, fried",Finfish and Shellfish Products,183.7,19.63,6.78,11.05,,,
174214,"Mollusks, clam, mixed species, raw",Finfish and Shellfish Products,81.6,14.67,0.96,3.57,,1 ct,20.99
174215,"Mollusks, cuttlefish, mixed species, raw",Finfish and Shellfish Products,74.5,16.24,0.7,0.82,,,
174216,"Mollusks, mussel, blue, raw",Finfish and Shellfish Products,82.5,11.9,2.24,3.69,,,
174217,"Mollusks, mussel, blue, cooked, moist heat",Finfish and Shellfish Products,165.1,23.8,4.48,7.39,,,
174218,"Mollusks, octopus, common, raw",Finfish and Shellfish Products,77.8,14.91,1.04,2.2,,8in,20.99
174219,"Mollusks, oyster, Pacific, raw",Finfish and Shellfish Products,78.3,9.45,2.3,4.95,,,
174220,"Mollusks, scallop, mixed species, raw",Finfish and Shellfish Products,65.4,12.06,0.49,3.18,,,
174221,"Mollusks, scallop, mixed species, cooked, breaded and fried",Finfish and Shellfish Products,211.3,18.07,10.94,10.13,,,
174222,"Mollusks, scallop, mixed species, imitation, made from surimi",Finfish and Shellfish Products,97.2,12.77,0.41,10.62,,,
174223,"Mollusks, squid, mixed species, raw",Finfish and Shellfish Products,87.1,15.58,1.38,3.08,,16 ounces,19.99
174224,"Fish, salmon, chum, canned, without salt, drained solids with bone",Finfish and Shellfish Products,135.2,21.43,5.5,0.0,,11 ounces,5.0
174225,"Fish, salmon, pink, canned, without salt, solids with bone and liquid",Finfish and Shellfish Products,133.6,19.78,6.05,0.0,,11 ounces,5.0
174226,"Fish, salmon, sockeye, canned, without salt, drained solids with bone",Finfish and Shellfish Products,147.7,20.47,7.31,0.0,,11 ounces,5.0
174227,"Fish, tuna, light, canned in oil, without salt, drained solids",Finfish and Shellfish Products,190.4,29.13,8.21,0.0,0.9100682182991746,,1.29
174228,"Fish, bass, striped, cooked, dry heat",Finfish and Shellfish Products,117.8,22.73,2.99,0.0,2.202417999226927,1 lb,9.99
174229,"Fish, bluefish, cooked, dry heat",Finfish and Shellfish Products,151.7,25.69,5.44,0.0,7.927822948168197,,8.99
174230,"Fish, burbot, cooked, dry heat",Finfish and Shellfish Products,108.4,24.76,1.04,0.0,,10 ounces,7.99
174231,"Fish, butterfish, cooked, dry heat",Finfish and Shellfish Products,181.1,22.15,10.28,0.0,2.7337320510924816,4 pk,8.99
174232,"Fish, halibut, greenland, cooked, dry heat",Finfish and Shellfish Products,233.3,18.42,17.74,0.0,3.8184063810420796,,12.99
174233,"Fish, herring, Pacific, cooked, dry heat",Finfish and Shellfish Products,244.2,21.01,17.79,0.0,1.1193603925333517,,1.19
174234,"Fish, ling, cooked, dry heat",Finfish and Shellfish Products,104.8,24.35,0.82,0.0,,750 ml,19.99
174235,"Fish, lingcod, cooked, dry heat",Finfish and Shellfish Products,102.8,22.64,1.36,0.0,,,
174236,"Fish, mackerel, king, cooked, dry heat",Finfish and Shellfish Products,127.0,26.0,2.56,0.0,1.173447134189375,,4.99
174237,"Fish, pollock, Atlantic, cooked, dry heat",Finfish and Shellfish Products,111.0,24.92,1.26,0.0,1.8542036577443914,8 ct,7.99
174238,"Fish, pout, ocean, cooked, dry heat",Finfish and Shellfish Products,95.8,21.33,1.17,0.0,,90 ct,34.99
174239,"Fish, roe, mixed species, cooked, dry heat",Finfish and Shellfish Products,196.2,28.62,8.23,1.92,,750 ml,15.99
174240,"Fish, sablefish, cooked, dry heat",Finfish and Shellfish Products,245.3,17.19,19.62,0.0,,1 ct,10.99
174241,"Fish, scup, cooked, dry heat",Finfish and Shellfish Products,128.3,24.21,3.5,0.0,,1 ct,10.99
174242,"Fish, seatrout, mixed species, cooked, dry heat",Finfish and Shellfish Products,127.5,21.46,4.63,0.0,,,
174243,"Fish, shad, american, cooked, dry heat",Finfish and Shellfish Products,245.7,21.71,17.65,0.0,,8 ounces,5.0
174244,"Fish, spot, cooked, dry heat",Finfish and Shellfish Products,151.4,23.73,6.28,0.0,,1 ct,6.49
174245,"Fish, turbot, european, cooked, dry heat",Finfish and Shellfish Products,116.3,20.58,3.78,0.0,,,
174246,"Fish, whitefish, mixed species, cooked, dry heat",Finfish and Shellfish Products,165.5,24.47,7.51,0.0,2.7337320510924816,4 pk,8.99
174247,"Fish, wolffish, Atlantic, cooked, dry heat",Finfish and Shellfish Products,117.3,22.44,3.06,0.0,,1 ct,10.99
174248,"Fish, yellowtail, mixed species, cooked, dry heat",Finfish and Shellfish Products,179.2,29.67,6.72,0.0,,750 ml,8.99
174249,"Mollusks, octopus, common, cooked, moist heat",Finfish and Shellfish Products,155.6,29.82,2.08,4.4,,8in,20.99
174250,"Mollusks, oyster, Pacific, cooked, moist heat",Finfish and Shellfish Products,156.6,18.9,4.6,9.9,4.845760522823609,,10.99
174251,"Fish, roughy, orange, cooked, dry heat",Finfish and Shellfish Products,98.7,22.64,0.9,0.0,1.9819557370420493,1 lb,8.99
174252,"Lima beans, large, mature seeds, raw",Legumes and Legume Products,345.6,21.46,0.69,63.38,0.5489510328403452,,2.49
174253,"Lima beans, large, mature seeds, cooked, boiled, without salt",Legumes and Legume Products,118.1,7.8,0.38,20.88,0.5489510328403452,,2.49
174254,"Lima beans, large, mature seeds, canned",Legumes and Legume Products,80.9,4.93,0.17,14.91,0.5489510328403452,,2.49
174255,"Lima beans, thin seeded (baby), mature seeds, raw",Legumes and Legume Products,342.2,20.62,0.93,62.83,,,
174256,"Mung beans, mature seeds, raw",Legumes and Legume Products,356.3,23.86,1.15,62.62,1.1264151849232678,4 ct,4.79
174257,"Mung beans, mature seeds, cooked, boiled, without salt",Legumes and Legume Products,108.1,7.02,0.38,19.15,1.1264151849232678,4 ct,4.79
174258,"Noodles, chinese, cellophane or long rice (mung beans), dehydrated",Legumes and Legume Products,345.5,0.16,0.06,86.09,1.4068086001067952,,3.39
174259,"Mungo beans, mature seeds, raw",Legumes and Legume Products,351.6,25.21,1.64,58.99,,,
174260,"Peanuts, all types, cooked, boiled, with salt",Legumes and Legume Products,337.1,13.5,22.01,21.26,,,
174261,"Peanuts, all types, oil-roasted, with salt",Legumes and Legume Products,645.7,28.03,52.5,15.26,18.80102171912636,,15.99
174262,"Peanuts, all types, dry-roasted, with salt",Legumes and Legume Products,629.4,24.35,49.66,21.26,2.4857768479763136,,5.99
174263,"Peanuts, spanish, raw",Legumes and Legume Products,614.3,26.15,49.6,15.83,0.5849598689972085,,1.99
174264,"Peanuts, virginia, oil-roasted, with salt",Legumes and Legume Products,620.5,25.87,48.62,19.86,1.0808949768835712,,4.29
174265,"Peanut butter, chunk style, with salt",Legumes and Legume Products,632.0,24.06,49.94,21.57,0.6605049375058932,,7.49
174266,"Peanut butter, smooth style, with salt (Includes foods for USDA's Food Distribution Program)",Legumes and Legume Products,640.3,22.21,51.36,22.31,1.100106688302539,,4.99
174267,"Peanut flour, defatted",Legumes and Legume Products,352.6,52.2,0.55,34.7,1.7174010224201963,,7.79
174268,Meat extender,Legumes and Legume Products,332.4,41.71,2.97,34.71,,,
174269,"Sausage, meatless",Legumes and Legume Products,276.9,20.28,18.16,8.09,2.064077929705916,8 ct,7.49
174270,"Soybeans, mature seeds, raw",Legumes and Legume Products,446.1,36.49,19.94,30.16,0.8783216525445523,,2.49
174271,"Soybeans, mature cooked, boiled, without salt",Legumes and Legume Products,187.0,18.21,8.97,8.36,1.1193603925333517,,1.19
174272,Tempeh,Legumes and Legume Products,208.9,20.29,10.8,7.64,2.312964076408201,,4.59
174273,"Soy flour, full-fat, raw",Legumes and Legume Products,464.8,37.81,20.65,31.92,,,
174274,"Soy flour, full-fat, roasted",Legumes and Legume Products,470.6,38.09,21.86,30.38,,,
174275,"Soy flour, defatted",Legumes and Legume Products,352.5,51.46,1.22,33.92,,,
174276,Soy protein isolate,Legumes and Legume Products,383.8,88.32,3.39,0.0,4.407775495282986,,29.99
174277,Soy sauce made from soy and wheat (shoyu),Legumes and Legume Products,57.4,8.14,0.57,4.93,1.0546914622924544,,2.99
174278,Soy sauce made from soy (tamari),Legumes and Legume Products,65.2,10.51,0.1,5.57,1.0546914622924544,,2.99
174279,Soy sauce made from hydrolyzed vegetable protein,Legumes and Legume Products,64.0,7.0,0.51,7.84,,1 / 2 gal,3.69
174280,"Tofu, salted and fermented (fuyu)",Legumes and Legume Products,125.2,8.92,8.0,4.38,,2 ct,1.99
174281,"Yardlong beans, mature seeds, raw",Legumes and Legume Products,356.8,24.33,1.31,61.91,,,
174282,"Yardlong beans, mature seeds, cooked, boiled, without salt",Legumes and Legume Products,121.6,8.29,0.45,21.09,,,
174283,"Winged beans, mature seeds, raw",Legumes and Legume Products,432.3,29.65,16.32,41.71,,,
174284,"Lentils, pink or red, raw",Legumes and Legume Products,367.6,23.91,2.17,63.1,,,
174285,"Beans, kidney, red, mature seeds, canned, drained solids",Legumes and Legume Products,127.3,7.98,1.05,21.49,0.2275739480618091,,1.0
174286,"Beans, pinto, canned, drained solids",Legumes and Legume Products,116.9,6.99,0.9,20.22,0.39462744931093086,,1.79
174287,"Veggie burgers or soyburgers, unprepared",Legumes and Legume Products,176.6,15.7,6.3,14.27,,,
174288,Chickpea flour (besan),Legumes and Legume Products,381.0,22.39,6.69,57.82,1.7174010224201963,,7.79
174289,"Hummus, commercial",Legumes and Legume Products,251.5,7.78,17.82,15.0,1.4074310817882585,,3.99
174290,"Tofu, extra firm, prepared with nigari",Legumes and Legume Products,92.0,9.98,5.26,1.18,0.870522547196067,,2.69
174291,"Tofu, hard, prepared with nigari",Legumes and Legume Products,158.2,12.68,9.99,4.39,,2 ct,1.99
174292,"MORI-NU, Tofu, silken, soft",Legumes and Legume Products,55.1,4.8,2.7,2.9,0.870522547196067,,2.69
174293,"Soymilk, chocolate, unfortified",Legumes and Legume Products,62.6,2.26,1.53,9.95,3.7434492118992213,6 ct,8.49
174294,"Peanut Butter, smooth (Includes foods for USDA's Food Distribution Program)",Legumes and Legume Products,629.5,21.93,49.54,23.98,,,
174295,"Soymilk, chocolate, with added calcium, vitamins A and D",Legumes and Legume Products,62.6,2.26,1.53,9.95,3.7434492118992213,6 ct,8.49
174296,"Refried beans, canned, vegetarian",Legumes and Legume Products,83.0,5.28,0.87,13.5,0.4828123541848819,,2.19
174297,"Vitasoy USA, Organic Nasoya Super Firm Cubed Tofu",Legumes and Legume Products,117.5,12.4,6.3,2.8,2.312964076408201,,4.59
174298,"Refried beans, canned, traditional, reduced sodium",Legumes and Legume Products,92.2,4.98,2.01,13.55,0.4828123541848819,,2.19
174299,"Soybeans, mature seeds, cooked, boiled, with salt",Legumes and Legume Products,187.0,18.21,8.97,8.36,0.8783216525445523,,2.49
174300,"Soybeans, mature seeds, roasted, no salt added",Legumes and Legume Products,503.7,38.55,25.4,30.22,0.8783216525445523,,2.49
174301,"Soy protein concentrate, produced by acid wash",Legumes and Legume Products,360.3,63.63,0.46,25.41,4.841818924802728,1.32 lb,28.99
174302,"Soy protein isolate, potassium type",Legumes and Legume Products,368.4,88.32,0.53,2.59,4.841818924802728,1.32 lb,28.99
174303,"Tofu, dried-frozen (koyadofu), prepared with calcium sulfate",Legumes and Legume Products,516.0,52.43,30.34,8.3,,,
174304,"Tofu, fried, prepared with calcium sulfate",Legumes and Legume Products,292.3,18.82,20.18,8.86,,2 ct,1.99
174305,"Tofu, salted and fermented (fuyu), prepared with calcium sulfate",Legumes and Legume Products,125.2,8.15,8.0,5.15,,2 ct,1.99
174306,"Yardlong beans, mature seeds, cooked, boiled, with salt",Legumes and Legume Products,121.6,8.29,0.45,21.09,,,
174307,"Lamb, composite of trimmed retail cuts, separable lean only, trimmed to 1/4"" fat, choice, raw","Lamb, Veal, and Game Products",128.4,20.29,5.25,0.0,,,
174308,"Lamb, composite of trimmed retail cuts, separable lean only, trimmed to 1/4"" fat, choice, cooked","Lamb, Veal, and Game Products",198.6,28.22,9.52,0.0,2.86380478578156,1 lb,12.99
174309,"Lamb, composite of trimmed retail cuts, separable fat, trimmed to 1/4"" fat, choice, raw","Lamb, Veal, and Game Products",662.1,6.65,70.61,0.0,,,
174310,"Lamb, composite of trimmed retail cuts, separable fat, trimmed to 1/4"" fat, choice, cooked","Lamb, Veal, and Game Products",581.3,12.16,59.18,0.0,,,
174311,"Lamb, leg, whole (shank and sirloin), separable lean and fat, trimmed to 1/4"" fat, choice, raw","Lamb, Veal, and Game Products",225.3,17.91,17.07,0.0,,16.4 ft,22.29
174312,"Lamb, leg, whole (shank and sirloin), separable lean and fat, trimmed to 1/4"" fat, choice, cooked, roasted","Lamb, Veal, and Game Products",250.5,25.55,16.48,0.0,,16.4 ft,22.29
174313,"Lamb, leg, whole (shank and sirloin), separable lean only, trimmed to 1/4"" fat, choice, raw","Lamb, Veal, and Game Products",122.8,20.56,4.51,0.0,,16.4 ft,22.29
174314,"Lamb, leg, whole (shank and sirloin), separable lean only, trimmed to 1/4"" fat, choice, cooked, roasted","Lamb, Veal, and Game Products",182.9,28.3,7.74,0.0,,16.4 ft,22.29
174315,"Lamb, leg, shank half, separable lean and fat, trimmed to 1/4"" fat, choice, raw","Lamb, Veal, and Game Products",195.7,18.58,13.49,0.0,,16.4 ft,22.29
174316,"Lamb, leg, sirloin half, separable lean and fat, trimmed to 1/4"" fat, choice, cooked, roasted","Lamb, Veal, and Game Products",284.6,24.63,20.67,0.0,,16.4 ft,22.29
174317,"Lamb, leg, sirloin half, separable lean only, trimmed to 1/4"" fat, choice, raw","Lamb, Veal, and Game Products",127.9,20.55,5.08,0.0,,16.4 ft,22.29
174318,"Lamb, leg, sirloin half, separable lean only, trimmed to 1/4"" fat, choice, cooked, roasted","Lamb, Veal, and Game Products",195.9,28.35,9.17,0.0,,16.4 ft,22.29
174319,"Lamb, loin, separable lean and fat, trimmed to 1/4"" fat, choice, raw","Lamb, Veal, and Game Products",305.0,16.32,26.63,0.0,3.525191572336192,1 lb,15.99
174320,"Lamb, loin, separable lean only, trimmed to 1/4"" fat, choice, cooked, roasted","Lamb, Veal, and Game Products",194.2,26.59,9.76,0.0,3.525191572336192,1 lb,15.99
174321,"Lamb, rib, separable lean and fat, trimmed to 1/4"" fat, choice, raw","Lamb, Veal, and Game Products",367.6,14.52,34.39,0.0,5.288889669815213,1 lb,23.99
174322,"Lamb, rib, separable lean and fat, trimmed to 1/4"" fat, choice, cooked, broiled","Lamb, Veal, and Game Products",354.8,22.13,29.59,0.0,5.288889669815213,1 lb,23.99
174323,"Lamb, rib, separable lean and fat, trimmed to 1/4"" fat, choice, cooked, roasted","Lamb, Veal, and Game Products",352.9,21.12,29.82,0.0,5.288889669815213,1 lb,23.99
174324,"Lamb, shoulder, whole (arm and blade), separable lean and fat, trimmed to 1/4"" fat, choice, cooked, broiled","Lamb, Veal, and Game Products",271.0,24.42,19.26,0.0,2.86380478578156,1 lb,12.99
174325,"Lamb, shoulder, whole (arm and blade), separable lean and fat, trimmed to 1/4"" fat, choice, cooked, roasted","Lamb, Veal, and Game Products",269.8,22.51,19.97,0.0,2.86380478578156,1 lb,12.99
174326,"Lamb, shoulder, whole (arm and blade), separable lean only, trimmed to 1/4"" fat, choice, raw","Lamb, Veal, and Game Products",139.0,19.55,6.76,0.0,2.86380478578156,1 lb,12.99
174327,"Lamb, shoulder, whole (arm and blade), separable lean only, trimmed to 1/4"" fat, choice, cooked, braised","Lamb, Veal, and Game Products",274.2,32.81,15.89,0.0,2.86380478578156,1 lb,12.99
174328,"Lamb, shoulder, arm, separable lean and fat, trimmed to 1/4"" fat, choice, cooked, broiled","Lamb, Veal, and Game Products",273.7,24.44,19.55,0.0,2.86380478578156,1 lb,12.99
174329,"Lamb, shoulder, arm, separable lean and fat, trimmed to 1/4"" fat, choice, cooked, roasted","Lamb, Veal, and Game Products",272.3,22.53,20.24,0.0,2.86380478578156,1 lb,12.99
174330,"Lamb, shoulder, arm, separable lean only, trimmed to 1/4"" fat, choice, raw","Lamb, Veal, and Game Products",126.8,19.99,5.2,0.0,2.86380478578156,1 lb,12.99
174331,"Lamb, shoulder, arm, separable lean only, trimmed to 1/4"" fat, choice, cooked, braised","Lamb, Veal, and Game Products",268.9,35.54,14.08,0.0,2.86380478578156,1 lb,12.99
174332,"Lamb, shoulder, blade, separable lean and fat, trimmed to 1/4"" fat, choice, cooked, broiled","Lamb, Veal, and Game Products",271.8,23.08,19.94,0.0,2.86380478578156,1 lb,12.99
174333,"Lamb, shoulder, blade, separable lean and fat, trimmed to 1/4"" fat, choice, cooked, roasted","Lamb, Veal, and Game Products",274.5,22.25,20.61,0.0,2.86380478578156,1 lb,12.99
174334,"Lamb, shoulder, blade, separable lean only, trimmed to 1/4"" fat, choice, raw","Lamb, Veal, and Game Products",145.8,19.29,7.63,0.0,2.86380478578156,1 lb,12.99
174335,"Lamb, shoulder, blade, separable lean only, trimmed to 1/4"" fat, choice, cooked, braised","Lamb, Veal, and Game Products",279.2,32.35,16.64,0.0,2.86380478578156,1 lb,12.99
174336,"Lamb, New Zealand, imported, frozen, composite of trimmed retail cuts, separable lean and fat, raw","Lamb, Veal, and Game Products",271.6,16.74,22.74,0.0,,750 ml,17.99
174337,"Lamb, New Zealand, imported, frozen, composite of trimmed retail cuts, separable lean and fat, cooked","Lamb, Veal, and Game Products",298.0,24.42,22.26,0.0,,,
174338,"Lamb, New Zealand, imported, frozen, composite of trimmed retail cuts, separable lean only, raw","Lamb, Veal, and Game Products",122.7,20.75,4.41,0.0,,750 ml,17.99
174339,"Lamb, New Zealand, imported, frozen, composite of trimmed retail cuts, separable lean only, cooked","Lamb, Veal, and Game Products",198.1,29.59,8.86,0.0,,750 ml,17.99
174340,"Lamb, New Zealand, imported, fore-shank, separable lean only, raw","Lamb, Veal, and Game Products",122.1,22.05,3.77,0.0,,,
174341,"Lamb, New Zealand, imported, fore-shank, separable lean only, cooked, braised","Lamb, Veal, and Game Products",208.8,33.31,8.4,0.0,,750 ml,17.99
174342,"Lamb, New Zealand, imported, leg chop/steak, bone-in, separable lean and fat, raw","Lamb, Veal, and Game Products",205.8,18.64,14.52,0.13,,750 ml,17.99
174343,"Lamb, New Zealand, imported, frozen, leg, whole (shank and sirloin), separable lean and fat, cooked, roasted","Lamb, Veal, and Game Products",239.3,24.81,15.56,0.0,,,
174344,"Game meat, moose, raw","Lamb, Veal, and Game Products",95.6,22.24,0.74,0.0,0.44018965016247225,,5.99
174345,"Game meat, moose, cooked, roasted","Lamb, Veal, and Game Products",125.8,29.27,0.97,0.0,0.44018965016247225,,5.99
174346,"Game meat, rabbit, domesticated, composite of cuts, cooked, stewed","Lamb, Veal, and Game Products",197.2,30.38,8.41,0.0,,,
174347,"Game meat, rabbit, wild, raw","Lamb, Veal, and Game Products",108.0,21.79,2.32,0.0,,,
174348,"Game meat, rabbit, wild, cooked, stewed","Lamb, Veal, and Game Products",163.7,33.02,3.51,0.0,1.1459628388369936,5 lb,25.99
174349,"Game meat, raccoon, cooked, roasted","Lamb, Veal, and Game Products",247.3,29.2,14.5,0.0,,,
174350,"Lamb, variety meats and by-products, brain, cooked, pan-fried","Lamb, Veal, and Game Products",267.6,16.97,22.19,0.0,,,
174351,"Veal, variety meats and by-products, brain, raw","Lamb, Veal, and Game Products",115.2,10.32,8.21,0.0,,,
174352,"Veal, variety meats and by-products, brain, cooked, braised","Lamb, Veal, and Game Products",132.6,11.48,9.63,0.0,,,
174353,"Veal, variety meats and by-products, brain, cooked, pan-fried","Lamb, Veal, and Game Products",208.7,14.48,16.75,0.0,,,
174354,"Lamb, variety meats and by-products, kidneys, raw","Lamb, Veal, and Game Products",92.8,15.74,2.95,0.82,,,
174355,"Lamb, variety meats and by-products, kidneys, cooked, braised","Lamb, Veal, and Game Products",131.1,23.65,3.62,0.99,2.86380478578156,1 lb,12.99
174356,"Veal, variety meats and by-products, kidneys, raw","Lamb, Veal, and Game Products",94.5,15.76,3.12,0.85,,,
174357,"Veal, variety meats and by-products, kidneys, cooked, braised","Lamb, Veal, and Game Products",156.2,26.32,5.66,0.0,,,
174358,"Veal, variety meats and by-products, liver, cooked, pan-fried","Lamb, Veal, and Game Products",186.0,27.37,6.51,4.47,,,
174359,"Lamb, variety meats and by-products, lungs, raw","Lamb, Veal, and Game Products",90.2,16.7,2.6,0.0,2.86380478578156,1 lb,12.99
174360,"Lamb, variety meats and by-products, lungs, cooked, braised","Lamb, Veal, and Game Products",107.4,19.88,3.1,0.0,2.86380478578156,1 lb,12.99
174361,"Veal, variety meats and by-products, lungs, raw","Lamb, Veal, and Game Products",85.9,16.3,2.3,0.0,,,
174362,"Veal, variety meats and by-products, pancreas, raw","Lamb, Veal, and Game Products",177.9,15.0,13.1,0.0,,,
174363,"Veal, variety meats and by-products, pancreas, cooked, braised","Lamb, Veal, and Game Products",247.8,29.1,14.6,0.0,,,
174364,"Lamb, variety meats and by-products, spleen, raw","Lamb, Veal, and Game Products",96.7,17.2,3.1,0.0,2.86380478578156,1 lb,12.99
174365,"Lamb, variety meats and by-products, spleen, cooked, braised","Lamb, Veal, and Game Products",148.8,26.46,4.77,0.0,2.86380478578156,1 lb,12.99
174366,"Lamb, variety meats and by-products, tongue, raw","Lamb, Veal, and Game Products",217.3,15.7,17.17,0.0,2.86380478578156,1 lb,12.99
174367,"Lamb, variety meats and by-products, tongue, cooked, braised","Lamb, Veal, and Game Products",268.8,21.57,20.28,0.0,2.86380478578156,1 lb,12.99
174368,"Veal, variety meats and by-products, tongue, raw","Lamb, Veal, and Game Products",125.7,17.18,5.48,1.91,,,
174369,"Veal, variety meats and by-products, tongue, cooked, braised","Lamb, Veal, and Game Products",194.3,25.85,10.1,0.0,,,
174370,"Lamb, ground, raw","Lamb, Veal, and Game Products",276.9,16.56,23.41,0.0,0.6783454221073156,,2.5
174371,"Lamb, foreshank, separable lean and fat, trimmed to 1/8"" fat, cooked, braised","Lamb, Veal, and Game Products",234.6,28.37,13.46,0.0,2.86380478578156,1 lb,12.99
174372,"Lamb, leg, whole (shank and sirloin), separable lean and fat, trimmed to 1/8"" fat, choice, raw","Lamb, Veal, and Game Products",203.7,18.47,14.42,0.0,,16.4 ft,22.29
174373,"Lamb, leg, whole (shank and sirloin), separable lean and fat, trimmed to 1/8"" fat, choice, cooked, roasted","Lamb, Veal, and Game Products",234.6,26.2,14.42,0.0,,16.4 ft,22.29
174374,"Lamb, leg, shank half, separable lean and fat, trimmed to 1/8"" fat, choice, raw","Lamb, Veal, and Game Products",179.5,18.99,11.5,0.0,,16.4 ft,22.29
174375,"Lamb, loin, separable lean and fat, trimmed to 1/8"" fat, choice, cooked, broiled","Lamb, Veal, and Game Products",289.7,26.06,20.61,0.0,3.525191572336192,1 lb,15.99
174376,"Lamb, loin, separable lean and fat, trimmed to 1/8"" fat, choice, cooked, roasted","Lamb, Veal, and Game Products",283.2,23.27,21.12,0.0,3.525191572336192,1 lb,15.99
174377,"Lamb, rib, separable lean and fat, trimmed to 1/8"" fat, choice, raw","Lamb, Veal, and Game Products",337.7,15.32,30.71,0.0,5.288889669815213,1 lb,23.99
174378,"Lamb, rib, separable lean and fat, trimmed to 1/8"" fat, choice, cooked, broiled","Lamb, Veal, and Game Products",333.6,23.06,26.82,0.0,5.288889669815213,1 lb,23.99
174379,"Lamb, shoulder, whole (arm and blade), separable lean and fat, trimmed to 1/8"" fat, choice, cooked, roasted","Lamb, Veal, and Game Products",262.5,22.7,19.08,0.0,2.86380478578156,1 lb,12.99
174380,"Lamb, shoulder, arm, separable lean and fat, trimmed to 1/8"" fat, choice, raw","Lamb, Veal, and Game Products",239.2,17.19,18.94,0.0,2.86380478578156,1 lb,12.99
174381,"Lamb, shoulder, arm, separable lean and fat, trimmed to 1/8"" fat, choice, cooked, braised","Lamb, Veal, and Game Products",328.2,31.1,22.65,0.0,2.86380478578156,1 lb,12.99
174382,"Lamb, shoulder, arm, separable lean and fat, trimmed to 1/8"" fat, cooked, broiled","Lamb, Veal, and Game Products",262.1,24.91,18.05,0.0,2.86380478578156,1 lb,12.99
174383,"Lamb, shoulder, arm, separable lean and fat, trimmed to 1/8"" fat, choice, roasted","Lamb, Veal, and Game Products",260.5,22.93,18.75,0.0,2.86380478578156,1 lb,12.99
174384,"Lamb, New Zealand, imported, frozen, composite of trimmed retail cuts, separable lean and fat, trimmed to 1/8"" fat, raw","Lamb, Veal, and Game Products",226.6,17.95,17.2,0.0,,750 ml,17.99
174385,"Lamb, New Zealand, imported, frozen, composite of trimmed retail cuts, separable lean and fat, trimmed to 1/8"" fat, cooked","Lamb, Veal, and Game Products",262.9,25.26,17.98,0.0,,750 ml,17.99
174386,"Lamb, New Zealand, imported, frozen, foreshank, separable lean and fat, trimmed to 1/8"" fat, raw","Lamb, Veal, and Game Products",217.5,18.04,16.15,0.0,,750 ml,17.99
174387,"Lamb, New Zealand, imported, frozen, foreshank, separable lean and fat, trimmed to 1/8"" fat, cooked, braised","Lamb, Veal, and Game Products",250.4,26.97,15.83,0.0,,750 ml,17.99
174388,"Lamb, new zealand, imported, frozen, rib, separable lean and fat, trimmed to 1/8"" fat, raw","Lamb, Veal, and Game Products",306.5,15.87,27.0,0.0,,,
174389,"Lamb, New Zealand, imported, frozen, rib, separable lean and fat, trimmed to 1/8"" fat, cooked, roasted","Lamb, Veal, and Game Products",311.1,19.86,25.74,0.0,,750 ml,17.99
174390,"Lamb, New Zealand, imported, frozen, shoulder, whole (arm and blade), separable lean and fat, trimmed to 1/8"" fat, raw","Lamb, Veal, and Game Products",246.4,17.19,19.74,0.0,,750 ml,17.99
174391,"Lamb, New Zealand, imported, frozen, shoulder, whole (arm and blade), separable lean and fat, trimmed to 1/8"" fat, cooked, braised","Lamb, Veal, and Game Products",334.0,29.43,24.03,0.0,,750 ml,17.99
174392,"Veal, breast, whole, boneless, separable lean and fat, raw","Lamb, Veal, and Game Products",202.6,17.47,14.75,0.0,0.7694132950252227,,3.49
174393,"Veal, breast, whole, boneless, separable lean and fat, cooked, braised","Lamb, Veal, and Game Products",258.8,26.97,16.77,0.0,0.7694132950252227,,3.49
174394,"Veal, breast, plate half, boneless, separable lean and fat, cooked, braised","Lamb, Veal, and Game Products",274.3,25.93,18.95,0.0,0.7694132950252227,,3.49
174395,"Veal, breast, point half, boneless, separable lean and fat, cooked, braised","Lamb, Veal, and Game Products",240.4,28.23,14.16,0.0,0.7694132950252227,,3.49
174396,"Veal, breast, whole, boneless, separable lean only, cooked, braised","Lamb, Veal, and Game Products",209.5,30.32,9.8,0.0,0.7694132950252227,,3.49
174397,"Lamb, Australian, imported, fresh, composite of trimmed retail cuts, separable lean and fat, trimmed to 1/8"" fat, raw","Lamb, Veal, and Game Products",224.1,17.84,16.97,0.0,2.86380478578156,1 lb,12.99
174398,"Lamb, Australian, imported, fresh, composite of trimmed retail cuts, separable lean and fat, trimmed to 1/8"" fat, cooked","Lamb, Veal, and Game Products",249.5,24.52,16.82,0.0,2.86380478578156,1 lb,12.99
174399,"Lamb, Australian, imported, fresh, composite of trimmed retail cuts, separable lean only, trimmed to 1/8"" fat, raw","Lamb, Veal, and Game Products",136.6,20.25,6.18,0.0,2.86380478578156,1 lb,12.99
174400,"Lamb, Australian, imported, fresh, composite of trimmed retail cuts, separable lean only, trimmed to 1/8"" fat, cooked","Lamb, Veal, and Game Products",193.5,26.71,9.63,0.0,2.86380478578156,1 lb,12.99
174401,"Lamb, Australian, imported, fresh, foreshank, separable lean only, trimmed to 1/8"" fat, raw","Lamb, Veal, and Game Products",117.6,20.83,3.81,0.0,2.86380478578156,1 lb,12.99
174402,"Lamb, Australian, imported, fresh, foreshank, separable lean only, trimmed to 1/8"" fat, cooked, braised","Lamb, Veal, and Game Products",157.0,27.5,5.22,0.0,2.86380478578156,1 lb,12.99
174403,"Lamb, Australian, imported, fresh, leg, whole (shank and sirloin), separable lean and fat, trimmed to 1/8"" fat, raw","Lamb, Veal, and Game Products",209.7,18.24,15.19,0.0,2.86380478578156,1 lb,12.99
174404,"Lamb, Australian, imported, fresh, leg, whole (shank and sirloin), separable lean and fat, trimmed to 1/8"" fat, cooked, roasted","Lamb, Veal, and Game Products",236.8,25.16,15.13,0.0,2.86380478578156,1 lb,12.99
174405,"Lamb, Australian, imported, fresh, leg, shank half, separable lean only, trimmed to 1/8"" fat, cooked, roasted","Lamb, Veal, and Game Products",174.1,27.18,7.27,0.0,2.86380478578156,1 lb,12.99
174406,"Lamb, Australian, imported, fresh, leg, sirloin half, boneless, separable lean and fat, trimmed to 1/8"" fat, raw","Lamb, Veal, and Game Products",249.0,17.25,20.0,0.0,2.86380478578156,1 lb,12.99
174407,"Lamb, Australian, imported, fresh, leg, sirloin half, boneless, separable lean and fat, trimmed to 1/8"" fat, cooked, roasted","Lamb, Veal, and Game Products",273.9,24.88,19.38,0.0,2.86380478578156,1 lb,12.99
174408,"Lamb, Australian, imported, fresh, leg, sirloin half, boneless, separable lean only, trimmed to 1/8"" fat, raw","Lamb, Veal, and Game Products",132.7,20.48,5.64,0.0,2.86380478578156,1 lb,12.99
174409,"Lamb, Australian, imported, fresh, leg, sirloin chops, boneless, separable lean only, trimmed to 1/8"" fat, cooked, broiled","Lamb, Veal, and Game Products",180.7,27.63,7.8,0.0,2.86380478578156,1 lb,12.99
174410,"Lamb, Australian, imported, fresh, leg, center slice, bone-in, separable lean and fat, trimmed to 1/8"" fat, raw","Lamb, Veal, and Game Products",189.7,19.17,12.56,0.0,2.86380478578156,1 lb,12.99
174411,"Lamb, Australian, imported, fresh, leg, center slice, bone-in, separable lean and fat, trimmed to 1/8"" fat, cooked, broiled","Lamb, Veal, and Game Products",208.2,25.54,11.78,0.0,2.86380478578156,1 lb,12.99
174412,"Lamb, Australian, imported, fresh, leg, center slice, bone-in, separable lean only, trimmed to 1/8"" fat, raw","Lamb, Veal, and Game Products",137.3,20.65,6.08,0.0,2.86380478578156,1 lb,12.99
174413,"Lamb, Australian, imported, fresh, loin, separable lean only, trimmed to 1/8"" fat, cooked, broiled","Lamb, Veal, and Game Products",184.9,26.53,8.75,0.0,2.86380478578156,1 lb,12.99
174414,"Lamb, Australian, imported, fresh, rib chop/rack roast, frenched, bone-in, separable lean and fat, trimmed to 1/8"" fat, raw","Lamb, Veal, and Game Products",237.0,21.26,16.89,0.0,2.86380478578156,1 lb,12.99
174415,"Lamb, Australian, imported, fresh, rib chop, frenched, bone-in, separable lean and fat, trimmed to 1/8"" fat, cooked, grilled","Lamb, Veal, and Game Products",304.7,28.48,21.2,0.0,2.86380478578156,1 lb,12.99
174416,"Lamb, Australian, imported, fresh, rib chop/rack roast, frenched, bone-in, separable lean only, trimmed to 1/8"" fat, raw","Lamb, Veal, and Game Products",146.6,24.07,5.59,0.0,2.86380478578156,1 lb,12.99
174417,"Lamb, Australian, imported, fresh, shoulder, arm, separable lean and fat, trimmed to 1/8"" fat, raw","Lamb, Veal, and Game Products",238.2,17.06,18.89,0.0,2.86380478578156,1 lb,12.99
174418,"Lamb, Australian, imported, fresh, shoulder, arm, separable lean and fat, trimmed to 1/8"" fat, cooked, braised","Lamb, Veal, and Game Products",302.2,29.7,20.38,0.0,2.86380478578156,1 lb,12.99
174419,"Lamb, Australian, imported, fresh, shoulder, arm, separable lean only, trimmed to 1/8"" fat, raw","Lamb, Veal, and Game Products",131.8,19.88,5.81,0.0,2.86380478578156,1 lb,12.99
174420,"Lamb, Australian, imported, fresh, shoulder, arm, separable lean only,   trimmed to 1/8"" fat, cooked, braised","Lamb, Veal, and Game Products",228.8,34.17,10.23,0.0,2.86380478578156,1 lb,12.99
174421,"Game meat , bison, ground, raw","Lamb, Veal, and Game Products",218.0,18.67,15.93,0.0,2.643342523596682,,11.99
174422,"Game meat, bison, ground, cooked, pan-broiled","Lamb, Veal, and Game Products",231.2,23.77,15.13,0.0,2.643342523596682,,11.99
174423,"Game meat , bison, top sirloin, separable lean only, 1"" steak, cooked, broiled","Lamb, Veal, and Game Products",163.0,28.05,5.65,0.0,2.643342523596682,,11.99
174424,"Game meat, bison, chuck, shoulder clod, separable lean only, cooked, braised","Lamb, Veal, and Game Products",184.0,33.78,5.43,0.0,2.643342523596682,,11.99
174425,"Game meat, elk, ground, raw","Lamb, Veal, and Game Products",166.4,21.76,8.82,0.0,2.86380478578156,1 lb,12.99
174426,"Game meat, elk, ground, cooked, pan-broiled","Lamb, Veal, and Game Products",185.2,26.64,8.74,0.0,2.86380478578156,1 lb,12.99
174427,"Game meat, elk, loin, separable lean only, cooked, broiled","Lamb, Veal, and Game Products",158.6,31.0,3.84,0.0,,,
174428,"Game meat, elk, round, separable lean only, cooked, broiled","Lamb, Veal, and Game Products",147.5,30.94,2.64,0.0,,,
174429,"Game meat, elk, tenderloin, separable lean only, cooked, broiled","Lamb, Veal, and Game Products",153.7,30.76,3.41,0.0,,,
174430,"Game meat, deer, tenderloin, separable lean only, cooked, broiled","Lamb, Veal, and Game Products",140.8,29.9,2.35,0.0,3.131543955301639,,7.99
174431,"Game meat, deer, top round, separable lean only, 1"" steak, cooked, broiled","Lamb, Veal, and Game Products",143.2,31.47,1.92,0.0,3.131543955301639,,7.99
174432,"Veal, Australian, shank, fore, bone-in, separable lean only, raw","Lamb, Veal, and Game Products",122.6,20.18,4.65,0.0,,750 ml,8.99
174433,"Veal, Australian, shank, fore, bone-in, separable lean and fat, raw","Lamb, Veal, and Game Products",145.1,19.58,7.42,0.0,,750 ml,8.99
174434,"Lamb, New Zealand, imported, Intermuscular fat, raw","Lamb, Veal, and Game Products",640.3,4.63,68.53,1.26,,,
174435,"Lamb, New Zealand, imported, subcutaneous fat, raw","Lamb, Veal, and Game Products",703.1,3.87,76.16,0.55,,750 ml,17.99
174436,"Lamb, New Zealand, imported, brains, cooked, soaked and fried","Lamb, Veal, and Game Products",154.4,14.03,10.92,0.0,,750 ml,17.99
174437,"Lamb, New Zealand, imported, brains, raw","Lamb, Veal, and Game Products",117.6,11.33,8.03,0.0,,750 ml,17.99
174438,"Lamb, New Zealand, imported, chump, boneless, separable lean only, raw","Lamb, Veal, and Game Products",121.2,21.68,3.83,0.0,,,
174439,"Lamb, New Zealand, imported, kidney, cooked, soaked and fried","Lamb, Veal, and Game Products",111.9,19.78,3.56,0.18,,750 ml,17.99
174440,"Lamb, New Zealand, imported, flap, boneless, separable lean only, cooked, braised","Lamb, Veal, and Game Products",233.9,27.88,13.6,0.0,,750 ml,17.99
174441,"Lamb, New Zealand, imported, flap, boneless, separable lean only, raw","Lamb, Veal, and Game Products",179.7,21.72,10.31,0.0,,,
174442,"Lamb, New Zealand, imported, kidney, raw","Lamb, Veal, and Game Products",83.8,15.21,2.54,0.03,,750 ml,17.99
174443,"Lamb, New Zealand, imported, heart, cooked, soaked and simmered","Lamb, Veal, and Game Products",160.9,26.26,6.21,0.0,,750 ml,17.99
174444,"Lamb, New Zealand, imported, heart, raw","Lamb, Veal, and Game Products",105.5,18.09,3.68,0.0,,750 ml,17.99
174445,"Lamb, New Zealand, imported, sweetbread, cooked, soaked and simmered","Lamb, Veal, and Game Products",144.0,21.13,6.61,0.0,,750 ml,17.99
174446,"Lamb, New Zealand, imported, sweetbread, raw","Lamb, Veal, and Game Products",72.4,11.0,3.16,0.0,,750 ml,17.99
174447,"Lamb, New Zealand, imported, tunnel-boned leg, chump off, shank off, separable lean only, cooked, slow roasted","Lamb, Veal, and Game Products",159.1,25.29,6.44,0.0,,750 ml,17.99
174448,"Lamb, New Zealand, imported, tunnel-boned leg, chump off, shank off, separable lean only, raw","Lamb, Veal, and Game Products",120.5,20.93,4.09,0.0,,750 ml,17.99
174449,"Lamb, New Zealand, imported, square-cut shoulder chops, separable lean only, cooked, braised","Lamb, Veal, and Game Products",255.3,31.06,14.56,0.0,,750 ml,17.99
174450,"Lamb, New Zealand, imported, square-cut shoulder chops, separable lean only, raw","Lamb, Veal, and Game Products",164.2,20.62,9.08,0.0,,750 ml,17.99
174451,"Lamb, New Zealand, imported, loin, boneless, separable lean only, cooked, fast roasted","Lamb, Veal, and Game Products",156.4,28.99,4.49,0.0,,750 ml,17.99
174452,"Lamb, New Zealand, imported, loin, boneless, separable lean only, raw","Lamb, Veal, and Game Products",119.9,21.5,3.77,0.0,,750 ml,17.99
174453,"Lamb, New Zealand, imported, hind-shank, separable lean only, cooked, braised","Lamb, Veal, and Game Products",196.3,32.5,7.37,0.0,,750 ml,17.99
174454,"Lamb, New Zealand, imported, hind-shank, separable lean only, raw","Lamb, Veal, and Game Products",114.7,20.4,3.35,0.73,,750 ml,17.99
174455,"Lamb, New Zealand, imported, neck chops, separable lean only, raw","Lamb, Veal, and Game Products",151.1,19.84,7.97,0.0,,750 ml,17.99
174456,"Lamb, New Zealand, imported, rack - fully frenched, separable lean only, raw","Lamb, Veal, and Game Products",146.5,20.61,7.12,0.0,,750 ml,17.99
174457,"Lamb, New Zealand, imported, loin chop, separable lean only, cooked, fast fried","Lamb, Veal, and Game Products",207.7,27.43,10.7,0.41,,750 ml,17.99
174458,"Lamb, New Zealand, imported, square-cut shoulder, separable lean only, cooked, slow roasted","Lamb, Veal, and Game Products",191.5,25.08,10.13,0.0,,750 ml,17.99
174459,"Lamb, New Zealand, imported, leg chop/steak, bone-in, separable lean only, cooked, fast fried","Lamb, Veal, and Game Products",162.4,26.31,6.35,0.0,,750 ml,17.99
174460,"Lamb, New Zealand, imported, leg chop/steak, bone-in, separable lean and fat, cooked, fast fried","Lamb, Veal, and Game Products",212.0,24.26,12.76,0.04,,750 ml,17.99
174461,"Lamb, New Zealand, imported, loin chop, separable lean and fat, cooked, fast fried","Lamb, Veal, and Game Products",331.6,21.5,27.11,0.41,,,
174462,"Lamb, New Zealand, imported, loin saddle, separable lean and fat, cooked, fast roasted","Lamb, Veal, and Game Products",273.7,21.13,20.98,0.1,,750 ml,17.99
174463,"Lamb, New Zealand, imported, loin saddle, separable lean and fat, raw","Lamb, Veal, and Game Products",273.1,16.56,22.9,0.2,,750 ml,17.99
174464,"Lamb, New Zealand, imported, netted shoulder, rolled, boneless, separable lean and fat, raw","Lamb, Veal, and Game Products",251.6,16.9,20.36,0.2,,750 ml,17.99
174465,"Chicken, capons, giblets, raw",Poultry Products,125.4,18.28,5.18,1.42,0.38470664751261135,,3.49
174466,"Chicken, capons, giblets, cooked, simmered",Poultry Products,157.2,26.39,5.4,0.76,0.38470664751261135,,3.49
174467,"Duck, domesticated, liver, raw",Poultry Products,130.8,18.74,4.64,3.53,,,
174468,"Duck, wild, meat and skin, raw",Poultry Products,206.5,17.42,15.2,0.0,0.9848490176322852,,3.49
174469,"Duck, wild, breast, meat only, raw",Poultry Products,117.6,19.85,4.25,0.0,0.9848490176322852,,3.49
174470,"Goose, domesticated, meat and skin, raw",Poultry Products,366.0,15.86,33.62,0.0,,,
174471,"Guinea hen, meat only, raw",Poultry Products,104.8,20.64,2.47,0.0,,,
174472,"Pheasant, raw, meat and skin",Poultry Products,174.4,22.7,9.29,0.0,,,
174473,"Pheasant, raw, meat only",Poultry Products,127.0,23.57,3.64,0.0,,,
174474,"Pheasant, breast, meat only, raw",Poultry Products,126.7,24.37,3.25,0.0,,,
174475,"Squab, (pigeon), meat and skin, raw",Poultry Products,288.1,18.47,23.8,0.0,,,
174476,"Emu, fan fillet, raw",Poultry Products,97.2,22.5,0.8,0.0,,,
174477,"Emu, fan fillet, cooked, broiled",Poultry Products,145.8,31.27,2.3,0.0,,,
174478,"Emu, flat fillet, raw",Poultry Products,95.7,22.25,0.74,0.0,,,
174479,"Emu, full rump, raw",Poultry Products,106.1,22.83,1.64,0.0,,,
174480,"Emu, top loin, cooked, broiled",Poultry Products,144.4,29.07,3.13,0.0,,,
174481,"Ostrich, ground, raw",Poultry Products,159.2,20.22,8.7,0.0,,,
174482,"Ostrich, ground, cooked, pan-broiled",Poultry Products,168.2,26.15,7.07,0.0,,,
174483,"Ostrich, fan, raw",Poultry Products,111.1,21.81,2.65,0.0,,,
174484,"Ostrich, outside leg, raw",Poultry Products,109.1,22.86,1.96,0.0,,,
174485,"Ostrich, outside strip, raw",Poultry Products,113.3,23.36,2.21,0.0,,,
174486,"Ostrich, outside strip, cooked",Poultry Products,148.7,28.55,3.83,0.0,,,
174487,"Ostrich, oyster, raw",Poultry Products,119.2,21.55,3.67,0.0,4.845760522823609,,10.99
174488,"Ostrich, tip trimmed, cooked",Poultry Products,137.1,28.49,2.57,0.0,,,
174489,"Ostrich, top loin, raw",Poultry Products,113.2,21.67,2.95,0.0,,,
174490,"Ostrich, top loin, cooked",Poultry Products,147.3,28.12,3.87,0.0,,,
174491,"Chicken, liver, all classes, cooked, pan-fried",Poultry Products,165.4,25.78,6.43,1.11,2.463298342812366,,4.19
174492,"Turkey, ground, 93% lean, 7% fat, patties, broiled",Poultry Products,206.5,25.86,11.45,0.0,0.9898755572101003,1 lb,4.49
174493,"Turkey, ground, 85% lean, 15% fat, raw",Poultry Products,180.5,16.9,12.54,0.0,0.9898755572101003,1 lb,4.49
174494,"Turkey, ground, 85% lean, 15% fat, pan-broiled crumbles",Poultry Products,257.5,25.11,17.45,0.0,0.9898755572101003,1 lb,4.49
174495,"Turkey, ground, 85% lean, 15% fat, patties, broiled",Poultry Products,249.3,25.88,16.2,0.0,0.9898755572101003,1 lb,4.49
174496,"Chicken, skin (drumsticks and thighs), cooked, roasted",Poultry Products,462.2,16.57,43.99,0.0,0.3284887706554676,1 lb,1.49
174497,"Chicken, broilers or fryers, dark meat, drumstick, meat and skin, cooked, braised",Poultry Products,187.4,22.72,10.73,0.0,,,
174498,"Chicken, broilers or fryers, dark meat, thigh, meat and skin, cooked, braised",Poultry Products,229.2,22.57,15.43,0.0,1.4414223542123994,,8.99
174499,"Chicken, dark meat, drumstick, meat only, with added solution, raw",Poultry Products,106.1,19.19,3.26,0.0,1.6244111708063187,,4.49
174500,"Chicken, dark meat, thigh, meat only, with added solution, cooked, roasted",Poultry Products,166.5,24.23,7.73,0.0,1.6244111708063187,,4.49
174501,"Chicken, skin (drumsticks and thighs), with added solution, cooked, braised",Poultry Products,403.5,12.26,38.94,1.0,0.3284887706554676,1 lb,1.49
174502,"Chicken, skin (drumsticks and thighs), with added solution, raw",Poultry Products,385.6,11.11,37.9,0.01,0.3284887706554676,1 lb,1.49
174503,"Chicken, skin (drumsticks and thighs), with added solution, cooked, roasted",Poultry Products,421.4,20.31,37.6,0.44,0.3284887706554676,1 lb,1.49
174504,"Chicken, dark meat, drumstick, meat and skin, with added solution, cooked, braised",Poultry Products,183.1,21.55,10.71,0.13,1.6244111708063187,,4.49
174505,"Chicken, dark meat, thigh, meat and skin, with added solution, cooked, roasted",Poultry Products,218.5,23.47,13.81,0.09,1.6244111708063187,,4.49
174506,"Chicken, broiler, rotisserie, BBQ, back meat only",Poultry Products,213.5,21.85,13.87,0.31,1.287499611159685,,9.49
174507,"Turkey, dark meat from whole, meat only, with added solution, raw",Poultry Products,114.6,19.27,4.12,0.1,,,
174508,"Turkey, dark meat, meat only, with added solution, cooked, roasted",Poultry Products,158.4,26.1,6.0,0.0,,3 l,27.99
174509,"Turkey, dark meat from whole, meat and skin, with added solution, raw",Poultry Products,169.4,17.84,10.83,0.15,1.681392186263333,,4.29
174510,"Turkey, dark meat from whole, meat and skin, with added solution, cooked, roasted",Poultry Products,199.5,25.55,10.81,0.0,1.681392186263333,,4.29
174511,"Turkey from whole, light meat, meat and skin, with added solution, raw",Poultry Products,147.4,20.02,7.42,0.14,,,
174512,"Turkey from whole, light meat, meat and skin, with added solution, cooked, roasted",Poultry Products,156.8,26.52,5.64,0.0,1.5104814420552468,,11.99
174513,"Turkey, retail parts, breast, meat only, with added solution, raw",Poultry Products,110.7,21.99,2.53,0.0,0.5500533441512695,2 lb,4.99
174514,"Turkey, retail parts, breast, meat only, with added solution, cooked, roasted",Poultry Products,130.5,27.94,2.08,0.0,0.5500533441512695,2 lb,4.99
174515,"Turkey, retail parts, breast, meat only, raw",Poultry Products,114.3,23.34,2.33,0.0,0.5500533441512695,2 lb,4.99
174516,"Turkey, retail parts, breast, meat only, cooked, roasted",Poultry Products,135.8,29.51,1.97,0.0,0.5500533441512695,2 lb,4.99
174517,"Turkey, retail parts, wing, meat only, raw",Poultry Products,112.3,22.48,2.49,0.0,0.5500533441512695,2 lb,4.99
174518,"Turkey, retail parts, thigh, meat only, raw",Poultry Products,115.6,20.6,3.69,0.0,0.5500533441512695,2 lb,4.99
174519,"Turkey, breast, from whole bird, meat only, with added solution, roasted",Poultry Products,126.6,26.97,2.08,0.0,1.0280890159888125,3 lbs,13.99
174520,"Turkey, back, from whole bird, meat only, with added solution, raw",Poultry Products,114.8,19.27,4.12,0.15,1.447492224288139,,11.49
174521,"Turkey, back, from whole bird, meat only, with added solution, roasted",Poultry Products,126.6,26.97,2.08,0.0,1.447492224288139,,11.49
174522,"Soup, chicken mushroom, canned, condensed","Soups, Sauces, and Gravies",97.8,1.61,4.84,11.95,0.531969480212591,,2.79
174523,"Sauce, barbecue","Soups, Sauces, and Gravies",172.0,0.82,0.63,40.77,0.9778726118244793,,4.99
174524,"Sauce, salsa, ready-to-serve","Soups, Sauces, and Gravies",34.2,1.52,0.17,6.64,1.1355940008284275,,4.99
174525,"Sauce, homemade, white, medium","Soups, Sauces, and Gravies",147.7,3.84,10.63,9.17,1.1012089996134635,,9.99
174526,"Sauce, homemade, white, thick","Soups, Sauces, and Gravies",186.9,3.99,13.83,11.61,1.1012089996134635,,9.99
174527,"Sauce, ready-to-serve, pepper or hot","Soups, Sauces, and Gravies",12.4,0.51,0.37,1.75,0.9264056322547698,,4.99
174528,"Sauce, ready-to-serve, pepper, TABASCO","Soups, Sauces, and Gravies",15.2,1.29,0.76,0.8,0.9264056322547698,,4.99
174529,"Sauce, oyster, ready-to-serve","Soups, Sauces, and Gravies",51.3,1.35,0.25,10.92,1.3678458578226182,,3.49
174530,"Soup, minestrone, canned, reduced sodium, ready-to-serve","Soups, Sauces, and Gravies",51.2,2.0,0.8,9.0,1.1662453669580024,,5.29
174531,"Sauce, fish, ready-to-serve","Soups, Sauces, and Gravies",34.9,5.06,0.01,3.64,0.9670944567843297,,3.29
174532,"Soup, shark fin, restaurant-prepared","Soups, Sauces, and Gravies",46.0,3.2,2.0,3.8,0.531969480212591,,2.79
174533,"Soup, bean & ham, canned, reduced sodium, prepared with water or ready-to-serve","Soups, Sauces, and Gravies",80.7,4.19,1.03,13.66,0.5551007696276076,,2.99
174534,"Split pea soup, canned, reduced sodium, prepared with water or ready-to serve","Soups, Sauces, and Gravies",71.0,3.85,0.92,11.83,0.948144083609289,,3.79
174535,"Split pea with ham soup, canned, reduced sodium, prepared with water or ready-to-serve","Soups, Sauces, and Gravies",67.9,4.0,0.7,11.4,0.5179702833648913,,2.79
174536,"Soup, chicken broth, ready-to-serve","Soups, Sauces, and Gravies",6.2,0.64,0.21,0.44,0.1642443853277338,,1.49
174537,"Soup, cream of chicken, canned, prepared with equal volume milk","Soups, Sauces, and Gravies",77.8,3.01,4.62,6.04,1.777135797269337,4 ct,5.29
174538,"Soup, vegetable, canned, low sodium, condensed","Soups, Sauces, and Gravies",65.3,2.2,0.9,12.11,0.5261699324145745,,1.79
174539,"Soup, clam chowder, new england, canned, prepared with equal volume low fat (2%) milk","Soups, Sauces, and Gravies",61.0,3.24,2.02,7.46,0.531969480212591,,2.79
174540,"Soup, cream of mushroom, canned, prepared with equal volume low fat (2%) milk","Soups, Sauces, and Gravies",64.7,2.36,3.58,5.76,0.2564145695565653,,1.89
174541,"Soup, cream of onion, canned, prepared with equal volume milk","Soups, Sauces, and Gravies",74.6,2.74,3.78,7.4,0.6685255645682382,,1.99
174542,"Sauce, white, thin, prepared-from-recipe, with butter","Soups, Sauces, and Gravies",72.0,3.95,2.56,8.29,1.0560142358655635,,4.79
174543,"Sauce, sweet and sour, prepared-from-recipe","Soups, Sauces, and Gravies",79.5,1.84,0.58,16.72,0.7019518427966501,,1.99
174544,"Sauce, barbecue, KRAFT, original","Soups, Sauces, and Gravies",171.6,0.74,0.62,40.77,0.9778726118244793,,4.99
174545,"Soup, HEALTHY CHOICE Chicken Noodle Soup, canned","Soups, Sauces, and Gravies",41.2,3.69,0.63,5.2,,,
174546,"Soup, tomato, canned, prepared with equal volume low fat (2%) milk","Soups, Sauces, and Gravies",60.1,2.42,1.24,9.82,0.5179702833648913,,2.79
174547,"CAMPBELL'S, Tomato Soup, condensed","Soups, Sauces, and Gravies",70.7,1.46,0.44,15.22,0.6529784584154885,,1.99
174548,"CAMPBELL'S CHUNKY, Classic Chicken Noodle Soup","Soups, Sauces, and Gravies",47.0,3.41,1.3,5.41,0.5670384205873409,,2.99
174549,"Soup, cream of asparagus, canned, prepared with equal volume water","Soups, Sauces, and Gravies",36.4,0.94,1.68,4.38,0.2564145695565653,,1.89
174550,"Soup, cheese, canned, prepared with equal volume water","Soups, Sauces, and Gravies",64.0,2.19,4.24,4.26,0.6685255645682382,,1.99
174551,"Soup, chicken broth, canned, prepared with equal volume water","Soups, Sauces, and Gravies",14.7,2.02,0.57,0.38,0.1642443853277338,,1.49
174552,"CAMPBELL'S CHUNKY, Hearty Beef Barley Soup","Soups, Sauces, and Gravies",55.8,2.89,0.92,8.98,0.5610060969640714,,2.99
174553,"Soup, cream of chicken, canned, prepared with equal volume water","Soups, Sauces, and Gravies",48.0,1.41,3.02,3.8,0.2564145695565653,,1.89
174554,"Soup, clam chowder, manhattan, canned, prepared with equal volume water","Soups, Sauces, and Gravies",30.2,0.85,0.86,4.77,0.531969480212591,,2.79
174555,"Soup, clam chowder, new england, canned, prepared with equal volume water","Soups, Sauces, and Gravies",35.5,1.55,1.01,5.05,0.531969480212591,,2.79
174556,"CAMPBELL'S CHUNKY, New England Clam Chowder","Soups, Sauces, and Gravies",80.5,2.46,3.85,9.01,0.5610060969640714,,2.99
174557,"Soup, beef broth, bouillon, consomme, prepared with equal volume water","Soups, Sauces, and Gravies",11.8,2.22,0.0,0.73,0.1642443853277338,,1.49
174558,"Soup, mushroom with beef stock, canned, prepared with equal volume water","Soups, Sauces, and Gravies",35.2,1.29,1.65,3.81,,,
174559,"Soup, cream of onion, canned, prepared with equal volume water","Soups, Sauces, and Gravies",44.8,1.13,2.16,5.2,0.6685255645682382,,1.99
174560,"Soup, oyster stew, canned, prepared with equal volume water","Soups, Sauces, and Gravies",24.5,0.87,1.59,1.69,0.6685255645682382,,1.99
174561,"Soup, pea, green, canned, prepared with equal volume water","Soups, Sauces, and Gravies",62.1,3.2,1.09,9.88,0.948144083609289,,3.79
174562,"Soup, turkey noodle, canned, prepared with equal volume water","Soups, Sauces, and Gravies",27.9,1.6,0.82,3.54,1.1662453669580024,,5.29
174563,"Soup, turkey vegetable, canned, prepared with equal volume water","Soups, Sauces, and Gravies",30.8,1.28,1.26,3.58,,,
174564,"Soup, vegetarian vegetable, canned, prepared with equal volume water","Soups, Sauces, and Gravies",30.1,0.86,0.79,4.89,0.5179702833648913,,2.79
174565,"Soup, vegetable beef, canned, prepared with equal volume water","Soups, Sauces, and Gravies",32.0,2.23,0.76,4.06,0.5610060969640714,,2.99
174566,"Soup, chicken broth cubes, dry, prepared with water","Soups, Sauces, and Gravies",5.1,0.39,0.12,0.62,1.3540649909677642,8 ct,1.19
174567,"Soup, cream of chicken, dry, mix, prepared with water","Soups, Sauces, and Gravies",41.5,0.68,2.04,5.11,0.2564145695565653,,1.89
174568,"Soup, onion, dry, mix, prepared with water","Soups, Sauces, and Gravies",12.4,0.32,0.01,2.77,4.215238452974859,,2.39
174569,"Soup, tomato, dry, mix, prepared with water","Soups, Sauces, and Gravies",37.9,0.93,0.61,7.17,0.5179702833648913,,2.79
174570,"Roast beef, deli style, prepackaged, sliced",Sausages and Luncheon Meats,110.2,18.62,3.69,0.64,1.1703396661128642,,9.29
174571,"Luncheon meat, pork, canned",Sausages and Luncheon Meats,331.1,12.5,30.3,2.1,1.231649171406183,,4.19
174572,"Turkey breast, low salt, prepackaged or deli, luncheon meat",Sausages and Luncheon Meats,108.8,21.81,0.83,3.51,4.697315932952458,,7.99
174573,"Mortadella, beef, pork",Sausages and Luncheon Meats,306.2,16.37,25.39,3.05,2.643342523596682,1 lb,11.99
174574,"Peppered loaf, pork, beef",Sausages and Luncheon Meats,144.6,17.3,6.37,4.53,0.907785785467143,1.7 lb,7.0
174575,"Pepperoni, beef and pork, sliced",Sausages and Luncheon Meats,498.2,19.25,46.28,1.18,4.578560261055538,,6.49
174576,"Pickle and pimiento loaf, pork",Sausages and Luncheon Meats,222.3,11.23,15.95,8.46,1.4308000815798554,1 lb,6.49
174577,"Polish sausage, pork",Sausages and Luncheon Meats,321.4,14.1,28.72,1.63,1.43447445261627,,5.49
174578,"Pork sausage, link/patty, cooked, pan-fried",Sausages and Luncheon Meats,325.0,18.53,27.25,1.42,1.3492290445714508,,4.59
174579,"Sausage, pork and beef, fresh, cooked",Sausages and Luncheon Meats,392.2,13.8,36.25,2.7,2.054708283563059,,6.99
174580,"Sausage, turkey, reduced fat, brown and serve, cooked",Sausages and Luncheon Meats,204.4,17.0,10.3,10.92,0.8927025754932273,,3.29
174581,Poultry salad sandwich spread,Sausages and Luncheon Meats,197.9,11.64,13.52,7.41,8.448113886924508,4 ct,4.79
174582,"Salami, dry or hard, pork, beef",Sausages and Luncheon Meats,372.0,21.07,31.65,0.72,3.5203414025681248,,4.99
174583,"Sandwich spread, pork, beef",Sausages and Luncheon Meats,234.5,7.66,17.34,11.94,,4 count,4.79
174584,"Sausage, smoked link sausage, pork",Sausages and Luncheon Meats,305.8,11.98,28.23,0.94,1.383243222165689,,5.49
174585,"Sausage, smoked link sausage, pork and beef",Sausages and Luncheon Meats,316.2,12.0,28.73,2.42,1.383243222165689,,5.49
174586,"Sausage, Italian, pork, mild, cooked, pan-fried",Sausages and Luncheon Meats,318.6,18.4,26.4,1.86,0.9457831047731248,,4.29
174587,"Luncheon sausage, pork and beef",Sausages and Luncheon Meats,255.9,15.38,20.9,1.58,0.8289381058151396,,3.29
174588,"Sausage, New england brand, pork, beef",Sausages and Luncheon Meats,156.6,17.27,7.58,4.83,0.531969480212591,,2.79
174589,"Oscar Mayer, Bologna (beef)",Sausages and Luncheon Meats,315.9,11.05,29.1,2.45,1.9819557370420493,,8.99
174590,"Oscar Mayer, Smokies Sausage Little Cheese (pork, turkey)",Sausages and Luncheon Meats,314.6,13.5,28.2,1.7,1.383243222165689,,5.49
174591,"Oscar Mayer, Wieners (beef franks)",Sausages and Luncheon Meats,328.9,11.35,30.26,2.78,,10 ct,3.49
174592,"Bacon, turkey, unprepared",Sausages and Luncheon Meats,223.7,15.94,16.93,1.89,1.760758600649889,,5.99
174593,Hormel Pillow Pak Sliced Turkey Pepperoni,Sausages and Luncheon Meats,242.8,30.99,11.52,3.78,3.2381497069714817,,4.59
174594,"Luncheon meat, pork and chicken, minced, canned, includes Spam Lite",Sausages and Luncheon Meats,191.4,15.23,13.9,1.35,1.231649171406183,,4.19
174595,"Bratwurst, veal, cooked",Sausages and Luncheon Meats,341.3,13.99,31.7,0.0,1.1120580635683508,,5.99
174596,Liverwurst spread,Sausages and Luncheon Meats,302.1,12.38,25.45,5.89,2.347678134199852,,5.99
174597,Roast beef spread,Sausages and Luncheon Meats,222.5,15.27,16.28,3.73,,16.3 ounces,2.79
174598,"Salami, pork, beef, less sodium",Sausages and Luncheon Meats,396.1,15.01,30.5,15.38,3.518577704470646,,3.99
174599,"Sausage, summer, pork and beef, sticks, with cheddar cheese",Sausages and Luncheon Meats,426.2,19.43,37.91,1.82,2.013135399836768,,7.99
174600,"Sausage, turkey, breakfast links, mild, raw",Sausages and Luncheon Meats,169.9,15.91,10.39,3.18,0.8927025754932273,,3.29
174601,"Swisswurst, pork and beef, with swiss cheese, smoked",Sausages and Luncheon Meats,303.5,12.69,27.37,1.6,,,
174602,Bacon and beef sticks,Sausages and Luncheon Meats,517.4,29.1,44.2,0.8,4.90384753625145,,12.79
174603,"Salami, Italian, pork",Sausages and Luncheon Meats,424.6,21.7,37.0,1.2,5.0993879774936905,,3.99
174604,"Sausage, Italian, turkey, smoked",Sausages and Luncheon Meats,157.5,15.05,8.75,4.65,0.9457831047731248,,4.29
174605,"Sausage, chicken, beef, pork, skinless, smoked",Sausages and Luncheon Meats,215.5,13.6,14.3,8.1,1.760758600649889,,5.99
174606,"Sausage, turkey, hot, smoked",Sausages and Luncheon Meats,157.5,15.05,8.75,4.65,0.8927025754932273,,3.29
174607,"Kielbasa, Polish, turkey and beef, smoked",Sausages and Luncheon Meats,226.4,13.1,17.6,3.9,1.0053079155630418,,3.99
174608,"Chicken breast, roll, oven-roasted",Sausages and Luncheon Meats,134.4,14.59,7.65,1.79,2.891205095510252,,4.59
174609,"Bologna, pork and turkey, lite",Sausages and Luncheon Meats,210.6,13.06,16.06,3.45,0.8201196153277446,,2.79
174610,"Bologna, pork, turkey and beef",Sausages and Luncheon Meats,336.1,11.56,29.25,6.66,,,
174611,"Ham, honey, smoked, cooked",Sausages and Luncheon Meats,122.1,17.93,2.37,7.27,1.9557452236489585,,4.99
174612,"Turkey, breast, smoked, lemon pepper flavor, 97% fat-free",Sausages and Luncheon Meats,95.0,20.9,0.69,1.31,1.0280890159888125,3 lbs,13.99
174613,"Turkey, white, rotisserie, deli cut",Sausages and Luncheon Meats,111.8,13.5,3.0,7.7,1.2103378193949779,,5.49
174614,"Frankfurter, beef, heated",Sausages and Luncheon Meats,321.6,11.69,29.36,2.66,1.760758600649889,,5.99
174615,"Frankfurter, meat, heated",Sausages and Luncheon Meats,277.5,9.77,24.31,4.9,,10 ct,3.49
174616,"Sausage, breakfast sausage, beef, pre-cooked, unprepared",Sausages and Luncheon Meats,324.0,12.9,28.22,4.61,1.1140692982409146,,3.79
174617,"Sausage, turkey, fresh, raw",Sausages and Luncheon Meats,149.8,18.79,8.08,0.47,0.8927025754932273,,3.29
174618,"Sausage, beef, fresh, cooked",Sausages and Luncheon Meats,326.1,18.21,27.98,0.35,0.9670944567843297,,3.29
174619,"Cereals ready-to-eat, MALT-O-MEAL, COCO-ROOS",Breakfast Cereals,402.1,3.41,4.61,86.75,,15 ounces,4.29
174620,"Cereals ready-to-eat, QUAKER, QUAKER OAT CINNAMON LIFE",Breakfast Cereals,389.5,9.14,4.1,79.02,0.9898755572101003,,4.49
174621,"Cereals ready-to-eat, QUAKER, HONEY GRAHAM OH!S",Breakfast Cereals,419.0,3.92,7.63,83.65,0.9898755572101003,,4.49
174622,"Cereals ready-to-eat, QUAKER, Oatmeal Squares",Breakfast Cereals,400.1,11.38,4.83,77.77,0.9898755572101003,,4.49
174623,"Cereals ready-to-eat, QUAKER, Oatmeal Squares, cinnamon",Breakfast Cereals,401.2,11.23,4.88,78.09,0.9898755572101003,,4.49
174624,"Cereals, QUAKER, Instant Oatmeal, fruit and cream variety, dry",Breakfast Cereals,392.2,8.3,6.37,75.42,1.0230912615251746,,6.99
174625,"Cereals, QUAKER, Instant Oatmeal, raisins, dates and walnuts, dry",Breakfast Cereals,387.7,8.82,6.98,72.41,1.0230912615251746,,6.99
174626,"Cereals, QUAKER, Oat Bran, QUAKER/MOTHER'S Oat Bran, dry",Breakfast Cereals,391.6,17.03,7.97,62.94,1.0230912615251746,,6.99
174627,"Cereals, QUAKER, Oat Bran, QUAKER/MOTHER'S Oat Bran, prepared with water, no salt",Breakfast Cereals,46.6,2.03,0.95,7.49,1.0230912615251746,,6.99
174628,"Cereals ready-to-eat, Post, Waffle Crisp",Breakfast Cereals,403.4,6.6,5.0,83.0,1.1489233320720476,,3.99
174629,"Cereals, QUAKER, hominy grits, white, quick, dry",Breakfast Cereals,364.4,8.8,1.2,79.6,1.0230912615251746,,6.99
174630,"Cereals, QUAKER, hominy grits, white, regular, dry",Breakfast Cereals,366.4,8.8,1.6,79.2,1.0230912615251746,,6.99
174631,"Cereals ready-to-eat, MALT-O-MEAL, COLOSSAL CRUNCH",Breakfast Cereals,388.4,3.64,5.28,81.59,,15 ounces,4.29
174632,"Cereals ready-to-eat, QUAKER, MOTHER'S Cinnamon Oat Crunch",Breakfast Cereals,402.6,10.6,4.56,79.79,0.9898755572101003,,4.49
174633,"Cereals ready-to-eat, QUAKER, MOTHER'S GRAHAM BUMPERS",Breakfast Cereals,386.8,4.55,1.45,88.89,0.9898755572101003,,4.49
174634,"Cereals ready-to-eat, QUAKER, MOTHER'S COCOA BUMPERS",Breakfast Cereals,391.0,4.21,1.61,89.91,0.9898755572101003,,4.49
174635,"Cereals ready-to-eat, SUN COUNTRY, KRETSCHMER Toasted Wheat Bran",Breakfast Cereals,354.7,17.56,5.16,59.51,,,
174636,"Cereals, QUAKER, Instant Oatmeal, Cinnamon-Spice, dry",Breakfast Cereals,385.5,10.39,5.1,74.52,1.0230912615251746,,6.99
174637,"Cereals, QUAKER, Instant Oatmeal, DINOSAUR EGGS, Brown Sugar, dry",Breakfast Cereals,397.8,8.69,7.59,73.68,1.0230912615251746,,6.99
174638,"Cereals, QUAKER, Instant Oatmeal, Banana Bread, dry",Breakfast Cereals,382.3,8.97,4.85,75.7,1.0230912615251746,,6.99
174639,"Cereals ready-to-eat, UNCLE SAM CEREAL",Breakfast Cereals,431.4,15.98,11.6,65.78,1.2073773261599237,,5.99
174640,"Cereals, QUAKER, Quick Oats with Iron, Dry",Breakfast Cereals,389.4,13.7,6.87,68.18,1.0230912615251746,,6.99
174641,"Cereals, QUAKER, Whole Wheat Natural Cereal, dry",Breakfast Cereals,364.4,11.8,2.0,74.8,1.0230912615251746,,6.99
174642,"Cereals ready-to-eat, MALT-O-MEAL, Honey BUZZERS",Breakfast Cereals,387.9,3.45,1.72,89.66,,15 ounces,4.29
174643,"Cereals ready-to-eat, MALT-O-MEAL, GOLDEN PUFFS",Breakfast Cereals,390.0,5.77,0.89,89.72,,15 ounces,4.29
174644,"Cereals ready-to-eat, MOM'S BEST, Honey Nut TOASTY O'S",Breakfast Cereals,394.4,8.6,4.51,79.84,,,
174645,"Cereals ready-to-eat, MALT-O-MEAL, Apple ZINGS",Breakfast Cereals,391.6,4.51,2.71,87.3,,15 ounces,4.29
174646,"Cereals ready-to-eat, MALT-O-MEAL, CINNAMON TOASTERS",Breakfast Cereals,435.1,3.32,12.06,78.33,,15 ounces,4.29
174647,"Cereals ready-to-eat, MALT-O-MEAL, Cocoa DYNO-BITES",Breakfast Cereals,399.2,4.15,3.43,87.93,,15 ounces,4.29
174648,"Cereals ready-to-eat, RALSTON Corn Flakes",Breakfast Cereals,383.8,5.9,0.91,88.01,3.4581080554142227,,5.49
174649,"Cereals ready-to-eat, RALSTON Crispy Hexagons",Breakfast Cereals,379.4,5.94,0.95,86.78,,,
174650,Milk and cereal bar,Snacks,412.9,6.47,10.98,72.05,3.953623235182138,1 pk,2.69
174651,"Cereals, MALT-O-MEAL, original, plain, prepared with water, without salt",Breakfast Cereals,47.8,1.67,0.09,10.09,,30 ounces,5.99
174652,"Cereals ready-to-eat, QUAKER, Christmas Crunch",Breakfast Cereals,404.9,4.44,4.83,85.92,0.9898755572101003,,4.49
174653,"Cereals ready-to-eat, POST SELECTS Maple Pecan Crunch",Breakfast Cereals,421.9,8.5,8.7,77.4,1.1662453669580024,,5.29
174654,"Cereals ready-to-eat, NATURE'S PATH, Organic FLAX PLUS, Pumpkin Granola",Breakfast Cereals,474.3,11.23,18.33,66.1,,,
174655,"Cereals, CREAM OF WHEAT, 2 1/2 minute cook time, dry",Breakfast Cereals,346.3,11.61,1.41,71.79,0.8994860297143006,,4.59
174656,"Incaparina, dry mix (corn and soy flours), unprepared",Breakfast Cereals,379.3,21.75,5.58,60.53,0.2364457761932812,4 lb,4.29
174657,"Cereals ready-to-eat, QUAKER, CAP'N CRUNCH'S Halloween Crunch",Breakfast Cereals,409.1,4.41,5.66,85.14,0.9898755572101003,,4.49
174658,"Cereals ready-to-eat, QUAKER, Natural Granola Apple Cranberry Almond",Breakfast Cereals,435.3,9.21,11.06,74.73,,,
174659,"Cereals ready-to-eat, QUAKER, Maple Brown Sugar LIFE Cereal",Breakfast Cereals,388.7,9.17,4.06,78.86,,,
174660,"Cereals, QUAKER, Instant Oatmeal Organic, Regular",Breakfast Cereals,388.7,16.0,6.3,67.0,1.0230912615251746,,6.99
174661,"Cereals, QUAKER, Instant Oatmeal, fruit and cream, variety of flavors, reduced sugar",Breakfast Cereals,394.1,10.16,7.46,71.57,1.0230912615251746,,6.99
174662,"Cereals, QUAKER, Instant Oatmeal, Apple and Cinnamon, reduced sugar",Breakfast Cereals,380.6,10.29,5.64,72.17,1.0230912615251746,,6.99
174663,"Cereals ready-to-eat, POST, HONEY BUNCHES OF OATS, pecan bunches",Breakfast Cereals,404.6,7.0,5.4,82.0,,,
174664,"Cereals ready-to-eat, MALT-O-MEAL, CHOCOLATE MARSHMALLOW MATEYS",Breakfast Cereals,399.8,3.5,3.67,88.18,,15 ounces,4.29
174665,"Figs, dried, uncooked",Fruits and Fruit Juices,277.0,3.3,0.93,63.87,11.45521914312624,,12.99
174666,"Figs, dried, stewed",Fruits and Fruit Juices,119.6,1.42,0.4,27.57,11.45521914312624,,12.99
174667,"Fruit cocktail, (peach and pineapple and pear and grape and cherry), canned, water pack, solids and liquids",Fruits and Fruit Juices,36.2,0.42,0.05,8.51,,,
174668,"Fruit cocktail, (peach and pineapple and pear and grape and cherry), canned, juice pack, solids and liquids",Fruits and Fruit Juices,49.4,0.46,0.01,11.86,,,
174669,"Fruit salad, (peach and pear and apricot and pineapple and cherry), canned, water pack, solids and liquids",Fruits and Fruit Juices,33.5,0.35,0.07,7.87,,,
174670,"Fruit salad, (peach and pear and apricot and pineapple and cherry), canned, juice pack, solids and liquids",Fruits and Fruit Juices,54.5,0.51,0.03,13.05,,,
174671,"Fruit salad, (peach and pear and apricot and pineapple and cherry), canned, light syrup, solids and liquids",Fruits and Fruit Juices,62.6,0.34,0.07,15.14,,,
174672,"Fruit salad, (peach and pear and apricot and pineapple and cherry), canned, extra heavy syrup, solids and liquids",Fruits and Fruit Juices,92.9,0.33,0.06,22.77,,,
174673,"Grapefruit, raw, pink and red, all areas",Fruits and Fruit Juices,47.0,0.77,0.14,10.66,,1 each,1.5
174674,"Grapefruit, raw, pink and red, California and Arizona",Fruits and Fruit Juices,41.7,0.5,0.1,9.69,,,
174675,"Grapefruit, raw, pink and red, Florida",Fruits and Fruit Juices,33.1,0.55,0.1,7.5,,,
174676,"Grapefruit, raw, white, all areas",Fruits and Fruit Juices,37.3,0.69,0.1,8.41,,,
174677,"Grapefruit, raw, white, California",Fruits and Fruit Juices,40.8,0.88,0.1,9.09,,,
174678,"Grapefruit juice, white, canned or bottled, unsweetened",Fruits and Fruit Juices,38.3,0.55,0.66,7.54,0.6602844752437084,,5.99
174679,"Grapefruit juice, white, canned, sweetened",Fruits and Fruit Juices,47.7,0.58,0.09,11.13,0.6602844752437084,,5.99
174680,"Grapefruit juice, white, frozen concentrate, unsweetened, undiluted",Fruits and Fruit Juices,150.4,1.97,0.48,34.56,0.6602844752437084,,5.99
174681,"Grapefruit juice, white, frozen concentrate, unsweetened, diluted with 3 volume water",Fruits and Fruit Juices,42.3,0.55,0.13,9.73,0.6602844752437084,,5.99
174682,"Grapes, american type (slip skin), raw",Fruits and Fruit Juices,74.3,0.63,0.35,17.15,,,
174683,"Grapes, red or green (European type, such as Thompson seedless), raw",Fruits and Fruit Juices,76.7,0.72,0.16,18.1,1.100106688302539,1 lb,4.99
174684,"Grapes, canned, thompson seedless, water pack, solids and liquids",Fruits and Fruit Juices,44.2,0.5,0.11,10.3,2.9365573323025695,4 pk,9.99
174685,"Grapes, canned, thompson seedless, heavy syrup pack, solids and liquids",Fruits and Fruit Juices,81.4,0.48,0.1,19.65,2.9365573323025695,4 pk,9.99
174686,"Guava sauce, cooked",Fruits and Fruit Juices,40.5,0.32,0.14,9.48,,,
174687,"Jackfruit, raw",Fruits and Fruit Juices,105.6,1.72,0.64,23.25,,,
174688,"Beef, top loin filet, boneless, separable lean only, trimmed to 1/8"" fat, all grades, cooked, grilled",Beef Products,195.4,29.33,8.54,0.3,0.907785785467143,1.7 lb,7.0
174689,"Beef, top loin filet, boneless, separable lean only, trimmed to 1/8"" fat, choice, cooked, grilled",Beef Products,202.7,28.99,9.48,0.36,0.907785785467143,1.7 lb,7.0
174690,"Beef, top loin filet, boneless, separable lean only, trimmed to 1/8"" fat, select, cooked, grilled",Beef Products,184.3,29.85,7.12,0.2,0.907785785467143,1.7 lb,7.0
174691,"Beef, top loin petite roast/filet, boneless, separable lean only, trimmed to 1/8"" fat, choice, raw",Beef Products,149.2,22.5,6.48,0.23,,,
174692,"Beef, top loin petite roast/filet, boneless, separable lean only, trimmed to 1/8"" fat, select, raw",Beef Products,135.0,22.77,4.88,0.0,3.525191572336192,1 lb,15.99
174693,"Beef, loin, top sirloin filet, boneless, separable lean only, trimmed to 0"" fat, all grades, cooked, grilled",Beef Products,170.6,30.58,5.37,0.0,1.5321168690274276,,9.99
174694,"Beef, loin, top sirloin filet, boneless, separable lean only, trimmed to 0"" fat, choice, cooked, grilled",Beef Products,174.3,30.45,5.83,0.0,1.5321168690274276,,9.99
174695,"Beef, loin, top sirloin petite roast/filet, boneless, separable lean only, trimmed to 0"" fat, select, raw",Beef Products,122.4,23.05,3.35,0.0,1.5321168690274276,,9.99
174696,"Beef, ribeye  petite roast/filet, boneless, separable lean only, trimmed to 0"" fat, all grades, raw",Beef Products,132.7,22.66,4.66,0.04,2.86380478578156,1 lb,12.99
174697,"Beef, ribeye  petite roast/filet, boneless, separable lean only, trimmed to 0"" fat, choice, raw",Beef Products,138.4,22.52,5.29,0.18,2.86380478578156,1 lb,12.99
174698,"Beef, ribeye  petite roast/filet, boneless, separable lean only, trimmed to 0"" fat, select, raw",Beef Products,125.0,22.89,3.72,0.0,2.86380478578156,1 lb,12.99
174699,"Beef, ribeye cap steak, boneless, separable lean only, trimmed to 0"" fat, choice, raw",Beef Products,187.4,19.46,11.4,1.75,4.847965145445458,1 lb,21.99
174700,"Beef, ribeye cap steak, boneless, separable lean only, trimmed to 0"" fat, select, raw",Beef Products,169.3,20.05,9.39,1.15,4.847965145445458,1 lb,21.99
174701,"Beef, ribeye filet, boneless, separable lean only, trimmed to 0"" fat, all grades, cooked, grilled",Beef Products,198.6,28.77,9.2,0.17,,,
174702,"Beef, ribeye filet, boneless, separable lean only, trimmed to 0"" fat, choice, cooked, grilled",Beef Products,207.8,28.35,10.26,0.51,4.847965145445458,1 lb,21.99
174703,"Beef, ribeye filet, boneless, separable lean only, trimmed to 0"" fat, select, cooked, grilled",Beef Products,186.0,29.39,7.61,0.0,4.847965145445458,1 lb,21.99
174704,"Beef, loin, top sirloin cap steak, boneless, separable lean and fat, trimmed to 1/8"" fat, choice, cooked, grilled",Beef Products,238.3,26.3,14.3,1.1,1.5321168690274276,,9.99
174705,"Beef, loin, top sirloin cap steak, boneless, separable lean and fat, trimmed to 1/8"" fat, select, cooked, grilled",Beef Products,248.5,25.5,16.1,0.4,1.5321168690274276,,9.99
174706,"Beef, loin, top sirloin cap steak, boneless, separable lean and fat, trimmed to 1/8"" fat, all grades, raw",Beef Products,191.2,19.9,12.4,0.0,1.5321168690274276,,9.99
174707,"Beef, loin, top sirloin cap steak, boneless, separable lean and fat, trimmed to 1/8"" fat, choice, raw",Beef Products,199.4,19.7,13.4,0.0,1.5321168690274276,,9.99
174708,"Beef, top loin petite roast, boneless, separable lean and fat, trimmed to 1/8"" fat, all grades, cooked, roasted",Beef Products,228.1,27.0,12.9,1.0,2.643342523596682,1 lb,11.99
174709,"Beef, top loin petite roast, boneless, separable lean and fat, trimmed to 1/8"" fat, choice, cooked, roasted",Beef Products,238.5,26.8,14.1,1.1,2.643342523596682,1 lb,11.99
174710,"Beef, top loin petite roast, boneless, separable lean and fat, trimmed to 1/8"" fat, select, cooked, roasted",Beef Products,212.8,27.1,11.2,0.9,2.643342523596682,1 lb,11.99
174711,"Beef, top loin petite roast/filet, boneless, separable lean and fat, trimmed to 1/8"" fat, all grades, raw",Beef Products,187.3,21.1,11.3,0.3,3.525191572336192,1 lb,15.99
174712,"Beef, loin, top loin steak, boneless, lip-on, separable lean and fat, trimmed to 1/8"" fat, choice, cooked, grilled",Beef Products,275.5,25.69,19.19,0.0,1.5321168690274276,,9.99
174713,"Beef, loin, top loin steak, boneless, lip-on, separable lean and fat, trimmed to 1/8"" fat, select, cooked, grilled",Beef Products,246.6,26.92,15.44,0.0,1.5321168690274276,,9.99
174714,"Beef, loin, top loin steak, boneless, lip-on, separable lean and fat, trimmed to 1/8"" fat, all grades, cooked, grilled",Beef Products,263.9,26.18,17.69,0.0,1.5321168690274276,,9.99
174715,"Beef, New Zealand, imported, bolar blade, separable lean only, cooked, fast roasted",Beef Products,193.2,33.53,6.57,0.0,,750 ml,15.99
174716,"Beef, New Zealand, imported, bolar blade, separable lean only, raw",Beef Products,128.8,22.09,4.49,0.0,,750 ml,15.99
174717,"Beef, New Zealand, imported, brisket navel end, separable lean only, cooked, braised",Beef Products,264.7,29.35,16.37,0.0,,750 ml,15.99
174718,"Beef, New Zealand, imported, brisket navel end, separable lean only, raw",Beef Products,193.7,19.74,12.75,0.0,,750 ml,15.99
174719,"Beef, New Zealand, imported, cube roll, separable lean only, cooked, fast roasted",Beef Products,239.3,30.09,13.22,0.0,,750 ml,15.99
174720,"Beef, New Zealand, imported, cube roll, separable lean only, raw",Beef Products,161.2,19.77,8.51,1.38,,750 ml,15.99
174721,"Beef, New Zealand, imported, eye round, separable lean only, cooked, slow roasted",Beef Products,163.5,29.68,4.98,0.0,,,
174722,"Beef, New Zealand, imported, eye round, separable lean only, raw",Beef Products,116.2,20.15,3.35,1.35,,750 ml,15.99
174723,"Beef, New Zealand, imported, variety meats and by-products, heart, raw",Beef Products,104.7,18.52,3.4,0.0,,750 ml,15.99
174724,"Beef, New Zealand, imported, hind shin, separable lean only, cooked, braised",Beef Products,166.7,31.23,4.64,0.0,,750 ml,15.99
174725,"Beef, New Zealand, imported, hind shin, separable lean only, raw",Beef Products,113.9,21.46,3.12,0.0,,750 ml,15.99
174726,"Beef, New Zealand, imported, inside, raw",Beef Products,128.3,22.16,4.36,0.1,,750 ml,15.99
174727,"Beef, New Zealand, imported, variety meats and by-products, kidney, raw",Beef Products,86.5,15.68,2.64,0.0,,750 ml,15.99
174728,"Beef, New Zealand, imported, variety meats and by-products liver, cooked, boiled",Beef Products,150.4,23.3,4.68,3.78,,750 ml,15.99
174729,"Beef, New Zealand, imported, variety meats and by-products, liver, raw",Beef Products,132.8,20.5,4.05,3.6,,750 ml,15.99
174730,"Beef, New Zealand, imported, manufacturing beef, cooked, boiled",Beef Products,126.2,24.21,3.26,0.0,,750 ml,15.99
174731,"Beef, New Zealand, imported, ribs prepared, raw",Beef Products,146.3,21.31,6.78,0.0,,750 ml,15.99
174732,"Beef, New Zealand, imported, rump centre, separable lean only, cooked, fast fried",Beef Products,188.0,30.17,7.48,0.0,,750 ml,15.99
174733,"Beef, New Zealand, imported, striploin, separable lean only, cooked, fast fried",Beef Products,216.7,28.53,11.4,0.0,,750 ml,15.99
174734,"Beef, New Zealand, imported, striploin, separable lean only, raw",Beef Products,149.7,20.93,7.0,0.74,,750 ml,15.99
174735,"Beef, New Zealand, imported, oyster blade, separable lean and fat, raw",Beef Products,177.9,21.27,10.31,0.0,,750 ml,15.99
174736,"Beef, New Zealand, imported, tenderloin, separable lean only, raw",Beef Products,139.7,21.19,6.1,0.0,,750 ml,15.99
174737,"Beef, New Zealand, imported, variety meats and by-products, tongue, cooked, boiled",Beef Products,271.0,18.31,20.34,3.68,,750 ml,15.99
174738,"Beef, New Zealand, imported, variety meats and by-products, tongue, raw",Beef Products,242.9,17.77,19.09,0.0,,750 ml,15.99
174739,"Beef, New Zealand, imported, brisket navel end, separable lean and fat, cooked, braised",Beef Products,452.5,20.14,41.33,0.0,,,
174740,"Beef, New Zealand, imported, brisket navel end, separable lean and fat, raw",Beef Products,344.7,15.81,31.27,0.0,,750 ml,15.99
174741,"Beef, New Zealand, imported, brisket point end, separable lean and fat, cooked, braised",Beef Products,250.2,31.94,13.6,0.0,,,
174742,"Beef, New Zealand, imported, brisket point end, separable lean and fat, raw",Beef Products,163.3,20.05,9.23,0.0,,750 ml,15.99
174743,"Beef, New Zealand, imported, eye round, separable lean and fat, cooked, slow roasted",Beef Products,168.1,29.49,5.57,0.0,,750 ml,15.99
174744,"Beef, New Zealand, imported, eye round, separable lean and fat, raw",Beef Products,129.1,19.88,4.92,1.32,,750 ml,15.99
174745,"Beef, New Zealand, imported, flank, separable lean and fat, cooked, braised",Beef Products,208.1,30.13,9.73,0.0,,,
174746,"Beef, New Zealand, imported, flank, separable lean and fat, raw",Beef Products,160.6,20.12,8.9,0.0,,750 ml,15.99
174747,"Beef, New Zealand, imported, flat, separable lean and fat, cooked, braised",Beef Products,251.6,31.86,13.79,0.0,,750 ml,15.99
174748,"Beef, New Zealand, imported, rump centre, separable lean and fat, cooked, fast fried",Beef Products,191.7,30.01,7.96,0.0,,750 ml,15.99
174749,"Beef, New Zealand, imported, rump centre, separable lean only, raw",Beef Products,141.4,21.74,6.05,0.0,,750 ml,15.99
174750,"Beef, New Zealand, imported, rump centre, separable lean and fat, raw",Beef Products,145.1,21.65,6.5,0.0,,750 ml,15.99
174751,"Beef, New Zealand, imported, striploin, separable lean and fat, cooked, fast fried",Beef Products,300.6,24.89,22.33,0.02,,750 ml,15.99
174752,"Beef, ground, 93% lean meat / 7% fat, patty, cooked, broiled",Beef Products,185.3,26.22,8.94,0.0,2.092186868134488,1 lb,9.49
174753,"Beef, ground, 93% lean meat /7% fat, patty, cooked, pan-broiled",Beef Products,174.6,25.56,8.01,0.06,2.092186868134488,1 lb,9.49
174754,"Beef, ground, 93% lean meat / 7% fat, loaf, cooked, baked",Beef Products,184.0,27.03,8.43,0.0,2.092186868134488,1 lb,9.49
174755,"Beef, ground, 93% lean meat / 7% fat, crumbles, cooked, pan-browned",Beef Products,201.1,28.88,9.51,0.0,2.092186868134488,1 lb,9.49
174756,"Beef, ground, 97% lean meat / 3% fat, crumbles, cooked, pan-browned",Beef Products,167.0,29.46,5.46,0.0,2.092186868134488,1 lb,9.49
174757,"Beef, composite of trimmed retail cuts, separable lean and fat, trimmed to 0"" fat, all grades, raw",Beef Products,167.5,20.95,9.3,0.0,,,
174758,"Beef, composite of trimmed retail cuts, separable lean only, trimmed to 1/8"" fat, all grades, raw",Beef Products,137.0,22.15,5.38,0.0,,,
174759,"Beef, composite of trimmed retail cuts, separable lean only, trimmed to 1/8"" fat, all grades, cooked",Beef Products,189.2,28.95,8.15,0.0,,,
174760,"Beef, composite of trimmed retail cuts, separable lean only, trimmed to 0"" fat, all grades, raw",Beef Products,138.5,22.15,5.54,0.0,,,
174761,"Beef, rib, small end (ribs 10-12), separable lean only, trimmed to 1/8"" fat, choice, raw",Beef Products,141.7,22.12,5.91,0.0,1.9819557370420493,1 lb,8.99
174762,"Beef, tenderloin, steak, separable lean only, trimmed to 1/8"" fat, choice, raw",Beef Products,152.3,22.17,7.07,0.0,4.115295560784381,,7.0
174763,"Beef, top sirloin, steak, separable lean only, trimmed to 1/8"" fat, choice, raw",Beef Products,129.2,21.91,4.62,0.0,4.404835998453854,,9.99
174764,"Beef, rib, small end (ribs 10-12), separable lean only, trimmed to 1/8""fat, choice, cooked, broiled",Beef Products,194.6,28.29,9.05,0.0,1.9819557370420493,1 lb,8.99
174765,"Beef, chuck, arm pot roast, separable lean only, trimmed to 1/8"" fat, select, raw",Beef Products,118.9,22.26,3.32,0.0,2.86380478578156,1 lb,12.99
174766,"Beef, brisket, flat half, separable lean only, trimmed to 1/8"" fat, select, raw",Beef Products,118.3,21.45,3.61,0.0,1.5410312126722943,1 lb,6.99
174767,"Beef, chuck, arm pot roast, separable lean only, trimmed to 1/8"" fat, select, cooked, braised",Beef Products,195.6,34.6,6.35,0.0,2.86380478578156,1 lb,12.99
174768,"Beef, brisket, flat half, separable lean only, trimmed to 1/8"" fat, select, cooked, braised",Beef Products,179.6,33.18,5.21,0.0,1.5410312126722943,1 lb,6.99
174769,"Beef, variety meats and by-products, tripe, cooked, simmered",Beef Products,91.2,11.71,4.05,1.99,,,
174770,"Beef, bottom sirloin, tri-tip roast, separable lean only, trimmed to 0"" fat, all grades, raw",Beef Products,135.7,21.26,5.63,0.0,3.525191572336192,1 lb,15.99
174771,"Beef, bottom sirloin, tri-tip roast, separable lean only, trimmed to 0"" fat, choice, cooked, roasted",Beef Products,192.9,26.34,9.73,0.0,3.525191572336192,1 lb,15.99
174772,"Beef, bottom sirloin, tri-tip roast, separable lean only, trimmed to 0"" fat, choice, raw",Beef Products,148.2,21.17,7.06,0.0,3.525191572336192,1 lb,15.99
174773,"Beef, bottom sirloin, tri-tip roast, separable lean only, trimmed to 0"" fat, select, cooked, roasted",Beef Products,171.2,27.17,6.95,0.0,3.525191572336192,1 lb,15.99
174774,"Beef, flank, steak, separable lean only, trimmed to 0"" fat, all grades, cooked, broiled",Beef Products,178.2,27.89,7.4,0.0,3.084267047966437,1 lb,13.99
174775,"Beef, flank, steak, separable lean only, trimmed to 0"" fat, select, cooked, broiled",Beef Products,170.2,27.96,6.48,0.0,3.084267047966437,1 lb,13.99
174776,"Beef, flank, steak, separable lean only, trimmed to 0"" fat, all grades, raw",Beef Products,135.5,21.57,5.47,0.0,3.084267047966437,1 lb,13.99
174777,"Beef, flank, steak, separable lean only, trimmed to 0"" fat, select, raw",Beef Products,130.7,21.43,5.0,0.0,3.084267047966437,1 lb,13.99
174778,"Snacks, popcorn, microwave, low fat",Snacks,423.9,12.6,9.5,72.0,,18 ct,14.49
174779,"Snacks, candy rolls, yogurt-covered, fruit flavored with high vitamin C",Snacks,359.2,0.46,6.53,74.64,4.642053392564782,,3.29
174780,"Formulated bar, MARS SNACKFOOD US, SNICKERS MARATHON Chewy Chocolate Peanut Bar",Snacks,404.2,24.29,13.12,47.24,,,
174781,"Formulated bar, MARS SNACKFOOD US, SNICKERS MARATHON MULTIGRAIN CRUNCH BAR",Snacks,421.7,18.49,13.18,57.27,,,
174782,"Formulated bar, MARS SNACKFOOD US, COCOAVIA, Chocolate Almond Snack Bar",Snacks,365.3,7.72,14.19,51.68,,,
174783,"Snacks, sweet potato chips, unsalted",Snacks,530.2,2.94,32.35,56.82,1.8753989769860253,,3.19
174784,"Snacks, FRITOLAY, SUNCHIPS, Multigrain Snack, original flavor",Snacks,490.8,7.95,21.11,67.26,38.76608418258887,18 ct,10.99
174785,"Snacks, popcorn, microwave, regular (butter) flavor, made with partially hydrogenated oil",Snacks,556.8,7.5,34.02,55.16,,18 ct,14.49
174786,"Formulated bar, MARS SNACKFOOD US, SNICKERS MARATHON Protein Performance Bar, Caramel Nut Rush",Snacks,414.5,25.0,12.5,50.5,,,
174787,"Formulated bar, LUNA BAR, NUTZ OVER CHOCOLATE",Snacks,402.7,20.75,12.19,52.49,,,
174788,"Snacks, FRITOLAY, SUNCHIPS, multigrain, French onion flavor",Snacks,496.0,8.68,22.15,65.49,38.76608418258887,18 ct,10.99
174789,"Snacks, FRITOLAY, SUNCHIPS, Multigrain Snack, Harvest Cheddar flavor",Snacks,491.1,8.08,22.22,64.7,38.76608418258887,18 ct,10.99
174790,"Pretzels, soft, unsalted",Snacks,344.9,8.2,3.1,71.04,1.3205689504874167,,5.99
174791,"Snacks, vegetable chips, HAIN CELESTIAL GROUP, TERRA CHIPS",Snacks,516.7,4.13,29.81,57.97,1.8753989769860253,,3.19
174792,"Formulated bar, ZONE PERFECT CLASSIC CRUNCH BAR, mixed flavors",Snacks,426.0,30.0,14.0,45.0,,4 ct,10.49
174793,"Snacks, granola bar, KASHI GOLEAN, chewy, mixed flavors",Snacks,389.6,16.67,7.69,63.42,10.258843933669636,6 ct,3.49
174794,"Snacks, granola bar, KASHI TLC Bar, chewy, mixed flavors",Snacks,428.7,18.57,15.71,53.26,10.258843933669636,6 ct,3.49
174795,"Snacks, granola bars, QUAKER OATMEAL TO GO, all flavors",Snacks,388.6,6.67,6.67,75.47,10.258843933669636,6 ct,3.49
174796,"Snacks, vegetable chips, made from garden vegetables",Snacks,472.7,5.32,23.3,60.43,1.8753989769860253,,3.19
174797,"Snacks, granola bar, KASHI TLC Bar, crunchy, mixed flavors",Snacks,446.1,15.0,15.0,62.78,10.258843933669636,6 ct,3.49
174798,"Snacks, candy bits, yogurt covered with vitamin C",Snacks,415.1,0.0,7.5,86.9,,,
174799,"Snacks, CLIF BAR, mixed flavors",Snacks,373.5,14.71,5.88,65.44,,10 ct,8.49
174800,"Snacks, granola bar, QUAKER, chewy, 90 Calorie Bar",Snacks,408.3,4.17,8.33,79.17,10.258843933669636,6 ct,3.49
174801,"Snacks, granola bar, GENERAL MILLS NATURE VALLEY, SWEET&SALTY NUT, peanut",Snacks,486.9,9.14,22.86,61.14,10.258843933669636,6 ct,3.49
174802,"Snacks, granola bar, GENERAL MILLS, NATURE VALLEY, with yogurt coating",Snacks,422.9,5.71,11.43,74.29,10.258843933669636,6 ct,3.49
174803,"Snack, Mixed Berry Bar",Snacks,382.8,13.16,10.53,58.84,,4 ct,6.49
174804,"Snacks, potato chips, made from dried potatoes (preformed), multigrain",Snacks,505.2,5.3,24.74,65.34,1.5969484591719132,,2.49
174805,"Snacks, potato chips, lightly salted",Snacks,559.6,6.72,35.39,53.54,1.5969484591719132,,2.49
174806,"Snacks, Pretzels, gluten- free made with cornstarch and potato flour",Snacks,388.6,3.52,6.67,78.62,2.1517116789244053,,5.49
174807,"Soup, egg drop, Chinese restaurant","Soups, Sauces, and Gravies",27.3,1.16,0.61,4.29,5.255820330487482,,1.49
174808,"Soup, hot and sour, Chinese restaurant","Soups, Sauces, and Gravies",38.6,2.58,1.21,4.35,3.9222539779757324,,1.49
174809,"Beverages, THE COCA-COLA COMPANY, NOS Zero, energy drink, sugar-free with guarana, fortified with vitamins B6 and B12",Beverages,4.1,0.0,0.0,1.03,4.70025542978159,24 pk,15.99
174810,"Alcoholic beverage, whiskey sour, canned",Beverages,53.6,0.0,0.0,13.4,,,
174811,"Beverages, Whiskey sour mix, bottled",Beverages,86.9,0.1,0.1,21.4,0.5952481078991694,,9.99
174812,"Alcoholic beverage, whiskey sour, prepared from item 14028",Beverages,52.1,0.06,0.06,12.82,1.466808917736719,,4.99
174813,"Beverages, ABBOTT, EAS soy protein powder",Beverages,398.4,47.62,3.57,43.94,2.6396681525602674,8 pk,4.49
174814,"Beverages, CYTOSPORT, Muscle Milk, ready-to-drink",Beverages,52.1,5.87,2.17,2.28,,,
174815,"Alcoholic beverage, distilled, all (gin, rum, vodka, whiskey) 80 proof",Beverages,0.0,0.0,0.0,0.0,,,
174816,"Beverages, OCEAN SPRAY, Cran-Energy, Cranberry Energy Juice Drink",Beverages,15.0,0.0,0.0,3.75,0.2088879934201715,,3.79
174817,"Alcoholic beverage, distilled, rum, 80 proof",Beverages,0.0,0.0,0.0,0.0,,,
174818,"Alcoholic beverage, distilled, vodka, 80 proof",Beverages,0.0,0.0,0.0,0.0,,187 ml,4.99
174819,"Alcoholic beverage, distilled, whiskey, 86 proof",Beverages,0.4,0.0,0.0,0.1,,,
174820,"Beverages, almond milk, chocolate, ready-to-drink",Beverages,51.3,0.63,1.25,9.38,0.9012913899715626,,6.49
174821,"Beverages, Energy Drink with carbonated water and high fructose corn syrup",Beverages,61.7,0.42,0.0,15.0,,,
174822,"Beverages, Energy Drink, sugar free",Beverages,3.4,0.42,0.0,0.42,0.6804461047048093,,2.99
174823,"Beverages, ABBOTT, ENSURE, Nutritional Shake, Ready-to-Drink",Beverages,105.5,3.8,2.53,16.88,2.6396681525602674,8 pk,4.49
174824,"Beverages, chocolate powder, no sugar added",Beverages,350.1,9.09,4.5,68.31,1.2483480150950799,,4.99
174825,"Beverages, ZEVIA, cola",Beverages,4.5,0.0,0.0,1.13,1.907733442106474,6 pk,6.49
174826,"Beverages, ZEVIA, cola, caffeine free",Beverages,4.5,0.0,0.0,1.13,1.907733442106474,6 pk,6.49
174827,"Beverages, GEROLSTEINER BRUNNEN GmbH & Co. KG,Gerolsteiner naturally sparkling mineral water,",Beverages,0.0,0.0,0.0,0.0,,,
174828,"Beverages, yellow green colored citrus soft drink with caffeine",Beverages,51.3,0.0,0.0,12.83,,,
174829,"Beverages, V8 SPLASH Smoothies, Strawberry Banana",Beverages,37.5,1.22,0.0,8.16,0.1372377582100863,,2.49
174830,"Beverages, V8 SPLASH Smoothies, Tropical Colada",Beverages,39.0,1.22,0.0,8.54,0.1372377582100863,,2.49
174831,"Beverages, Coconut water, ready-to-drink, unsweetened",Beverages,17.8,0.22,0.0,4.24,0.625121396680434,,5.99
174832,"Beverages, almond milk, unsweetened, shelf stable",Beverages,15.5,0.4,0.96,1.31,0.9012913899715626,,6.49
174833,"Alcoholic Beverage, wine, table, red, Cabernet Sauvignon",Beverages,10.7,0.07,0.0,2.6,0.8327994566794429,,3.99
174834,"Alcoholic Beverage, wine, table, red, Cabernet Franc",Beverages,10.1,0.07,0.0,2.45,0.8327994566794429,,3.99
174835,"Alcoholic Beverage, wine, table, red, Pinot Noir",Beverages,9.5,0.07,0.0,2.31,0.8327994566794429,,3.99
174836,"Alcoholic Beverage, wine, table, red, Syrah",Beverages,10.6,0.07,0.0,2.58,0.8327994566794429,,3.99
174837,"Alcoholic beverage, wine, table, white",Beverages,10.7,0.07,0.0,2.6,0.8327994566794429,,3.99
174838,"Alcoholic Beverage, wine, table, red, Lemberger",Beverages,10.1,0.07,0.0,2.46,0.8327994566794429,,3.99
174839,"Alcoholic Beverage, wine, table, red, Sangiovese",Beverages,10.8,0.07,0.0,2.62,0.8327994566794429,,3.99
174840,"Alcoholic Beverage, wine, table, red, Carignane",Beverages,9.9,0.07,0.0,2.4,0.8327994566794429,,3.99
174841,"Alcoholic beverage, wine, table, white, Pinot Gris (Grigio)",Beverages,8.5,0.07,0.0,2.06,0.8327994566794429,,3.99
174842,"Beverages, carbonated, club soda",Beverages,0.0,0.0,0.0,0.0,0.6866942888409442,,3.29
174843,"Alcoholic beverage, wine, table, white, Gewurztraminer",Beverages,10.7,0.07,0.0,2.6,0.8327994566794429,,3.99
174844,"Alcoholic beverage, wine, table, white, late harvest, Gewurztraminer",Beverages,45.8,0.07,0.0,11.39,0.8327994566794429,,3.99
174845,"Alcoholic beverage, wine, table, white, Semillon",Beverages,12.8,0.07,0.0,3.12,0.8327994566794429,,3.99
174846,"Beverages, carbonated, ginger ale",Beverages,35.0,0.0,0.0,8.76,0.6866942888409442,,3.29
174847,"Beverages, NESTEA, tea, black, ready-to-drink, lemon",Beverages,36.4,0.0,0.0,9.09,2.625533550786145,,20.99
174848,"Alcoholic beverage, wine, table, white, Pinot Blanc",Beverages,8.0,0.07,0.0,1.94,0.8327994566794429,,3.99
174849,"Alcoholic beverage, wine, table, white, Muscat",Beverages,21.2,0.07,0.0,5.23,0.8327994566794429,,3.99
174850,"Beverages, carbonated, low calorie, cola or pepper-type, with aspartame, without caffeine",Beverages,1.0,0.12,0.0,0.12,0.6866942888409442,,3.29
174851,"Beverages, carbonated, cola, without caffeine",Beverages,42.3,0.0,0.0,10.58,0.6866942888409442,,3.29
174852,"Beverages, carbonated, cola, regular",Beverages,43.7,0.0,0.25,10.36,0.6866942888409442,,3.29
174853,"Beverages, carbonated, reduced sugar, cola, contains caffeine and sweeteners",Beverages,20.6,0.0,0.0,5.16,0.6866942888409442,,3.29
174854,"Beverages, carbonated, orange",Beverages,49.2,0.0,0.0,12.3,0.6866942888409442,,3.29
174855,"Beverages, tea, black, ready-to-drink, peach, diet",Beverages,1.0,0.0,0.0,0.25,,18 ct,6.99
174856,"Beverages, OCEAN SPRAY, Ruby Red cranberry",Beverages,46.7,0.07,0.01,11.58,0.2088879934201715,,3.79
174857,"Beverages, MOTTS, Apple juice light, fortified with vitamin C",Beverages,21.3,0.0,0.1,5.1,0.2364457761932812,,4.29
174858,"Beverages, Lemonade, powder",Beverages,399.7,0.0,1.05,97.57,0.8201196153277446,,2.79
174859,"Lemonade, powder, prepared with water",Beverages,14.7,0.0,0.04,3.59,9.307226104768809,,2.19
174860,"Beverages, lemonade-flavor drink, powder",Beverages,400.7,0.0,1.01,97.9,,"12 pack, 12 fl oz cans",22.99
174861,"Beverages, lemonade-flavor drink, powder, prepared with water",Beverages,28.2,0.0,0.07,6.9,,"12 pack, 12 fl oz cans",22.99
174862,"Limeade, frozen concentrate, prepared with water",Beverages,55.2,0.0,0.0,13.79,0.5849598689972085,,1.99
174863,"Malt beverage, includes non-alcoholic beer",Beverages,34.1,0.21,0.12,8.05,,6 - 11.2 fl oz,12.99
174864,"Beverages, OVALTINE, Classic Malt powder",Beverages,373.3,0.0,0.0,93.33,2.054708283563059,,6.99
174865,"Beverages, Malted drink mix, chocolate, with added nutrients, powder, prepared with whole milk",Beverages,87.3,3.29,3.26,11.19,,,
174866,"Beverages, malted drink mix, chocolate, powder",Beverages,411.0,5.1,4.76,86.94,2.7112944717458554,4 cans,12.99
174867,"Beverages, Malted drink mix, chocolate, powder, prepared with whole milk",Beverages,87.9,3.37,3.29,11.2,2.7112944717458554,4 cans,12.99
174868,"Beverages, orange drink, canned, with added vitamin C",Beverages,50.0,0.0,0.07,12.34,0.8557769899072117,,2.79
174869,"Strawberry-flavor beverage mix, powder",Beverages,398.6,0.1,0.2,99.1,,1 ct,3.99
174870,"Beverages, Strawberry-flavor beverage mix, powder, prepared with whole milk",Beverages,89.1,3.0,3.1,12.3,,1 ct,3.99
174871,"Beverages, tea, black, brewed, prepared with tap water, decaffeinated",Beverages,1.2,0.0,0.0,0.3,,18 ct,6.99
174872,"Beverages, tea, instant, decaffeinated, unsweetened",Beverages,315.5,20.21,0.0,58.66,,18 ct,6.99
174873,"Beverages, tea, instant, unsweetened, prepared with water",Beverages,0.9,0.06,0.0,0.17,,18 ct,6.99
174874,"Lamb, New Zealand, imported, square-cut shoulder chops, separable lean and fat, cooked, braised","Lamb, Veal, and Game Products",322.1,26.79,23.86,0.05,,750 ml,17.99
174875,"Lamb, New Zealand, imported, square-cut shoulder chops, separable lean and fat, raw","Lamb, Veal, and Game Products",274.6,17.02,22.84,0.23,,750 ml,17.99
174876,"Lamb, New Zealand, imported, square-cut shoulder, separable lean and fat, cooked, slow roasted","Lamb, Veal, and Game Products",294.2,20.88,23.39,0.03,,750 ml,17.99
174877,"Lamb, New Zealand, imported, tunnel-boned leg, chump off, shank off, separable lean and fat, raw","Lamb, Veal, and Game Products",120.5,20.93,4.09,0.0,,750 ml,17.99
174878,"Lamb, New Zealand, imported, tenderloin, separable lean and fat, raw","Lamb, Veal, and Game Products",119.7,20.43,4.22,0.01,,750 ml,17.99
174879,"Veal, ground, cooked, pan-fried","Lamb, Veal, and Game Products",215.4,25.83,11.78,1.51,2.643342523596682,,11.99
174880,"Veal, leg, top round, cap off, cutlet, boneless, cooked, grilled","Lamb, Veal, and Game Products",151.2,31.89,2.63,0.0,0.24495806909430842,4.5 lb,5.0
174881,"Veal, shoulder, blade chop, separable lean only, cooked, grilled","Lamb, Veal, and Game Products",159.1,27.33,5.53,0.0,2.86380478578156,1 lb,12.99
174882,"Veal, external fat only, raw","Lamb, Veal, and Game Products",503.4,8.85,51.6,0.89,,,
174883,"Veal, external fat only, cooked","Lamb, Veal, and Game Products",540.2,15.28,53.23,0.0,,,
174884,"Veal, seam fat only, raw","Lamb, Veal, and Game Products",443.9,12.53,43.75,0.0,,,
174885,"Lamb, Australian, imported, fresh, leg, bottom, boneless, separable lean only, trimmed to 1/8"" fat, cooked, roasted","Lamb, Veal, and Game Products",189.6,28.6,8.35,0.0,,,
174886,"Lamb, Australian, imported, fresh, leg, hindshank, heel on, bone-in, separable lean only, trimmed to 1/8"" fat, cooked, braised","Lamb, Veal, and Game Products",173.6,30.73,5.63,0.0,2.86380478578156,1 lb,12.99
174887,"Lamb, Australian, imported, fresh, leg, hindshank, heel on, bone-in, separable lean only, trimmed to 1/8"" fat, raw","Lamb, Veal, and Game Products",121.7,22.49,3.53,0.0,2.86380478578156,1 lb,12.99
174888,"Lamb, Australian, imported, fresh, tenderloin, boneless, separable lean only, trimmed to 1/8"" fat, cooked, roasted","Lamb, Veal, and Game Products",184.3,30.97,6.71,0.0,2.86380478578156,1 lb,12.99
174889,"Lamb, Australian, imported, fresh, rack, roast, frenched, denuded, bone-in, separable lean only, trimmed to 0"" fat, cooked, roasted","Lamb, Veal, and Game Products",174.8,26.52,7.63,0.0,2.86380478578156,1 lb,12.99
174890,"Lamb, Australian, imported, fresh, rack, roast, frenched, bone-in, separable lean only, trimmed to 1/8"" fat, cooked, roasted","Lamb, Veal, and Game Products",243.8,28.01,14.64,0.0,2.86380478578156,1 lb,12.99
174891,"Lamb, Australian, imported, fresh, external fat, cooked","Lamb, Veal, and Game Products",538.3,16.9,52.3,0.0,,,
174892,"Lamb, Australian, imported, fresh, external fat, raw","Lamb, Veal, and Game Products",486.9,12.59,48.5,0.0,2.86380478578156,1 lb,12.99
174893,"Lamb, Australian, imported, fresh, leg, hindshank, heel on, bone-in, separable lean and fat, trimmed to 1/8"" fat, cooked, braised","Lamb, Veal, and Game Products",203.6,29.52,9.5,0.0,2.86380478578156,1 lb,12.99
174894,"Lamb, Australian, imported, fresh, leg, hindshank, heel on, bone-in, separable lean and fat, trimmed to 1/8"" fat, raw","Lamb, Veal, and Game Products",196.4,20.58,12.68,0.0,2.86380478578156,1 lb,12.99
174895,"Lamb, Australian, imported, fresh, leg, trotter off, bone-in, separable lean and fat, trimmed to 1/8"" fat, cooked, roasted","Lamb, Veal, and Game Products",225.7,30.15,11.64,0.08,2.86380478578156,1 lb,12.99
174896,"Lamb, Australian, imported, fresh, leg, trotter off, bone-in, separable lean and fat, trimmed to 1/8"" fat, raw","Lamb, Veal, and Game Products",175.4,21.95,9.73,0.0,2.86380478578156,1 lb,12.99
174897,"Lamb, Australian, imported, fresh, tenderloin, boneless, separable lean and fat, trimmed to 1/8"" fat, cooked, roasted","Lamb, Veal, and Game Products",186.7,30.87,7.02,0.0,2.86380478578156,1 lb,12.99
174898,"Lamb, Australian, imported, fresh, rib chop, frenched, denuded, bone-in, separable lean and fat, trimmed to 0"" fat, cooked, grilled","Lamb, Veal, and Game Products",276.2,30.9,16.96,0.0,2.86380478578156,1 lb,12.99
174899,"Bagels, plain, enriched, with calcium propionate (includes onion, poppy, sesame)",Baked Products,263.6,10.56,1.32,52.38,,4 ct,3.99
174900,"Bagels, plain, enriched, with calcium propionate (includes onion, poppy, sesame), toasted",Baked Products,287.0,11.14,1.43,57.39,,4 ct,3.99
174901,"Bagels, egg",Baked Products,273.3,10.6,2.1,53.0,2.0895338476912464,,6.99
174902,"Biscuits, plain or buttermilk, dry mix",Baked Products,424.2,8.0,15.4,63.4,0.4691436939294195,40 ct,3.99
174903,"Biscuits, plain or buttermilk, dry mix, prepared",Baked Products,331.7,7.3,12.1,48.4,,,
174904,"Biscuits, plain or buttermilk, refrigerated dough, lower fat",Baked Products,272.1,6.7,7.83,43.7,,,
174905,"Biscuits, plain or buttermilk, refrigerated dough, lower fat, baked",Baked Products,319.5,7.8,9.1,51.6,0.4691436939294195,40 ct,3.99
174906,"Bread, banana, prepared from recipe, made with margarine",Baked Products,330.1,4.3,10.5,54.6,1.5468318320424534,4 ct,6.99
174907,"Bread, boston brown, canned",Baked Products,207.5,5.2,1.5,43.3,,,
174908,"Bread, cornbread, dry mix, enriched (includes corn muffin mix)",Baked Products,415.8,7.0,12.2,69.5,1.759288852235323,4 ct,3.99
174909,"Bread, cornbread, dry mix, prepared with 2% milk, 80% margarine, and eggs",Baked Products,330.4,6.59,9.58,54.46,1.759288852235323,4 ct,3.99
174910,"Bread, cornbread, prepared from recipe, made with low fat (2%) milk",Baked Products,264.7,6.7,7.1,43.5,1.759288852235323,4 ct,3.99
174911,"Bread, french or vienna, toasted (includes sourdough)",Baked Products,319.0,13.0,2.14,61.93,,,
174912,"Bread, irish soda, prepared from recipe",Baked Products,295.4,6.6,5.0,56.0,1.2139108284717675,,4.99
174913,"Bread, Italian",Baked Products,255.0,9.49,2.73,48.11,0.5489510328403452,,2.49
174914,"Bread, multi-grain, toasted (includes whole-grain)",Baked Products,287.9,14.52,4.6,47.11,0.7037155408941292,,3.99
174915,"Bread, pita, white, enriched",Baked Products,270.0,9.1,1.2,55.7,,6 ct,2.99
174916,"Bread, pita, whole-wheat",Baked Products,278.2,9.8,1.71,55.89,,6 ct,2.99
174917,"Bread, protein (includes gluten)",Baked Products,243.4,12.1,2.2,43.8,14.009374660657219,4 ct,6.99
174918,"Bread, pumpernickel",Baked Products,252.7,8.7,3.1,47.5,0.7819061565490325,,3.99
174919,"Bread, reduced-calorie, oatmeal",Baked Products,235.1,7.6,3.5,43.3,,16.0 ounce,3.19
174920,"Bread, reduced-calorie, rye",Baked Products,224.5,9.1,2.9,40.5,,,
174921,"Bread, reduced-calorie, wheat",Baked Products,249.4,13.32,2.92,42.47,,16.0 ounce,3.19
174922,"Bread, reduced-calorie, white",Baked Products,234.5,8.7,2.5,44.3,,16.0 ounce,3.19
174923,"Bread, rice bran",Baked Products,251.0,8.9,4.6,43.5,0.6455135036773215,,5.49
174924,"Bread, white, commercially prepared (includes soft bread crumbs)",Baked Products,263.0,8.85,3.33,49.42,0.3157019594487447,,1.79
174925,"Bread, white, commercially prepared, toasted",Baked Products,290.0,9.0,4.0,54.5,0.3157019594487447,,1.79
174926,"Bread, white, prepared from recipe, made with nonfat dry milk",Baked Products,268.6,7.7,2.6,53.6,0.3157019594487447,,1.79
174927,"Bread, white, prepared from recipe, made with low fat (2%) milk",Baked Products,281.3,7.9,5.7,49.6,0.3157019594487447,,1.79
174928,"Bread, crumbs, dry, grated, plain",Baked Products,389.0,13.35,5.3,71.98,0.35038802203249875,,1.49
174929,"Bread, sticks, plain",Baked Products,407.1,12.0,9.5,68.4,1.318364327865568,,2.99
174930,"Bread, stuffing, dry mix",Baked Products,379.4,11.0,3.4,76.2,0.7583901819159788,,1.29
174931,"Bread, stuffing, dry mix, prepared",Baked Products,194.7,2.73,12.05,18.84,0.7583901819159788,,1.29
174932,"Cake, pudding-type, carrot, dry mix",Baked Products,425.4,5.1,9.8,79.2,,,
174933,"Cake, cherry fudge with chocolate frosting",Baked Products,274.1,2.4,12.5,38.0,0.5630267003490721,,2.49
174934,"Cake, chocolate, commercially prepared with chocolate frosting, in-store bakery",Baked Products,405.7,3.48,20.05,52.84,,16.7 oz (6 servings),6.0
174935,"Cake, pudding-type, chocolate, dry mix",Baked Products,412.3,4.6,8.14,80.16,,,
174936,"Cake, coffeecake, creme-filled with chocolate frosting",Baked Products,332.4,5.0,10.8,53.8,2.460728483309053,12 ct,6.99
174937,"Cake, coffeecake, fruit",Baked Products,318.6,5.2,10.2,51.5,2.460728483309053,12 ct,6.99
174938,"Cake, coffeecake, cinnamon with crumb topping, dry mix, prepared",Baked Products,319.6,5.5,9.6,52.8,2.460728483309053,12 ct,6.99
174939,"Cake, fruitcake, commercially prepared",Baked Products,339.9,2.9,9.1,61.6,1.4985179579999055,,5.99
174940,"Cake, pound, commercially prepared, other than all butter, enriched",Baked Products,391.9,5.2,17.9,52.5,0.9394631865904917,,7.99
174941,"Cake, shortcake, biscuit-type, prepared from recipe",Baked Products,346.2,6.1,14.2,48.5,0.8655687586089347,6 ct,3.19
174942,"Cake, snack cakes, creme-filled, chocolate with frosting",Baked Products,399.1,3.63,15.93,60.31,,8 count,3.69
174943,"Cake, snack cakes, creme-filled, sponge",Baked Products,373.9,3.47,11.54,64.03,,8 count,3.69
174944,"Cake, yellow, commercially prepared, with chocolate frosting, in-store bakery",Baked Products,393.8,3.16,17.75,55.36,1.6461182243137527,,3.5
174945,"Cake, yellow, commercially prepared, with vanilla frosting",Baked Products,398.0,2.99,17.91,56.2,1.6461182243137527,,3.5
174946,"Cake, pudding-type, yellow, dry mix",Baked Products,424.2,4.0,9.8,80.0,0.9394631865904917,,7.99
174947,"Cake, yellow, enriched, dry mix",Baked Products,374.0,3.7,3.5,81.92,1.6461182243137527,,3.5
174948,"Cookies, brownies, dry mix, regular",Baked Products,456.5,4.0,14.9,76.6,4.556565908310505,,5.49
174949,"Cookies, brownies, prepared from recipe",Baked Products,487.5,6.2,29.1,50.2,1.8915662095462495,,4.29
174950,"Cookies, butter, commercially prepared, enriched",Baked Products,469.2,6.1,18.8,68.9,1.4992011332860307,,6.49
174951,"Cookies, fudge, cake-type (includes trolley cakes)",Baked Products,366.5,5.0,3.7,78.3,0.9766605649623709,,4.79
174952,"Cookies, chocolate chip, dry mix",Baked Products,509.6,4.6,25.2,66.1,,12 count,3.99
174953,"Cookies, chocolate chip, refrigerated dough",Baked Products,452.0,3.98,21.33,61.02,,12 count,3.99
174954,"Cookies, chocolate chip, refrigerated dough, baked",Baked Products,495.8,4.9,22.6,68.2,,12 count,3.99
174955,"Cookies, chocolate chip, prepared from recipe, made with margarine",Baked Products,511.1,5.7,28.3,58.4,,12 count,3.99
174956,"Cookies, gingersnaps",Baked Products,418.2,5.6,9.8,76.9,1.5549938226106699,,5.29
174957,"Cookies, graham crackers, plain or honey (includes cinnamon)",Baked Products,432.8,6.69,10.6,77.66,38.76608418258887,20 ct,10.99
174958,"Cookies, graham crackers, chocolate-coated",Baked Products,515.3,4.0,25.8,66.78,38.76608418258887,20 ct,10.99
174959,"Cookies, ladyfingers, with lemon juice and rind",Baked Products,363.1,10.6,9.1,59.7,2.2121813279808284,,4.39
174960,"Cookies, oatmeal, dry mix",Baked Products,468.0,6.5,19.2,67.3,0.5261699324145745,,1.79
174961,"Cookies, oatmeal, refrigerated dough",Baked Products,428.1,5.4,18.9,59.1,0.5261699324145745,,1.79
174962,"Cookies, oatmeal, refrigerated dough, baked",Baked Products,475.8,6.0,21.0,65.7,0.5261699324145745,,1.79
174963,"Cookies, oatmeal, with raisins",Baked Products,441.1,5.86,15.76,68.95,0.5261699324145745,,1.79
174964,"Cookies, peanut butter, prepared from recipe",Baked Products,485.8,9.0,23.8,58.9,1.4992011332860307,,6.49
174965,"Cookies, peanut butter sandwich, regular",Baked Products,487.5,8.8,21.1,65.6,1.8342460213781813,,4.29
174966,"Cookies, raisin, soft-type",Baked Products,410.8,4.1,13.6,68.0,3.0184433153998094,,5.99
174967,"Cookies, shortbread, commercially prepared, plain",Baked Products,512.6,5.37,26.22,63.78,1.3079460227322295,,4.19
174968,"Cookies, shortbread, commercially prepared, pecan",Baked Products,545.3,4.9,32.5,58.3,1.3079460227322295,,4.19
174969,"Cookies, peanut butter sandwich, special dietary",Baked Products,549.2,10.0,34.0,50.8,1.8342460213781813,,4.29
174970,"Cookies, sugar wafer, with creme filling, sugar free",Baked Products,536.4,3.57,28.57,66.26,0.8774398034958127,,1.99
174971,"Cookies, sugar, commercially prepared, regular (includes vanilla)",Baked Products,466.7,5.35,19.55,67.34,1.3064430351696448,,5.0
174972,"Cookies, sugar, refrigerated dough",Baked Products,436.2,4.0,19.48,61.22,1.3064430351696448,,5.0
174973,"Cookies, vanilla wafers, lower fat",Baked Products,451.2,5.0,15.2,73.6,0.9588104202658675,,2.99
174974,"Cookies, vanilla wafers, higher fat",Baked Products,457.7,4.9,16.41,72.6,0.9588104202658675,,2.99
174975,"Crackers, cheese, regular",Baked Products,486.1,10.93,22.74,59.42,10.198775954987381,8 ct,3.99
174976,"Crackers, cheese, sandwich-type with peanut butter filling",Baked Products,502.7,12.41,25.12,56.74,10.198775954987381,8 ct,3.99
174977,"Crackers, melba toast, plain",Baked Products,383.6,12.1,3.2,76.6,2.3457184696470974,,3.99
174978,"Crackers, melba toast, rye (includes pumpernickel)",Baked Products,386.2,11.6,3.4,77.3,2.3457184696470974,,3.99
174979,"Crackers, melba toast, wheat",Baked Products,377.9,12.9,2.3,76.4,2.3457184696470974,,3.99
174980,"Crackers, milk",Baked Products,441.2,7.6,13.77,71.73,2.2782829541552525,,5.49
174981,"Crackers, rusk toast",Baked Products,408.0,13.5,7.2,72.3,2.0081404653752357,,6.49
174982,"Crackers, standard snack-type, regular",Baked Products,509.6,6.64,26.43,61.3,1.6514027129953377,,1.25
174983,"Crackers, standard snack-type, sandwich, with cheese filling",Baked Products,473.9,9.3,21.1,61.7,1.6514027129953377,,1.25
174984,"Crackers, standard snack-type, sandwich, with peanut butter filling",Baked Products,500.3,11.47,24.54,58.38,,,
174985,"Crackers, wheat, regular",Baked Products,459.7,7.3,16.4,70.73,1.2824409421979235,,4.69
174986,"Cream puff shell, prepared from recipe",Baked Products,360.3,9.0,25.9,22.8,,,
174987,"Croissants, butter",Baked Products,405.0,8.2,21.0,45.8,2.85528421727009,10 ct,5.99
174988,"Croissants, apple",Baked Products,256.3,7.4,8.7,37.1,2.204622621848776,4 ct,6.0
174989,"Croissants, cheese",Baked Products,412.9,9.2,20.9,47.0,6.164124850689177,2 ct,6.99
174990,"Doughnuts, cake-type, plain (includes unsugared, old-fashioned)",Baked Products,433.8,5.31,24.93,47.06,0.7533510444946102,,2.99
174991,"Doughnuts, cake-type, plain, chocolate-coated or frosted",Baked Products,452.3,4.93,25.25,51.33,,,
174992,"Doughnuts, cake-type, plain, sugared or glazed",Baked Products,430.1,5.2,22.9,50.8,0.7533510444946102,,2.99
174993,"Doughnuts, cake-type, chocolate, sugared or glazed",Baked Products,426.7,4.5,19.9,57.4,,,
174994,"Muffins, English, plain, enriched, with ca prop (includes sourdough)",Baked Products,227.4,8.87,1.69,44.17,1.0826392936832756,6 pc,3.99
174995,"Muffins, English, plain, toasted, enriched, with calcium propionate (includes sourdough)",Baked Products,270.1,10.32,2.02,52.65,1.0826392936832756,6 pc,3.99
174996,"Muffins, English, mixed-grain (includes granola)",Baked Products,237.8,9.1,1.8,46.3,1.1728592348235487,6 ct,3.99
174997,"Muffins, English, raisin-cinnamon (includes apple-cinnamon)",Baked Products,240.2,7.91,1.8,48.1,1.0826392936832756,6 pc,3.99
174998,"French toast, prepared from recipe, made with low fat (2%) milk",Baked Products,228.0,7.7,10.8,25.0,,,
174999,"Hush puppies, prepared from recipe",Baked Products,336.3,7.7,13.5,46.0,1.173839067099926,,5.99
175000,"Ice cream cones, cake or wafer-type",Baked Products,410.5,8.1,6.9,79.0,5.632075924616339,,4.79
175001,"Ice cream cones, sugar, rolled-type",Baked Products,402.2,7.9,3.8,84.1,,12 ct,2.29
175002,"Muffins, corn, commercially prepared",Baked Products,303.2,5.9,8.4,51.0,1.6558012726920688,6 ct,3.99
175003,"Muffins, corn, dry mix, prepared",Baked Products,317.8,7.4,10.2,49.1,1.6558012726920688,6 ct,3.99
175004,"Muffins, corn, toaster-type",Baked Products,354.5,5.3,11.3,57.9,1.6558012726920688,6 ct,3.99
175005,"Muffins, corn, prepared from recipe, made with low fat (2%) milk",Baked Products,315.9,7.1,12.3,44.2,1.6558012726920688,6 ct,3.99
175006,"Pancakes, plain, dry mix, complete, prepared",Baked Products,190.1,5.2,2.5,36.7,1.2472758581969163,8 ct,3.49
175007,"Pancakes, plain, dry mix, incomplete (includes buttermilk)",Baked Products,349.7,10.0,1.7,73.6,,,
175008,"Pancakes, plain, dry mix, incomplete, prepared",Baked Products,216.1,7.8,7.7,28.9,1.2472758581969163,8 ct,3.49
175009,"Pancakes, plain, prepared from recipe",Baked Products,226.1,6.4,9.7,28.3,1.2472758581969163,8 ct,3.49
175010,"Pancakes, whole-wheat, dry mix, incomplete, prepared",Baked Products,210.1,8.5,6.5,29.4,2.4656499402756706,,6.99
175011,"Pie, apple, commercially prepared, enriched flour",Baked Products,242.6,1.9,11.0,34.0,1.1023113109243878,,1.25
175012,"Pie, apple, prepared from recipe",Baked Products,270.5,2.4,12.5,37.1,1.1023113109243878,,1.25
175013,"Pie, banana cream, prepared from mix, no-bake type",Baked Products,256.1,3.4,12.9,31.6,1.7221993187148088,,2.49
175014,"Pie, chocolate creme, commercially prepared",Baked Products,372.0,4.15,22.41,38.44,,5.34 oz 2 pack,3.99
175015,"Pie, chocolate mousse, prepared from mix, no-bake type",Baked Products,271.0,3.5,15.4,29.6,1.4308000815798554,,6.49
175016,"Pie, coconut creme, commercially prepared",Baked Products,307.0,2.1,16.6,37.3,,9 in,14.99
175017,"Pie, coconut cream, prepared from mix, no-bake type",Baked Products,283.6,2.8,17.6,28.5,1.9557452236489585,,4.99
175018,"Pie, lemon meringue, prepared from recipe",Baked Products,287.7,3.8,12.9,39.1,1.5410312126722943,,6.99
175019,"Pie, mince, prepared from recipe",Baked Products,299.6,2.6,10.8,48.0,2.241499945705155,,6.99
175020,"Pie, peach",Baked Products,229.2,1.9,10.0,32.9,,9 in,11.99
175021,"Pie, pecan, commercially prepared",Baked Products,406.6,4.5,16.69,59.61,1.9208275643453332,4 ct,5.99
175022,"Pie crust, standard-type, dry mix",Baked Products,518.6,6.9,31.4,52.1,,,
175023,"Pie crust, standard-type, dry mix, prepared, baked",Baked Products,502.0,6.7,30.4,50.4,0.820707514693571,2 ct,3.49
175024,"Pie crust, standard-type, frozen, ready-to-bake, enriched",Baked Products,453.8,6.16,26.07,48.62,0.820707514693571,2 ct,3.49
175025,"Pie crust, standard-type, frozen, ready-to-bake, enriched, baked",Baked Products,508.3,6.5,28.59,56.24,0.820707514693571,2 ct,3.49
175026,"Pie crust, standard-type, prepared from recipe, baked",Baked Products,527.0,6.4,34.6,47.5,0.820707514693571,2 ct,3.49
175027,"Rolls, dinner, egg",Baked Products,303.6,9.5,6.4,52.0,0.6273726089603945,7 ct,2.49
175028,"Rolls, dinner, oat bran",Baked Products,240.2,9.5,4.6,40.2,0.6273726089603945,7 ct,2.49
175029,"Rolls, dinner, rye",Baked Products,284.2,10.3,3.4,53.1,0.6273726089603945,7 ct,2.49
175030,"Rolls, dinner, wheat",Baked Products,275.1,8.6,6.3,46.0,0.6273726089603945,7 ct,2.49
175031,"Rolls, hard (includes kaiser)",Baked Products,289.1,9.9,4.3,52.7,,,
175032,"Strudel, apple",Baked Products,278.4,3.3,11.2,41.1,1.7636980974790206,20 ct,6.0
175033,"Sweet rolls, cheese",Baked Products,367.9,7.1,18.3,43.7,,6 ct,5.0
175034,"Sweet rolls, cinnamon, commercially prepared with raisins",Baked Products,376.0,6.2,16.4,50.9,,8 ct,5.99
175035,"Toaster pastries, fruit (includes apple, blueberry, cherry, strawberry)",Baked Products,387.6,4.2,9.95,70.32,,32 ct,9.99
175036,"Tortillas, ready-to-bake or -fry, corn",Baked Products,227.0,5.7,2.85,44.64,,,
175037,"Tortillas, ready-to-bake or -fry, flour, refrigerated",Baked Products,302.2,8.2,7.99,49.38,2.8162731220545,,4.99
175038,"Waffles, plain, frozen, ready-to-heat",Baked Products,285.1,6.47,9.7,42.98,0.7140826443451644,10 ct,2.49
175039,"Waffles, plain, prepared from recipe",Baked Products,290.1,7.9,14.1,32.9,0.7140826443451644,10 ct,2.49
175040,"Leavening agents, baking soda",Baked Products,0.0,0.0,0.0,0.0,,,
175041,"Leavening agents, cream of tartar",Baked Products,246.0,0.0,0.0,61.5,,,
175042,"Leavening agents, yeast, baker's, compressed",Baked Products,123.1,8.4,1.9,18.1,,,
175043,"Leavening agents, yeast, baker's, active dry",Baked Products,395.1,40.44,7.61,41.22,,,
175044,"Bread, rice bran, toasted",Baked Products,273.0,9.7,5.0,47.3,0.6455135036773215,,5.49
175045,"Muffins, blueberry, toaster-type, toasted",Baked Products,337.3,4.9,10.1,56.7,1.3332220215540465,5 ct,3.19
175046,"Muffins, wheat bran, toaster-type with raisins, toasted",Baked Products,328.6,5.5,9.4,55.5,0.4585615053445454,6 ct,1.69
175047,"Pancakes, buttermilk, prepared from recipe",Baked Products,225.7,6.8,9.3,28.7,0.5350678687622163,24 ct,4.49
175048,"Waffles, plain, frozen, ready -to-heat, toasted",Baked Products,312.4,7.19,9.61,49.29,,,
175049,"Bagels, plain, enriched, without calcium propionate (includes onion, poppy, sesame)",Baked Products,270.0,10.5,1.6,53.4,,4 ct,3.99
175050,"Bagels, plain, unenriched, with calcium propionate (includes onion, poppy, sesame)",Baked Products,270.0,10.5,1.6,53.4,0.7919004457680803,6 ct,4.49
175051,"Bagels, plain, unenriched, without calcium propionate(includes onion, poppy, sesame)",Baked Products,270.0,10.5,1.6,53.4,0.7919004457680803,6 ct,4.49
175052,"Cake, coffeecake, cinnamon with crumb topping, commercially prepared, unenriched",Baked Products,423.7,6.8,23.3,46.7,2.460728483309053,12 ct,6.99
175053,"Cake, pound, commercially prepared, other than all butter, unenriched",Baked Products,391.9,5.2,17.9,52.5,0.9394631865904917,,7.99
175054,"Cake, pudding-type, white, unenriched, dry mix",Baked Products,425.1,3.9,9.5,81.0,0.9394631865904917,,7.99
175055,"Cake, yellow, unenriched, dry mix",Baked Products,434.4,4.4,11.6,78.1,1.6461182243137527,,3.5
175056,"Crackers, saltines, low salt (includes oyster, soda, soup)",Baked Products,415.0,9.5,8.85,74.34,0.4828123541848819,,2.19
175057,"Crackers, saltines, unsalted tops (includes oyster, soda, soup)",Baked Products,429.0,9.2,11.8,71.5,0.4828123541848819,,2.19
175058,"Crackers, standard snack-type, regular, low salt",Baked Products,501.3,7.4,25.3,61.0,1.6514027129953377,,1.25
175059,"Crackers, wheat, low salt",Baked Products,479.4,8.6,20.6,64.9,1.2824409421979235,,4.69
175060,"Crackers, cheese, low sodium",Baked Products,500.9,10.1,25.3,58.2,0.8505576308810116,,2.99
175061,"Danish pastry, raspberry, unenriched",Baked Products,379.3,5.4,18.5,47.8,1.949474297080144,,8.29
175062,"Doughnuts, yeast-leavened, glazed, unenriched (includes honey buns)",Baked Products,408.0,6.4,22.8,44.3,,12 count,14.29
175063,"English muffins, plain, enriched, without calcium propionate(includes sourdough)",Baked Products,231.0,7.7,1.8,46.0,1.0826392936832756,6 ct,3.99
175064,"Pie, fried pies, lemon",Baked Products,327.3,3.0,16.1,42.6,1.1023113109243878,,1.25
175065,"Pie crust, standard-type, frozen, ready-to-bake, unenriched",Baked Products,454.8,3.9,29.2,44.1,,,
175066,"Popovers, dry mix, unenriched",Baked Products,364.3,10.4,4.3,71.0,0.9057443132860002,,1.99
175067,"Taco shells, baked, without added salt",Baked Products,481.8,7.2,22.6,62.4,3.8416551286906664,12 ct,5.99
175068,"Crackers, saltines, fat-free, low-sodium",Baked Products,385.6,10.5,1.6,82.3,0.4828123541848819,,2.19
175069,"Tart, breakfast, low fat",Baked Products,377.1,3.99,5.99,76.8,,12 ct,2.49
175070,"Archway Home Style Cookies, Sugar Free Oatmeal",Baked Products,479.2,5.54,20.92,67.2,1.8915662095462495,,4.29
175071,"Archway Home Style Cookies, Chocolate Chip Ice Box",Baked Products,496.8,4.28,24.4,65.02,1.8773586415387797,,4.79
175072,"Archway Home Style Cookies, Iced Oatmeal",Baked Products,435.4,4.89,16.53,66.76,1.8773586415387797,,4.79
175073,"Archway Home Style Cookies, Molasses",Baked Products,403.2,4.25,12.06,69.41,1.8773586415387797,,4.79
175074,"Archway Home Style Cookies, Oatmeal",Baked Products,421.3,5.48,14.08,68.17,1.8773586415387797,,4.79
175075,"Archway Home Style Cookies, Oatmeal Raisin",Baked Products,406.5,5.17,12.08,69.27,,,
175076,"Archway Home Style Cookies, Strawberry Filled",Baked Products,400.4,4.35,13.26,65.92,1.8773586415387797,,4.79
175077,"Archway Home Style Cookies, Reduced Fat Ginger Snaps",Baked Products,423.9,4.67,11.14,76.23,1.8773586415387797,,4.79
175078,"Artificial Blueberry Muffin Mix, dry",Baked Products,406.9,4.7,8.7,77.45,1.345802752089087,,5.99
175079,"Kraft, Stove Top Stuffing Mix Chicken Flavor",Baked Products,379.7,12.6,4.1,73.1,1.9341889135686594,,3.29
175080,"Martha White Foods, Martha White's Chewy Fudge Brownie Mix, dry",Baked Products,407.4,4.42,6.16,83.58,,,
175081,"Martha White Foods, Martha White's Buttermilk Biscuit Mix, dry",Baked Products,388.0,7.81,13.23,59.41,0.6339779647694858,,1.33
175082,"Mission Foods, Mission Flour Tortillas, Soft Taco, 8 inch",Baked Products,287.2,8.7,6.0,49.6,1.7815533088145785,14 ct,4.49
175083,"Nabisco, Nabisco Grahams Crackers",Baked Products,422.8,6.99,10.0,76.2,38.76608418258887,20 ct,10.99
175084,"Nabisco, Nabisco Oreo Crunchies, Cookie Crumb Topping",Baked Products,493.5,4.78,21.5,70.23,66.37918294148314,30 ct,14.49
175085,"Game meat, deer, cooked, roasted","Lamb, Veal, and Game Products",149.6,30.21,3.19,0.0,3.131543955301639,,7.99
175086,"Game meat, horse, raw","Lamb, Veal, and Game Products",127.0,21.39,4.6,0.0,,,
175087,"Game meat, horse, cooked, roasted","Lamb, Veal, and Game Products",167.0,28.14,6.05,0.0,,,
175088,"Beverages, tea, instant, lemon, unsweetened",Beverages,345.3,7.4,0.18,78.52,,18 ct,6.99
175089,"Beverages, tea, instant, lemon, sweetened, powder",Beverages,401.2,0.12,0.73,98.55,,18 ct,6.99
175090,"Beverages, tea, instant, lemon, sweetened, prepared with water",Beverages,35.0,0.01,0.06,8.61,,18 ct,6.99
175091,"Beverages, tea, instant, sweetened with sodium saccharin, lemon-flavored, powder",Beverages,360.2,3.3,0.6,85.4,,18 ct,6.99
175092,"Beverages, cocoa mix, with aspartame, powder, prepared with water",Beverages,29.4,1.21,0.23,5.61,22.97919695121217,,8.99
175093,"Beverages, carbonated, cola, fast-food cola",Beverages,38.7,0.07,0.02,9.56,0.6866942888409442,,3.29
175094,"Beverages, fruit punch juice drink, frozen concentrate",Beverages,179.9,0.3,0.7,43.1,,12 fo,1.99
175095,"Beverages, fruit punch juice drink, frozen concentrate, prepared with water",Beverages,47.4,0.07,0.17,11.4,,12 fo,1.99
175096,"Beverages, water, tap, well",Beverages,0.0,0.0,0.0,0.0,,1 liter,1.0
175097,"Alcoholic beverage, liqueur, coffee, 53 proof",Beverages,190.3,0.1,0.3,46.8,,375 ml,7.99
175098,"Alcoholic beverage, liqueur, coffee with cream, 34 proof",Beverages,236.1,2.8,15.7,20.9,,375 ml,7.99
175099,"Beverages, carbonated, low calorie, cola or pepper-type, with aspartame, contains caffeine",Beverages,1.9,0.11,0.03,0.29,0.6866942888409442,,3.29
175100,"Beverages, Orange drink, breakfast type, with juice and pulp, frozen concentrate",Beverages,157.6,0.4,0.0,39.0,0.8557769899072117,,2.79
175101,"Beverages, Orange drink, breakfast type, with juice and pulp, frozen concentrate, prepared with water",Beverages,45.8,0.12,0.0,11.32,0.8557769899072117,,2.79
175102,"Beverages, shake, fast food, strawberry",Beverages,114.4,3.4,2.8,18.9,4.404835998453854,6 pk,9.99
175103,"Beverages, water, tap, municipal",Beverages,0.0,0.0,0.0,0.0,,1 liter,1.0
175104,"Beverages, The COCA-COLA company, DASANI, water, bottled, non-carbonated",Beverages,0.0,0.0,0.0,0.0,4.70025542978159,24 pk,15.99
175105,"Beverages, orange breakfast drink, ready-to-drink, with added nutrients",Beverages,52.8,0.0,0.0,13.2,0.8256311718823665,,7.49
175106,"Beverages, water, bottled, non-carbonated, CALISTOGA",Beverages,0.0,0.0,0.0,0.0,,1 liter,1.0
175107,"Beverages, water, bottled, non-carbonated, CRYSTAL GEYSER",Beverages,0.0,0.0,0.0,0.0,,1 liter,1.0
175108,"Beverages, COCA-COLA, POWERADE, lemon-lime flavored, ready-to-drink",Beverages,31.8,0.0,0.05,7.84,0.47443478822185653,,2.69
175109,"Beverages, Propel Zero, fruit-flavored, non-carbonated",Beverages,4.6,0.0,0.0,1.14,0.43916082627227615,,2.49
175110,"Beverages, ARIZONA, tea, ready-to-drink, lemon",Beverages,39.1,0.0,0.0,9.77,0.15873282877311184,,0.99
175111,"Beverages, LIPTON BRISK, tea, black, ready-to-drink, lemon",Beverages,35.2,0.0,0.0,8.81,,1 liter,1.79
175112,"Alcoholic beverage, wine, dessert, dry",Beverages,47.5,0.2,0.0,11.67,0.8327994566794429,,3.99
175113,"Carbonated beverage, low calorie, other than cola or pepper, with sodium saccharin, without caffeine",Beverages,0.4,0.0,0.0,0.1,0.5291094292437062,,1.5
175114,"Beverages, Cocoa mix, low calorie, powder, with added calcium, phosphorus, aspartame, without added sodium or vitamin A",Beverages,359.4,25.1,3.0,58.0,22.97919695121217,,8.99
175115,"Beverages, fruit punch-flavor drink, powder, without added sodium, prepared with water",Beverages,38.0,0.0,0.01,9.47,,30 ct,10.49
175116,"Fish, herring, Atlantic, raw",Finfish and Shellfish Products,153.2,17.96,9.04,0.0,1.1193603925333517,,1.19
175117,"Fish, herring, Atlantic, cooked, dry heat",Finfish and Shellfish Products,196.4,23.03,11.59,0.0,1.1193603925333517,,1.19
175118,"Fish, herring, Atlantic, pickled",Finfish and Shellfish Products,257.3,14.19,18.0,9.64,1.1193603925333517,,1.19
175119,"Fish, mackerel, Atlantic, raw",Finfish and Shellfish Products,199.4,18.6,13.89,0.0,1.173447134189375,,4.99
175120,"Fish, mackerel, Atlantic, cooked, dry heat",Finfish and Shellfish Products,255.7,23.85,17.81,0.0,1.173447134189375,,4.99
175121,"Fish, mackerel, jack, canned, drained solids",Finfish and Shellfish Products,149.5,23.19,6.3,0.0,1.173447134189375,,4.99
175122,"Fish, mackerel, king, raw",Finfish and Shellfish Products,99.1,20.28,2.0,0.0,1.173447134189375,,4.99
175123,"Fish, mullet, striped, raw",Finfish and Shellfish Products,111.5,19.35,3.79,0.0,,8 ounces,5.0
175124,"Fish, mullet, striped, cooked, dry heat",Finfish and Shellfish Products,143.0,24.81,4.86,0.0,,8 ounces,5.0
175125,"Fish, ocean perch, Atlantic, raw",Finfish and Shellfish Products,75.1,15.31,1.54,0.0,1.7614934748571718,1 lb,7.99
175126,"Fish, ocean perch, Atlantic, cooked, dry heat",Finfish and Shellfish Products,90.9,18.51,1.87,0.0,1.7614934748571718,1 lb,7.99
175127,"Fish, pike, northern, cooked, dry heat",Finfish and Shellfish Products,106.7,24.69,0.88,0.0,1.7614934748571718,1 lb,7.99
175128,"Fish, pike, walleye, raw",Finfish and Shellfish Products,87.5,19.14,1.22,0.0,1.5485656921821291,10 ct,7.99
175129,"Fish, pollock, Atlantic, raw",Finfish and Shellfish Products,86.6,19.44,0.98,0.0,1.8542036577443914,8 ct,7.99
175130,"Fish, pollock, Alaska, raw (may contain additives to retain moisture)",Finfish and Shellfish Products,52.4,12.19,0.41,0.0,1.8542036577443914,8 ct,7.99
175131,"Fish, rockfish, Pacific, mixed species, cooked, dry heat",Finfish and Shellfish Products,103.5,22.23,1.62,0.0,,,
175132,"Fish, roe, mixed species, raw",Finfish and Shellfish Products,153.1,22.32,6.42,1.5,,750 ml,15.99
175133,"Fish, roughy, orange, raw",Finfish and Shellfish Products,71.9,16.41,0.7,0.0,1.9819557370420493,1 lb,8.99
175134,"Fish, sablefish, raw",Finfish and Shellfish Products,191.3,13.41,15.3,0.0,,1 ct,10.99
175135,"Fish, salmon, chum, canned, drained solids with bone",Finfish and Shellfish Products,135.2,21.43,5.5,0.0,,11 ounces,5.0
175136,"Fish, salmon, coho, wild, raw",Finfish and Shellfish Products,139.8,21.62,5.93,0.0,,11 ounces,5.0
175137,"Fish, salmon, coho, wild, cooked, moist heat",Finfish and Shellfish Products,176.9,27.36,7.5,0.0,,11 ounces,5.0
175138,"Fish, salmon, pink, raw",Finfish and Shellfish Products,121.6,20.5,4.4,0.0,,11 ounces,5.0
175139,"Fish, sardine, Atlantic, canned in oil, drained solids with bone",Finfish and Shellfish Products,201.5,24.62,11.45,0.0,1.1193603925333517,,1.19
175140,"Fish, sardine, Pacific, canned in tomato sauce, drained solids with bone",Finfish and Shellfish Products,179.6,20.86,10.45,0.54,1.1193603925333517,,1.19
175141,"Fish, scup, raw",Finfish and Shellfish Products,100.1,18.88,2.73,0.0,,1 ct,10.99
175142,"Fish, sea bass, mixed species, raw",Finfish and Shellfish Products,91.7,18.43,2.0,0.0,2.202417999226927,1 lb,9.99
175143,"Fish, shark, mixed species, cooked, batter-dipped and fried",Finfish and Shellfish Products,224.4,18.62,13.82,6.39,1.483362926195513,,7.99
175144,"Fish, sheepshead, raw",Finfish and Shellfish Products,102.5,20.21,2.41,0.0,,,
175145,"Fish, sheepshead, cooked, dry heat",Finfish and Shellfish Products,118.8,26.02,1.63,0.0,,,
175146,"Fish, smelt, rainbow, raw",Finfish and Shellfish Products,92.3,17.63,2.42,0.0,,750 ml,15.99
175147,"Fish, smelt, rainbow, cooked, dry heat",Finfish and Shellfish Products,118.3,22.6,3.1,0.0,,750 ml,15.99
175148,"Fish, sturgeon, mixed species, cooked, dry heat",Finfish and Shellfish Products,129.4,20.7,5.18,0.0,,1 ct,10.99
175149,"Fish, sturgeon, mixed species, smoked",Finfish and Shellfish Products,164.4,31.2,4.4,0.0,,1 ct,10.99
175150,"Fish, sucker, white, raw",Finfish and Shellfish Products,87.9,16.76,2.32,0.0,4.967974030303501,,3.69
175151,"Fish, sunfish, pumpkin seed, raw",Finfish and Shellfish Products,83.9,19.4,0.7,0.0,,8 ounces,5.0
175152,"Fish, tilefish, cooked, dry heat",Finfish and Shellfish Products,140.2,24.49,4.69,0.0,,,
175153,"Fish, trout, mixed species, raw",Finfish and Shellfish Products,142.6,20.77,6.61,0.0,2.4228802614118043,1 lb,10.99
175154,"Fish, trout, rainbow, wild, raw",Finfish and Shellfish Products,113.1,20.48,3.46,0.0,2.4228802614118043,1 lb,10.99
175155,"Fish, trout, rainbow, wild, cooked, dry heat",Finfish and Shellfish Products,144.1,22.92,5.82,0.0,2.4228802614118043,1 lb,10.99
175156,"Fish, tuna, fresh, skipjack, raw",Finfish and Shellfish Products,97.1,22.0,1.01,0.0,0.9100682182991746,,1.29
175157,"Fish, tuna, white, canned in oil, drained solids",Finfish and Shellfish Products,178.8,26.53,8.08,0.0,0.9100682182991746,,1.29
175158,"Fish, tuna, white, canned in water, drained solids",Finfish and Shellfish Products,121.2,23.62,2.97,0.0,0.9100682182991746,,1.29
175159,"Fish, tuna, fresh, yellowfin, raw",Finfish and Shellfish Products,102.0,24.4,0.49,0.0,0.9100682182991746,,1.29
175160,"Fish, tuna salad",Finfish and Shellfish Products,185.1,16.04,9.26,9.41,1.8858002734583372,,1.39
175161,"Fish, whiting, mixed species, cooked, dry heat",Finfish and Shellfish Products,109.1,23.48,1.69,0.0,0.7341393330756424,3 lb,9.99
175162,"Fish, wolffish, Atlantic, raw",Finfish and Shellfish Products,91.5,17.5,2.39,0.0,,1 ct,10.99
175163,"Fish, yellowtail, mixed species, raw",Finfish and Shellfish Products,139.7,23.14,5.24,0.0,,750 ml,8.99
175164,"Crustaceans, crab, alaska king, raw",Finfish and Shellfish Products,78.6,18.29,0.6,0.0,,8 ounces,3.79
175165,"Fish, catfish, channel, farmed, raw",Finfish and Shellfish Products,114.4,15.23,5.94,0.0,1.9819557370420493,1 lb,8.99
175166,"Fish, catfish, channel, farmed, cooked, dry heat",Finfish and Shellfish Products,138.5,18.44,7.19,0.0,1.9819557370420493,1 lb,8.99
175167,"Fish, salmon, Atlantic, farmed, raw",Finfish and Shellfish Products,202.5,20.42,13.42,0.0,,11 ounces,5.0
175168,"Fish, salmon, Atlantic, farmed, cooked, dry heat",Finfish and Shellfish Products,199.6,22.1,12.35,0.0,,11 ounces,5.0
175169,"Crustaceans, crayfish, mixed species, farmed, raw",Finfish and Shellfish Products,68.1,14.85,0.97,0.0,,,
175170,"Crustaceans, crayfish, mixed species, farmed, cooked, moist heat",Finfish and Shellfish Products,81.8,17.52,1.3,0.0,,1 ct,6.99
175171,"Mollusks, oyster, eastern, wild, cooked, dry heat",Finfish and Shellfish Products,76.2,8.87,2.65,4.23,0.7025397421624766,,2.39
175172,"Mollusks, oyster, eastern, farmed, raw",Finfish and Shellfish Products,57.0,5.22,1.55,5.53,,,
175173,"Mollusks, oyster, eastern, farmed, cooked, dry heat",Finfish and Shellfish Products,76.2,7.0,2.12,7.28,0.7025397421624766,,2.39
175174,"Salmon, sockeye, canned, total can contents",Finfish and Shellfish Products,147.0,20.63,7.17,0.0,,4 ounces,10.99
175175,"Fish, salmon, pink, canned, drained solids",Finfish and Shellfish Products,137.6,23.1,5.02,0.0,,11 ounces,5.0
175176,"Fish, tilapia, raw",Finfish and Shellfish Products,95.6,20.08,1.7,0.0,,8 ounces,5.0
175177,"Fish, tilapia, cooked, dry heat",Finfish and Shellfish Products,128.4,26.15,2.65,0.0,,8 ounces,5.0
175178,"Fish, cod, Pacific, cooked",Finfish and Shellfish Products,83.9,20.42,0.25,0.0,2.7337320510924816,4 pk,8.99
175179,"Crustaceans, shrimp, raw",Finfish and Shellfish Products,85.0,20.1,0.51,0.0,3.131543955301639,,7.99
175180,"Crustaceans, shrimp, cooked",Finfish and Shellfish Products,99.2,23.98,0.28,0.2,3.131543955301639,,7.99
175181,"Fish, trout, brook, raw, New York State",Finfish and Shellfish Products,109.5,21.23,2.73,0.0,2.4228802614118043,1 lb,10.99
175182,"Beans, baked, canned, plain or vegetarian",Legumes and Legume Products,106.9,4.75,0.37,21.14,0.7182288637926614,,1.69
175183,"Beans, baked, canned, with beef",Legumes and Legume Products,124.2,6.38,3.45,16.91,0.7182288637926614,,1.69
175184,"Beans, baked, canned, with franks",Legumes and Legume Products,147.7,6.75,6.57,15.39,0.7182288637926614,,1.69
175185,"Beans, baked, canned, with pork",Legumes and Legume Products,114.7,5.19,1.55,19.99,0.7182288637926614,,1.69
175186,"Beans, black turtle, mature seeds, raw",Legumes and Legume Products,346.1,21.25,0.9,63.25,0.23130466852183876,,1.0
175187,"Beans, black turtle, mature seeds, cooked, boiled, without salt",Legumes and Legume Products,133.3,8.18,0.35,24.35,0.23130466852183876,,1.0
175188,"Beans, black turtle, mature seeds, canned",Legumes and Legume Products,92.9,6.03,0.29,16.55,,,
175189,"Beans, cranberry (roman), mature seeds, raw",Legumes and Legume Products,343.4,23.03,1.23,60.05,,,
175190,"Beans, great northern, mature seeds, raw (Includes foods for USDA's Food Distribution Program)",Legumes and Legume Products,347.2,21.86,1.14,62.37,0.4828123541848819,,2.19
175191,"Beans, great northern, mature seeds, cooked, boiled, without salt",Legumes and Legume Products,121.7,8.33,0.45,21.09,0.4828123541848819,,2.19
175192,"Beans, great northern, mature seeds, canned",Legumes and Legume Products,117.1,7.37,0.39,21.02,0.4828123541848819,,2.19
175193,"Beans, kidney, all types, mature seeds, raw",Legumes and Legume Products,341.8,23.58,0.83,60.01,0.2275739480618091,,1.0
175194,"Beans, kidney, red, mature seeds, cooked, boiled, without salt",Legumes and Legume Products,130.4,8.67,0.5,22.8,0.2275739480618091,,1.0
175195,"Beans, kidney, red, mature seeds, canned, solids and liquids",Legumes and Legume Products,83.4,5.22,0.36,14.83,0.2275739480618091,,1.0
175196,"Beans, kidney, royal red, mature seeds, raw",Legumes and Legume Products,338.7,25.33,0.45,58.33,0.2275739480618091,,1.0
175197,"Beans, kidney, royal red, mature seeds, cooked, boiled, without salt",Legumes and Legume Products,126.9,9.49,0.17,21.85,0.2275739480618091,,1.0
175198,"Beans, pink, mature seeds, cooked, boiled, without salt",Legumes and Legume Products,152.3,9.06,0.49,27.91,0.36184257741827647,,1.59
175199,"Beans, pinto, mature seeds, raw (Includes foods for USDA's Food Distribution Program)",Legumes and Legume Products,347.0,21.42,1.23,62.55,0.39462744931093086,,1.79
175200,"Beans, pinto, mature seeds, cooked, boiled, without salt",Legumes and Legume Products,146.8,9.01,0.65,26.22,0.39462744931093086,,1.79
175201,"Beans, pinto, mature seeds, canned, solids and liquids",Legumes and Legume Products,84.2,4.6,0.56,15.18,0.39462744931093086,,1.79
175202,"Beans, white, mature seeds, raw",Legumes and Legume Products,342.2,23.36,0.85,60.27,0.7533510444946102,,2.99
175203,"Beans, white, mature seeds, cooked, boiled, without salt",Legumes and Legume Products,142.4,9.73,0.35,25.09,0.7533510444946102,,2.99
175204,"Beans, white, mature seeds, canned",Legumes and Legume Products,116.4,7.26,0.29,21.2,0.7533510444946102,,2.99
175205,"Broadbeans (fava beans), mature seeds, raw",Legumes and Legume Products,351.4,26.12,1.53,58.29,,,
175206,"Chickpeas (garbanzo beans, bengal gram), mature seeds, canned, solids and liquids",Legumes and Legume Products,91.2,4.92,1.95,13.49,0.35143317646063443,,2.69
175207,"Chili with beans, canned",Legumes and Legume Products,111.3,6.12,3.76,13.24,1.291027007354643,,5.49
175208,"Cowpeas, catjang, mature seeds, raw",Legumes and Legume Products,352.6,23.85,2.07,59.64,,,
175209,"Cowpeas, catjang, mature seeds, cooked, boiled, without salt",Legumes and Legume Products,120.2,8.13,0.71,20.32,,,
175210,"Hyacinth beans, mature seeds, raw",Legumes and Legume Products,353.8,23.9,1.69,60.74,,,
175211,"Hyacinth beans, mature seeds, cooked, boiled, without salt",Legumes and Legume Products,120.5,8.14,0.58,20.69,,,
175212,"Vitasoy USA, Vitasoy Organic Creamy Original Soymilk",Legumes and Legume Products,44.0,2.9,1.6,4.5,,1 / 2 gal,2.59
175213,"Vitasoy USA, Vitasoy Organic Classic Original Soymilk",Legumes and Legume Products,47.0,3.2,1.8,4.5,,1 / 2 gal,2.59
175214,"Vitasoy USA, Vitasoy Light Vanilla Soymilk",Legumes and Legume Products,30.2,1.6,0.82,4.1,,1 / 2 gal,2.59
175215,"Soymilk (all flavors), unsweetened, with added calcium, vitamins A and D",Legumes and Legume Products,32.9,2.86,1.61,1.74,,1 qt,1.99
175216,"Soymilk (all flavors), nonfat, with added calcium, vitamins A and D",Legumes and Legume Products,26.8,2.47,0.04,4.14,,1 / 2 gal,2.59
175217,"Soymilk, chocolate, nonfat, with added calcium, vitamins A and D",Legumes and Legume Products,44.3,2.47,0.04,8.51,3.7434492118992213,6 ct,8.49
175218,"SILK Plain, soymilk",Legumes and Legume Products,39.5,2.88,1.65,3.29,,1 / 2 gal,4.29
175219,"SILK Vanilla, soymilk",Legumes and Legume Products,39.3,2.47,1.44,4.12,,24 oz.,6.79
175220,"SILK Plus Omega-3 DHA, soymilk",Legumes and Legume Products,43.2,2.88,2.06,3.29,,1 / 2 gal,3.69
175221,"SILK Plus for Bone Health, soymilk",Legumes and Legume Products,41.0,2.47,1.44,4.53,,,
175222,"SILK Plus Fiber, soymilk",Legumes and Legume Products,45.9,2.47,1.44,5.76,,,
175223,"SILK Unsweetened, soymilk",Legumes and Legume Products,33.0,2.88,1.65,1.65,,1 / 2 gal,4.29
175224,"SILK Coffee, soymilk",Legumes and Legume Products,62.4,2.06,1.44,10.29,,1 / 2 gal,3.69
175225,SILK Vanilla soy yogurt (family size),Legumes and Legume Products,81.0,2.64,1.76,13.66,,24 oz.,6.79
175226,SILK Vanilla soy yogurt (single serving size),Legumes and Legume Products,86.4,2.94,1.76,14.71,,,
175227,SILK Plain soy yogurt,Legumes and Legume Products,65.2,2.64,1.76,9.69,,24 oz.,6.79
175228,SILK Strawberry soy yogurt,Legumes and Legume Products,93.0,2.35,1.18,18.24,,5.3 oz.,1.59
175229,SILK Key Lime soy yogurt,Legumes and Legume Products,90.6,2.35,1.18,17.65,,24 oz.,6.79
175230,SILK Banana-Strawberry soy yogurt,Legumes and Legume Products,88.3,2.35,1.18,17.06,,,
175231,SILK Original Creamer,Legumes and Legume Products,86.7,0.0,6.67,6.67,0.6051689096974889,,5.49
175232,SILK French Vanilla Creamer,Legumes and Legume Products,140.0,0.0,6.67,20.0,0.7624175240283326,,5.49
175233,"Vitasoy USA Organic Nasoya, Tofu Plus Firm",Legumes and Legume Products,74.2,9.19,3.4,1.71,,2 ct,1.99
175234,"Vitasoy USA Organic Nasoya Sprouted, Tofu Plus Super Firm",Legumes and Legume Products,114.7,13.24,5.9,2.16,,,
175235,"Vitasoy USA Azumaya, Extra Firm Tofu",Legumes and Legume Products,87.8,10.07,4.6,1.53,0.870522547196067,,2.69
175236,"Vitasoy USA Azumaya, Firm Tofu",Legumes and Legume Products,80.2,9.08,4.2,1.52,,,
175237,"Beans, black, mature seeds, cooked, boiled, with salt",Legumes and Legume Products,135.1,8.86,0.54,23.71,0.23130466852183876,,1.0
175238,"Beans, black, mature seeds, canned, low sodium",Legumes and Legume Products,92.9,6.03,0.29,16.55,0.23130466852183876,,1.0
175239,"Beans, black turtle, mature seeds, cooked, boiled, with salt",Legumes and Legume Products,133.3,8.18,0.35,24.35,0.23130466852183876,,1.0
175240,"Beans, cranberry (roman), mature seeds, cooked, boiled, with salt",Legumes and Legume Products,139.3,9.34,0.46,24.46,0.4828123541848819,,2.19
175241,"Beans, french, mature seeds, cooked, boiled, with salt",Legumes and Legume Products,131.1,7.05,0.76,24.02,0.3867972379298818,,1.59
175242,"Beans, kidney, red, mature seeds, cooked, boiled, with salt",Legumes and Legume Products,130.4,8.67,0.5,22.8,0.2275739480618091,,1.0
175243,"Beans, kidney, red, mature seeds, canned, drained solids, rinsed in tap water",Legumes and Legume Products,124.0,8.12,0.93,20.8,0.2275739480618091,,1.0
175244,"Beans, kidney, royal red, mature seeds, cooked, boiled with salt",Legumes and Legume Products,126.9,9.49,0.17,21.85,0.2275739480618091,,1.0
175245,"Beans, kidney, red, mature seeds, canned, solids and liquid, low sodium",Legumes and Legume Products,83.4,5.22,0.36,14.83,0.2275739480618091,,1.0
175246,"Beans, small white, mature seeds, cooked, boiled, with salt",Legumes and Legume Products,144.9,8.97,0.64,25.81,0.23130466852183876,,1.0
175247,"Beans, pinto, mature seeds, canned, solids and liquids, low sodium",Legumes and Legume Products,84.2,4.6,0.56,15.18,0.39462744931093086,,1.79
175248,"Beans, yellow, mature seeds, cooked, boiled, with salt",Legumes and Legume Products,147.5,9.16,1.08,25.28,0.8289381058151396,,3.29
175249,"Beans, white, mature seeds, cooked, boiled, with salt",Legumes and Legume Products,142.4,9.73,0.35,25.09,0.7533510444946102,,2.99
175250,"Chickpeas (garbanzo beans, bengal gram), mature seeds, canned, solids and liquids, low sodium",Legumes and Legume Products,91.2,4.92,1.95,13.49,0.35143317646063443,,2.69
175251,"Cowpeas, catjang, mature seeds, cooked, boiled, with salt",Legumes and Legume Products,120.2,8.13,0.71,20.32,,,
175252,"Cowpeas, common (blackeyes, crowder, southern), mature seeds, cooked, boiled, with salt",Legumes and Legume Products,118.7,7.73,0.53,20.76,0.36184257741827647,,1.59
175253,"Hyacinth beans, mature seeds, cooked, boiled, with salt",Legumes and Legume Products,120.6,8.14,0.58,20.7,,,
175254,"Lentils, mature seeds, cooked, boiled, with salt",Legumes and Legume Products,117.7,9.02,0.38,19.54,0.6371359377142962,,2.89
175255,"Mung beans, mature seeds, cooked, boiled, with salt",Legumes and Legume Products,108.1,7.02,0.38,19.15,1.1264151849232678,4 ct,4.79
175256,"Mungo beans, mature seeds, cooked, boiled, with salt",Legumes and Legume Products,108.5,7.54,0.55,18.34,,,
175257,"Peas, split, mature seeds, cooked, boiled, with salt",Legumes and Legume Products,118.9,8.34,0.39,20.51,0.948144083609289,,3.79
175258,"Peanuts, all types, oil-roasted, without salt",Legumes and Legume Products,645.7,28.03,52.5,15.26,,,
175259,"Lamb, New Zealand, imported, frozen, loin, separable lean and fat, cooked, broiled","Lamb, Veal, and Game Products",308.6,23.43,23.88,0.0,,750 ml,17.99
175260,"Lamb, New Zealand, imported, rack - partly frenched, separable lean only, raw","Lamb, Veal, and Game Products",160.1,20.65,8.61,0.0,,,
175261,"Lamb, New Zealand, imported, rack - partly frenched, separable lean only, cooked, fast roasted","Lamb, Veal, and Game Products",193.4,24.43,10.63,0.0,,750 ml,17.99
175262,"Lamb, New Zealand, imported, square-cut shoulder, separable lean and fat, raw","Lamb, Veal, and Game Products",271.6,16.16,22.89,0.24,,750 ml,17.99
175263,"Lamb, New Zealand, imported, frozen, shoulder, whole (arm and blade), separable lean and fat, cooked, braised","Lamb, Veal, and Game Products",349.3,28.21,26.27,0.0,,750 ml,17.99
175264,"Lamb, New Zealand, imported, square-cut shoulder, separable lean only, raw","Lamb, Veal, and Game Products",153.6,19.72,8.3,0.0,,750 ml,17.99
175265,"Veal, composite of trimmed retail cuts, separable lean only, cooked","Lamb, Veal, and Game Products",186.8,31.9,6.58,0.0,,,
175266,"Veal, composite of trimmed retail cuts, separable fat, raw","Lamb, Veal, and Game Products",634.6,6.02,67.83,0.0,,,
175267,"Veal, composite of trimmed retail cuts, separable fat, cooked","Lamb, Veal, and Game Products",638.3,9.42,66.74,0.0,,,
175268,"Veal, leg (top round), separable lean and fat, raw","Lamb, Veal, and Game Products",111.6,20.98,3.08,0.0,,,
175269,"Veal, leg (top round), separable lean only, raw","Lamb, Veal, and Game Products",101.0,21.28,1.76,0.0,,,
175270,"Veal, leg (top round), separable lean only, cooked, braised","Lamb, Veal, and Game Products",192.6,36.71,5.09,0.0,,,
175271,"Veal, leg (top round), separable lean only, cooked, pan-fried, breaded","Lamb, Veal, and Game Products",209.4,28.41,6.27,9.84,,,
175272,"Veal, leg (top round), separable lean only, cooked, pan-fried, not breaded","Lamb, Veal, and Game Products",174.3,33.17,4.62,0.0,,,
175273,"Veal, loin, separable lean only, cooked, braised","Lamb, Veal, and Game Products",216.6,33.57,9.15,0.0,3.525191572336192,1 lb,15.99
175274,"Veal, loin, separable lean only, cooked, roasted","Lamb, Veal, and Game Products",167.7,26.32,6.94,0.0,3.525191572336192,1 lb,15.99
175275,"Veal, rib, separable lean and fat, raw","Lamb, Veal, and Game Products",156.5,18.86,9.01,0.0,5.288889669815213,1 lb,23.99
175276,"Veal, rib, separable lean and fat, cooked, braised","Lamb, Veal, and Game Products",242.5,32.43,12.53,0.0,5.288889669815213,1 lb,23.99
175277,"Veal, shoulder, whole (arm and blade), separable lean and fat, raw","Lamb, Veal, and Game Products",124.6,19.27,5.28,0.0,2.86380478578156,1 lb,12.99
175278,"Veal, shoulder, whole (arm and blade), separable lean and fat, cooked, braised","Lamb, Veal, and Game Products",219.5,32.06,10.14,0.0,2.86380478578156,1 lb,12.99
175279,"Veal, shoulder, whole (arm and blade), separable lean and fat, cooked, roasted","Lamb, Veal, and Game Products",177.1,25.32,8.42,0.0,2.86380478578156,1 lb,12.99
175280,"Veal, shoulder, whole (arm and blade), separable lean only, raw","Lamb, Veal, and Game Products",106.2,19.79,3.0,0.0,2.86380478578156,1 lb,12.99
175281,"Veal, shoulder, arm, separable lean and fat, cooked, roasted","Lamb, Veal, and Game Products",176.1,25.46,8.25,0.0,2.86380478578156,1 lb,12.99
175282,"Veal, shoulder, arm, separable lean only, raw","Lamb, Veal, and Game Products",99.6,20.04,2.16,0.0,2.86380478578156,1 lb,12.99
175283,"Veal, shoulder, arm, separable lean only, cooked, braised","Lamb, Veal, and Game Products",190.9,35.73,5.33,0.0,2.86380478578156,1 lb,12.99
175284,"Veal, shoulder, arm, separable lean only, cooked, roasted","Lamb, Veal, and Game Products",156.8,26.13,5.81,0.0,2.86380478578156,1 lb,12.99
175285,"Veal, shoulder, blade, separable lean only, cooked, roasted","Lamb, Veal, and Game Products",164.5,25.64,6.88,0.0,2.86380478578156,1 lb,12.99
175286,"Veal, sirloin, separable lean and fat, raw","Lamb, Veal, and Game Products",146.6,19.07,7.81,0.0,3.1427213012692015,,12.99
175287,"Veal, sirloin, separable lean and fat, cooked, braised","Lamb, Veal, and Game Products",243.3,31.26,13.14,0.0,3.1427213012692015,,12.99
175288,"Veal, sirloin, separable lean and fat, cooked, roasted","Lamb, Veal, and Game Products",194.6,25.14,10.45,0.0,3.1427213012692015,,12.99
175289,"Veal, cubed for stew (leg and shoulder), separable lean only, cooked, braised","Lamb, Veal, and Game Products",178.5,34.94,4.31,0.0,2.86380478578156,1 lb,12.99
175290,"Veal, ground, raw","Lamb, Veal, and Game Products",191.9,18.58,13.06,0.0,2.643342523596682,,11.99
175291,"Veal, ground, cooked, broiled","Lamb, Veal, and Game Products",165.6,24.38,7.56,0.0,2.533111392504243,1 lb,11.49
175292,"Game meat, antelope, raw","Lamb, Veal, and Game Products",107.8,22.38,2.03,0.0,,,
175293,"Bison, ground, grass-fed, raw","Lamb, Veal, and Game Products",146.0,20.23,7.21,0.05,2.533111392504243,1 lb,11.49
175294,"Game meat, beaver, raw","Lamb, Veal, and Game Products",139.4,24.05,4.8,0.0,1.0552793616582807,,3.59
175295,"Game meat, beaver, cooked, roasted","Lamb, Veal, and Game Products",202.0,34.85,6.96,0.0,1.0552793616582807,,3.59
175296,"Game meat, beefalo, composite of cuts, raw","Lamb, Veal, and Game Products",136.4,23.3,4.8,0.0,2.643342523596682,1 lb,11.99
175297,"Game meat, boar, wild, raw","Lamb, Veal, and Game Products",116.0,21.51,3.33,0.0,,,
175298,"Game meat, boar, wild, cooked, roasted","Lamb, Veal, and Game Products",152.6,28.3,4.38,0.0,,,
175299,"Game meat, buffalo, water, raw","Lamb, Veal, and Game Products",93.9,20.39,1.37,0.0,1.2800172555946225,,4.79
175300,"Game meat, buffalo, water, cooked, roasted","Lamb, Veal, and Game Products",123.5,26.83,1.8,0.0,1.2800172555946225,,4.79
175301,"Game meat, elk, raw","Lamb, Veal, and Game Products",104.8,22.95,1.45,0.0,2.86380478578156,1 lb,12.99
175302,"Game meat, elk, cooked, roasted","Lamb, Veal, and Game Products",137.9,30.19,1.9,0.0,2.86380478578156,1 lb,12.99
175303,"Game meat, goat, raw","Lamb, Veal, and Game Products",103.2,20.6,2.31,0.0,2.013135399836768,,7.99
175304,"Game meat, goat, cooked, roasted","Lamb, Veal, and Game Products",135.7,27.1,3.03,0.0,2.013135399836768,,7.99
