food_id,ingredient_name,quantity_other,quantity_oz,price
167512,"Pillsbury Golden Layer Buttermilk Biscuits, Artificial Flavor, Refrigerated Dough",10 biscuits,20.4,4.79
167513,"Pillsbury, Cinnamon Rolls with Icing, Refrigerated Dough",16 rolls,24.8,5.99
167514,"Kraft Foods, Shake N Bake Original Recipe, Coating for Pork, Dry",12 ct,2.75,16.49
167515,"George Weston Bakeries, Thomas English Muffins",6 ct,13,3.99
167516,"Waffles, Buttermilk, Frozen, Ready-To-Heat",24 ct,29.6,4.49
167517,"Waffle, Buttermilk, Frozen, Ready-To-Heat, Toasted",24 ct,29.6,4.49
167518,"Waffle, Buttermilk, Frozen, Ready-To-Heat, Microwaved",24 ct,29.6,4.49
167519,"Waffle, Plain, Frozen, Ready-To-Heat, Microwave",10 ct,12.3,2.49
167520,"Pie Crust, Cookie-Type, Graham Cracker, Ready Crust",9 in,6,3.69
167521,"Pie Crust, Cookie-Type, Chocolate, Ready Crust",9 in,6,3.69
167522,"Pie, Dutch Apple, Commercially Prepared",,37.01,7.49
167523,"Pie Crust, Deep Dish, Frozen, Unbaked, Made with Enriched Flour",2 ct,6,3.99
167524,"Waffles, Chocolate Chip, Frozen, Ready-To-Heat",8 ct,10.72,6.49
167525,"Tostada Shells, Corn",30 ct,,2.49
167526,"Bread, Salvadoran Sweet Cheese (Quesadilla Salvadorena)",,10,3.49
167527,"Bread, Pound Cake Type, Pan De Torta Salvadoran",,30,7.99
167528,"Pastry, Pastelitos De Guava (Guava Pastries)",,,
167529,"Crackers, Snack, Goya Crackers",8 ct,1.42,3.99
167530,"Crackers, Cream, Gamesa Sabrosas",,7.5,4.39
167531,"Crackers, Cream, La Moderna Rikis Cream Crackers",,7.5,4.39
167532,"Bread, White Wheat",16.0 ounce,,6.79
167533,"Bagels, Wheat",6 ct,13,1.69
167534,"Cream Puff, Eclair, Custard or Cream Filled, Iced",,,
167535,"Tortillas, Ready-To-Bake or -Fry, Flour, Shelf Stable",,,
167536,"Snacks, Beef Jerky, Chopped and Formed",,2.5,5.99
167537,"Snacks, Corn-Based, Extruded, Chips, Plain",,12,7.29
167538,"Snacks, Corn-Based, Extruded, Chips, Barbecue-Flavor",,,
167539,"Snacks, Corn-Based, Extruded, Cones, Plain",,12,7.29
167540,"Snacks, Fruit Leather, Pieces",,,
167541,"Snacks, Fruit Leather, Rolls",,,
167542,"Snacks, Granola Bars, Hard, Plain",8 ct,,3.49
167543,"Snacks, Granola Bars, Hard, Almond",8 ct,,3.49
167544,"Snacks, Granola Bars, Soft, Uncoated, Raisin",8 ct,,3.49
167545,"Snacks, Granola Bars, Soft, Coated, Milk Chocolate Coating, Chocolate Chip",8 ct,,3.49
167546,"Candies, Honey-Combed, with Peanut Butter",,,
167547,"Snacks, Granola Bars, Soft, Coated, Milk Chocolate Coating, Peanut Butter",8 ct,,3.49
167548,"Snacks, Granola Bars, Soft, Uncoated, Peanut Butter and Chocolate Chip",8 ct,,3.49
167549,"Snacks, Popcorn, Oil-Popped, Microwave, Regular Flavor, No Trans Fat",,12,7.29
167550,"Snacks, Popcorn, Cakes",,12,7.29
167551,"Snacks, Popcorn, Caramel-Coated, with Peanuts",,12,7.29
167552,"Snacks, Popcorn, Caramel-Coated, Without Peanuts",,12,7.29
167553,"Snacks, Potato Chips, Made From Dried Potatoes, Reduced Fat",,5.5,2.49
167554,"Snacks, Potato Chips, Made From Dried Potatoes, Sour-Cream and Onion-Flavor",,5.5,2.49
167555,"Snacks, Pretzels, Hard, Plain, Salted",,5,3.99
167556,"Snacks, Pretzels, Hard, Confectioner'S Coating, Chocolate-Flavor",,5,3.99
167557,"Snacks, Rice Cakes, Brown Rice, Sesame Seed",,3,2.59
167558,"Snacks, Tortilla Chips, Plain, White Corn, Salted",,9,2.99
167559,"Snacks, Tortilla Chips, Nacho Cheese",,9,2.99
167560,"Snacks, Tortilla Chips, Ranch-Flavor",,9,2.99
167561,"Snacks, Trail Mix, Regular",,4,4.99
167562,"Candies, Almond Joy Candy Bar",,1.61,1.99
167563,"Candies, Twizzlers Cherry Bites",,16,4.49
167564,"Candies, Nestle, Bit-O'-Honey Candy Chews",,1.4,2.49
167565,"Candies, Nestle, Butterfinger Bar",,14,4.79
167566,"Candies, Caramels, Chocolate-Flavor Roll",,12,3.79
167567,"Baking Chocolate, Unsweetened, Liquid",,8,7.99
167568,"Baking Chocolate, Unsweetened, Squares",,8,7.99
167569,"Candies, Confectioner'S Coating, Yogurt",30 ct,,5.99
167570,"Candies, Confectioner'S Coating, Peanut Butter",30 ct,,5.99
167571,"Candies, White Chocolate",1 bar,4.4,5.99
167572,"Ice Creams, Vanilla, Light",,48,2.99
167573,"Ice Creams, Vanilla, Rich",,48,2.99
167574,"Desserts, Flan, Caramel Custard, Prepared-From-Recipe",1.5 lb,24,4.99
167575,"Ice Creams, Vanilla",,48,2.99
167576,"Ice Creams, Vanilla, Light, Soft-Serve",,48,2.99
167577,"Sherbet, Orange",,16,2.29
167578,"Candies, Fudge, Peanut Butter, Prepared-From-Recipe",14 fo,,3.99
167579,"Candies, Fudge, Vanilla, Prepared-From-Recipe",14 fo,,3.99
167580,"Candies, Fudge, Vanilla with Nuts",14 fo,,3.99
167581,"Candies, Nestle, Goobers Chocolate Covered Peanuts",,14,4.79
167582,"Candies, Nestle, Baby Ruth Bar",,14,4.79
167583,"Candies, Twizzlers Strawberry Twists Candy",,5,3.29
167584,"Syrups, Table Blends, Pancake, with Butter",24 oza,,4.79
167585,"Ice Creams, Chocolate, Light",8 ct,,9.29
167586,"Candies, Nestle, Chunky Bar",,14,4.79
167587,"Candies, Milk Chocolate",1 bag,5.1,6.49
167588,"Puddings, Banana, Dry Mix, Instant, Prepared with 2% Milk",,5.1,2.49
167589,"Puddings, Banana, Dry Mix, Regular, Prepared with 2% Milk",,5.1,2.49
167590,"Andrea'S, Gluten Free Soft Dinner Roll",,18,7.29
167591,"Crunchmaster, Multi-Grain Crisps, Snack Crackers, Gluten-Free",6 ct,0.75,7.99
167592,"Glutino, Gluten Free Cookies, Chocolate Vanilla Creme",,10.5,5.99
167593,"Glutino, Gluten Free Cookies, Vanilla Creme",,10.5,5.99
167594,"Pepperidge Farm, Goldfish, Baked Snack Crackers, Original",,6.6,2.99
167595,"Pepperidge Farm, Goldfish, Baked Snack Crackers, Parmesan",,6.6,2.99
167596,"Pepperidge Farm, Goldfish, Baked Snack Crackers, Pizza",,6.6,2.99
167597,"Rudi'S, Gluten-Free Bakery, Original Sandwich Bread",,18,7.29
167598,"Udi'S, Gluten Free, Soft & Delicious White Sandwich Bread",,14.3,6.99
167599,"Udi'S, Gluten Free, Soft & Hearty Whole Grain Bread",,14.3,6.99
167600,"Udi'S, Gluten Free, Whole Grain Dinner Rolls",,14.3,6.99
167601,"Van'S, Gluten Free, Totally Original Pancakes",8 ct,11.3,3.29
167602,"Seaweed, Canadian Cultivated Emi-Tsunomata, Dry",,,
167603,"Seaweed, Canadian Cultivated Emi-Tsunomata, Rehydrated",,,
167604,"Potatoes, Hash Brown, Refrigerated, Unprepared",,22.5,3.99
167605,"Potatoes, Hash Brown, Refrigerated, Prepared, Pan-Fried in Canola Oil",,22.5,3.99
167606,"Sweet Potatoes, French Fried, Frozen As Packaged, Salt Added in Processing",,14,7.99
167607,"Moose, Meat, Raw (Alaska Native)",,16,3.99
167608,"Mashu Roots, Raw (Alaska Native)",,,
167609,"Moose, Liver, Braised (Alaska Native)",,16,3.99
167610,"Seal, Bearded (Oogruk), Meat, Raw (Alaska Native)",,,
167611,"Oil, Bearded Seal (Oogruk) (Alaska Native)",,,
167612,"Oopah (Tunicate), Whole Animal (Alaska Native)",,,
167613,"Owl, Horned, Flesh, Raw (Alaska Native)",,40,6.49
167614,"Fish, Salmon, King, Chinook, Smoked and Canned (Alaska Native)",,10,10.00
167615,"Fish, Salmon, King, Chinook, Smoked, Brined (Alaska Native)",,10,10.00
167616,"Fish, Salmon, King, Chinook, Liver (Alaska Native)",,10,10.00
167617,"Duck, Scoter, White-Winged, Meat (Alaska Native)",,,
167618,"Sea Cucumber, Yane (Alaska Native)",,,
167619,"Squirrel, Ground, Meat (Alaska Native)",1 ct,,10.99
167620,"Tea, Tundra, Herb and Laborador Combination (Alaska Native)",,,
167621,"Walrus, Meat, Dried (Alaska Native)",,,
167622,"Deer (Venison), Sitka, Raw (Alaska Native)",,,
167623,"Whale, Bowhead, Subcutaneous Fat (Blubber) (Alaska Native)",,,
167624,"Whale, Bowhead, Skin and Subcutaneous Fat (Muktuk) (Alaska Native)",,,
167625,"Oil, Whale, Bowhead (Alaska Native)",,8.5,4.29
167626,"Fish, Whitefish, Broad, Liver (Alaska Native)",4 pk,11.6,8.99
167627,"Mush, Blue Corn with Ash (Navajo)",,,
167628,"Cornmeal, Blue (Navajo)",,,
167629,"Melon, Banana (Navajo)",,,
167630,Chilchen (Red Berry Beverage) (Navajo),,,
167631,"Corn, Dried (Navajo)",9 ct,0.7,7.49
167632,"Squash, Indian, Cooked, Boiled (Navajo)",1 lb,16,1.49
167633,"Bread, Kneel Down (Navajo)",,,
167634,"Mutton, Cooked, Roasted (Navajo)",,,
167635,"Frybread, Made with Lard (Navajo)",,,
167636,Tamales (Navajo),,,
167637,"Stew, Steamed Corn (Navajo)",,,
167638,"Fish, Halibut, Raw, with Skin (Alaska Native)",12 ounces,,17.99
167639,"Fish, Salmon, Coho (Silver), Raw (Alaska Native)",,10,10.00
167640,"Blueberries, Wild, Raw (Alaska Native)",,17.1,3.49
167641,"Oil, Spotted Seal (Alaska Native)",,,
167642,"Fish, Salmon, Red, Canned, Bones Removed (Alaska Native)",,10,10.00
167643,"Fish, Whitefish, Eggs (Alaska Native)",4 pk,11.6,8.99
167644,"Caribou, Rump Meat, Half Dried (Alaska Native)",,,
167645,"Fish, Salmon, Red, (Sockeye), Canned, Smoked (Alaska Native)",,10,10.00
167646,"Fish, Salmon, Red, (Sockeye), Kippered (Alaska Native)",,10,10.00
167647,"Fish, Salmon, King, with Skin, Kippered, (Alaska Native)",,10,10.00
167648,"Fish, Sheefish, Raw (Alaska Native)",,9,7.99
167649,"Buffalo, Free Range, Top Round Steak, Raw (Shoshone Bannock)",,32,3.69
167650,"Seal, Bearded (Oogruk), Meat, Partially Dried (Alaska Native)",,,
167651,"Buffalo, Free Range, Top Round Steak, Cooked (Shoshone Bannock)",,32,3.69
167652,"Elk, Free Range, Roast, Eye of Round, Raw (Shoshone Bannock)",18 ct,,11.99
167653,"Corn, Dried, Yellow (Northern Plains Indians)",,1.2,5.99
167654,"Smelt, Dried (Alaska Native)",,,
167655,"Frybread, Made with Lard (Apache)",,,
167656,Corned Beef and Potatoes in Tortilla (Apache),,,
167657,"On the Border, Soft Taco with Ground Beef, Cheese and Lettuce",,22,2.50
167658,"Restaurant, Mexican, Soft Taco with Ground Beef, Cheese and Lettuce",,16,6.49
167659,"Restaurant, Latino, Chicken and Rice, Entree, Prepared",,16,1.69
167660,"Restaurant, Latino, Empanadas, Beef, Prepared",,16,1.69
167661,"Restaurant, Latino, Pupusas Con Frijoles (Pupusas, Bean)",,16,1.69
167662,"Restaurant, Latino, Pupusas Con Queso (Pupusas, Cheese)",,16,1.69
167663,"Restaurant, Latino, Pupusas Del Cerdo (Pupusas, Pork)",,16,1.69
167664,"Restaurant, Latino, Tamale, Corn",,16,1.69
167665,"Restaurant, Mexican, Spanish Rice",,16,6.49
167666,"Restaurant, Mexican, Refried Beans",,16,6.49
167667,"Restaurant, Chinese, Egg Rolls, Assorted",,16,6.49
167668,"Restaurant, Chinese, Fried Rice, Without Meat",,16,6.49
167669,"Cracker Barrel, Steak Fries",,,
167670,"Cracker Barrel, Grilled Sirloin Steak",,,
167671,"Cracker Barrel, Macaroni N' Cheese Plate, From Kid'S Menu",,8.2,1.99
167672,"Denny'S, French Fries",,,
167673,"Denny'S, Top Sirloin Steak",,,
167674,"Restaurant, Chinese, Lemon Chicken",,16,6.49
167675,"Restaurant, Chinese, General Tso'S Chicken",,16,6.49
167676,"Restaurant, Chinese, Kung Pao Chicken",,16,6.49
167677,"Restaurant, Chinese, Vegetable Lo Mein, Without Meat",,16,6.49
167678,"Restaurant, Chinese, Chicken and Vegetables",,16,6.49
167679,"Restaurant, Chinese, Orange Chicken",,16,6.49
167680,"Restaurant, Italian, Spaghetti with Meat Sauce",,16,2.69
167681,"Beverages, Fruit-Flavored Drink, Dry Powdered Mix, Low Calorie, with Aspartame",10 ct,,3.79
167682,"Pectin, Liquid",2 ct,,5.49
167683,"Frozen Novelties, Ice Cream Type, Vanilla Ice Cream, Light, No Sugar Added, Chocolate Coated",,,
167684,"Creamy Dressing, Made with Sour Cream And/Or Buttermilk and Oil, Reduced Calorie",,,
167685,"Bologna, Beef and Pork, Low Fat",1 lb,16,1.89
167686,"Milk Dessert, Frozen, Milk-Fat Free, Chocolate",,16,6.49
167687,"Whipped Topping, Frozen, Low Fat",,8,2.19
167688,"Cream Substitute, Powdered, Light",,35.3,6.99
167689,"Candies, Mars Snackfood Us, M&M'S Peanut Butter Chocolate Candies",,,
167690,"Babyfood, Apple Yogurt Dessert, Strained",,,
167691,"Vegetable Oil-Butter Spread, Reduced Calorie",,,
167692,"Salad Dressing, Blue or Roquefort Cheese Dressing, Light",,,
167693,"Salad Dressing, French Dressing, Reduced Calorie",15 oza,,2.99
167694,"Sausage, Turkey and Pork, Fresh, Bulk, Patty or Link, Cooked",,13,3.29
167695,"Mayonnaise, Made with Tofu",,,
167696,"Frankfurter, Beef, Low Fat",,12,5.99
167697,"Milk, Buttermilk, Fluid, Cultured, Reduced Fat",1 pt,,1.19
167698,"Pork Sausage Rice Links, Brown and Serve, Cooked",,6.4,1.79
167699,"Salad Dressing, Blue or Roquefort Cheese Dressing, Fat-Free",,24,6.99
167700,"Salad Dressing, Mayonnaise-Like, Fat-Free",30 fo,,6.49
167701,"Candies, Mars Snackfood Us, Milky Way Midnight Bar",,,
167702,"Oil, Flaxseed, Cold Pressed",125 ct,,18.99
167703,"Cheese, Cottage, Lowfat, 1% Milkfat, Lactose Reduced",,24,3.29
167704,"Salad Dressing, Bacon and Tomato",,11,7.99
167705,"Cheese, Parmesan, Low Sodium",,8,5.99
167706,"Jams, Preserves, Marmalade, Reduced Sugar",,13,7.29
167707,"Beverages, Fruit-Flavored Drink, Powder, with High Vitamin C with Other Added Vitamins, Low Calorie",10 ct,,3.79
167708,"Tomato and Vegetable Juice, Low Sodium",6 cans,11.5,5.99
167709,"Turkey, Wing, Smoked, Cooked, with Skin, Bone Removed",1 lb,16,4.49
167710,"Turkey, Drumstick, Smoked, Cooked, with Skin, Bone Removed",1 lb,16,4.49
167711,"Beverages, Chocolate-Flavored Drink, Whey and Milk Based",,11,3.79
167712,"Pork, Cured, Bacon, Cooked, Broiled, Pan-Fried or Roasted, Reduced Sodium",,12,5.49
167713,"Turkey, Light or Dark Meat, Smoked, Cooked, Skin and Bone Removed",,9,4.29
167714,"Hearts of Palm, Raw",,6,4.79
167715,"Cereals Ready-To-Eat, Post, Shredded Wheat N' Bran, Spoon-Size",,12.25,3.99
167716,"Cheese, Cottage, Lowfat, 1% Milkfat, with Vegetables",,24,3.29
167717,Yeast Extract Spread,,24,5.49
167718,"Babyfood, Juice, Pear",,4,3.99
167719,"Chicken, Meatless, Breaded, Fried",,14.7,9.49
167720,"Babyfood, Meat, Beef with Vegetables, Toddler",,6,2.79
167721,"Frozen Novelties, Juice Type, Juice with Cream",,12,3.29
167722,Tofu Yogurt,,,
167723,"Alcoholic Beverage, Rice (Sake)",12 cans,12,22.99
167724,"Millet, Puffed",,,
167725,"Cereals Ready-To-Eat, Oat Bran Flakes, Health Valley",,18.2,2.79
167726,"Babyfood, Mixed Fruit Yogurt, Strained",,4.2,1.89
167727,"Beverages, Abbott, Ensure Plus, Ready-To-Drink",8 pk,6,4.49
167728,"Babyfood, Rice and Apples, Dry",,1.4,2.89
167729,"Babyfood, Juice, Apple - Cherry",,4,3.99
167730,"Milk, Imitation, Non-Soy",,,
167731,"Babyfood, Cereal, Rice with Pears and Apple, Dry, Instant Fortified",,8,4.99
167732,"Babyfood, Banana No Tapioca, Strained",,,
167733,"Babyfood, Banana Apple Dessert, Strained",,3.5,1.39
167734,"Breakfast Bar, Corn Flake Crust with Fruit",,,
167735,"Cheese, Mozzarella, Low Sodium",,8,2.49
167736,"Mayonnaise Dressing, No Cholesterol",,18,3.69
167737,"Oil, Corn, Peanut, and Olive",,40,6.49
167738,"Pie Fillings, Blueberry, Canned",,21,4.19
167739,"Beverages, Cocktail Mix, Non-Alcoholic, Concentrated, Frozen",,33.8,4.39
167740,"Puddings, Chocolate Flavor, Low Calorie, Regular, Dry Mix",,3.9,1.99
167741,"Puddings, All Flavors Except Chocolate, Low Calorie, Regular, Dry Mix",,,
167742,"Mollusks, Scallop, (Bay and Sea), Cooked, Steamed",,,
167743,"Syrup, Cane",,4,12.99
167744,"Mollusks, Snail, Raw",8 count,,3.69
167745,"Turtle, Green, Raw",,,
167746,"Lemons, Raw, Without Peel",,12,6.99
167747,"Lemon Juice, Raw",,4,1.25
167748,"Lemon Juice From Concentrate, Canned or Bottled",12 fo,,1.99
167749,"Lemon Peel, Raw",16 ounces,,12.99
167750,"Prickly Pears, Raw",12 bottle / 12 fl. oz,,19.99
167751,"Plums, Dried (Prunes), Stewed, Without Added Sugar",,4,1.59
167752,"Plums, Dried (Prunes), Stewed, with Added Sugar",,4,1.59
167753,"Prune Juice, Canned",4 ct,7.5,5.99
167754,"Pummelo, Raw",,,
167755,"Raspberries, Raw",,12,7.29
167756,"Raspberries, Canned, Red, Heavy Syrup Pack, Solids and Liquids",,12,2.39
167757,"Raspberries, Frozen, Red, Sweetened",,12,4.99
167758,"Rhubarb, Raw",,,
167759,"Sapodilla, Raw",,,
167760,"Sapote, Mamey, Raw",,,
167761,"Soursop, Raw",,11.5,14.49
167762,"Strawberries, Raw",,12,4.99
167763,"Tamarinds, Raw",,,
167764,"Fruit Salad, (Pineapple and Papaya and Banana and Guava), Tropical, Canned, Heavy Syrup, Solids and Liquids",,,
167765,"Watermelon, Raw",,12,6.99
167766,"Maraschino Cherries, Canned, Drained",,10,3.59
167767,"Pineapple, Canned, Juice Pack, Drained",,20,2.29
167768,"Apricots, Canned, Heavy Syrup, Drained",,15.25,2.19
167769,"Cherries, Sour, Canned, Water Pack, Drained",30 ct,,17.99
167770,"Cherries, Sweet, Canned, Pitted, Heavy Syrup, Drained",,16,3.49
167771,"Apple Juice, Canned or Bottled, Unsweetened, with Added Ascorbic Acid",,,
167772,"Applesauce, Canned, Unsweetened, with Added Ascorbic Acid",,,
167773,"Applesauce, Canned, Sweetened, with Salt",,48,4.29
167774,"Grapefruit Juice, Pink, Raw",,52,4.99
167775,"Apple Juice, Frozen Concentrate, Unsweetened, Diluted with 3 Volume Water, with Added Ascorbic Acid",,12,1.99
167776,"Pears, Raw, Bartlett (Includes Foods for Usda'S Food Distribution Program)",1 lb,16,2.99
167777,"Pears, Raw, Red Anjou",,,
167778,"Pears, Raw, Bosc (Includes Foods for Usda'S Food Distribution Program)",,,
167779,"Pears, Raw, Green Anjou (Includes Foods for Usda'S Food Distribution Program)",1 lb,16,2.99
167780,Prune Puree,,4,1.29
167781,Candied Fruit,,18,8.99
167782,"Abiyuch, Raw",,,
167783,"Rowal, Raw",,,
167784,"Guava Nectar, Canned, with Added Ascorbic Acid",,11.3,0.79
167785,"Mango Nectar, Canned",,,
167786,"Tamarind Nectar, Canned",,,
167787,"Pomegranate Juice, Bottled",,46,4.49
167788,"Nance, Canned, Syrup, Drained",,,
167789,"Nance, Frozen, Unsweetened",,,
167790,"Naranjilla (Lulo) Pulp, Frozen, Unsweetened",,,
167791,Horned Melon (Kiwano),,,
167792,Orange Pineapple Juice Blend,,64,2.49
167793,"Apples, Raw, Fuji, with Skin (Includes Foods for Usda'S Food Distribution Program)",,16,2.99
167794,"Orange Juice, Chilled, Includes From Concentrate, with Added Calcium and Vitamins A, D, E",,59,4.99
167795,"Fruit Juice Smoothie, Naked Juice, Mighty Mango",,15.2,3.79
167796,"Fruit Juice Smoothie, Naked Juice, Green Machine",,15.2,3.79
167797,"Fruit Juice Smoothie, Bolthouse Farms, Berry Boost",,52,6.99
167798,"Fruit Juice Smoothie, Bolthouse Farms, Green Goodness",,52,6.99
167799,"Fruit Juice Smoothie, Bolthouse Farms, Strawberry Banana",,52,6.99
167800,"Apple Juice, Canned or Bottled, Unsweetened, with Added Ascorbic Acid, Calcium, and Potassium",6 bottles,8,5.49
167801,"Lemon Juice From Concentrate, Bottled, Concord",12 fo,,1.99
167802,"Lemon Juice From Concentrate, Bottled, Real Lemon",12 fo,,1.99
167803,"Cranberry Sauce, Whole, Canned, Ocean Spray",,14,2.99
167804,"Cranberry Sauce, Jellied, Canned, Ocean Spray",,14,2.99
167805,"Ruby Red Grapefruit Juice Blend (Grapefruit, Grape, Apple), Ocean Spray, Bottled, with Added Vitamin C",,,
167806,Baobab Powder,,8.25,9.49
167807,"Cherry Juice, Tart",,32,5.49
167808,"Raspberries, Puree, Seedless",,4,0.85
167809,"Raspberries, Puree, with Seeds",,4,0.85
167810,"Pork, Fresh, Composite of Trimmed Leg, Loin, Shoulder, and Spareribs, (Includes Cuts To Be Cured), Separable Lean and Fat, Raw",1 package,,3.99
167811,"Pork, Fresh, Backfat, Raw",1 package,,3.99
167812,"Pork, Fresh, Belly, Raw",1 package,,3.99
167813,"Pork, Fresh, Separable Fat, Raw",1 package,,3.99
167814,"Pork, Fresh, Leg (Ham), Rump Half, Separable Lean and Fat, Raw",1 package,,3.99
167815,"Pork, Fresh, Leg (Ham), Rump Half, Separable Lean and Fat, Cooked, Roasted",1 package,,3.99
167816,"Pork, Fresh, Leg (Ham), Rump Half, Separable Lean Only, Raw (Includes Foods for Usda'S Food Distribution Program)",1 package,,3.99
167817,"Pork, Fresh, Leg (Ham), Rump Half, Separable Lean Only, Cooked, Roasted",1 package,,3.99
167818,"Pork, Fresh, Loin, Whole, Separable Lean and Fat, Raw",1 package,,3.99
167819,"Pork, Fresh, Loin, Whole, Separable Lean and Fat, Cooked, Braised",1 package,,3.99
167820,"Pork, Fresh, Loin, Whole, Separable Lean and Fat, Cooked, Broiled",1 package,,3.99
167821,"Pork, Fresh, Loin, Whole, Separable Lean and Fat, Cooked, Roasted",1 package,,3.99
167822,"Pork, Fresh, Loin, Blade (Chops or Roasts), Bone-In, Separable Lean and Fat, Raw",1 package,,3.99
167823,"Pork, Fresh, Loin, Blade (Chops), Bone-In, Separable Lean and Fat, Cooked, Braised",1 package,,3.99
167824,"Pork, Fresh, Loin, Blade (Chops), Bone-In, Separable Lean and Fat, Cooked, Broiled",1 package,,3.99
167825,"Pork, Fresh, Loin, Blade (Roasts), Bone-In, Separable Lean and Fat, Cooked, Roasted",1 package,,3.99
167826,"Pork, Fresh, Loin, Center Loin (Chops), Bone-In, Separable Lean and Fat, Cooked, Braised",1 package,,3.99
167827,"Pork, Fresh, Loin, Center Loin (Chops), Bone-In, Separable Lean and Fat, Cooked, Broiled",1 package,,3.99
167828,"Pork, Fresh, Loin, Center Loin (Roasts), Bone-In, Separable Lean and Fat, Cooked, Roasted",1 package,,3.99
167829,"Pork, Fresh, Loin, Center Loin (Chops), Bone-In, Separable Lean Only, Raw",1 package,,3.99
167830,"Pork, Fresh, Loin, Center Rib (Chops), Bone-In, Separable Lean and Fat, Cooked, Braised",1 package,,3.99
167831,"Pork, Fresh, Loin, Center Rib (Chops), Bone-In, Separable Lean and Fat, Cooked, Broiled",1 package,,3.99
167832,"Pork, Fresh, Loin, Center Rib (Roasts), Bone-In, Separable Lean and Fat, Cooked, Roasted",1 package,,3.99
167833,"Pork, Fresh, Loin, Center Rib (Chops or Roasts), Bone-In, Separable Lean Only, Raw",1 package,,3.99
167834,"Pork, Fresh, Loin, Sirloin (Chops), Bone-In, Separable Lean and Fat, Cooked, Braised",1 package,,3.99
167835,"Pork, Fresh, Loin, Sirloin (Chops), Bone-In, Separable Lean and Fat, Cooked, Broiled",1 package,,3.99
167836,"Pork, Fresh, Loin, Sirloin (Roasts), Bone-In, Separable Lean and Fat, Cooked, Roasted",1 package,,3.99
167837,"Pork, Fresh, Loin, Sirloin (Chops or Roasts), Bone-In, Separable Lean Only, Raw",1 package,,3.99
167838,"Pork, Fresh, Loin, Sirloin (Chops), Bone-In, Separable Lean Only, Cooked, Braised",1 package,,3.99
167839,"Pork, Fresh, Loin, Top Loin (Chops), Boneless, Separable Lean and Fat, Raw",1 package,,3.99
167840,"Pork, Fresh, Loin, Top Loin (Chops), Boneless, Separable Lean and Fat, Cooked, Braised",1 package,,3.99
167841,"Pork, Fresh, Loin, Top Loin (Chops), Boneless, Separable Lean and Fat, Cooked, Broiled",1 package,,3.99
167842,"Pork, Fresh, Loin, Top Loin (Roasts), Boneless, Separable Lean and Fat, Cooked, Roasted",1 package,,3.99
167843,"Pork, Fresh, Shoulder, Whole, Separable Lean and Fat, Raw",1 package,,3.99
167844,"Pork, Fresh, Shoulder, Whole, Separable Lean and Fat, Cooked, Roasted",1 package,,3.99
167845,"Pork, Fresh, Shoulder, Whole, Separable Lean Only, Raw",1 package,,3.99
167846,"Pork, Fresh, Shoulder, Whole, Separable Lean Only, Cooked, Roasted",1 package,,3.99
167847,"Pork, Fresh, Shoulder, Arm Picnic, Separable Lean Only, Cooked, Braised",1 package,,3.99
167848,"Pork, Fresh, Shoulder, Arm Picnic, Separable Lean Only, Cooked, Roasted",1 package,,3.99
167849,"Pork, Fresh, Shoulder, (Boston Butt), Blade (Steaks), Separable Lean and Fat, Raw",1 package,,3.99
167850,"Pork, Fresh, Shoulder, (Boston Butt), Blade (Steaks), Separable Lean and Fat, Cooked, Braised",1 package,,3.99
167851,"Pork, Fresh, Shoulder, Blade, Boston (Steaks), Separable Lean and Fat, Cooked, Broiled",1 package,,3.99
167852,"Pork, Fresh, Shoulder, Blade, Boston (Roasts), Separable Lean Only, Cooked, Roasted",1 package,,3.99
167853,"Pork, Fresh, Spareribs, Separable Lean and Fat, Raw",1 package,,3.99
167854,"Pork, Fresh, Spareribs, Separable Lean and Fat, Cooked, Braised",1 package,,3.99
167855,"Pork, Fresh, Composite of Trimmed Retail Cuts (Leg, Loin, and Shoulder), Separable Lean Only, Cooked",1 package,,3.99
167856,"Pork, Fresh, Variety Meats and By-Products, Chitterlings, Cooked, Simmered",1 package,,3.99
167857,"Pork, Fresh, Variety Meats and By-Products, Ears, Frozen, Raw",1 package,,3.99
167858,"Pork, Fresh, Variety Meats and By-Products, Ears, Frozen, Cooked, Simmered",1 package,,3.99
167859,"Pork, Fresh, Variety Meats and By-Products, Feet, Raw",1 package,,3.99
167860,"Pork, Fresh, Variety Meats and By-Products, Kidneys, Cooked, Braised",1 package,,3.99
167861,"Pork, Fresh, Variety Meats and By-Products, Leaf Fat, Raw",1 package,,3.99
167862,"Pork, Fresh, Variety Meats and By-Products, Liver, Raw",1 package,,3.99
167863,"Pork, Fresh, Variety Meats and By-Products, Liver, Cooked, Braised",1 package,,3.99
167864,"Pork, Fresh, Variety Meats and By-Products, Lungs, Raw",1 package,,3.99
167865,"Pork, Fresh, Variety Meats and By-Products, Spleen, Raw",1 package,,3.99
167866,"Pork, Fresh, Variety Meats and By-Products, Spleen, Cooked, Braised",1 package,,3.99
167867,"Pork, Fresh, Variety Meats and By-Products, Stomach, Raw",1 package,,3.99
167868,"Pork, Fresh, Loin, Blade (Chops), Bone-In, Separable Lean Only, Cooked, Pan-Fried",1 package,,3.99
167869,"Canadian Bacon, Unprepared",,5,3.49
167870,"Pork, Cured, Feet, Pickled",,12,5.49
167871,"Pork, Cured, Ham, Boneless, Extra Lean (Approximately 5% Fat), Roasted",,12,5.49
167872,"Pork, Cured, Ham, Boneless, Regular (Approximately 11% Fat), Roasted",,12,5.49
167873,"Pork, Cured, Ham, Patties, Unheated",,12,5.49
167874,"Pork, Cured, Ham, Steak, Boneless, Extra Lean, Unheated",,12,5.49
167875,"Pork, Cured, Ham, Whole, Separable Lean and Fat, Unheated",,12,5.49
167876,"Pork, Cured, Ham, Whole, Separable Lean Only, Unheated",,12,5.49
167877,"Pork, Cured, Separable Fat (From Ham and Arm Picnic), Unheated",,12,5.49
167878,"Pork, Cured, Separable Fat (From Ham and Arm Picnic), Roasted",,12,5.49
167879,"Pork, Cured, Shoulder, Arm Picnic, Separable Lean and Fat, Roasted",,12,5.49
167880,"Pork, Cured, Shoulder, Arm Picnic, Separable Lean Only, Roasted",,12,5.49
167881,"Pork, Fresh, Variety Meats and By-Products, Tail, Cooked, Simmered",1 package,,3.99
167882,"Pork, Fresh, Loin, Center Loin (Chops), Bone-In, Separable Lean Only, Cooked, Pan-Fried",1 package,,3.99
167883,"Pork, Fresh, Loin, Center Rib (Chops), Bone-In, Separable Lean Only, Cooked, Pan-Fried",1 package,,3.99
167884,"Pork, Fresh, Loin, Blade (Chops), Bone-In, Separable Lean and Fat, Cooked, Pan-Fried",1 package,,3.99
167885,"Pork, Cured, Ham, Extra Lean and Regular, Canned, Unheated",,12,5.49
167886,"Pork, Cured, Ham, Extra Lean and Regular, Canned, Roasted",,12,5.49
167887,"Pork, Fresh, Loin, Top Loin (Chops), Boneless, Separable Lean and Fat, Cooked, Pan-Fried",1 package,,3.99
167888,"Pork, Fresh, Composite of Trimmed Retail Cuts (Leg, Loin, Shoulder, and Spareribs), Separable Lean and Fat, Raw",1 package,,3.99
167889,"Pork, Fresh, Loin, Center Rib (Chops or Roasts), Boneless, Separable Lean and Fat, Raw",1 package,,3.99
167890,"Pork, Fresh, Loin, Center Rib (Chops), Boneless, Separable Lean and Fat, Cooked, Braised",1 package,,3.99
167891,"Pork, Fresh, Loin, Center Rib (Chops), Boneless, Separable Lean and Fat, Cooked, Broiled",1 package,,3.99
167892,"Pork, Fresh, Loin, Center Rib (Chops), Boneless, Separable Lean and Fat, Cooked, Pan-Fried",1 package,,3.99
167893,"Pork, Fresh, Loin, Center Rib (Chops), Boneless, Separable Lean Only, Cooked, Pan-Fried",1 package,,3.99
167894,"Pork, Fresh, Loin, Center Rib (Roasts), Boneless, Separable Lean Only, Cooked, Roasted",1 package,,3.99
167895,"Pork, Fresh, Loin, Country-Style Ribs, Separable Lean and Fat, Raw",1 package,,3.99
167896,"Pork, Fresh, Loin, Country-Style Ribs, Separable Lean and Fat, Cooked, Braised",1 package,,3.99
167897,"Pork, Fresh, Loin, Country-Style Ribs, Separable Lean and Fat, Bone-In, Cooked, Roasted",1 package,,3.99
167898,"Pork, Fresh, Loin, Sirloin (Chops), Boneless, Separable Lean and Fat, Cooked, Braised",1 package,,3.99
167899,"Pork, Fresh, Loin, Sirloin (Chops), Boneless, Separable Lean and Fat, Cooked, Broiled",1 package,,3.99
167900,"Pork, Fresh, Loin, Sirloin (Roasts), Boneless, Separable Lean and Fat, Cooked, Roasted",1 package,,3.99
167901,"Pork, Fresh, Loin, Sirloin (Chops or Roasts), Boneless, Separable Lean Only, Raw",1 package,,3.99
167902,"Pork, Fresh, Ground, Raw",1 package,,3.99
167903,"Pork, Fresh, Ground, Cooked",1 package,,3.99
167904,"Pork, Fresh, Loin, Tenderloin, Separable Lean and Fat, Cooked, Broiled",1 package,,3.99
167905,"Pork, Fresh, Loin, Tenderloin, Separable Lean and Fat, Cooked, Roasted",1 package,,3.99
167906,"Pork, Fresh, Composite of Trimmed Retail Cuts (Loin and Shoulder Blade), Separable Lean and Fat, Cooked",1 package,,3.99
167907,"Pork, Fresh, Composite of Trimmed Retail Cuts (Loin and Shoulder Blade), Separable Lean Only, Raw",1 package,,3.99
167908,"Pork, Fresh, Composite of Trimmed Retail Cuts (Loin and Shoulder Blade), Separable Lean Only, Cooked",1 package,,3.99
167909,"Hormel, Cure 81 Ham",1 lb,16,5.49
167910,"Hormel Always Tender, Pork Tenderloin, Teriyaki-Flavored",,,
167911,Hormel Canadian Style Bacon,,,
167912,"Pork, Fresh, Loin, Top Loin (Chops), Boneless, Separable Lean Only, with Added Solution, Cooked, Pan-Broiled",1 package,,3.99
167913,"Pork, Fresh, Loin, Top Loin (Chops), Boneless, Separable Lean and Fat, with Added Solution, Cooked, Pan-Broiled",1 package,,3.99
167914,"Pork, Cured, Bacon, Cooked, Baked",,12,5.49
167915,"Pork, Cured, Ham -- Water Added, Rump, Bone-In, Separable Lean Only, Heated, Roasted",,12,5.49
167916,"Pork, Cured, Ham -- Water Added, Rump, Bone-In, Separable Lean Only, Unheated",,12,5.49
167917,"Pork, Cured, Ham -- Water Added, Shank, Bone-In, Separable Lean Only, Heated, Roasted",,12,5.49
167918,"Pork, Cured, Ham -- Water Added, Slice, Bone-In, Separable Lean Only, Heated, Pan-Broil",,12,5.49
167919,"Pork, Cured, Ham with Natural Juices, Rump, Bone-In, Separable Lean Only, Heated, Roasted",,12,5.49
167920,"Pork, Cured, Ham with Natural Juices, Shank, Bone-In, Separable Lean Only, Heated, Roasted",,12,5.49
167921,"Pillsbury Grands, Buttermilk Biscuits, Refrigerated Dough",20 ct,2.08,6.49
167922,"Heinz, Weight Watcher, Chocolate Eclair, Frozen",,,
167923,"Interstate Brands Corp, Wonder Hamburger Rolls",8 ct,12,1.79
167924,"Nabisco, Nabisco Snackwell'S Fat Free Devil'S Food Cookie Cakes",,,
167925,"Crackers, Cheese, Sandwich-Type with Cheese Filling",,12.4,2.99
167926,"Pancakes, Plain, Frozen, Ready-To-Heat, Microwave (Includes Buttermilk)",8 ct,9.87,3.49
167927,"Toaster Pastries, Fruit, Frosted (Include Apples, Blueberry, Cherry, Strawberry)",8 ct,1.3,2.49
167928,"Toaster Pastries, Fruit, Toasted (Include Apple, Blueberry, Cherry, Strawberry)",8 ct,1.3,2.49
167929,"Muffin, Blueberry, Commercially Prepared, Low-Fat",5 ct,8.44,3.19
167930,"Pie Crust, Refrigerated, Regular, Baked",2 ct,15,3.49
167931,"Pie Crust, Deep Dish, Frozen, Baked, Made with Enriched Flour",2 ct,6,3.99
167932,"Pie Crust, Refrigerated, Regular, Unbaked",2 ct,15,3.49
167933,"Crackers, Whole-Wheat, Reduced Fat",,12.5,6.29
167934,"Crackers, Wheat, Reduced Fat",,12.9,4.69
167935,"Bread, Pan Dulce, Sweet Yeast Bread",4.7 qt,,19.99
167936,"Keikitos (Muffins), Latino Bakery Item",,,
167937,"Cake, Pound, Bimbo Bakeries Usa, Panque Casero, Home Baked Style",,30,7.99
167938,"Pan Dulce, La Ricura, Salpora De Arroz Con Azucar, Cookie-Like, Contains Wheat Flour and Rice Flour",,,
167939,"Garlic Bread, Frozen",8 ct,,2.39
167940,"Cinnamon Buns, Frosted (Includes Honey Buns)",6 ct,,3.49
167941,"Crackers, Cheese, Reduced Fat",8 ct,1.38,3.99
167942,"Crackers, Saltines, Whole Wheat (Includes Multi-Grain)",,16,2.19
167943,"Bread, Potato",,13.5,5.99
167944,"Bread, Cheese",,13.5,4.49
167945,"Focaccia, Italian Flatbread, Plain",,7.05,5.00
167946,"Schiff,Tiger'S Milk Bar",,,
167947,"Candies, Toblerone, Milk Chocolate with Honey and Almond Nougat",,3.52,4.29
167948,"Snacks, Corn-Based, Extruded, Onion-Flavor",,12,7.29
167949,"Snacks, Corn-Based, Extruded, Puffs or Twists, Cheese-Flavor",,12,7.29
167950,"Snacks, Kraft, Cornnuts, Plain",,7,3.99
167951,"Snacks, Crisped Rice Bar, Chocolate Chip",,18,7.99
167952,"Snacks, Granola Bars, Hard, Chocolate Chip",8 ct,,3.49
167953,Fruit Syrup,,15.25,2.69
167954,"Snacks, Granola Bars, Soft, Uncoated, Plain",8 ct,,3.49
167955,"Snacks, Granola Bars, Soft, Uncoated, Peanut Butter",8 ct,,3.49
167956,"Topping, Smucker'S Magic Shell",,7.25,3.99
167957,"Syrup, Fruit Flavored",,4,7.99
167958,"Snacks, Oriental Mix, Rice-Based",,11.5,6.49
167959,"Snacks, Popcorn, Air-Popped",,12,7.29
167960,"Snacks, Popcorn, Cheese-Flavor",,12,7.29
167961,"Snacks, Pork Skins, Plain",,4,2.99
167962,"Snacks, Potato Chips, Barbecue-Flavor",,5.5,2.49
167963,"Snacks, Potato Chips, Sour-Cream-And-Onion-Flavor",,5.5,2.49
167964,"Snacks, M&M Mars, Combos Snacks Cheddar Cheese Pretzel",55 ct,30.94,17.99
167965,"Snacks, Pretzels, Hard, Whole-Wheat Including Both Salted and Unsalted",,5,3.99
167966,"Snacks, Rice Cracker Brown Rice, Plain",,,
167967,"Snacks, Rice Cakes, Brown Rice, Buckwheat",,3,2.59
167968,"Snacks, Trail Mix, Tropical",,16,8.99
167969,"Snacks, Trail Mix, Regular, with Chocolate Chips, Salted Nuts and Seeds",,4,4.99
167970,"Snacks, Tortilla Chips, Taco-Flavor",,9,2.99
167971,"Candies, Tootsie Roll, Chocolate-Flavor Roll",,14.5,4.99
167972,"Candies, Butterscotch",,,
167973,"Candies, Carob, Unsweetened",13 pc,,3.99
167974,"Candies, Caramels",,12,3.79
167975,"Candies, Caramello Candy Bar",,8,6.99
167976,"Candies, Semisweet Chocolate",10 onz,,8.49
167977,"Candies, Sweet Chocolate",,4.25,3.49
167978,"Candies, Sweet Chocolate Coated Fondant",,1.1,3.99
167979,"Candies, Hershey'S Golden Almond Solitaires",,1.45,1.99
167980,"Candies, Confectioner'S Coating, Butterscotch",,,
167981,"Ice Creams, French Vanilla, Soft-Serve",,48,9.49
167982,"Candies, York Peppermint Pattie",,1.4,1.99
167983,"Candies, Twizzlers Nibs Cherry Bits",,6,3.29
167984,"Candies, Symphony Milk Chocolate Bar",,4.25,3.49
167985,"Candies, 5Th Avenue Candy Bar",,0.7,
167986,"Candies, Fondant, Prepared-From-Recipe",,,
167987,"Candies, Fudge, Chocolate, Prepared-From-Recipe",14 fo,,3.99
167988,"Candies, Fudge, Chocolate, with Nuts, Prepared-From-Recipe",14 fo,,3.99
167989,"Candies, Gumdrops, Starch Jelly Pieces",,6.5,1.50
167990,"Candies, Hard",,6.25,2.99
167991,"Candies, Jellybeans",,14,5.99
167992,"Candies, Kit Kat Wafer Bar",,4.3,3.49
167993,"Candies, Krackel Chocolate Bar",,10.4,6.49
167994,"Candies, Mars Snackfood Us, Mars Almond Bar",,1.74,1.99
167995,"Candies, Marshmallows",,7.3,6.99
167996,"Candies, Halavah, Plain",,12.34,5.29
167997,"Candies, Nestle, Oh Henry! Bar",,1.4,2.49
167998,"Puddings, Chocolate, Dry Mix, Instant, Prepared with 2% Milk",4 ct,,3.29
167999,"Baking Chocolate, Mexican, Squares",,4.5,5.49
168000,Chocolate-Flavored Hazelnut Spread,4 count,,4.79
168001,"Candies, Milk Chocolate Coated Peanuts",,,
168002,"Glutino, Gluten Free Wafers, Lemon Flavored",,,
168003,"Glutino, Gluten Free Wafers, Milk Chocolate",,,
168004,"Mary'S Gone Crackers, Original Crackers, Organic Gluten Free",,4,4.49
168005,"Pepperidge Farm, Goldfish, Baked Snack Crackers, Cheddar",,6.6,2.99
168006,"Pepperidge Farm, Goldfish, Baked Snack Crackers, Explosive Pizza",,6.6,2.99
168007,"Sage Valley, Gluten Free Vanilla Sandwich Cookies",,,
168008,"Schar, Gluten-Free, Classic White Rolls",,5.6,4.29
168009,"Schar, Gluten-Free, Wheat-Free, Classic White Bread",,5.6,4.29
168010,"Udi'S, Gluten Free, Classic French Dinner Rolls",,14.3,6.99
168011,"Van'S, Gluten Free, Totally Original Waffles",,,
168012,"Van'S, the Perfect 10, Crispy Six Whole Grain + Four Seed Baked Crackers, Gluten Free",8 ct,11.3,3.29
168013,"Bread, Multi-Grain (Includes Whole-Grain)",,24,5.29
168014,"Cookies, Animal Crackers (Includes Arrowroot, Tea Biscuits)",,16,3.19
168015,"Sweet Potatoes, French Fried, Crosscut, Frozen, Unprepared",,19,3.69
168016,"Sweet Potato Puffs, Frozen, Unprepared",,20,5.99
168017,"Mouse Nuts, Roots (Alaska Native)",,,
168018,"Mouse Nuts, Seedlings (Alaska Native)",,,
168019,Octopus (Alaska Native),8in,,20.99
168020,"Seal, Bearded (Oogruk), Meat, Dried (Alaska Native)",,,
168021,"Fish, Pike, Northern, Liver (Alaska Native)",1 lb,16,7.99
168022,"Rhubarb, Wild, Leaves (Alaska Native)",,,
168023,"Fish, Salmon, Tipnuk, Fermented (Alaska Native)",,10,10.00
168024,"Fish, Salmon, King, Chinook, Kippered, Canned (Alaska Native)",,10,10.00
168025,"Seal, Ringed, Meat (Alaska Native)",1 lb,16,8.99
168026,"Seal, Ringed, Liver (Alaska Native)",1 lb,16,8.99
168027,"Soup, Fish, Homemade (Alaska Native)",,18.5,2.79
168028,"Sourdock, Young Leaves (Alaska Native)",,2.65,13.99
168029,"Walrus, Meat, Raw (Alaska Native)",,,
168030,"Walrus, Meat and Subcutaneous Fat Raw (Alaska Native)",,,
168031,"Walrus, Liver, Raw (Alaska Native)",,,
168032,"Oil, Walrus (Alaska Native)",,,
168033,"Fish, Whitefish, Mixed Species, Raw (Alaska Native)",4 pk,11.6,8.99
168034,"Fish, Whitefish, Broad, Head, Eyes, Cheeks and Soft Bones (Alaska Native)",4 pk,11.6,8.99
168035,"Willow, Leaves in Oil (Alaska Native)",,,
168036,"Willow, Young Leaves, Chopped (Alaska Native)",,,
168037,"Corn, White, Steamed (Navajo)",,15.25,0.99
168038,"Cornmeal, White (Navajo)",5 lb,80,3.29
168039,"Cornmeal, Yellow (Navajo)",5 lb,80,3.29
168040,"Squash, Indian, Raw (Navajo)",,,
168041,"Tortilla, Includes Plain and From Mutton Sandwich (Navajo)",,,
168042,"Stew, Dumpling with Mutton (Navajo)",10 ct,8.8,7.99
168043,"Stew, Hominy with Mutton (Navajo)",,,
168044,"Stew, Mutton, Corn, Squash (Navajo)",,20,3.79
168045,"Fish, Salmon, Sockeye (Red), Raw (Alaska Native)",,10,10.00
168046,"Fish, Salmon, Chum, Raw (Alaska Native)",,10,10.00
168047,"Fish, Salmon, King (Chinook), Raw (Alaska Native)",,10,10.00
168048,"Salmonberries, Raw (Alaska Native)",,,
168049,"Caribou, Shoulder Meat, Dried (Alaska Native)",,,
168050,"Caribou, Hind Quarter Meat, Raw (Alaska Native)",,,
168051,"Seal, Bearded (Oogruk), Meat, Dried, in Oil (Alaska Native)",,,
168052,"Fish, Whitefish, Dried (Alaska Native)",4 pk,11.6,8.99
168053,"Seal, Bearded (Oogruk), Meat, Low Quadrant, Raw (Alaska Native)",,,
168054,"Fish, Salmon, Chum, Dried (Alaska Native)",,10,10.00
168055,"Elk, Free Range, Ground, Cooked Patties (Shoshone Bannock)",18 ct,,11.99
168056,"Elk, Free Range, Ground, Raw (Shoshone Bannock)",18 ct,,11.99
168057,"Elk, Free Range, Roast, Eye of Round, Cooked (Shoshone Bannock)",18 ct,,11.99
168058,"Chokecherries, Raw, Pitted (Shoshone Bannock)",,,
168059,"Steelhead Trout, Dried, Flesh (Shoshone Bannock)",1 lb,16,10.99
168060,"Steelhead Trout, Boiled, Canned (Alaska Native)",,,
168061,Acorn Stew (Apache),,,
168062,"Restaurant, Italian, Chicken Parmesan Without Pasta",,16,2.69
168063,"Restaurant, Latino, Arroz Con Leche (Rice Pudding)",,16,1.69
168064,"Restaurant, Latino, Arroz Con Frijoles Negros (Rice and Black Beans)",,16,1.69
168065,"Restaurant, Latino, Arroz Con Habichuelas Colorados (Rice and Red Beans)",,16,1.69
168066,"Restaurant, Latino, Arroz Con Grandules (Rice and Pigeonpeas)",,16,1.69
168067,"Restaurant, Latino, Tamale, Pork",,16,1.69
168068,"Restaurant, Latino, Black Bean Soup",,16,1.69
168069,"Restaurant, Latino, Tripe Soup",,16,1.69
168070,"Restaurant, Latino, Arepa (Unleavened Cornmeal Bread)",,16,1.69
168071,"Restaurant, Latino, Bunuelos (Fried Yeast Bread)",,16,1.69
168072,"Restaurant, Chinese, Beef and Vegetables",,16,6.49
168073,"Cracker Barrel, Chicken Tenderloin Platter, Fried, From Kid'S Menu",,39.7,22.99
168074,"Cracker Barrel, Country Fried Shrimp Platter",2 lb,32,3.29
168075,"Cracker Barrel, Farm Raised Catfish Platter",,,
168076,"Denny'S, Mozzarella Cheese Sticks",,8,2.99
168077,"Denny'S, Golden Fried Shrimp",,10,3.49
168078,"Denny'S, Macaroni & Cheese, From Kid'S Menu",8 ct,,8.49
168079,"Denny'S, Chicken Nuggets, Star Shaped, From Kid'S Menu",,29,6.29
168080,"Restaurant, Chinese, Shrimp and Vegetables",,16,6.49
168081,"Restaurant, Chinese, Sweet and Sour Chicken",,16,6.49
168082,"Restaurant, Chinese, Sweet and Sour Pork",,16,6.49
168083,"Restaurant, Chinese, Chicken Chow Mein",,16,6.49
168084,"Restaurant, Chinese, Vegetable Chow Mein, Without Meat or Noodles",,16,6.49
168085,"Olive Garden, Spaghetti with Meat Sauce",,12,3.79
168086,"Carrabba'S Italian Grill, Spaghetti with Meat Sauce",,,
168087,"Restaurant, Chinese, Sesame Chicken",,16,6.49
168088,"Syrups, Grenadine",,25,4.69
168089,"Imitation Cheese, American or Cheddar, Low Cholesterol",,,
168090,"Babyfood, Banana Juice with Low Fat Yogurt",,,
168091,"Babyfood, Mixed Fruit Juice with Low Fat Yogurt",,,
168092,"Ham, Turkey, Sliced, Extra Lean, Prepackaged or Deli",,28,11.49
168093,"Salad Dressing, Peppercorn Dressing, Commercial, Regular",,16,4.19
168094,"Mayonnaise, Reduced-Calorie or Diet, Cholesterol-Free",,16,4.49
168095,"Granola Bar, Soft, Milk Chocolate Coated, Peanut Butter",6 ct,0.96,3.49
168096,"Salad Dressing, Italian Dressing, Reduced Calorie",,12,3.99
168097,"Cream Substitute, Liquid, Light",,48,6.49
168098,"Cheese, Monterey, Low Fat",,16,3.99
168099,"Creamy Dressing, Made with Sour Cream And/Or Buttermilk and Oil, Reduced Calorie, Fat-Free",,,
168100,"Creamy Dressing, Made with Sour Cream And/Or Buttermilk and Oil, Reduced Calorie, Cholesterol-Free",,,
168101,"Bologna, Beef, Low Fat",,14,5.79
168102,"Candies, Mars Snackfood Us, Twix Chocolate Fudge Cookie Bars",,1.74,1.99
168103,"Frozen Yogurts, Chocolate, Nonfat Milk, Sweetened Without Sugar",,48,2.99
168104,"Frozen Yogurts, Chocolate",,48,2.99
168105,"Frozen Yogurts, Flavors Other Than Chocolate",,3.5,5.99
168106,Papad,,16,1.99
168107,"Rice Cake, Cracker (Include Hain Mini Rice Cakes)",,,
168108,"Candies, Mars Snackfood Us, M&M'S Almond Chocolate Candies",,1.74,1.99
168109,"Salad Dressing, Coleslaw, Reduced Fat",,18,5.29
168110,"Pork, Cured, Ham, Low Sodium, Lean and Fat, Cooked",,12,5.49
168111,"Pork, Cured, Ham, Boneless, Low Sodium, Extra Lean (Approximately 5% Fat), Roasted",,12,5.49
168112,"Salad Dressing, Mayonnaise and Mayonnaise-Type, Low Calorie",,,
168113,"Frozen Novelties, Juice Type, Orange",,12,3.29
168114,"Cheese, Cottage, Lowfat, 1% Milkfat, No Sodium Added",,24,3.29
168115,"Mayonnaise, Low Sodium, Low Calorie or Diet",30 fo,,6.49
168116,"Snacks, Tortilla Chips, Unsalted, White Corn",,9,2.99
168117,"Cranberry Juice, Unsweetened",,32,5.99
168118,"Beef, Bologna, Reduced Sodium",1 lb,16,9.99
168119,"Turnip Greens, Canned, No Salt Added",,27,2.99
168120,"Turkey, Light or Dark Meat, Smoked, Cooked, with Skin, Bone Removed",,9,4.29
168121,"Cheese, Pasteurized Process, Cheddar or American, Low Sodium",,5,4.19
168122,"Beverages, Coffee, Instant, with Whitener, Reduced Calorie",10 ct,,9.99
168123,"Beverages, Cranberry-Apple Juice Drink, Low Calorie, with Vitamin C Added",,64,3.79
168124,"Cheese, Swiss, Low Sodium",16 slices,12,4.49
168125,"Babyfood, Dinner, Macaroni, Beef and Tomato Sauce, Toddler",,0.75,4.59
168126,"Rolls, Pumpernickel",,18,3.99
168127,"Snacks, Corn-Based, Extruded, Chips, Unsalted",,12,7.29
168128,"Beans, Baked, Canned, No Salt Added",,8.3,1.69
168129,"Jellyfish, Dried, Salted",,,
168130,"Frozen Novelties, Ice Cream Type, Chocolate or Caramel Covered, with Nuts",,16,7.49
168131,"Frankfurter, Low Sodium",,,
168132,"Frozen Novelties, Ice Type, Pop, with Low Calorie Sweetener",12 ct,,4.29
168133,"Babyfood, Dessert, Peach Yogurt",,,
168134,"Babyfood, Dessert, Blueberry Yogurt, Strained",,7,1.49
168135,"Babyfood, Dessert, Banana Yogurt, Strained",,7,1.49
168136,"Ice Creams, Chocolate, Rich",8 ct,,9.29
168137,"Snacks, Tortilla Chips, Light (Baked with Less Oil)",,9,2.99
168138,"Cereals Ready-To-Eat, Post, Honey Bunches of Oats, Honey Roasted",,,
168139,"Popcorn, Microwave, Low Fat and Sodium",,19.74,5.29
168140,"Babyfood, Fruit Supreme Dessert",,,
168141,"Cheese, Swiss, Low Fat",16 slices,12,4.49
168142,"Sweeteners, Tabletop, Fructose, Liquid",250 ct,,4.79
168143,"Puddings, Chocolate Flavor, Low Calorie, Instant, Dry Mix",,3.9,1.99
168144,"Babyfood, Grape Juice, No Sugar, Canned",,,
168145,"Jellies, Reduced Sugar, Home Preserved",,18,3.69
168146,"Puddings, All Flavors Except Chocolate, Low Calorie, Instant, Dry Mix",,3.9,1.99
168147,Vital Wheat Gluten,,20,9.79
168148,"Frog Legs, Raw",1 lb,16,8.99
168149,"Fish, Mackerel, Salted",,15,4.99
168150,"Java-Plum, (Jambolan), Raw",,,
168151,"Jujube, Raw",,5,1.50
168152,"Jujube, Chinese, Fresh, Dried",,,
168153,"Kiwifruit, Green, Raw",2 lb,32,6.29
168154,"Kumquats, Raw",2 lb,32,6.29
168155,"Limes, Raw",1 each,,0.50
168156,"Lime Juice, Raw",,,
168157,"Lime Juice, Canned or Bottled, Unsweetened",,,
168158,"Blueberries, Dried, Sweetened",6 pk,4.5,3.49
168159,"Prunes, Canned, Heavy Syrup Pack, Solids and Liquids",4 ct,7.5,5.99
168160,"Prunes, Dehydrated (Low-Moisture), Uncooked",,,
168161,"Prunes, Dehydrated (Low-Moisture), Stewed",,7,3.79
168162,"Plums, Dried (Prunes), Uncooked",,4,1.59
168163,"Quinces, Raw",,,
168164,"Raisins, Golden, Seedless",,12,4.99
168165,"Raisins, Dark, Seedless (Includes Foods for Usda'S Food Distribution Program)",,13.5,8.49
168166,"Raisins, Seeded",,,
168167,"Rambutan, Canned, Syrup Pack",,,
168168,"Rhubarb, Frozen, Uncooked",1 lb,16,4.49
168169,"Rhubarb, Frozen, Cooked, with Sugar",1 lb,16,4.49
168170,"Roselle, Raw",,18.5,6.49
168171,"Rose-Apples, Raw",,,
168172,"Strawberries, Canned, Heavy Syrup Pack, Solids and Liquids",2 ct,7,2.99
168173,"Strawberries, Frozen, Unsweetened (Includes Foods for Usda'S Food Distribution Program)",,48,8.99
168174,"Strawberries, Frozen, Sweetened, Sliced",,48,8.99
168175,"Sugar-Apples, (Sweetsop), Raw",6 pk,3.9,2.69
168176,"Feijoa, Raw",,,
168177,"Pears, Asian, Raw",large / 1 count,,2.49
168178,"Fruit Cocktail, Canned, Heavy Syrup, Drained",,15,1.79
168179,"Blueberries, Canned, Light Syrup, Drained",,8,1.29
168180,"Blueberries, Wild, Canned, Heavy Syrup, Drained",,17.1,3.49
168181,"Peaches, Canned, Heavy Syrup, Drained",,15.25,2.69
168182,"Pears, Canned, Heavy Syrup, Drained",,14.5,1.79
168183,"Plums, Canned, Heavy Syrup, Drained",,28,3.49
168184,"Tangerines, (Mandarin Oranges), Canned, Juice Pack, Drained",1 jar,23.5,5.49
168185,"Peach Nectar, Canned, with Added Ascorbic Acid",,,
168186,"Pear Nectar, Canned, with Added Ascorbic Acid",,,
168187,"Pineapple Juice, Canned or Bottled, Unsweetened, with Added Ascorbic Acid",,,
168188,"Apple Juice, Frozen Concentrate, Unsweetened, Undiluted, with Added Ascorbic Acid",,12,1.99
168189,"Grapefruit Juice, White, Bottled, Unsweetened, Ocean Spray",,32,5.99
168190,"Jackfruit, Canned, Syrup Pack",4 pk,3.5,5.99
168191,"Dates, Medjool",,16,7.99
168192,"Durian, Raw or Frozen",,,
168193,"Pineapple, Raw, Traditional Varieties",,16,7.99
168194,"Pineapple, Raw, Extra Sweet Variety",,16,7.99
168195,"Clementines, Raw",,,
168196,"Guanabana Nectar, Canned",,,
168197,"Juice, Apple and Grape Blend, with Added Ascorbic Acid",,25.4,4.29
168198,"Juice, Apple, Grape and Pear Blend, with Added Ascorbic Acid and Calcium",,6.75,4.49
168199,"Plantains, Green, Fried",,2.5,1.79
168200,"Plantains, Yellow, Fried, Latino Restaurant",8-inch pot,,7.99
168201,"Apples, Raw, Red Delicious, with Skin (Includes Foods for Usda'S Food Distribution Program)",,16,2.99
168202,"Apples, Raw, Golden Delicious, with Skin",,16,2.99
168203,"Apples, Raw, Granny Smith, with Skin (Includes Foods for Usda'S Food Distribution Program)",,16,2.99
168204,"Apples, Raw, Gala, with Skin (Includes Foods for Usda'S Food Distribution Program)",,16,2.99
168205,"Pineapple Juice, Canned, Not From Concentrate, Unsweetened, with Added Vitamins A, C and E",6 pk,6,4.79
168206,"Fruit Juice Smoothie, Naked Juice, Blue Machine",,15.2,3.79
168207,"Grape Juice, Canned or Bottled, Unsweetened, with Added Ascorbic Acid and Calcium",,,
168208,"Fruit Juice Smoothie, Odwalla, Original Superfood",,52,6.99
168209,"Raspberries, Frozen, Red, Unsweetened",,12,4.99
168210,"Guava Nectar, with Sucralose, Canned",,11.5,0.69
168211,"Kiwifruit, Zespri Sungold, Raw",1 lb,16,4.79
168212,"Cranberry Juice Blend, 100% Juice, Bottled, with Added Vitamin C and Calcium",,64,4.99
168213,"Fruit Juice Smoothie, Odwalla, Strawberry Banana",,52,6.99
168214,"Fruit Juice Smoothie, Naked Juice, Strawberry Banana",,15.2,3.79
168215,"Plantains, Green, Raw",,2.5,1.79
168216,"Plantains, Green, Boiled",,2.5,1.79
168217,Raspberry Juice Concentrate,,,
168218,"Pork, Fresh, Composite of Separable Fat, with Added Solution, Cooked",1 package,,3.99
168219,"Pork, Fresh, Carcass, Separable Lean and Fat, Raw",1 package,,3.99
168220,"Pork, Fresh, Composite of Trimmed Retail Cuts (Leg, Loin, Shoulder), Separable Lean Only, Raw",1 package,,3.99
168221,"Pork, Fresh, Separable Fat, Cooked",1 package,,3.99
168222,"Pork, Fresh, Leg (Ham), Whole, Separable Lean and Fat, Raw",1 package,,3.99
168223,"Pork, Fresh, Leg (Ham), Whole, Separable Lean and Fat, Cooked, Roasted",1 package,,3.99
168224,"Pork, Fresh, Leg (Ham), Whole, Separable Lean Only, Raw",1 package,,3.99
168225,"Pork, Fresh, Leg (Ham), Whole, Separable Lean Only, Cooked, Roasted",1 package,,3.99
168226,"Pork, Fresh, Leg (Ham), Shank Half, Separable Lean and Fat, Raw",1 package,,3.99
168227,"Pork, Fresh, Leg (Ham), Shank Half, Separable Lean and Fat, Cooked, Roasted",1 package,,3.99
168228,"Pork, Fresh, Leg (Ham), Shank Half, Separable Lean Only, Raw",1 package,,3.99
168229,"Pork, Fresh, Leg (Ham), Shank Half, Separable Lean Only, Cooked, Roasted",1 package,,3.99
168230,"Pork, Fresh, Loin, Whole, Separable Lean Only, Raw",1 package,,3.99
168231,"Pork, Fresh, Loin, Whole, Separable Lean Only, Cooked, Braised",1 package,,3.99
168232,"Pork, Fresh, Loin, Whole, Separable Lean Only, Cooked, Broiled",1 package,,3.99
168233,"Pork, Fresh, Loin, Whole, Separable Lean Only, Cooked, Roasted",1 package,,3.99
168234,"Pork, Fresh, Loin, Blade (Chops or Roasts), Bone-In, Separable Lean Only, Raw",1 package,,3.99
168235,"Pork, Fresh, Loin, Blade (Chops), Bone-In, Separable Lean Only, Cooked, Braised",1 package,,3.99
168236,"Pork, Fresh, Loin, Blade (Chops), Bone-In, Separable Lean Only, Cooked, Broiled",1 package,,3.99
168237,"Pork, Fresh, Loin, Blade (Roasts), Bone-In, Separable Lean Only, Cooked, Roasted",1 package,,3.99
168238,"Pork, Fresh, Loin, Center Loin (Chops), Bone-In, Separable Lean and Fat, Raw",1 package,,3.99
168239,"Pork, Fresh, Loin, Center Loin (Chops), Bone-In, Separable Lean Only, Cooked, Braised",1 package,,3.99
168240,"Pork, Fresh, Loin, Center Loin (Chops), Bone-In, Separable Lean Only, Cooked, Broiled",1 package,,3.99
168241,"Pork, Fresh, Loin, Center Loin (Roasts), Bone-In, Separable Lean Only, Cooked, Roasted",1 package,,3.99
168242,"Pork, Fresh, Loin, Center Rib (Chops or Roasts), Bone-In, Separable Lean and Fat, Raw",1 package,,3.99
168243,"Pork, Fresh, Loin, Center Rib (Chops), Bone-In, Separable Lean Only, Cooked, Braised",1 package,,3.99
168244,"Pork, Fresh, Loin, Center Rib (Chops), Bone-In, Separable Lean Only, Cooked, Broiled",1 package,,3.99
168245,"Pork, Fresh, Loin, Center Rib (Roasts), Bone-In, Separable Lean Only, Cooked, Roasted",1 package,,3.99
168246,"Pork, Fresh, Loin, Sirloin (Chops or Roasts), Bone-In, Separable Lean and Fat, Raw",1 package,,3.99
168247,"Pork, Fresh, Loin, Sirloin (Chops), Bone-In, Separable Lean Only, Cooked, Broiled",1 package,,3.99
168248,"Pork, Fresh, Loin, Sirloin (Roasts), Bone-In, Separable Lean Only, Cooked, Roasted",1 package,,3.99
168249,"Pork, Fresh, Loin, Tenderloin, Separable Lean Only, Raw",1 package,,3.99
168250,"Pork, Fresh, Loin, Tenderloin, Separable Lean Only, Cooked, Roasted",1 package,,3.99
168251,"Pork, Fresh, Loin, Top Loin (Chops), Boneless, Separable Lean Only, Raw",1 package,,3.99
168252,"Pork, Fresh, Loin, Top Loin (Chops), Boneless, Separable Lean Only, Cooked, Braised",1 package,,3.99
168253,"Pork, Fresh, Loin, Top Loin (Chops), Boneless, Separable Lean Only, Cooked, Broiled",1 package,,3.99
168254,"Pork, Fresh, Loin, Top Loin (Roasts), Boneless, Separable Lean Only, Cooked, Roasted",1 package,,3.99
168255,"Pork, Fresh, Shoulder, Arm Picnic, Separable Lean and Fat, Raw",1 package,,3.99
168256,"Pork, Fresh, Shoulder, Arm Picnic, Separable Lean and Fat, Cooked, Braised",1 package,,3.99
168257,"Pork, Fresh, Shoulder, Arm Picnic, Separable Lean and Fat, Cooked, Roasted",1 package,,3.99
168258,"Pork, Fresh, Shoulder, Arm Picnic, Separable Lean Only, Raw",1 package,,3.99
168259,"Pork, Fresh, Shoulder, Blade, Boston (Roasts), Separable Lean and Fat, Cooked, Roasted",1 package,,3.99
168260,"Pork, Fresh, Shoulder, (Boston Butt), Blade (Steaks), Separable Lean Only, Raw",1 package,,3.99
168261,"Pork, Fresh, Shoulder, (Boston Butt), Blade (Steaks), Separable Lean Only, Cooked, Braised",1 package,,3.99
168262,"Pork, Fresh, Shoulder, Blade, Boston (Steaks), Separable Lean Only, Cooked, Broiled",1 package,,3.99
168263,"Pork, Fresh, Loin, Center Loin (Chops), Boneless, Separable Lean Only, Raw",1 package,,3.99
168264,"Pork, Fresh, Variety Meats and By-Products, Brain, Raw",1 package,,3.99
168265,"Pork, Fresh, Variety Meats and By-Products, Brain, Cooked, Braised",1 package,,3.99
168266,"Pork, Fresh, Variety Meats and By-Products, Chitterlings, Raw",1 package,,3.99
168267,"Pork, Fresh, Variety Meats and By-Products, Heart, Raw",1 package,,3.99
168268,"Pork, Fresh, Variety Meats and By-Products, Heart, Cooked, Braised",1 package,,3.99
168269,"Pork, Fresh, Variety Meats and By-Products, Jowl, Raw",1 package,,3.99
168270,"Pork, Fresh, Variety Meats and By-Products, Kidneys, Raw",1 package,,3.99
168271,"Pork, Fresh, Variety Meats and By-Products, Lungs, Cooked, Braised",1 package,,3.99
168272,"Pork, Fresh, Variety Meats and By-Products, Mechanically Separated, Raw",1 package,,3.99
168273,"Pork, Fresh, Variety Meats and By-Products, Pancreas, Raw",1 package,,3.99
168274,"Pork, Fresh, Variety Meats and By-Products, Pancreas, Cooked, Braised",1 package,,3.99
168275,"Pork, Fresh, Variety Meats and By-Products, Tongue, Raw",1 package,,3.99
168276,"Pork, Fresh, Variety Meats and By-Products, Tongue, Cooked, Braised",1 package,,3.99
168277,"Pork, Cured, Bacon, Unprepared",,12,5.49
168278,"Pork, Cured, Breakfast Strips, Raw or Unheated",,12,5.49
168279,"Pork, Cured, Ham, Extra Lean (Approximately 4% Fat), Canned, Unheated",,12,5.49
168280,"Pork, Cured, Ham, Extra Lean (Approximately 4% Fat), Canned, Roasted",,12,5.49
168281,"Pork, Cured, Ham, Regular (Approximately 13% Fat), Canned, Roasted",,12,5.49
168282,"Pork, Cured, Ham, Center Slice, Country-Style, Separable Lean Only, Raw",,12,5.49
168283,"Pork, Cured, Ham, Center Slice, Separable Lean and Fat, Unheated",,12,5.49
168284,"Pork, Cured, Ham, Whole, Separable Lean Only, Roasted",,12,5.49
168285,"Pork, Fresh, Loin, Center Loin (Chops), Boneless, Separable Lean Only, Cooked, Pan-Broiled",1 package,,3.99
168286,"Pork, Fresh, Loin, Center Loin (Chops), Boneless, Separable Lean and Fat, Raw",1 package,,3.99
168287,"Pork, Cured, Salt Pork, Raw",,12,5.49
168288,"Pork, Cured, Shoulder, Blade Roll, Separable Lean and Fat, Unheated",,12,5.49
168289,"Pork, Cured, Shoulder, Blade Roll, Separable Lean and Fat, Roasted",,12,5.49
168290,"Pork, Fresh, Variety Meats and By-Products, Feet, Cooked, Simmered",1 package,,3.99
168291,"Pork, Fresh, Variety Meats and By-Products, Tail, Raw",1 package,,3.99
168292,"Pork, Fresh, Loin, Center Loin (Chops), Bone-In, Separable Lean and Fat, Cooked, Pan-Fried",1 package,,3.99
168293,"Pork, Fresh, Loin, Center Rib (Chops), Bone-In, Separable Lean and Fat, Cooked, Pan-Fried",1 package,,3.99
168294,"Pork, Fresh, Loin, Top Loin (Chops), Boneless, Separable Lean Only, Cooked, Pan-Fried",1 package,,3.99
168295,"Pork, Cured, Ham, Boneless, Extra Lean and Regular, Unheated",,12,5.49
168296,"Pork, Cured, Ham, Boneless, Extra Lean and Regular, Roasted",,12,5.49
168297,"Pork, Fresh, Composite of Trimmed Retail Cuts (Leg, Loin, Shoulder, and Spareribs), Separable Lean and Fat, Cooked",1 package,,3.99
168298,"Pork, Fresh, Loin, Center Loin (Chops), Boneless, Separable Lean and Fat, Cooked, Pan-Broiled",1 package,,3.99
168299,"Pork, Fresh, Backribs, Separable Lean and Fat, Raw",1 package,,3.99
168300,"Pork, Fresh, Backribs, Separable Lean and Fat, Cooked, Roasted",1 package,,3.99
168301,"Pork, Fresh, Loin, Center Rib (Roasts), Boneless, Separable Lean and Fat, Cooked, Roasted",1 package,,3.99
168302,"Pork, Fresh, Loin, Center Rib (Chops or Roasts), Boneless, Separable Lean Only, Raw",1 package,,3.99
168303,"Pork, Fresh, Loin, Center Rib (Chops), Boneless, Separable Lean Only, Cooked, Braised",1 package,,3.99
168304,"Pork, Fresh, Loin, Center Rib (Chops), Boneless, Separable Lean Only, Cooked, Broiled",1 package,,3.99
168305,"Pork, Fresh, Loin, Country-Style Ribs, Separable Lean Only, Raw",1 package,,3.99
168306,"Pork, Fresh, Loin, Country-Style Ribs, Separable Lean Only, Cooked, Braised",1 package,,3.99
168307,"Pork, Fresh, Loin, Country-Style Ribs, Separable Lean Only, Bone-In, Cooked, Roasted",1 package,,3.99
168308,"Pork, Fresh, Loin, Sirloin (Chops or Roasts), Boneless, Separable Lean and Fat, Raw",1 package,,3.99
168309,"Pork, Fresh, Loin, Sirloin (Chops), Boneless, Separable Lean Only, Cooked, Braised",1 package,,3.99
168310,"Pork, Fresh, Loin, Sirloin (Chops), Boneless, Separable Lean Only, Cooked, Broiled",1 package,,3.99
168311,"Pork, Fresh, Loin, Sirloin (Roasts), Boneless, Separable Lean Only, Cooked, Roasted",1 package,,3.99
168312,"Pork, Fresh, Loin, Tenderloin, Separable Lean and Fat, Raw",1 package,,3.99
168313,"Pork, Fresh, Loin, Tenderloin, Separable Lean Only, Cooked, Broiled",1 package,,3.99
168314,"Pork, Fresh, Loin, Top Loin (Roasts), Boneless, Separable Lean and Fat, Raw",1 package,,3.99
168315,"Pork, Fresh, Loin, Top Loin (Roasts), Boneless, Separable Lean Only, Raw",1 package,,3.99
168316,"Pork, Fresh, Composite of Trimmed Retail Cuts (Loin and Shoulder Blade), Separable Lean and Fat, Raw",1 package,,3.99
168317,"Hormel Always Tender, Pork Tenderloin, Peppercorn-Flavored",1.5 lbs,24,9.99
168318,"Hormel Always Tender, Pork Loin Filets, Lemon Garlic-Flavored",1.5 lbs,24,9.99
168319,"Hormel Always Tender, Center Cut Chops, Fresh Pork",,,
168320,"Hormel Always Tender, Boneless Pork Loin, Fresh Pork",1.5 lbs,24,9.99
168321,"Pork, Cured, Bacon, Cooked, Microwaved",,12,5.49
168322,"Pork, Cured, Bacon, Pre-Sliced, Cooked, Pan-Fried",,12,5.49
168323,"Pork, Fresh, Variety Meats and By-Products, Stomach, Cooked, Simmered",1 package,,3.99
168324,"Pork, Bacon, Rendered Fat, Cooked",,12,4.59
168325,"Pork, Cured, Ham and Water Product, Slice, Bone-In, Separable Lean Only, Heated, Pan-Broil",,12,5.49
168326,"Pork, Cured, Ham and Water Product, Slice, Boneless, Separable Lean Only, Heated, Pan-Broil",,12,5.49
168327,"Pork, Cured, Ham and Water Product, Whole, Boneless, Separable Lean Only, Heated, Roasted",,12,5.49
168328,"Pork, Cured, Ham and Water Product, Whole, Boneless, Separable Lean Only, Unheated",,12,5.49
168329,"Pork, Cured, Ham -- Water Added, Slice, Boneless, Separable Lean Only, Heated, Pan-Broil",,12,5.49
168330,"Pork, Cured, Ham with Natural Juices, Slice, Bone-In, Separable Lean Only, Heated, Pan-Broil",,12,5.49
168331,"Pork, Cured, Ham with Natural Juices, Spiral Slice, Meat Only, Boneless, Separable Lean Only, Heated, Roasted",,12,5.49
168332,"Pork, Cured, Ham and Water Product, Rump, Bone-In, Separable Lean Only, Heated, Roasted",,12,5.49
168333,"Pork, Cured, Ham with Natural Juices, Slice, Boneless, Separable Lean Only, Heated, Pan-Broil",,12,5.49
168334,"Pork, Cured, Ham with Natural Juices, Whole, Boneless, Separable Lean Only, Heated, Roasted",,12,5.49
168335,"Pork, Cured, Ham with Natural Juices, Whole, Boneless, Separable Lean Only, Unheated",,12,5.49
168336,"Pork, Cured, Ham -- Water Added, Shank, Bone-In, Separable Lean Only, Unheated",,12,5.49
168337,"Pork, Cured, Ham with Natural Juices, Rump, Bone-In, Separable Lean Only, Unheated",,12,5.49
168338,"Pork, Cured, Ham with Natural Juices, Shank, Bone-In, Separable Lean Only, Unheated",,12,5.49
168339,"Pork, Cured, Ham with Natural Juices, Slice, Bone-In, Separable Lean Only, Unheated",,12,5.49
168340,"Pork, Cured, Ham with Natural Juices, Spiral Slice, Boneless, Separable Lean Only, Unheated",,12,5.49
168341,"Pork, Cured, Ham with Natural Juices, Spiral Slice, Boneless, Separable Lean and Fat, Unheated",,12,5.49
168342,"Pork, Cured, Ham with Natural Juices, Slice, Bone-In, Separable Lean and Fat, Unheated",,12,5.49
168343,"Pork, Cured, Ham with Natural Juices, Shank, Bone-In, Separable Lean and Fat, Unheated",,12,5.49
168344,"Pork, Cured, Ham with Natural Juices, Rump, Bone-In, Separable Lean and Fat, Unheated",,12,5.49
168345,"Pork, Cured, Ham -- Water Added, Whole, Boneless, Separable Lean and Fat, Unheated",,12,5.49
168346,"Pork, Cured, Ham -- Water Added, Slice, Bone-In, Separable Lean and Fat, Unheated",,12,5.49
168347,"Pork, Cured, Ham -- Water Added, Shank, Bone-In, Separable Lean and Fat, Unheated",,12,5.49
168348,"Pork, Cured, Ham -- Water Added, Rump, Bone-In, Separable Lean and Fat, Unheated",,12,5.49
168349,"Pork, Cured, Ham -- Water Added, Whole, Boneless, Separable Lean and Fat, Heated, Roasted",,12,5.49
168350,"Pork, Cured, Ham and Water Product, Rump, Bone-In, Separable Lean and Fat, Heated, Roasted",,12,5.49
168351,"Pork, Cured, Ham and Water Product, Shank, Bone-In, Separable Lean and Fat, Heated, Roasted",,12,5.49
168352,"Pork, Cured, Ham and Water Product, Slice, Bone-In, Separable Lean and Fat, Heated, Pan-Broil",,12,5.49
168353,"Pork, Cured, Ham with Natural Juices, Slice, Boneless, Separable Lean and Fat, Heated, Pan-Broil",,12,5.49
168354,"Pork, Cured, Ham with Natural Juices, Spiral Slice, Boneless, Separable Lean and Fat, Heated, Roasted",,12,5.49
168355,"Pork, Cured, Ham with Natural Juices, Whole, Boneless, Separable Lean and Fat, Heated, Roasted",,12,5.49
168356,"Pork, Cured, Ham, Rump, Bone-In, Separable Lean and Fat, Heated, Roasted",,12,5.49
168357,"Pork, Cured, Ham, Shank, Bone-In, Separable Lean and Fat, Heated, Roasted",,12,5.49
168358,"Pork, Cured, Ham, Shank, Bone-In, Separable Lean and Fat, Unheated",,12,5.49
168359,"Pork, Cured, Ham, Slice, Bone-In, Separable Lean and Fat, Heated, Pan-Broil",,12,5.49
168360,"Pork, Cured, Ham, Slice, Bone-In, Separable Lean Only, Unheated",,12,5.49
168361,"Pork, Fresh, Enhanced, Loin, Tenderloin, Separable Lean Only, Raw",1 package,,3.99
168362,"Pork, Fresh, Shoulder, (Boston Butt), Blade (Steaks), Separable Lean Only, with Added Solution Cooked, Braised",1 package,,3.99
168363,"Pork, Fresh, Shoulder, (Boston Butt), Blade (Steaks), Separable Lean Only, with Added Solution, Raw",1 package,,3.99
168364,"Pork, Fresh, Loin, Top Loin (Chops), Boneless, Separable Lean Only, with Added Solution, Cooked, Broiled",1 package,,3.99
168365,"Pork, Fresh, Shoulder, (Boston Butt), Blade (Steaks), Separable Lean and Fat,With Added Solution, Raw",1 package,,3.99
168366,"Pork, Fresh, Shoulder, (Boston Butt), Blade (Steaks), Separable Lean and Fat, with Added Solution, Cooked, Braised",1 package,,3.99
168367,"Pork, Cured, Ham, Rump, Bone-In, Separable Lean and Fat, Unheated",,12,5.49
168368,"Pork, Loin, Leg Cap Steak, Boneless, Separable Lean and Fat, Cooked, Broiled",1.7 lb,27.2,7.00
168369,"Pork, Shoulder Petite Tender, Boneless, Separable Lean and Fat, Raw",1 lb,16,2.99
168370,"Pork, Leg Sirloin Tip Roast, Boneless, Separable Lean and Fat, Cooked, Braised",,,
168371,"Pork, Leg Sirloin Tip Roast, Boneless, Separable Lean and Fat, Raw",1 lb,16,2.99
168372,"Pork, Ground, 84% Lean / 16% Fat, Raw",1 lb,16,3.99
168373,"Pork, Ground, 72% Lean / 28% Fat, Cooked, Pan-Broiled",1 lb,16,3.99
168374,"Pork, Ground, 84% Lean / 16% Fat, Cooked, Pan-Broiled",1 lb,16,3.99
168375,"Pork, Ground, 96% Lean / 4% Fat, Cooked, Pan-Broiled",1 lb,16,3.99
168376,"Pork Loin, Fresh, Backribs, Bone-In, Raw, Lean Only",1 lb,16,2.99
168377,"Pork Loin, Fresh, Backribs, Bone-In, Cooked-Roasted, Lean Only",1 lb,16,2.99
168378,"Pork, Fresh, Loin, Country-Style Ribs, Separable Lean Only, Bone-In, Cooked, Broiled",1 package,,3.99
168379,"Pork, Fresh, Loin, Country-Style Ribs, Separable Lean Only, Boneless, Cooked, Roasted",1 package,,3.99
168380,"Pork, Fresh, Blade, (Chops), Boneless, Separable Lean and Fat, Cooked, Broiled",1 package,,3.99
168381,"Pork, Fresh, Loin, Blade (Chops or Roasts), Boneless, Separable Lean and Fat Only, Raw",1 package,,3.99
168382,"Bacon, Pre-Sliced, Reduced/Low Sodium, Unprepared",,5,3.49
168383,"Canadian Bacon, Cooked, Pan-Fried",,,
168384,"Alfalfa Seeds, Sprouted, Raw",,,
168385,"Amaranth Leaves, Raw",1 ct,,1.29
168386,"Artichokes, (Globe or French), Cooked, Boiled, Drained, Without Salt",,6,1.99
168387,"Artichokes, (Globe or French), Frozen, Unprepared",,,
168388,"Artichokes, (Globe or French), Frozen, Cooked, Boiled, Drained, Without Salt",,,
168389,"Asparagus, Raw",,,
168390,"Asparagus, Cooked, Boiled, Drained",1 lb,16,3.99
168391,"Balsam-Pear (Bitter Gourd), Leafy Tips, Raw",,,
168392,"Balsam-Pear (Bitter Gourd), Leafy Tips, Cooked, Boiled, Drained, Without Salt",,,
168393,"Balsam-Pear (Bitter Gourd), Pods, Raw",,,
168394,"Balsam-Pear (Bitter Gourd), Pods, Cooked, Boiled, Drained, Without Salt",,,
168395,"Beans, Kidney, Mature Seeds, Sprouted, Cooked, Boiled, Drained, Without Salt",,15.5,1.00
168396,"Lima Beans, Immature Seeds, Raw",,16,2.19
168397,"Corn, Sweet, Yellow, Canned, Drained Solids, Rinsed with Tap Water",,15.25,0.89
168398,"Corn, Sweet, Yellow, Frozen, Kernels Cut Off Cob, Unprepared (Includes Foods for Usda'S Food Distribution Program)",,15.25,0.89
168399,"Corn, Sweet, Yellow, Frozen, Kernels Cut Off Cob, Boiled, Drained, Without Salt",,10,1.59
168400,"Corn, Sweet, Yellow, Frozen, Kernels on Cob, Unprepared",,15.25,0.89
168401,"Corn, Sweet, Yellow, Frozen, Kernels on Cob, Cooked, Boiled, Drained, Without Salt",,10,1.59
168402,"Cowpeas (Blackeyes), Immature Seeds, Cooked, Boiled, Drained, Without Salt",,,
168403,"Cowpeas (Blackeyes), Immature Seeds, Frozen, Unprepared",,,
168404,"Cowpeas (Blackeyes), Immature Seeds, Frozen, Cooked, Boiled, Drained, Without Salt",,,
168405,"Cowpeas, Young Pods with Seeds, Raw",,,
168406,"Cowpeas, Leafy Tips, Cooked, Boiled, Drained, Without Salt",,,
168407,"Cress, Garden, Raw",,16,4.49
168408,"Cress, Garden, Cooked, Boiled, Drained, Without Salt",,16,4.49
168409,"Cucumber, with Peel, Raw",,,
168410,"Edamame, Frozen, Unprepared",,12,4.29
168411,"Edamame, Frozen, Prepared",,12,4.29
168412,"Endive, Raw",1 ct,,2.99
168413,"Escarole, Cooked, Boiled, Drained, No Salt Added",,,
168414,"Gourd, Dishcloth (Towelgourd), Raw",,,
168415,"Gourd, Dishcloth (Towelgourd), Cooked, Boiled, Drained, Without Salt",,,
168416,"Drumstick Leaves, Raw",,,
168417,"Drumstick Leaves, Cooked, Boiled, Drained, Without Salt",,,
168418,"Pepeao, Dried",,9,5.49
168419,"Jute, Potherb, Raw",,,
168420,"Jute, Potherb, Cooked, Boiled, Drained, Without Salt",,,
168421,"Kale, Raw",,5,2.69
168422,"Mushrooms, Chanterelle, Raw",,8,2.99
168423,"Mushrooms, Morel, Raw",,8,3.89
168424,"Kohlrabi, Raw",,,
168425,"Kohlrabi, Cooked, Boiled, Drained, Without Salt",1 lb,16,2.49
168426,"Leeks, (Bulb and Lower Leaf-Portion), Cooked, Boiled, Drained, Without Salt",,,
168427,"Lentils, Sprouted, Raw",,16,2.99
168428,"Lentils, Sprouted, Cooked, Stir-Fried, Without Salt",,,
168429,"Lettuce, Butterhead (Includes Boston and Bibb Types), Raw",1 ct,,2.99
168430,"Lotus Root, Cooked, Boiled, Drained, Without Salt",1 lb,16,1.29
168431,"Lettuce, Red Leaf, Raw",1 ct,,2.99
168432,"Mountain Yam, Hawaii, Raw",,,
168433,"Mountain Yam, Hawaii, Cooked, Steamed, Without Salt",,,
168434,"Mushrooms, Brown, Italian, or Crimini, Raw",,8,2.99
168435,"Mushrooms, Shiitake, Stir-Fried",,5,5.99
168436,"Mushrooms, Shiitake, Dried",,5,5.99
168437,"Mushrooms, Shiitake, Cooked, Without Salt",,5,5.99
168438,"Mustard Spinach, (Tendergreen), Raw",,,
168439,"Mustard Spinach, (Tendergreen), Cooked, Boiled, Drained, Without Salt",,8,3.79
168440,"New Zealand Spinach, Raw",750 ml,,15.99
168441,"New Zealand Spinach, Cooked, Boiled, Drained, Without Salt",,,
168442,"Potatoes, French Fried, All Types, Salt Added in Processing, Frozen, Unprepared",,32,4.49
168443,"Potato Wedges, Frozen (Includes Foods for Usda'S Food Distribution Program)",,,
168444,"Potatoes, French Fried, Steak Fries, Salt Added in Processing, Frozen, As Purchased",,28,3.69
168445,"Potatoes, French Fried, Steak Fries, Salt Added in Processing, Frozen, Oven-Heated",,28,3.69
168446,Potato Flour,,12,6.49
168447,"Pumpkin Leaves, Cooked, Boiled, Drained, Without Salt",,29,4.49
168448,"Pumpkin, Raw",,14.5,7.49
168449,"Pumpkin, Cooked, Boiled, Drained, Without Salt",,29,4.49
168450,"Pumpkin, Canned, Without Salt",,15,2.79
168451,"Radishes, Oriental, Raw",1 ea,,
168452,"Radishes, Oriental, Cooked, Boiled, Drained, Without Salt",1 ea,,
168453,"Radishes, Oriental, Dried",1 ea,,
168454,"Rutabagas, Raw",1 lb,16,2.49
168455,"Rutabagas, Cooked, Boiled, Drained, Without Salt",1 lb,16,2.49
168456,"Seaweed, Irishmoss, Raw",,,
168457,"Seaweed, Kelp, Raw",,,
168458,"Seaweed, Laver, Raw",,,
168459,"Sesbania Flower, Raw",,,
168460,"Soybeans, Mature Seeds, Sprouted, Cooked, Steamed",,,
168461,"Soybeans, Mature Seeds, Sprouted, Cooked, Stir-Fried",,10,2.49
168462,"Spinach, Raw",,,
168463,"Spinach, Cooked, Boiled, Drained, Without Salt",,12,1.49
168464,"Squash, Summer, Crookneck and Straightneck, Raw",1 lb,16,2.29
168465,"Squash, Summer, Crookneck and Straightneck, Cooked, Boiled, Drained, Without Salt",1 lb,16,2.29
168466,"Squash, Summer, Crookneck and Straightneck, Canned, Drained, Solid, Without Salt",1 lb,16,2.29
168467,"Squash, Summer, Crookneck and Straightneck, Frozen, Unprepared",1 lb,16,2.29
168468,"Squash, Summer, Crookneck and Straightneck, Frozen, Cooked, Boiled, Drained, Without Salt",1 lb,16,2.29
168469,"Squash, Summer, Zucchini, Includes Skin, Frozen, Unprepared",1 lb,16,2.29
168470,"Squash, Summer, Zucchini, Includes Skin, Frozen, Cooked, Boiled, Drained, Without Salt",1 lb,16,2.29
168471,"Squash, Summer, Zucchini, Italian Style, Canned",1 lb,16,2.29
168472,"Squash, Winter, Acorn, Raw",1 lb,16,1.49
168473,"Squash, Winter, Butternut, Frozen, Unprepared",1 lb,16,1.49
168474,"Squash, Winter, Butternut, Frozen, Cooked, Boiled, Without Salt",1 lb,16,1.49
168475,"Squash, Winter, Hubbard, Raw",1 lb,16,1.49
168476,"Squash, Winter, Hubbard, Baked, Without Salt",,,
168477,"Succotash, (Corn and Limas), Cooked, Boiled, Drained, Without Salt",,,
168478,"Succotash, (Corn and Limas), Canned, with Cream Style Corn",,,
168479,"Succotash, (Corn and Limas), Canned, with Whole Kernel Corn, Solids and Liquids",,,
168480,"Succotash, (Corn and Limas), Frozen, Unprepared",,,
168481,"Succotash, (Corn and Limas), Frozen, Cooked, Boiled, Drained, Without Salt",,,
168482,"Sweet Potato, Raw, Unprepared (Includes Foods for Usda'S Food Distribution Program)",1 lb,16,2.19
168483,"Sweet Potato, Cooked, Baked in Skin, Flesh, Without Salt",,5,3.99
168484,"Sweet Potato, Cooked, Boiled, Without Skin",,5,3.99
168485,"Sweet Potato, Canned, Vacuum Pack",,16,2.69
168486,"Taro, Cooked, Without Salt",12 ct,,1.49
168487,"Taro Leaves, Raw",,,
168488,"Taro Leaves, Cooked, Steamed, Without Salt",,,
168489,"Taro Shoots, Raw",,,
168490,"Arrowroot, Raw",,16,9.99
168491,"Chrysanthemum Leaves, Raw",,6,9.99
168492,"Amaranth Leaves, Cooked, Boiled, Drained, with Salt",,,
168493,"Arrowhead, Cooked, Boiled, Drained, with Salt",8 bottles,12,4.79
168494,"Asparagus, Frozen, Cooked, Boiled, Drained, with Salt",,8,4.49
168495,"Balsam-Pear (Bitter Gourd), Leafy Tips, Cooked, Boiled, Drained, with Salt",,,
168496,"Balsam-Pear (Bitter Gourd), Pods, Cooked, Boiled, Drained, with Salt",,,
168497,"Bamboo Shoots, Cooked, Boiled, Drained, with Salt",,,
168498,"Lima Beans, Immature Seeds, Frozen, Fordhook, Cooked, Boiled, Drained, with Salt",,16,2.19
168499,"Mung Beans, Mature Seeds, Sprouted, Cooked, Boiled, Drained, with Salt",4 ct,15,4.79
168500,"Beans, Navy, Mature Seeds, Sprouted, Cooked, Boiled, Drained, with Salt",,16,1.59
168501,"Beans, Pinto, Immature Seeds, Frozen, Cooked, Boiled, Drained, with Salt",,16,1.79
168502,"Beans, Snap, Green, Canned, No Salt Added, Solids and Liquids",,8,4.29
168503,"Beans, Snap, Yellow, Canned, Regular Pack, Solids and Liquids",,8,4.29
168504,"Beans, Snap, Yellow, Canned, No Salt Added, Solids and Liquids",,8,4.29
168505,"Beans, Snap, Green, Canned, No Salt Added, Drained Solids",,8,4.29
168506,"Beets, Cooked, Boiled. Drained, with Salt",1.5 l,,16.99
168507,"Beets, Canned, No Salt Added, Solids and Liquids",,15,0.99
168508,"Beet Greens, Cooked, Boiled, Drained, with Salt",1 lb,16,1.69
168509,"Borage, Cooked, Boiled, Drained, with Salt",,,
168510,"Broccoli, Cooked, Boiled, Drained, with Salt",,15,4.99
168511,"Broccoli, Frozen, Chopped, Cooked, Boiled, Drained, with Salt",,12.6,2.29
168512,"Broccoli, Frozen, Spears, Cooked, Boiled, Drained, with Salt",,12.6,2.29
168513,"Brussels Sprouts, Cooked, Boiled, Drained, with Salt",,12,4.99
168514,"Cabbage, Common, Cooked, Boiled, Drained, with Salt",1 lb,16,1.29
168515,"Cabbage, Red, Cooked, Boiled, Drained, with Salt",,24,5.49
168516,"Cabbage, Savoy, Cooked, Boiled, Drained, with Salt",1 lb,16,2.49
168517,"Cabbage, Chinese (Pak-Choi), Cooked, Boiled, Drained, with Salt",1 lb,16,1.29
168518,"Carrots, Canned, No Salt Added, Drained Solids",,8.25,0.69
168519,"Carrots, Frozen, Cooked, Boiled, Drained, with Salt",,18,4.99
168520,"Cauliflower, Cooked, Boiled, Drained, with Salt",1 ct,,4.49
168521,"Cauliflower, Frozen, Cooked, Boiled, Drained, with Salt",,12,2.29
168522,"Chrysanthemum, Garland, Cooked, Boiled, Drained, with Salt",,,
168523,"Collards, Cooked, Boiled, Drained, with Salt",,,
168524,"Collards, Frozen, Chopped, Cooked, Boiled, Drained, with Salt",,12,1.79
168525,"Corn, Sweet, Yellow, Cooked, Boiled, Drained, with Salt",,15.25,0.89
168526,"Cowpeas (Blackeyes), Immature Seeds, Cooked, Boiled, Drained, with Salt",,,
168527,"Cowpeas (Blackeyes), Immature Seeds, Frozen, Cooked, Boiled, Drained, with Salt",,,
168528,"Cowpeas, Young Pods with Seeds, Cooked, Boiled, Drained, with Salt",,,
168529,"Cowpeas, Leafy Tips, Cooked, Boiled, Drained, with Salt",,,
168530,"Gourd, Dishcloth (Towelgourd), Cooked, Boiled, Drained, with Salt",,,
168531,"Drumstick Leaves, Cooked, Boiled, Drained, with Salt",,,
168532,"Drumstick Pods, Cooked, Boiled, Drained, with Salt",8 ct,,9.29
168533,"Hyacinth-Beans, Immature Seeds, Cooked, Boiled, Drained, with Salt",,,
168534,"Lambsquarters, Cooked, Boiled, Drained, with Salt",,50.7,20.99
168535,"Leeks, (Bulb and Lower Leaf-Portion), Cooked, Boiled, Drained, with Salt",,,
168536,"Lotus Root, Cooked, Boiled, Drained, with Salt",1 lb,16,1.29
168537,"Mushrooms, White, Cooked, Boiled, Drained, with Salt",,24,5.00
168538,"Corn, Sweet, White, Raw",,15.25,0.89
168539,"Corn, Sweet, White, Cooked, Boiled, Drained, Without Salt",,10,1.59
168540,"Corn, Sweet, White, Cooked, Boiled, Drained, with Salt",,10,1.59
168541,"Corn, Sweet, White, Canned, Whole Kernel, Regular Pack, Solids and Liquids",,10,1.59
168542,"Corn, Sweet, White, Canned, Vacuum Pack, Regular Pack",,10,1.59
168543,"Corn, Sweet, White, Canned, Vacuum Pack, No Salt Added",,10,1.59
168544,"Corn, Sweet, White, Frozen, Kernels Cut Off Cob, Unprepared",,10,1.59
168545,"Corn, Sweet, White, Frozen, Kernels Cut Off Cob, Boiled, Drained, Without Salt",,15.25,0.89
168546,"Peppers, Sweet, Red, Canned, Solids and Liquids",,16,4.99
168547,"Peppers, Sweet, Red, Frozen, Chopped, Unprepared",,16,4.99
168548,"Peppers, Sweet, Red, Frozen, Chopped, Boiled, Drained, Without Salt",,16,4.99
168549,"Peppers, Sweet, Red, Frozen, Chopped, Boiled, Drained, with Salt",,16,4.99
168550,"Peppers, Sweet, Red, Sauteed",,16,4.99
168551,"Lentils, Sprouted, Cooked, Stir-Fried, with Salt",,16,2.99
168552,"Mountain Yam, Hawaii, Cooked, Steamed, with Salt",,,
168553,"Tree Fern, Cooked, with Salt",,,
168554,"Potatoes, Mashed, Prepared From Granules, Without Milk, Whole Milk and Margarine",,4,1.50
168555,"Potatoes, Mashed, Home-Prepared, Whole Milk and Butter Added",,4,1.50
168556,Catsup,,20,1.89
168557,"Mushrooms, Brown, Italian, or Crimini, Exposed To Ultraviolet Light, Raw",,8,2.99
168558,"Pickles, Cucumber, Dill or Kosher Dill",,16,3.49
168559,"Pimento, Canned",,7,1.69
168560,"Pickle Relish, Hot Dog",,10,1.79
168561,"Pickle Relish, Sweet",,10,1.79
168562,"Pickles, Cucumber, Sour, Low Sodium",,16,3.49
168563,"Pickles, Cucumber, Dill, Reduced Sodium",,,
168564,"Radicchio, Raw",,,
168565,"Squash, Zucchini, Baby, Raw",1 lb,16,2.29
168566,"Tomatillos, Raw",,16,4.39
168567,"Tomatoes, Sun-Dried",,16,9.99
168568,"Carrots, Baby, Raw",,3.5,2.59
168569,"Hearts of Palm, Canned",,14.4,2.89
168570,"Peppers, Hot Chile, Sun-Dried",,4,1.99
168571,"Nopales, Raw",,30,3.99
168572,"Cabbage, Napa, Cooked",,16,7.29
168573,"Lemon Grass (Citronella), Raw",,,
168574,"Beans, Fava, in Pod, Raw",,12,12.99
168575,"Grape Leaves, Raw",,10,5.99
168576,"Peppers, Jalapeno, Raw",,12,2.69
168577,"Peppers, Chili, Green, Canned",,16,3.49
168578,"Peppers, Hungarian, Raw",1 lb,16,2.99
168579,"Peppers, Pasilla, Dried",1 lb,16,
168580,"Mushrooms, Oyster, Raw",,8,2.99
168581,"Fungi, Cloud Ears, Dried",,,
168582,"Mushrooms, Straw, Canned, Drained Solids",,10,2.99
168583,"Wasabi, Root, Raw",,,
168584,"Fiddlehead Ferns, Frozen, Unprepared",,,
168585,"Nuts, Coconut Meat, Dried (Desiccated), Creamed",6 ct,,8.79
168586,"Nuts, Coconut Meat, Dried (Desiccated), Sweetened, Shredded",6 ct,,8.79
168587,"Seeds, Sisymbrium Sp. Seeds, Whole, Dried",,,
168588,"Nuts, Almond Butter, Plain, Without Salt Added",,4,4.99
168589,"Nuts, Chestnuts, Japanese, Boiled and Steamed",,10.3,6.49
168590,"Nuts, Chestnuts, Japanese, Roasted",,10.3,6.49
168591,"Seeds, Lotus Seeds, Raw",,14.1,6.99
168592,"Nuts, Almonds, Honey Roasted, Unblanched",,32,11.99
168593,"Seeds, Sunflower Seed Kernels, Oil Roasted, with Salt Added",,7.25,
168594,"Seeds, Sunflower Seed Kernels, Toasted, with Salt Added",,10,3.79
168595,"Seeds, Sunflower Seed Butter, with Salt Added (Includes Foods for Usda'S Food Distribution Program)",,16,7.49
168596,"Nuts, Almonds, Dry Roasted, with Salt Added",,32,11.99
168597,"Nuts, Cashew Butter, Plain, with Salt Added",,,
168598,"Nuts, Macadamia Nuts, Dry Roasted, with Salt Added",,4,4.79
168599,"Nuts, Mixed Nuts, Dry Roasted, with Peanuts, with Salt Added",,16,9.49
168600,"Nuts, Mixed Nuts, Oil Roasted, with Peanuts, with Salt Added",,16,9.49
168601,"Seeds, Pumpkin and Squash Seeds, Whole, Roasted, with Salt Added",,8,7.99
168602,"Nuts, Almonds, Oil Roasted, Lightly Salted",,32,11.99
168603,"Nuts, Almond Butter, Plain, with Salt Added",,4,4.99
168604,"Seeds, Sesame Butter, Tahini, Type of Kernels Unspecified",,,
168605,"Beef, Retail Cuts, Separable Fat, Raw",1 lb,16,7.99
168606,"Beef, Retail Cuts, Separable Fat, Cooked",,,
168607,"Beef, Brisket, Whole, Separable Lean Only, All Grades, Raw",1 lb,16,6.99
168608,"Beef, Grass-Fed, Ground, Raw",,8,9.99
168609,"Beef, Flank, Steak, Separable Lean Only, Trimmed To 0"" Fat, Choice, Raw",1 lb,16,13.99
168610,"Beef, Flank, Steak, Separable Lean Only, Trimmed To 0"" Fat, Choice, Cooked, Braised",1 lb,16,13.99
168611,"Beef, Flank, Steak, Separable Lean Only, Trimmed To 0"" Fat, Choice, Cooked, Broiled",1 lb,16,13.99
168612,"Beef, Rib, Eye, Small End (Ribs 10-12), Separable Lean and Fat, Trimmed To 0"" Fat, Choice, Raw",1 lb,16,8.99
168613,"Beef, Rib, Shortribs, Separable Lean and Fat, Choice, Cooked, Braised",1 lb,16,8.99
168614,"Beef, Rib, Shortribs, Separable Lean Only, Choice, Raw",1 lb,16,8.99
168615,"Beef, Rib, Shortribs, Separable Lean Only, Choice, Cooked, Braised",1 lb,16,8.99
168616,"Beef, Round, Full Cut, Separable Lean Only, Trimmed To 1/4"" Fat, Choice, Cooked, Broiled",1 lb,16,11.99
168617,"Beef, Round, Full Cut, Separable Lean Only, Trimmed To 1/4"" Fat, Select, Cooked, Broiled",1 lb,16,11.99
168618,"Beef, Short Loin, Porterhouse Steak, Separable Lean Only, Trimmed To 1/8"" Fat, Choice, Cooked, Grilled",1 lb,16,11.99
168619,"Beef, Short Loin, T-Bone Steak, Bone-In, Separable Lean Only, Trimmed To 1/8"" Fat, Choice, Raw",1 lb,16,11.99
168620,"Beef, Short Loin, T-Bone Steak, Bone-In, Separable Lean Only, Trimmed To 1/8"" Fat, Choice, Cooked, Grilled",,,
168621,"Beef, Rib Eye, Small End (Ribs 10-12), Separable Lean Only, Trimmed To 0"" Fat, Select, Raw",,10,18.99
168622,"Beef, Variety Meats and By-Products, Brain, Raw",,,
168623,"Beef, Variety Meats and By-Products, Brain, Cooked, Pan-Fried",,,
168624,"Beef, Variety Meats and By-Products, Brain, Cooked, Simmered",,,
168625,"Beef, Variety Meats and By-Products, Heart, Raw",,,
168626,"Beef, Variety Meats and By-Products, Liver, Cooked, Braised",,,
168627,"Beef, Variety Meats and By-Products, Liver, Cooked, Pan-Fried",,,
168628,"Beef, Variety Meats and By-Products, Lungs, Raw",,,
168629,"Beef, Variety Meats and By-Products, Lungs, Cooked, Braised",,,
168630,"Beef, Variety Meats and By-Products, Mechanically Separated Beef, Raw",,,
168631,"Beef, Loin, Top Loin Steak, Boneless, Lip Off, Separable Lean and Fat, Trimmed To 0"" Fat, Select, Cooked, Grilled",,23,9.99
168632,"Beef, Loin, Top Loin Steak, Boneless, Lip Off, Separable Lean Only, Trimmed To 0"" Fat, All Grades, Cooked, Grilled",,23,9.99
168633,"Beef, Top Sirloin, Steak, Separable Lean and Fat, Trimmed To 0"" Fat, Select, Cooked, Broiled",,8,9.99
168634,"Beef, Top Sirloin, Steak, Separable Lean Only, Trimmed To 0"" Fat, All Grades, Cooked, Broiled",,8,9.99
168635,"Beef, Top Sirloin, Steak, Separable Lean Only, Trimmed To 0"" Fat, Choice, Cooked, Broiled",,8,9.99
168636,"Beef, Top Sirloin, Steak, Separable Lean Only, Trimmed To 0"" Fat, Select, Cooked, Broiled",,8,9.99
168637,"Beef, Short Loin, Porterhouse Steak, Separable Lean Only, Trimmed To 1/8"" Fat, All Grades, Cooked, Grilled",,,
168638,"Beef, Short Loin, Porterhouse Steak, Separable Lean Only, Trimmed To 0"" Fat, All Grades, Cooked, Broiled",,,
168639,"Beef, Short Loin, Porterhouse Steak, Separable Lean Only, Trimmed To 0"" Fat, Choice, Cooked, Broiled",1 lb,16,11.99
168640,"Beef, Short Loin, Porterhouse Steak, Separable Lean Only, Trimmed To 1/8"" Fat, Select, Raw",1 lb,16,11.99
168641,"Beef, Short Loin, Porterhouse Steak, Separable Lean Only, Trimmed To 1/8"" Fat, Select, Cooked, Grilled",,,
168642,"Beef, Short Loin, T-Bone Steak, Bone-In, Separable Lean Only, Trimmed To 1/8"" Fat, All Grades, Raw",1 lb,16,11.99
168643,"Beef, Short Loin, T-Bone Steak, Bone-In, Separable Lean Only, Trimmed To 1/8"" Fat, All Grades, Cooked, Grilled",,,
168644,"Beef, Short Loin, T-Bone Steak, Separable Lean Only, Trimmed To 0"" Fat, Choice, Cooked, Broiled",,,
168645,"Beef, Short Loin, T-Bone Steak, Bone-In, Separable Lean Only, Trimmed To 1/8"" Fat, Select, Raw",,,
168646,"Beef, Round, Tip Round, Roast, Separable Lean and Fat, Trimmed To 0"" Fat, Choice, Raw",1 lb,16,11.99
168647,"Beef, Round, Tip Round, Roast, Separable Lean and Fat, Trimmed To 0"" Fat, Select, Raw",1 lb,16,11.99
168648,"Beef, Rib, Eye, Small End (Ribs 10- 12) Separable Lean Only, Trimmed To 0"" Fat, Select, Cooked, Broiled",1 lb,16,8.99
168649,"Beef, Round, Top Round Steak, Boneless, Separable Lean Only, Trimmed To 0"" Fat, All Grades, Cooked, Grilled",1 lb,16,11.99
168650,"Beef, Ground, 70% Lean Meat / 30% Fat, Patty Cooked, Pan-Broiled",1 lb,16,9.49
168651,"Beef, Ground, 70% Lean Meat / 30% Fat, Patty, Cooked, Broiled",1 lb,16,9.49
168652,"Beef, Ground, 70% Lean Meat / 30% Fat, Raw",1 lb,16,9.49
168653,"Beef, Chuck, Under Blade Center Steak, Boneless, Denver Cut, Separable Lean Only, Trimmed To 0"" Fat, Select, Raw",1 lb,16,12.99
168654,"Beef, Shoulder Top Blade Steak, Boneless, Separable Lean Only, Trimmed To 0"" Fat, All Grades, Cooked, Grilled",,,
168655,"Beef, Shoulder Top Blade Steak, Boneless, Separable Lean Only, Trimmed To 0"" Fat, Select, Raw",1 lb,16,12.99
168656,"Beef, Brisket, Flat Half, Boneless Separable Lean Only, Trimmed To 0"" Fat, All Grades, Raw",1 lb,16,6.99
168657,"Beef, Brisket, Flat Half, Boneless, Separable Lean Only, Trimmed To 0"" Fat, Choice, Raw",1 lb,16,6.99
168658,"Beef, Brisket, Flat Half, Boneless, Separable Lean Only, Trimmed To 0"" Fat, Select, Raw",1 lb,16,6.99
168659,"Beef, Shoulder Top Blade Steak, Boneless, Separable Lean and Fat, Trimmed To 0"" Fat, Choice, Cooked, Grilled",1 lb,16,12.99
168660,"Beef, Chuck Eye Roast, Boneless, America'S Beef Roast, Separable Lean and Fat, Trimmed To 0"" Fat, All Grades, Raw",1 lb,16,12.99
168661,"Beef, Chuck Eye Roast, Boneless, America'S Beef Roast, Separable Lean and Fat, Trimmed To 0"" Fat, Choice, Raw",1 lb,16,12.99
168662,"Beef, Chuck Eye Roast, Boneless, America'S Beef Roast, Separable Lean and Fat, Trimmed To 0"" Fat, Select, Raw",1 lb,16,12.99
168663,"Beef, Composite of Trimmed Retail Cuts, Separable Lean and Fat, Trimmed To 1/8"" Fat, Select, Cooked",,,
168664,"Beef, Brisket, Whole, Separable Lean and Fat, Trimmed To 1/8"" Fat, All Grades, Raw",1 lb,16,6.99
168665,"Beef, Brisket, Whole, Separable Lean and Fat, Trimmed To 1/8"" Fat, All Grades, Cooked, Braised",1 lb,16,6.99
168666,"Beef, Brisket, Flat Half, Separable Lean and Fat, Trimmed To 1/8"" Fat, All Grades, Raw",1 lb,16,6.99
168667,"Beef, Chuck, Arm Pot Roast, Separable Lean and Fat, Trimmed To 1/8"" Fat, All Grades, Cooked, Braised",1 lb,16,12.99
168668,"Beef, Chuck, Arm Pot Roast, Separable Lean and Fat, Trimmed To 1/8"" Fat, Choice, Raw",1 lb,16,12.99
168669,"Beef, Chuck, Arm Pot Roast, Separable Lean and Fat, Trimmed To 1/8"" Fat, Choice, Cooked, Braised",1 lb,16,12.99
168670,"Beef, Chuck, Arm Pot Roast, Separable Lean and Fat, Trimmed To 1/8"" Fat, Select, Raw",1 lb,16,12.99
168671,"Beef, Chuck, Blade Roast, Separable Lean and Fat, Trimmed To 1/8"" Fat, Choice, Cooked, Braised",1 lb,16,12.99
168672,"Beef, Chuck, Blade Roast, Separable Lean and Fat, Trimmed To 1/8"" Fat, Select, Raw",1 lb,16,12.99
168673,"Beef, Chuck, Blade Roast, Separable Lean and Fat, Trimmed To 1/8"" Fat, Select, Cooked, Braised",1 lb,16,12.99
168674,"Beef, Chuck Eye Roast, Boneless, America'S Beef Roast, Separable Lean Only, Trimmed To 0"" Fat, All Grades, Cooked, Roasted",1 lb,16,12.99
168675,"Beef, Rib, Whole (Ribs 6-12), Separable Lean and Fat, Trimmed To 1/8"" Fat, Choice, Raw",1 lb,16,8.99
168676,"Beef, Rib, Whole (Ribs 6-12), Separable Lean and Fat, Trimmed To 1/8"" Fat, Choice, Cooked, Broiled",1 lb,16,8.99
168677,"Beef, Rib, Whole (Ribs 6-12), Separable Lean and Fat, Trimmed To 1/8"" Fat, Choice, Cooked, Roasted",1 lb,16,8.99
168678,"Beef, Rib, Whole (Ribs 6-12), Separable Lean and Fat, Trimmed To 1/8"" Fat, Select, Raw",1 lb,16,8.99
168679,"Beef, Rib, Whole (Ribs 6-12), Separable Lean and Fat, Trimmed To 1/8"" Fat, Prime, Cooked, Roasted",1 lb,16,8.99
168680,"Beef, Rib, Large End (Ribs 6-9), Separable Lean and Fat, Trimmed To 1/8"" Fat, All Grades, Raw",1 lb,16,8.99
168681,"Beef, Rib, Large End (Ribs 6-9), Separable Lean and Fat, Trimmed To 1/8"" Fat, All Grades, Cooked, Broiled",1 lb,16,8.99
168682,"Beef, Rib, Large End (Ribs 6-9), Separable Lean and Fat, Trimmed To 1/8"" Fat, All Grades, Cooked, Roasted",1 lb,16,8.99
168683,"Beef, Rib, Large End (Ribs 6-9), Separable Lean and Fat, Trimmed To 1/8"" Fat, Select, Cooked, Broiled",1 lb,16,8.99
168684,"Beef, Rib, Large End (Ribs 6-9), Separable Lean and Fat, Trimmed To 1/8"" Fat, Select, Cooked, Roasted",1 lb,16,8.99
168685,"Beef, Rib, Large End (Ribs 6-9), Separable Lean and Fat, Trimmed To 1/8"" Fat, Prime, Raw",1 lb,16,8.99
168686,"Beef, Rib, Large End (Ribs 6-9), Separable Lean and Fat, Trimmed To 1/8"" Fat, Prime, Cooked, Broiled",1 lb,16,8.99
168687,"Beef, Rib, Large End (Ribs 6-9), Separable Lean and Fat, Trimmed To 1/8"" Fat, Prime, Cooked, Roasted",1 lb,16,8.99
168688,"Beef, Rib, Small End (Ribs 10-12), Separable Lean and Fat, Trimmed To 1/8"" Fat, Choice, Cooked, Broiled",1 lb,16,8.99
168689,"Beef, Rib, Small End (Ribs 10-12), Separable Lean and Fat, Trimmed To 1/8"" Fat, Choice, Cooked, Roasted",1 lb,16,8.99
168690,"Beef, Rib, Small End (Ribs 10-12), Separable Lean and Fat, Trimmed To 1/8"" Fat, Select, Raw",1 lb,16,8.99
168691,"Beef, Rib, Small End (Ribs 10-12), Separable Lean and Fat, Trimmed To 1/8"" Fat, Select, Cooked, Broiled",1 lb,16,8.99
168692,"Beef, Shoulder Top Blade Steak, Boneless, Separable Lean and Fat, Trimmed To 0"" Fat, Select, Cooked, Grilled",,,
168693,"Beef, Shoulder Top Blade Steak, Boneless, Separable Lean and Fat, Trimmed To 0"" Fat, All Grades, Raw",1 lb,16,12.99
168694,"Beef, Round, Full Cut, Separable Lean and Fat, Trimmed To 1/8"" Fat, Choice, Raw",1 lb,16,11.99
168695,"Beef, Round, Full Cut, Separable Lean and Fat, Trimmed To 1/8"" Fat, Choice, Cooked, Broiled",1 lb,16,11.99
168696,"Beef, Round, Bottom Round, Roast, Separable Lean and Fat, Trimmed To 1/8"" Fat, All Grades, Cooked, Roasted",1 lb,16,11.99
168697,"Beef, Round, Bottom Round, Steak, Separable Lean and Fat, Trimmed To 1/8"" Fat, Choice, Raw",1 lb,16,11.99
168698,"Beef, Round, Bottom Round, Steak, Separable Lean and Fat, Trimmed To 1/8"" Fat, Choice, Cooked, Braised",1 lb,16,11.99
168699,"Beef, Round, Bottom Round, Roast, Separable Lean and Fat, Trimmed To 1/8"" Fat, Choice, Cooked, Roasted",1 lb,16,11.99
168700,"Beef, Round, Bottom Round, Steak, Separable Lean and Fat, Trimmed To 1/8"" Fat, Select, Raw",1 lb,16,11.99
168701,"Beef, Round, Eye of Round, Roast, Separable Lean and Fat, Trimmed To 1/8"" Fat, Choice, Raw",1 lb,16,11.99
168702,"Beef, Round, Eye of Round, Roast, Separable Lean and Fat, Trimmed To 1/8"" Fat, Choice, Cooked, Roasted",1 lb,16,11.99
168703,"Beef, Round, Eye of Round, Roast, Separable Lean and Fat, Trimmed To 1/8"" Fat, Select, Raw",1 lb,16,11.99
168704,"Beef, Round, Eye of Round, Roast, Separable Lean and Fat, Trimmed To 1/8"" Fat, Select, Cooked, Roasted",1 lb,16,11.99
168705,"Beef, Round, Tip Round, Separable Lean and Fat, Trimmed To 1/8"" Fat, Select, Raw",1 lb,16,11.99
168706,"Beef, Round, Tip Round, Roast, Separable Lean and Fat, Trimmed To 1/8"" Fat, Select, Cooked, Roasted",1 lb,16,11.99
168707,"Beef, Shoulder Top Blade Steak, Boneless, Separable Lean and Fat, Trimmed To 0"" Fat, Choice, Raw",1 lb,16,12.99
168708,"Beef, Round, Top Round, Separable Lean Only, Trimmed To 1/8"" Fat, Choice, Cooked, Pan-Fried",1 lb,16,11.99
168709,"Beef, Round, Top Round, Separable Lean and Fat, Trimmed To 1/8"" Fat, Choice, Cooked, Braised",1 lb,16,11.99
168710,"Beef, Round, Top Round, Steak, Separable Lean and Fat, Trimmed To 1/8"" Fat, Choice, Cooked, Broiled",1 lb,16,11.99
168711,"Beef, Round, Top Round, Separable Lean and Fat, Trimmed To 1/8"" Fat, Choice, Cooked, Pan-Fried",1 lb,16,11.99
168712,"Beef, Round, Top Round, Steak, Separable Lean and Fat, Trimmed To 1/8"" Fat, Select, Raw",1 lb,16,11.99
168713,"Beef, Round, Top Round, Separable Lean and Fat, Trimmed To 1/8"" Fat, Select, Cooked, Braised",1 lb,16,11.99
168714,"Beef, Brisket, Flat Half, Boneless, Separable Lean and Fat, Trimmed To 0"" Fat, All Grades, Raw",1 lb,16,6.99
168715,"Beef, Short Loin, Porterhouse Steak, Separable Lean and Fat, Trimmed To 1/8"" Fat, Choice, Raw",1 lb,16,11.99
168716,"Beef, Short Loin, Porterhouse Steak, Separable Lean and Fat, Trimmed To 1/8"" Fat, Choice, Cooked, Grilled",1 lb,16,11.99
168717,"Beef, Short Loin, T-Bone Steak, Separable Lean and Fat, Trimmed To 1/8"" Fat, Choice, Raw",1 lb,16,11.99
168718,"Beef, Short Loin, Top Loin, Steak, Separable Lean and Fat, Trimmed To 1/8"" Fat, Choice, Cooked, Grilled",1 lb,16,11.99
168719,"Beef, Loin, Top Loin, Separable Lean and Fat, Trimmed To 1/8"" Fat, Select, Raw",,23,9.99
168720,"Beef, Loin, Top Loin, Separable Lean and Fat, Trimmed To 1/8"" Fat, Select, Cooked, Grilled",,23,9.99
168721,"Beef, Short Loin, Top Loin, Steak, Separable Lean and Fat, Trimmed To 1/8"" Fat, Prime, Raw",1 lb,16,11.99
168722,"Beef, Tenderloin, Steak, Separable Lean and Fat, Trimmed To 1/8"" Fat, Choice, Cooked, Broiled",,6,7.00
168723,"Beef, Tenderloin, Roast, Separable Lean and Fat, Trimmed To 1/8"" Fat, Choice, Cooked, Roasted",,6,7.00
168724,"Beef, Tenderloin, Steak, Separable Lean and Fat, Trimmed To 1/8"" Fat, Select, Raw",,6,7.00
168725,"Beef, Tenderloin, Steak, Separable Lean and Fat, Trimmed To 1/8"" Fat, Select, Cooked, Broiled",,6,7.00
168726,"Beef, Top Sirloin, Steak, Separable Lean and Fat, Trimmed To 1/8"" Fat, All Grades, Raw",,8,9.99
168727,"Beef, Top Sirloin, Steak, Separable Lean and Fat, Trimmed To 1/8"" Fat, All Grades, Cooked, Broiled",,8,9.99
168728,"Beef, Top Sirloin, Steak, Separable Lean and Fat, Trimmed To 1/8"" Fat, Choice, Raw",,8,9.99
168729,"Beef, Top Sirloin, Steak, Separable Lean and Fat, Trimmed To 1/8"" Fat, Choice, Cooked, Broiled",,8,9.99
168730,"Beef, Chuck, Clod Roast, Separable Lean Only, Trimmed To 0"" Fat, Select, Cooked, Roasted",1 lb,16,12.99
168731,"Beef, Shoulder Steak, Boneless, Separable Lean Only, Trimmed To 0"" Fat, Choice, Cooked, Grilled",1 lb,16,12.99
168732,"Beef, Shoulder Steak, Boneless, Separable Lean Only, Trimmed To 0"" Fat, Select, Cooked, Grilled",1 lb,16,12.99
168733,"Beef, Flank, Steak, Separable Lean and Fat, Trimmed To 0"" Fat, All Grades, Cooked, Broiled",1 lb,16,13.99
168734,"Beef, Bottom Sirloin, Tri-Tip Roast, Separable Lean and Fat, Trimmed To 0"" Fat, All Grades, Raw",,,
168735,"Beef, Bottom Sirloin, Tri-Tip Roast, Separable Lean and Fat, Trimmed To 0"" Fat, Choice, Cooked, Roasted",1 lb,16,15.99
168736,"Beef, Bottom Sirloin, Tri-Tip Roast, Separable Lean and Fat, Trimmed To 0"" Fat, Choice, Raw",1 lb,16,15.99
168737,"Beef, Bottom Sirloin, Tri-Tip Roast, Separable Lean and Fat, Trimmed To 0"" Fat, Select, Cooked, Roasted",1 lb,16,15.99
168738,"Beef, Chuck, Top Blade, Separable Lean Only, Trimmed To 0"" Fat, Choice, Cooked, Broiled",1 lb,16,12.99
168739,"Beef, Chuck, Top Blade, Separable Lean Only, Trimmed To 0"" Fat, Select, Cooked, Broiled",1 lb,16,12.99
168740,"Beef, Round, Top Round Steak, Boneless, Separable Lean and Fat, Trimmed To 0"" Fat, Choice, Cooked, Grilled",1 lb,16,11.99
168741,"Beef, Round, Top Round Steak, Boneless, Separable Lean and Fat, Trimmed To 0"" Fat, Select, Cooked, Grilled",1 lb,16,11.99
168742,"Beef, Chuck Eye Roast, Boneless, America'S Beef Roast, Separable Lean Only, Trimmed To 0"" Fat, Select, Raw",1 lb,16,12.99
168743,"Beef, Brisket, Flat Half, Boneless, Separable Lean and Fat, Trimmed To 0"" Fat, Choice, Raw",1 lb,16,6.99
168744,"Beef, Plate, Inside Skirt Steak, Separable Lean Only, Trimmed To 0"" Fat, All Grades, Cooked, Broiled",,2.8,3.99
168745,"Beef, Plate, Outside Skirt Steak, Separable Lean Only, Trimmed To 0"" Fat, All Grades, Cooked, Broiled",,2.8,3.99
168746,"Alcoholic Beverage, Beer, Regular, All",6 bottles,12,12.99
168747,"Alcoholic Beverage, Beer, Regular, Budweiser",6 bottles,12,12.99
168748,"Alcoholic Beverage, Beer, Light, Budweiser Select",6 bottles,12,12.99
168749,"Alcoholic Beverage, Beer, Light",6 bottles,12,12.99
168750,"Alcoholic Beverage, Pina Colada, Canned",,,
168751,"Beverages, Almond Milk, Sweetened, Vanilla Flavor, Ready-To-Drink",,25.4,6.49
168752,"Alcoholic Beverage, Pina Colada, Prepared-From-Recipe",,,
168753,"Alcoholic Beverage, Tequila Sunrise, Canned",12 cans,12,22.99
168754,"Candies, Milk Chocolate, with Almonds",,18.47,8.99
168755,"Candies, Milk Chocolate, with Rice Cereal",,18.47,8.99
168756,"Candies, Mars Snackfood Us, Milky Way Bar",,,
168757,"Candies, Hershey'S Skor Toffee Bar",,,
168758,"Toppings, Strawberry",,19.6,5.49
168759,"Candies, Mounds Candy Bar",,1.75,1.99
168760,"Candies, Mr. Goodbar Chocolate Bar",,4.4,3.49
168761,"Candies, Nestle, 100 Grand Bar",,1.4,2.49
168762,"Candies, Nestle, Crunch Bar and Dessert Topping",,1.4,2.49
168763,"Candies, Reese'S Peanut Butter Cups",,1.4,1.50
168764,"Candies, Reese'S Pieces Candy",,4,1.50
168765,"Candies, Rolo Caramels in Milk Chocolate",,,
168766,"Candies, Nestle, After Eight Mints",,14,4.79
168767,"Candies, Mars Snackfood Us, 3 Musketeers Bar",,,
168768,"Candies, Mars Snackfood Us, Twix Caramel Cookie Bars",,1.74,1.99
168769,"Candies, Mars Snackfood Us, Twix Peanut Butter Cookie Bars",,1.74,1.99
168770,"Candies, Whatchamacallit Candy Bar",,2.6,3.29
168771,Chewing Gum,35 ct,,5.49
168772,"Egg Custards, Dry Mix",,,
168773,"Egg Custards, Dry Mix, Prepared with Whole Milk",1 / 2 gal,,2.59
168774,"Cocoa, Dry Powder, Unsweetened, Hershey'S European Style Cocoa",,8,4.99
168775,"Gelatin Desserts, Dry Mix",,3,1.00
168776,"Candies, York Bites",,,
168777,"Desserts, Mousse, Chocolate, Prepared-From-Recipe",,7.3,4.99
168778,"Puddings, Chocolate, Ready-To-Eat",,3.9,1.99
168779,"Puddings, Chocolate, Dry Mix, Instant",4 ct,,3.29
168780,"Puddings, Chocolate, Dry Mix, Regular, Prepared with 2% Milk",4 ct,,3.29
168781,"Puddings, Coconut Cream, Dry Mix, Instant, Prepared with 2% Milk",,4.4,1.49
168782,"Puddings, Rice, Ready-To-Eat",6 ct,4,4.69
168783,"Puddings, Rice, Dry Mix",6 ct,4,4.69
168784,"Puddings, Vanilla, Dry Mix, Instant",,5.1,2.49
168785,"Puddings, Vanilla, Dry Mix, Instant, Prepared with Whole Milk",,5.1,2.49
168786,"Puddings, Lemon, Dry Mix, Instant, Prepared with 2% Milk",,3.4,1.99
168787,"Egg Custards, Dry Mix, Prepared with 2% Milk",1 / 2 gal,,2.59
168788,"Puddings, Vanilla, Dry Mix, Regular, Prepared with 2% Milk",,5.1,2.49
168789,"Rennin, Chocolate, Dry Mix, Prepared with 2% Milk",,,
168790,"Rennin, Vanilla, Dry Mix, Prepared with 2% Milk",,,
168791,"Candies, Praline, Prepared-From-Recipe",,8,4.99
168792,"Desserts, Rennin, Vanilla, Dry Mix",,,
168793,"Rennin, Vanilla, Dry Mix, Prepared with Whole Milk",,,
168794,"Desserts, Rennin, Tablets, Unsweetened",,,
168795,"Frostings, Chocolate, Creamy, Ready-To-Eat",,16,2.49
168796,"Flan, Caramel Custard, Dry Mix, Prepared with Whole Milk",,15,3.49
168797,"Puddings, Vanilla, Ready-To-Eat, Fat Free",,5.1,2.49
168798,"Puddings, Tapioca, Ready-To-Eat, Fat Free",4 ct,,3.29
168799,"Puddings, Chocolate, Ready-To-Eat, Fat Free",4 ct,,3.29
168800,"Frostings, Chocolate, Creamy, Dry Mix, Prepared with Butter",,16,2.49
168801,"Candies, Heath Bites",,10.2,6.49
168802,"Frostings, Vanilla, Creamy, Dry Mix",,15.6,2.49
168803,"Frostings, White, Fluffy, Dry Mix",,16,2.19
168804,"Candies, Mars Snackfood Us, Dove Milk Chocolate",,1.74,1.99
168805,"Candies, Mars Snackfood Us, Dove Dark Chocolate",,,
168806,"Candies, Mars Snackfood Us, Milky Way Caramels, Milk Chocolate Covered",,,
168807,"Candies, Mars Snackfood Us, Milky Way Caramels. Dark Chocolate Covered",,1.74,1.99
168808,"Snacks, General Mills, Betty Crocker Fruit Roll Ups, Berry Flavored, with Vitamin C",8 ct,0.85,3.79
168809,"Ice Creams, Chocolate",8 ct,,9.29
168810,"Ice Creams, Strawberry",,3,5.99
168811,"Snacks, Farley Candy, Farley Fruit Snacks, with Vitamins A, C, and E",,,
168812,"Frozen Novelties, Ice Type, Italian, Restaurant-Prepared",,,
168813,"Frozen Novelties, Ice Type, Pop",12 ct,,4.29
168814,"Candies, Mars Snackfood Us, M&M'S Crispy Chocolate Candies",,1.74,1.99
168815,"Frozen Yogurts, Vanilla, Soft-Serve",1 gallon,,7.99
168816,"Fruit Butters, Apple",,13,5.49
168817,"Candies, Fudge, Chocolate Marshmallow, with Nuts, Prepared-By-Recipe",14 fo,,3.99
168818,"Candies, Mars Snackfood Us, Snickers Almond Bar",,,
168819,"Marmalade, Orange",,18,4.49
168820,Molasses,,12,5.29
168821,"Pectin, Unsweetened, Dry Mix",,,
168822,"Pie Fillings, Apple, Canned",,21,4.99
168823,"Candies, Mars Snackfood Us, Starburst Fruit Chews, Tropical Fruits",,,
168824,"Pie Fillings, Canned, Cherry",,15,2.79
168825,"Puddings, Banana, Dry Mix, Regular, Prepared with Whole Milk",,5.1,2.49
168826,"Puddings, Coconut Cream, Dry Mix, Instant",,4.4,1.49
168827,"Puddings, Coconut Cream, Dry Mix, Instant, Prepared with Whole Milk",,4.4,1.49
168828,"Puddings, Coconut Cream, Dry Mix, Regular",,4.4,1.49
168829,"Puddings, Coconut Cream, Dry Mix, Regular, Prepared with Whole Milk",,4.4,1.49
168830,"Puddings, Lemon, Dry Mix, Instant, Prepared with Whole Milk",,3.4,1.99
168831,"Puddings, Lemon, Dry Mix, Regular",,3.4,1.99
168832,"Pudding, Lemon, Dry Mix, Regular, Prepared with Sugar, Egg Yolk and Water",,3.4,1.99
168833,"Sugars, Brown",,24,3.79
168834,"Syrups, Chocolate, Hershey'S Genuine Chocolate Flavored Lite Syrup",,24,2.79
168835,"Syrups, Chocolate, Fudge-Type",,24,2.79
168836,"Syrups, Corn, Dark",,16,3.99
168837,"Syrups, Corn, Light",,16,3.99
168838,"Syrups, Table Blends, Pancake, with 2% Maple",,,
168839,"Syrups, Table Blends, Corn, Refiner, and Sugar",24 oza,,4.79
168840,"Candies, Mars Snackfood Us, Skittles Wild Berry Bite Size Candies",,,
168841,"Toppings, Butterscotch or Caramel",,,
168842,"Candies, Mars Snackfood Us, Skittles Sours Original",,,
168843,"Candies, Mars Snackfood Us, Skittles Original Bite Size Candies",,,
168844,"Frostings, Vanilla, Creamy, Dry Mix, Prepared with Margarine",,15.6,2.49
168845,"Frostings, Chocolate, Creamy, Dry Mix, Prepared with Margarine",,16,2.49
168846,"Candies, Divinity, Prepared-From-Recipe",,,
168847,"Frozen Novelties, Ice Type, Pineapple-Coconut",12 ct,,4.29
168848,"Frozen Yogurts, Chocolate, Soft-Serve",,48,2.99
168849,"Snacks, Banana Chips",4 ct,,6.49
168850,"Snacks, Beef Sticks, Smoked",14 ct,0.5,19.99
168851,"Snacks, Pork Skins, Barbecue-Flavor",,4,2.99
168852,"Frostings, Glaze, Chocolate, Prepared-From-Recipe, with Butter, Nfsmi Recipe No. C-32",,,
168853,"Snack, Potato Chips, Made From Dried Potatoes, Plain",,5.5,2.49
168854,"Snacks, Potato Sticks",,4,1.29
168855,"Snacks, Rice Cakes, Brown Rice, Rye",,3,2.59
168856,"Snacks, Sesame Sticks, Wheat-Based, Salted",,9,5.49
168857,"Snacks, Corn Cakes",,,
168858,"Snacks, Tortilla Chips, Nacho-Flavor, Reduced Fat",,9,2.99
168859,"Tortilla Chips, Low Fat, Baked Without Fat",,13,1.99
168860,"Cheese Puffs and Twists, Corn Based, Baked, Low Fat",,,
168861,"Snacks, Granola Bar, Fruit-Filled, Nonfat",8 ct,,3.49
168862,"Snacks, Kellogg, Kellogg'S, Nutri-Grain Cereal Bars, Fruit",8 ct,,3.59
168863,"Snacks, Tortilla Chips, Low Fat, Made with Olestra, Nacho Cheese",,9,2.99
168864,"Snacks, Potato Chips, Made From Dried Potatoes, Fat-Free, Made with Olestra",,5.5,2.49
168865,"Snacks, Taro Chips",,,
168866,"Puddings, Banana, Dry Mix, Instant, with Added Oil",,3.4,1.99
168867,"Cornmeal, Degermed, Enriched, Yellow",5 lb,80,3.29
168868,"Cornmeal, Yellow, Self-Rising, Bolted, Plain, Enriched",,24,3.59
168869,"Cornmeal, Yellow, Self-Rising, Bolted, with Wheat Flour Added, Enriched",,24,3.59
168870,"Cornmeal, Yellow, Self-Rising, Degermed, Enriched",,24,3.59
168871,"Millet, Cooked",1.5 lb,24,14.49
168872,"Oat Bran, Raw",,18.2,2.79
168873,"Oat Bran, Cooked",,,
168874,"Quinoa, Uncooked",,16,4.29
168875,"Rice, Brown, Medium-Grain, Cooked (Includes Foods for Usda'S Food Distribution Program)",,14,1.79
168876,"Rice, Brown, Parboiled, Dry, Uncle Ben'S",,14,1.79
168877,"Rice, White, Long-Grain, Regular, Raw, Enriched",2 pk,4.4,2.19
168878,"Rice, White, Long-Grain, Regular, Enriched, Cooked",2 pk,4.4,2.19
168879,"Rice, White, Medium-Grain, Raw, Enriched",2 pk,4.4,2.19
168880,"Rice, White, Medium-Grain, Enriched, Cooked",2 pk,4.4,2.19
168881,"Rice, White, Short-Grain, Enriched, Uncooked",2 pk,4.4,2.19
168882,"Rice, White, Short-Grain, Enriched, Cooked",2 pk,4.4,2.19
168883,"Rice, White, Glutinous, Unenriched, Uncooked",2 pk,4.4,2.19
168884,Rye Grain,,60,12.49
168885,"Rye Flour, Dark",,,
168886,"Rye Flour, Medium",,,
168887,"Rye Flour, Light",,16,9.99
168888,"Triticale Flour, Whole-Grain",5 lb,80,6.99
168889,"Wheat, Hard Red Spring",,,
168890,"Wheat, Hard Red Winter",,,
168891,"Wheat, Soft Red Winter",,,
168892,"Wheat Germ, Crude",,42,5.99
168893,"Wheat Flour, Whole-Grain (Includes Foods for Usda'S Food Distribution Program)",,,
168894,"Wheat Flour, White, All-Purpose, Enriched, Bleached",5 lb,80,6.99
168895,"Wheat Flour, White, All-Purpose, Self-Rising, Enriched",5 lb,80,6.99
168896,"Wheat Flour, White, Bread, Enriched",5 lb,80,6.99
168897,"Wild Rice, Cooked",,6.2,2.99
168898,"Rice Flour, Brown",,16,7.79
168899,"Pasta, Gluten-Free, Corn, Dry",,12,2.99
168900,"Pasta, Gluten-Free, Corn, Cooked",,12,2.99
168901,"Pasta, Homemade, Made with Egg, Cooked",,16,2.99
168902,"Pasta, Homemade, Made Without Egg, Cooked",,16,2.99
168903,"Macaroni, Vegetable, Enriched, Dry",,3.75,4.29
168904,"Macaroni, Vegetable, Enriched, Cooked",,3.75,4.29
168905,"Noodles, Chinese, Chow Mein",,8.5,3.39
168906,"Noodles, Japanese, Soba, Dry",5 ct,3.5,5.49
168907,"Noodles, Japanese, Soba, Cooked",5 ct,3.5,5.49
168908,"Noodles, Japanese, Somen, Dry",5 pk,,5.49
168909,"Noodles, Japanese, Somen, Cooked",5 pk,,5.49
168910,"Pasta, Whole-Wheat, Cooked (Includes Foods for Usda'S Food Distribution Program)",,16,1.69
168911,"Spaghetti, Spinach, Dry",,8.5,5.99
168912,"Spaghetti, Spinach, Cooked",,8.5,5.99
168913,"Wheat Flours, Bread, Unenriched",8 ct,12,5.79
168914,"Rice Noodles, Cooked",,7.41,2.99
168915,"Pasta, Whole Grain, 51% Whole Wheat, Remaining Unenriched Semolina, Dry",,16,1.25
168916,"Pasta, Whole Grain, 51% Whole Wheat, Remaining Unenriched Semolina, Cooked",,16,1.25
168917,"Quinoa, Cooked",,13.9,8.99
168918,"Teff, Cooked",,12,7.99
168919,"Noodles, Egg, Cooked, Enriched, with Added Salt",,16,2.79
168920,"Corn Grain, White",,15.25,0.99
168921,"Corn Flour, Whole-Grain, Blue (Harina De Maiz Morado)",,,
168922,"Cornmeal, Degermed, Enriched, White",5 lb,80,3.29
168923,"Cornmeal, White, Self-Rising, Bolted, Plain, Enriched",,35.27,3.69
168924,"Cornmeal, White, Self-Rising, Bolted, with Wheat Flour Added, Enriched",,35.27,3.29
168925,"Cornmeal, White, Self-Rising, Degermed, Enriched",,35.27,3.69
168926,"Noodles, Egg, Unenriched, Cooked, Without Added Salt",,16,2.79
168927,"Pasta, Dry, Unenriched",1 lb,16,3.29
168928,"Pasta, Cooked, Unenriched, Without Added Salt",,7,2.29
168929,"Cornmeal, Degermed, Unenriched, Yellow",5 lb,80,3.29
168930,"Rice, White, Medium-Grain, Cooked, Unenriched",2 pk,4.4,2.19
168931,"Rice, White, Short-Grain, Raw, Unenriched",2 pk,4.4,2.19
168932,"Rice, White, Short-Grain, Cooked, Unenriched",2 pk,4.4,2.19
168933,"Semolina, Unenriched",,,
168934,"Spaghetti, Protein-Fortified, Cooked, Enriched (N X 6.25)",,,
168935,"Rice, White, Long-Grain, Regular, Cooked, Unenriched, with Salt",2 pk,4.4,2.19
168936,"Wheat Flour, White, All-Purpose, Enriched, Unbleached",5 lb,80,6.99
168937,"Spaghetti, Protein-Fortified, Dry, Enriched (N X 6.25)",,14.5,2.99
168938,"Wheat Flour, White (Industrial), 10% Protein, Unbleached, Enriched",5 lb,80,6.99
168939,"Wheat Flour, White (Industrial), 11.5% Protein, Bleached, Enriched",5 lb,80,6.99
168940,"Wheat Flour, White (Industrial), 11.5% Protein, Bleached, Unenriched",5 lb,80,6.99
168941,"Wheat Flour, White (Industrial), 11.5% Protein, Unbleached, Enriched",5 lb,80,6.99
168942,"Wheat Flour, White (Industrial), 13% Protein, Bleached, Enriched",5 lb,80,6.99
168943,"Sorghum Flour, Whole-Grain",,,
168944,"Wheat Flour, Whole-Grain, Soft Wheat",5 lb,80,6.49
168945,"Potatoes, Yellow Fleshed, Hash Brown, Shredded, Salt Added in Processing, Frozen, Unprepared",1 lb,16,2.39
168946,"Potatoes, French Fried, Wedge Cut, Frozen, Unprepared",,32,4.49
168947,"Potatoes, French Fried, Steak Cut, Salt Not Added in Processing, Frozen, Unprepared",,28,3.69
168948,"Potatoes, French Fried, Cross Cut, Frozen, Unprepared",,32,4.49
168949,"Rice and Vermicelli Mix, Beef Flavor, Unprepared",,6.9,1.67
168950,"Rice and Vermicelli Mix, Beef Flavor, Prepared with 80% Margarine",,6.9,1.67
168951,"Rice and Vermicelli Mix, Rice Pilaf Flavor, Unprepared",,,
168952,"Rice and Vermicelli Mix, Rice Pilaf Flavor, Prepared with 80% Margarine",,1.97,1.99
168953,"Pasta Mix, Classic Cheeseburger Macaroni, Unprepared",,6.6,1.99
168954,"Pasta Mix, Classic Beef, Unprepared",,1.5,2.49
168955,"Pasta Mix, Italian Lasagna, Unprepared",,16,3.49
168956,"Yellow Rice with Seasoning, Dry Packet Mix, Unprepared",4 ct,1.25,2.99
168957,"Pizza Rolls, Frozen, Unprepared",50 ct,0.5,5.99
168958,"Pasta Mix, Italian Four Cheese Lasagna, Unprepared",,,
168959,"Spanish Rice Mix, Dry Mix, Unprepared",,,
168960,"Lasagna, Cheese, Frozen, Unprepared",2 lb 6 oz,,9.99
168961,"Chicken, Thighs, Frozen, Breaded, Reheated",1 lb,16,4.99
168962,"Turnover, Meat- and Cheese-Filled, Tomato-Based Sauce, Reduced Fat, Frozen",,,
168963,"Turnover, Filled with Egg, Meat and Cheese, Frozen",4 ct,11,6.00
168964,"Rice Mix, White and Wild, Flavored, Unprepared",,,
168965,"Salisbury Steak with Gravy, Frozen",,27,4.49
168966,"Infant Formula, Mead Johnson, Enfamil, Newborn, with Ara and Dha, Powder",,,
168967,"Infant Formula, Mead Johnson, Enfamil, Premium Lipil, Infant, Powder",,,
168968,"Infant Formula, Mead Johnson, Enfamil, Premium Lipil, Infant, Liquid Concentrate, Not Reconstituted",,,
168969,"Infant Formula, Mead Johnson, Enfamil, Premium, Infant, Liquid Concentrate, Not Reconstituted",,,
168970,"Infant Formula, Mead Johnson, Enfamil, Enfagrow, Gentlease, Toddler Transitions, with Ara and Dha, Powder",,,
168971,"Infant Formula, Abbott Nutrition, Similac, Go and Grow, Powder, with Ara and Dha",,33.2,36.99
168972,"Infant Formula, Gerber, Good Start 2 Soy, with Iron, Powder",,12.5,22.49
168973,"Infant Formula, Mead Johnson, Enfamil, Nutramigen, Puramino, Powder, Not Reconstituted",,,
168974,"Infant Formula, Mead Johnson, Enfamil, Premature, 20 Calories Ready-To-Feed Low Iron",,,
168975,"Babyfood, Rice Cereal, Dry, Earths Best Organic Whole Grain, Fortified Only with Iron",,8,3.99
168976,"Agutuk, Fish/Berry with Seal Oil (Alaskan Ice Cream) (Alaska Native)",,,
168977,"Agutuk, Meat-Caribou (Alaskan Ice Cream) (Alaska Native)",,,
168978,Ascidians (Tunughnak) (Alaska Native),,,
168979,"Whale, Beluga, Flipper, Raw (Alaska Native)",1.5 l,,18.99
168980,"Whale, Beluga, Liver, Raw (Alaska Native)",1.5 l,,18.99
168981,"Oil, Beluga, Whale (Alaska Native)",,,
168982,"Blackberries, Wild, Raw (Alaska Native)",,,
168983,"Caribou, Liver, Raw (Alaska Native)",32 ct,,24.99
168984,"Stew/Soup, Caribou (Alaska Native)",,,
168985,"Caribou, Tongue, Raw (Alaska Native)",32 ct,,24.99
168986,"Chiton, Leathery, Gumboots (Alaska Native)",,,
168987,"Fish, Devilfish, Meat (Alaska Native)",1 ct,,10.99
168988,"Fireweed, Young Leaves, Raw (Alaska Native)",,,
168989,"Fish, Herring Eggs on Giant Kelp, Pacific (Alaska Native)",2 ct,8,9.99
168990,"Fish, Herring Eggs, Pacific, Dry (Alaska Native)",,10,5.99
168991,"Stew, Moose (Alaska Native)",,,
168992,"Agave, Cooked (Southwest)",,18.5,6.49
168993,"Agave, Dried (Southwest)",,18.5,6.49
168994,"Cattail, Narrow Leaf Shoots (Northern Plains Indians)",,,
168995,"Lambsquarters, Raw (Northern Plains Indians)",,,
168996,"Prairie Turnips, Boiled (Northern Plains Indians)",,,
168997,"Raspberries, Wild (Northern Plains Indians)",,,
168998,"Rose Hips, Wild (Northern Plains Indians)",,,
168999,"Chokecherries, Raw, Pitted (Northern Plains Indians)",,,
169000,"Sea Lion, Steller, Liver (Alaska Native)",,,
169001,"Sea Lion, Steller, Kidney (Alaska Native)",,,
169002,"Sea Lion, Steller, Heart (Alaska Native)",,,
169003,"Sea Lion, Steller, Meat (Alaska Native)",,,
169004,"Piki Bread, Made From Blue Cornmeal (Hopi)",,,
169005,"Wocas, Tuber, Cooked, Oregon, Yellow Pond Lily (Klamath)",2 x 2 in,,1.49
169006,"Stew, Pinto Bean and Hominy, Badufsuki (Hopi)",,,
169007,"Tamales, Masa and Pork Filling (Hopi)",,,
169008,"Applebee'S, Double Crunch Shrimp",,9,7.99
169009,"Applebee'S, French Fries",,,
169010,"Applebee'S, Kraft, Macaroni & Cheese, From Kid'S Menu",,,
169011,"Applebee'S, Mozzarella Sticks",,8,2.99
169012,"Applebee'S, Chicken Tenders, From Kids' Menu",,16,13.49
169013,"T.G.I. Friday'S, Chicken Fingers, From Kids' Menu",,13.5,8.49
169014,"T.G.I. Friday'S, Classic Sirloin Steak (10 Oz)",,,
169015,"Restaurant, Family Style, Fried Mozzarella Sticks",,18,2.69
169016,"Restaurant, Family Style, Sirloin Steak",,18,2.69
169017,"Applebee'S, Fish, Hand Battered",$0.10 removed at pickup,,0.10
169018,"Applebee'S, Chili",,,
169019,"T.G.I. Friday'S, Chicken Fingers",,13.5,8.49
169020,"Applebee'S, Coleslaw",,14,2.49
169021,"Cracker Barrel, Onion Rings, Thick-Cut",,5.25,5.19
169022,"Denny'S, Chicken Strips",,48,13.99
169023,"Denny'S, Coleslaw",,14,2.49
169024,"Denny'S, Fish Fillet, Battered or Breaded, Fried",,18,5.99
169025,"Denny'S, Hash Browns",,30,3.99
169026,"Restaurant, Family Style, Coleslaw",,18,2.69
169027,"Restaurant, Family Style, Onion Rings",,18,2.69
169028,"Restaurant, Family Style, Chili with Meat and Beans",,18,2.69
169029,"Restaurant, Family Style, Spaghetti and Meatballs",,18,2.69
169030,"Carrabba'S Italian Grill, Lasagne",,,
169031,"On the Border, Mexican Rice",,,
169032,"On the Border, Refried Beans",,31,1.99
169033,"Restaurant, Italian, Spaghetti with Pomodoro Sauce (No Meat)",,16,2.69
169034,"On the Border, Cheese Quesadilla",,10,3.49
169035,"Restaurant, Mexican, Cheese Quesadilla",,16,6.49
169036,"Carrabba'S Italian Grill, Cheese Ravioli with Marinara Sauce",,,
169037,"Olive Garden, Cheese Ravioli with Marinara Sauce",,24,3.49
169038,"Restaurant, Italian, Cheese Ravioli with Marinara Sauce",,16,2.69
169039,"Cereals Ready-To-Eat, Frosted Oat Cereal with Marshmallows",,14.9,5.99
169040,"Cereals Ready-To-Eat, Weetabix Whole Grain Cereal",,,
169041,"Cereals Ready-To-Eat, Post, Great Grains, Raisin, Date & Pecan",,12.25,3.99
169042,"Babyfood, Juice, Apple-Sweet Potato",,4,3.99
169043,"Babyfood, Juice, Orange-Carrot",,4,3.99
169044,"Beverages, Orange Juice Drink",,64,2.59
169045,"Gums, Seed Gums (Includes Locust Bean, Guar)",,,
169046,"Snacks, Potato Chips, White, Restructured, Baked",,5.5,2.49
169047,"Babyfood, Baked Product, Finger Snacks Cereal Fortified",,,
169048,"Babyfood, Cereal, Brown Rice, Dry, Instant",,8,4.99
169049,"Babyfood, Green Beans and Turkey, Strained",2 packs,4,1.89
169050,"Cheese, Muenster, Low Fat",,16,3.99
169051,"Cheese, Mozzarella, Nonfat",,8,2.49
169052,"Margarine-Like, Butter-Margarine Blend, 80% Fat, Stick, Without Salt",,12,3.19
169053,"Margarine-Like, Vegetable Oil-Butter Spread, Reduced Calorie, Tub, with Salt",,45,10.49
169054,"Babyfood, Dinner, Chicken and Rice",,0.75,4.59
169055,"Salad Dressing, Caesar Dressing, Regular",,16,3.69
169056,"Salad Dressing, Coleslaw",,18,5.29
169057,"Salad Dressing, Green Goddess, Regular",,11.8,3.69
169058,"Jams and Preserves, No Sugar (With Sodium Saccharin), Any Flavor",,13,2.89
169059,"Candies, Chocolate Covered, Caramel with Nuts",,3.1,1.50
169060,"Candies, Nougat, with Almonds",,3.5,3.29
169061,"Candies, Gum Drops, No Sugar or Low Calorie (Sorbitol)",,7.5,1.50
169062,"Pie Fillings, Cherry, Low Calorie",,21,4.49
169063,"Breakfast Bars, Oats, Sugar, Raisins, Coconut (Include Granola Bar)",5 ct,,4.99
169064,"Pretzels, Soft",,16,5.99
169065,"Beans, Chili, Barbecue, Ranch Style, Cooked",,16,1.99
169066,"Luncheon Slices, Meatless",,9,4.99
169067,"Meatballs, Meatless",,14,9.49
169068,Vegetarian Fillets,,10.1,5.99
169069,"Sandwich Spread, Meatless",4 ct,2,4.79
169070,"Alcoholic Beverage, Wine, Cooking",,16.9,3.99
169071,"Alcoholic Beverage, Wine, Light",,16.9,3.99
169072,"Sweeteners, Tabletop, Saccharin (Sodium Saccharin)",,,
169073,"Beverage, Instant Breakfast Powder, Chocolate, Not Reconstituted",10 pk,1.26,6.29
169074,"Tomato Sauce, Canned, No Salt Added",,15,1.59
169075,"Cereals Ready-To-Eat, Alpen",,12.2,3.29
169076,"Cereals Ready-To-Eat, Familia",11 ounces,,3.99
169077,"Cereals Ready-To-Eat, Wheat and Bran, Presweetened with Nuts and Fruits",16.6 ounces,,3.99
169078,"Cheese, Cottage, with Vegetables",,24,3.29
169079,"Cheese, Cream, Low Fat",2 ct,,5.79
169080,"Cheese, Pasteurized Process, American, Low Fat",,5,4.19
169081,"Cheese Spread, Cream Cheese Base",,8,6.99
169082,"Pork, Oriental Style, Dehydrated",1 lb,16,3.99
169083,"Soybean, Curd Cheese",,16,2.49
169084,"Potatoes, Canned, Drained Solids, No Salt Added",,15,0.99
169085,"Vegetables, Mixed (Corn, Lima Beans, Peas, Green Beans, Carrots) Canned, No Salt Added",,10.8,2.29
169086,"Litchis, Raw",,,
169087,"Litchis, Dried",,,
169088,"Loganberries, Frozen",,,
169089,"Longans, Raw",,,
169090,"Mangosteen, Canned, Syrup Pack",80 ct,,6.99
169091,"Mango, Dried, Sweetened",,16,13.99
169092,"Melons, Cantaloupe, Raw",1 ct,,3.50
169093,"Melons, Casaba, Raw",1 ct,,3.50
169094,"Olives, Ripe, Canned (Small-Extra Large)",,5.75,1.99
169095,"Olives, Ripe, Canned (Jumbo-Super Colossal)",,5.75,1.99
169096,"Olives, Pickled, Canned or Bottled, Green",,24,3.39
169097,"Oranges, Raw, All Commercial Varieties",,32,8.79
169098,"Orange Juice, Raw (Includes Foods for Usda'S Food Distribution Program)",,,
169099,"Orange Juice, Canned, Unsweetened",,35,8.49
169100,"Orange Juice, Chilled, Includes From Concentrate",,59,4.99
169101,"Orange Juice, Chilled, Includes From Concentrate, with Added Calcium and Vitamin D",,59,4.99
169102,"Orange Juice, Frozen Concentrate, Unsweetened, Diluted with 3 Volume Water",,12,3.29
169103,"Orange Peel, Raw",,13.5,3.49
169104,"Orange-Grapefruit Juice, Canned or Bottled, Unsweetened",,46,4.99
169105,"Tangerines, (Mandarin Oranges), Raw",1 jar,23.5,5.49
169106,"Tangerines, (Mandarin Oranges), Canned, Juice Pack",1 jar,23.5,5.49
169107,"Papaya Nectar, Canned",,,
169108,"Passion-Fruit, (Granadilla), Purple, Raw",,,
169109,"Passion-Fruit Juice, Purple, Raw",,64,3.79
169110,"Passion-Fruit Juice, Yellow, Raw",4 ct,4,3.49
169111,"Peaches, Canned, Light Syrup Pack, Solids and Liquids",,15.25,2.69
169112,"Peaches, Canned, Heavy Syrup Pack, Solids and Liquids",,15.25,2.69
169113,"Peaches, Canned, Extra Heavy Syrup Pack, Solids and Liquids",,15.25,2.69
169114,"Peaches, Spiced, Canned, Heavy Syrup Pack, Solids and Liquids",,9.5,5.49
169115,"Peaches, Dried, Sulfured, Stewed, with Added Sugar",,3.5,12.99
169116,"Peaches, Frozen, Sliced, Sweetened",,16,3.99
169117,"Peach Nectar, Canned, with Sucralose, Without Added Ascorbic Acid",,11.3,0.79
169118,"Pears, Raw",1 lb,16,2.99
169119,"Pears, Canned, Water Pack, Solids and Liquids",,14.5,1.79
169120,"Pears, Canned, Extra Heavy Syrup Pack, Solids and Liquids",,14.5,1.79
169121,"Pears, Dried, Sulfured, Uncooked",,12,2.69
169122,"Pears, Dried, Sulfured, Stewed, Without Added Sugar",,12,2.69
169123,"Pears, Dried, Sulfured, Stewed, with Added Sugar",,12,2.69
169124,"Pineapple, Raw, All Varieties",,16,7.99
169125,"Pineapple, Canned, Water Pack, Solids and Liquids",,20,2.29
169126,"Pineapple, Canned, Juice Pack, Solids and Liquids",,20,2.29
169127,"Pineapple, Canned, Light Syrup Pack, Solids and Liquids",,20,2.29
169128,"Pineapple Juice, Frozen Concentrate, Unsweetened, Diluted with 3 Volume Water",,,
169129,"Pitanga, (Surinam-Cherry), Raw",,,
169130,"Plantains, Yellow, Raw",8-inch pot,,7.99
169131,"Plantains, Yellow, Baked",8-inch pot,,7.99
169132,"Plums, Canned, Purple, Heavy Syrup Pack, Solids and Liquids",,28,3.49
169133,"Plums, Canned, Purple, Extra Heavy Syrup Pack, Solids and Liquids",,28,3.49
169134,"Pomegranates, Raw",,,
169135,"Lima Beans, Immature Seeds, Cooked, Boiled, Drained, Without Salt",,16,2.19
169136,"Lima Beans, Immature Seeds, Canned, Regular Pack, Solids and Liquids",,,
169137,"Mung Beans, Mature Seeds, Sprouted, Cooked, Boiled, Drained, Without Salt",,,
169138,"Mung Beans, Mature Seeds, Sprouted, Cooked, Stir-Fried",,,
169139,"Beans, Navy, Mature Seeds, Sprouted, Raw",,16,1.59
169140,"Beans, Navy, Mature Seeds, Sprouted, Cooked, Boiled, Drained, Without Salt",,16,1.59
169141,"Beans, Snap, Green, Cooked, Boiled, Drained, Without Salt",,8,4.29
169142,"Beans, Snap, Green, Canned, Regular Pack, Solids and Liquids",,8,4.29
169143,"Beans, Snap, Green, Canned, Regular Pack, Drained Solids",,8,4.29
169144,"Beans, Snap, Canned, All Styles, Seasoned, Solids and Liquids",,8,4.29
169145,"Beets, Raw",,,
169146,"Beets, Cooked, Boiled, Drained",1.5 l,,16.99
169147,"Beets, Canned, Regular Pack, Solids and Liquids",,15,0.99
169148,"Pork, Cured, Ham -- Water Added, Whole, Boneless, Separable Lean Only, Heated, Roasted",,12,5.49
169149,"Pork, Cured, Ham -- Water Added, Whole, Boneless, Separable Lean Only, Unheated",,12,5.49
169150,"Pork, Cured, Ham and Water Product, Shank, Bone-In, Separable Lean Only, Heated, Roasted",,12,5.49
169151,"Pork, Cured, Ham -- Water Added, Slice, Bone-In, Separable Lean Only, Unheated",,12,5.49
169152,"Pork, Cured, Ham and Water Product, Rump, Bone-In, Separable Lean Only, Unheated",,12,5.49
169153,"Pork, Cured, Ham and Water Product, Slice, Bone-In, Separable Lean Only, Unheated",,12,5.49
169154,"Pork, Cured, Ham and Water Product, Shank, Bone-In, Unheated, Separable Lean Only",,12,5.49
169155,"Pork, Cured, Ham, Separable Fat, Boneless, Heated",,12,5.49
169156,"Pork, Cured, Ham, Separable Fat, Boneless, Unheated",,12,5.49
169157,"Pork, Pickled Pork Hocks",1 package,,3.99
169158,"Pork, Cured, Ham, Slice, Bone-In, Separable Lean Only, Heated, Pan-Broil",,12,5.49
169159,"Pork, Cured, Ham with Natural Juices, Whole, Boneless, Separable Lean and Fat, Unheated",,12,5.49
169160,"Pork, Cured, Ham and Water Product, Whole, Boneless, Separable Lean and Fat, Unheated",,12,5.49
169161,"Pork, Cured, Ham and Water Product, Slice, Bone-In, Separable Lean and Fat, Unheated",,12,5.49
169162,"Pork, Cured, Ham and Water Product, Shank, Bone-In, Separable Lean and Fat, Unheated",,12,5.49
169163,"Pork, Cured, Ham and Water Product, Rump, Bone-In, Separable Lean and Fat, Unheated",,12,5.49
169164,"Pork, Cured, Ham -- Water Added, Rump, Bone-In, Separable Lean and Fat, Heated, Roasted",,12,5.49
169165,"Pork, Cured, Ham -- Water Added, Shank, Bone-In, Separable Lean and Fat, Heated, Roasted",,12,5.49
169166,"Pork, Cured, Ham -- Water Added, Slice, Bone-In, Separable Lean and Fat, Heated, Pan-Broil",,12,5.49
169167,"Pork, Cured, Ham -- Water Added, Slice, Boneless, Separable Lean and Fat, Heated, Pan-Broil",,12,5.49
169168,"Pork, Cured, Ham and Water Product, Slice, Boneless, Separable Lean and Fat, Heated, Pan-Broil",,12,5.49
169169,"Pork, Cured, Ham and Water Product, Whole, Boneless, Separable Lean and Fat, Heated, Roasted",,12,5.49
169170,"Pork, Cured, Ham with Natural Juices, Rump, Bone-In, Separable Lean and Fat, Heated, Roasted",,12,5.49
169171,"Pork, Cured, Ham with Natural Juices, Shank, Bone-In, Separable Lean and Fat, Heated, Roasted",,12,5.49
169172,"Pork, Cured, Ham with Natural Juices, Slice, Bone-In, Separable Lean and Fat, Heated, Pan-Broil",,12,5.49
169173,"Pork, Cured, Ham, Rump, Bone-In, Separable Lean Only, Heated, Roasted",,12,5.49
169174,"Pork, Cured, Ham, Rump, Bone-In, Separable Lean Only, Unheated",,12,5.49
169175,"Pork, Cured, Ham, Shank, Bone-In, Separable Lean Only, Heated, Roasted",,12,5.49
169176,"Pork, Cured, Ham, Shank, Bone-In, Separable Lean Only, Unheated",,12,5.49
169177,"Pork, Cured, Ham, Slice, Bone-In, Separable Lean and Fat, Unheated",,12,5.49
169178,"Pork, Fresh, Spareribs, Separable Lean and Fat, Cooked, Roasted",1 package,,3.99
169179,"Pork, Fresh, Composite of Separable Fat, with Added Solution, Raw",1 package,,3.99
169180,"Pork, Fresh, Loin, Tenderloin, Separable Lean Only, with Added Solution, Cooked, Roasted",1 package,,3.99
169181,"Pork, Fresh, Loin, Top Loin (Chops), Boneless, Separable Lean Only, with Added Solution, Raw",1 package,,3.99
169182,"Pork, Fresh, Loin, Top Loin (Chops), Boneless, Separable Lean and Fat, with Added Solution, Raw",1 package,,3.99
169183,"Pork, Fresh, Loin, Top Loin (Chops), Boneless, Separable Lean and Fat, with Added Solution, Cooked, Broiled",1 package,,3.99
169184,"Pork, Fresh, Loin, Tenderloin, Separable Lean and Fat, with Added Solution, Raw",1 package,,3.99
169185,"Pork, Fresh, Loin, Tenderloin, Separable Lean and Fat, with Added Solution, Cooked, Roasted",1 package,,3.99
169186,"Pork, Leg Cap Steak, Boneless, Separable Lean and Fat, Raw",1 lb,16,2.99
169187,"Pork, Shoulder Breast, Boneless, Separable Lean and Fat, Raw",1 lb,16,2.99
169188,"Pork, Shoulder Breast, Boneless, Separable Lean and Fat, Cooked, Broiled",,,
169189,"Pork, Shoulder, Petite Tender, Boneless, Separable Lean and Fat, Cooked, Broiled",1 lb,16,12.99
169190,"Pork, Ground, 96% Lean / 4% Fat, Raw",1 lb,16,3.99
169191,"Pork, Ground, 72% Lean / 28% Fat, Cooked, Crumbles",1 lb,16,3.99
169192,"Pork, Ground, 84% Lean / 16% Fat, Cooked, Crumbles",1 lb,16,3.99
169193,"Pork, Ground, 96% Lean / 4% Fat, Cooked, Crumbles",1 lb,16,3.99
169194,"Pork, Fresh, Loin, Blade (Chops or Roasts), Boneless, Separable Lean Only, Raw",1 package,,3.99
169195,"Pork, Fresh, Loin, Blade (Roasts), Boneless, Separable Lean Only, Cooked, Roasted",1 package,,3.99
169196,"Pork, Fresh, Loin, Blade (Chops), Boneless, Separable Lean Only, Boneless, Cooked, Broiled",1 package,,3.99
169197,"Pork, Fresh, Loin, Country-Style Ribs, Separable Lean Only, Boneless, Cooked, Broiled",1 package,,3.99
169198,"Pork, Fresh, Loin, Blade (Roasts), Boneless, Separable Lean and Fat, Cooked, Roasted",1 package,,3.99
169199,"Pork, Fresh, Loin, Country-Style Ribs, Separable Lean and Fat, Boneless, Cooked, Broiled",1 package,,3.99
169200,"Pork, Fresh, Loin, Country-Style Ribs, Separable Lean and Fat, Bone-In, Cooked, Broiled",1 package,,3.99
169201,"Pork, Fresh, Loin, Country-Style Ribs, Separable Lean and Fat, Boneless, Cooked, Roasted",1 package,,3.99
169202,"Amaranth Leaves, Cooked, Boiled, Drained, Without Salt",,,
169203,"Arrowhead, Raw",,22,6.49
169204,"Arrowhead, Cooked, Boiled, Drained, Without Salt",,,
169205,"Artichokes, (Globe or French), Raw",,,
169206,"Asparagus, Canned, Regular Pack, Solids and Liquids",,14.5,1.99
169207,"Asparagus, Canned, Drained Solids",,14.5,1.99
169208,"Asparagus, Frozen, Unprepared",,8,4.49
169209,"Asparagus, Frozen, Cooked, Boiled, Drained, Without Salt",,8,4.49
169210,"Bamboo Shoots, Raw",,8,1.69
169211,"Bamboo Shoots, Cooked, Boiled, Drained, Without Salt",,8,1.69
169212,"Bamboo Shoots, Canned, Drained Solids",,8,1.69
169213,"Beans, Kidney, Mature Seeds, Sprouted, Raw",,15.5,1.00
169214,"Corn, Sweet, Yellow, Canned, Whole Kernel, Drained Solids",,10,1.59
169215,"Corn, Sweet, Yellow, Canned, Cream Style, Regular Pack",,15.25,0.89
169216,"Corn, Sweet, Yellow, Canned, Vacuum Pack, Regular Pack",,10,1.59
169217,"Corn, Yellow, Whole Kernel, Frozen, Microwaved",30 ct,,2.49
169218,"Corn with Red and Green Peppers, Canned, Solids and Liquids",,15.25,2.49
169219,"Cornsalad, Raw",,14.5,7.49
169220,"Cowpeas (Blackeyes), Immature Seeds, Raw",,,
169221,"Cowpeas, Young Pods with Seeds, Cooked, Boiled, Drained, Without Salt",,,
169222,"Yardlong Bean, Raw",,,
169223,"Yardlong Bean, Cooked, Boiled, Drained, Without Salt",,,
169224,"Cowpeas, Leafy Tips, Raw",,,
169225,"Cucumber, Peeled, Raw",1 ct,,1.99
169226,"Dandelion Greens, Raw",,16,2.49
169227,"Dandelion Greens, Cooked, Boiled, Drained, Without Salt",,16,2.49
169228,"Eggplant, Raw",,,
169229,"Eggplant, Cooked, Boiled, Drained, Without Salt",,,
169230,"Garlic, Raw",1 each,,0.99
169231,"Ginger Root, Raw",1 lb,16,2.49
169232,"Gourd, White-Flowered (Calabash), Raw",,,
169233,"Gourd, White-Flowered (Calabash), Cooked, Boiled, Drained, Without Salt",,,
169234,"Hyacinth-Beans, Immature Seeds, Raw",,,
169235,"Hyacinth-Beans, Immature Seeds, Cooked, Boiled, Drained, Without Salt",,,
169236,"Jerusalem-Artichokes, Raw",,14.4,2.89
169237,"Jew'S Ear, (Pepeao), Raw",,,
169238,"Kale, Cooked, Boiled, Drained, Without Salt",,16,12.99
169239,"Kale, Frozen, Unprepared",,8.5,5.99
169240,"Kale, Frozen, Cooked, Boiled, Drained, Without Salt",,8.5,5.99
169241,"Kanpyo, (Dried Gourd Strips)",,,
169242,"Mushrooms, Shiitake, Raw",,5,5.99
169243,"Mushrooms, Portabella, Grilled",,6,5.00
169244,"Lambsquarters, Raw",2.5 lb,40,9.99
169245,"Lambsquarters, Cooked, Boiled, Drained, Without Salt",,,
169246,"Leeks, (Bulb and Lower Leaf-Portion), Raw",,,
169247,"Lettuce, Cos or Romaine, Raw",,,
169248,"Lettuce, Iceberg (Includes Crisphead Types), Raw",1 ct,,1.99
169249,"Lettuce, Green Leaf, Raw",1 ct,,3.29
169250,"Lotus Root, Raw",,,
169251,"Mushrooms, White, Raw",,24,5.00
169252,"Mushrooms, White, Cooked, Boiled, Drained, Without Salt",,24,5.00
169253,"Mushrooms, White, Stir-Fried",,24,5.00
169254,"Mushrooms, Canned, Drained Solids",,8,2.59
169255,"Mushrooms, Portabella, Raw",,6,5.00
169256,"Mustard Greens, Raw",1 ct,,1.49
169257,"Mustard Greens, Cooked, Boiled, Drained, Without Salt",,27,2.99
169258,"Mustard Greens, Frozen, Unprepared",1 ct,,1.49
169259,"Mustard Greens, Frozen, Cooked, Boiled, Drained, Without Salt",1 ct,,1.49
169260,"Okra, Raw",,1.5,3.79
169261,"Okra, Cooked, Boiled, Drained, Without Salt",,12,1.79
169262,"Okra, Frozen, Unprepared",,14,4.99
169263,"Okra, Frozen, Cooked, Boiled, Drained, Without Salt",,14,4.99
169264,"Potatoes, French Fried, All Types, Salt Added in Processing, Frozen, Home-Prepared, Oven Heated",,32,4.49
169265,"Potatoes, French Fried, Cottage-Cut, Salt Not Added in Processing, Frozen, As Purchased",,32,4.49
169266,"Potatoes, French Fried, Cottage-Cut, Salt Not Added in Processing, Frozen, Oven-Heated",,28,3.69
169267,"Potatoes, Frozen, French Fried, Par Fried, Extruded, Unprepared",,11,3.69
169268,"Potatoes, Frozen, French Fried, Par Fried, Extruded, Prepared, Heated in Oven, Without Salt",,11,3.69
169269,"Potato Salad, Home-Prepared",,,
169270,"Pumpkin Flowers, Raw",,9,4.49
169271,"Pumpkin Flowers, Cooked, Boiled, Drained, Without Salt",,29,4.49
169272,"Pumpkin Leaves, Raw",,9,4.49
169273,"Pumpkin Pie Mix, Canned",,15,2.79
169274,"Purslane, Raw",,,
169275,"Purslane, Cooked, Boiled, Drained, Without Salt",,,
169276,"Radishes, Raw",1 bunch,,2.29
169277,"Salsify, (Vegetable Oyster), Raw",,,
169278,"Salsify, Cooked, Boiled, Drained, Without Salt",,,
169279,"Sauerkraut, Canned, Solids and Liquids",,14.5,1.39
169280,"Seaweed, Agar, Raw",,,
169281,"Sesbania Flower, Cooked, Steamed, Without Salt",,,
169282,"Soybeans, Green, Raw",,,
169283,"Soybeans, Green, Cooked, Boiled, Drained, Without Salt",,,
169284,"Soybeans, Mature Seeds, Sprouted, Raw",,10,2.49
169285,"Spinach, Canned, Regular Pack, Solids and Liquids",,13.5,1.79
169286,"Spinach, Canned, Regular Pack, Drained Solids",,13.5,1.79
169287,"Spinach, Frozen, Chopped or Leaf, Unprepared (Includes Foods for Usda'S Food Distribution Program)",,12,1.49
169288,"Spinach, Frozen, Chopped or Leaf, Cooked, Boiled, Drained, Without Salt",,12,1.49
169289,"Squash, Summer, Scallop, Raw",1 lb,16,2.29
169290,"Squash, Summer, Scallop, Cooked, Boiled, Drained, Without Salt",1 lb,16,2.29
169291,"Squash, Summer, Zucchini, Includes Skin, Raw",1 lb,16,2.29
169292,"Squash, Summer, Zucchini, Includes Skin, Cooked, Boiled, Drained, Without Salt",1 lb,16,2.29
169293,"Squash, Winter, Acorn, Cooked, Baked, Without Salt",,,
169294,"Squash, Winter, Acorn, Cooked, Boiled, Mashed, Without Salt",1 lb,16,1.49
169295,"Squash, Winter, Butternut, Raw",1 lb,16,1.49
169296,"Squash, Winter, Butternut, Cooked, Baked, Without Salt",,,
169297,"Squash, Winter, Hubbard, Cooked, Boiled, Mashed, Without Salt",1 lb,16,1.49
169298,"Squash, Winter, Spaghetti, Raw",,,
169299,"Squash, Winter, Spaghetti, Cooked, Boiled, Drained, or Baked, Without Salt",1 lb,16,1.49
169300,"Succotash, (Corn and Limas), Raw",,,
169301,"Water Convolvulus,Raw",,,
169302,"Water Convolvulus, Cooked, Boiled, Drained, Without Salt",,,
169303,"Sweet Potato Leaves, Raw",,,
169304,"Sweet Potato Leaves, Cooked, Steamed, Without Salt",1 lb,16,2.19
169305,"Sweet Potato, Canned, Mashed",,16,2.69
169306,"Sweet Potato, Frozen, Unprepared (Includes Foods for Usda'S Food Distribution Program)",,20,5.99
169307,"Sweet Potato, Frozen, Cooked, Baked, Without Salt",,20,5.99
169308,"Taro, Raw",2 ct,,6.49
169309,"Taro Shoots, Cooked, Without Salt",,,
169310,"Taro, Tahitian, Raw",,,
169311,"Artichokes, (Globe or French), Cooked, Boiled, Drained, with Salt",,6,1.99
169312,"Artichokes, (Globe or French), Frozen, Cooked, Boiled, Drained, with Salt",,6,1.99
169313,"Asparagus, Cooked, Boiled, Drained, with Salt",1 lb,16,3.99
169314,"Asparagus, Canned, No Salt Added, Solids and Liquids",,14.5,1.99
169315,"Beans, Kidney, Mature Seeds, Sprouted, Cooked, Boiled, Drained, with Salt",,15.5,1.00
169316,"Lima Beans, Immature Seeds, Cooked, Boiled, Drained, with Salt",,16,2.19
169317,"Lima Beans, Immature Seeds, Canned, No Salt Added, Solids and Liquids",,,
169318,"Lima Beans, Immature Seeds, Frozen, Baby, Cooked, Boiled, Drained, with Salt",,16,2.19
169319,"Beans, Pinto, Mature Seeds, Sprouted, Cooked, Boiled, Drained, with Salt",,16,1.79
169320,"Beans, Snap, Yellow, Raw",,8,4.29
169321,"Beans, Snap, Green, Cooked, Boiled, Drained, with Salt",,8,4.29
169322,"Beans, Snap, Yellow, Cooked, Boiled, Drained, Without Salt",,8,4.29
169323,"Beans, Snap, Yellow, Cooked, Boiled, Drained, with Salt",,8,4.29
169324,"Beans, Snap, Yellow, Frozen, All Styles, Unprepared",,8,4.29
169325,"Beans, Snap, Green, Frozen, Cooked, Boiled, Drained, with Salt",,8,4.29
169326,"Beans, Snap, Yellow, Frozen, Cooked, Boiled, Drained, Without Salt",,8,4.29
169327,"Beans, Snap, Yellow, Frozen, Cooked, Boiled, Drained, with Salt",,8,4.29
169328,"Broadbeans, Immature Seeds, Cooked, Boiled, Drained, with Salt",,,
169329,"Broccoli, Leaves, Raw",10.8 oz (306g),,2.29
169330,"Broccoli, Flower Clusters, Raw",,,
169331,"Broccoli, Stalks, Raw",,6.75,2.49
169332,"Brussels Sprouts, Frozen, Cooked, Boiled, Drained, with Salt",,10.8,2.29
169333,"Burdock Root, Cooked, Boiled, Drained, with Salt",,,
169334,"Butterbur, Cooked, Boiled, Drained, with Salt",,20,1.79
169335,"Cabbage, Common (Danish, Domestic, and Pointed Types), Freshly Harvest, Raw",,,
169336,"Cabbage, Common (Danish, Domestic, and Pointed Types), Stored, Raw",1 lb,16,1.29
169337,"Cabbage, Chinese (Pe-Tsai), Cooked, Boiled, Drained, with Salt",1 lb,16,1.29
169338,"Cardoon, Cooked, Boiled, Drained, with Salt",,,
169339,"Carrots, Cooked, Boiled, Drained, with Salt",2 ct,7,1.89
169340,"Carrots, Canned, No Salt Added, Solids and Liquids",2 ct,7,1.89
169341,"Celeriac, Cooked, Boiled, Drained, with Salt",,,
169342,"Celery, Cooked, Boiled, Drained, with Salt",,,
169343,"Chard, Swiss, Cooked, Boiled, Drained, with Salt",1 ct,,2.49
169344,"Chayote, Fruit, Cooked, Boiled, Drained, with Salt",1 lb,16,1.79
169345,"Corn, Sweet, Yellow, Canned, No Salt Added, Solids and Liquids (Includes Foods for Usda'S Food Distribution Program)",,15.25,0.89
169346,"Corn, Sweet, Yellow, Canned, Cream Style, No Salt Added",,15.25,0.89
169347,"Corn, Sweet, Yellow, Canned, Vacuum Pack, No Salt Added",,10,1.59
169348,"Corn, Sweet, Yellow, Frozen, Kernels, Cut Off Cob, Boiled, Drained, with Salt",,15.25,0.89
169349,"Corn, Sweet, Yellow, Frozen, Kernels on Cob, Cooked, Boiled, Drained, with Salt",,15.25,0.89
169350,"Cress, Garden, Cooked, Boiled, Drained, with Salt",,16,4.49
169351,"Dandelion Greens, Cooked, Boiled, Drained, with Salt",,16,2.49
169352,"Eggplant, Cooked, Boiled, Drained, with Salt",1 each,,1.29
169353,"Gourd, White-Flowered (Calabash), Cooked, Boiled, Drained, with Salt",,,
169354,"Jute, Potherb, Cooked, Boiled, Drained, with Salt",,,
169355,"Kale, Cooked, Boiled, Drained, with Salt",,16,12.99
169356,"Kale, Frozen, Cooked, Boiled, Drained, with Salt",,8.5,5.99
169357,"Kohlrabi, Cooked, Boiled, Drained, with Salt",,,
169358,"Yambean (Jicama), Cooked, Boiled, Drained, with Salt",,,
169359,"Yardlong Bean, Cooked, Boiled, Drained, with Salt",,,
169360,"Corn, Sweet, White, Canned, Whole Kernel, No Salt Added, Solids and Liquids",,10,1.59
169361,"Corn, Sweet, White, Canned, Whole Kernel, Drained Solids",,15.25,0.89
169362,"Corn, Sweet, White, Canned, Cream Style, Regular Pack",,15.25,0.89
169363,"Corn, Sweet, White, Canned, Cream Style, No Salt Added",,15.25,0.89
169364,"Corn, Sweet, White, Frozen, Kernels Cut Off Cob, Boiled, Drained, with Salt",,10,1.59
169365,"Corn, Sweet, White, Frozen, Kernels on Cob, Unprepared",,10,1.59
169366,"Corn, Sweet, White, Frozen, Kernels on Cob, Cooked, Boiled, Drained, Without Salt",,15.25,0.89
169367,"Corn, Sweet, White, Frozen, Kernels on Cob, Cooked, Boiled, Drained, with Salt",,15.25,0.89
169368,"Sesbania Flower, Cooked, Steamed, with Salt",,,
169369,"Soybeans, Mature Seeds, Sprouted, Cooked, Steamed, with Salt",,10,2.49
169370,"Soybeans, Mature Seeds, Sprouted, Cooked, Stir-Fried, with Salt",,10,2.49
169371,"Dock, Cooked, Boiled, Drained, with Salt",,,
169372,"Potatoes, Mashed, Dehydrated, Prepared From Flakes Without Milk, Whole Milk and Margarine Added",,4,1.50
169373,"Peppers, Sweet, Red, Freeze-Dried",,16,4.99
169374,"Beans, Snap, Yellow, Canned, Regular Pack, Drained Solids",,8,4.29
169375,"Beans, Snap, Yellow, Canned, No Salt Added, Drained Solids",,8,4.29
169376,"Mushroom, White, Exposed To Ultraviolet Light, Raw",,24,5.00
169377,"Mushrooms, Portabella, Exposed To Ultraviolet Light, Grilled",,6,5.00
169378,"Pickles, Cucumber, Sweet (Includes Bread and Butter Pickles)",,,
169379,"Pickles, Cucumber, Sour",,,
169380,"Pickles, Cucumber, Sweet, Low Sodium (Includes Bread and Butter Pickles)",,16,3.49
169381,"Catsup, Low Sodium",,19.5,2.49
169382,"Mushrooms, Enoki, Raw",,8,2.99
169383,"Peppers, Sweet, Yellow, Raw",,16,4.99
169384,"Tomatoes, Sun-Dried, Packed in Oil, Drained",,8,5.49
169385,"Fennel, Bulb, Raw",,0.5,2.49
169386,"Pickle Relish, Hamburger",24 oza,,3.79
169387,"Arugula, Raw",,,
169388,"Nopales, Cooked, Without Salt",,15,4.99
169389,"Cauliflower, Green, Raw",,8,1.59
169390,"Cauliflower, Green, Cooked, No Salt Added",,8,1.59
169391,"Cauliflower, Green, Cooked, with Salt",,8,1.59
169392,"Broccoli, Chinese, Cooked",,8,1.59
169393,"Grape Leaves, Canned",,16,1.89
169394,"Pepper, Banana, Raw",12 oza,,2.29
169395,"Peppers, Serrano, Raw",1 lb,16,3.99
169396,"Peppers, Ancho, Dried",,11.5,3.29
169397,"Pickles, Chowchow, with Cauliflower Onion Mustard, Sweet",,16,4.99
169398,"Epazote, Raw",,,
169399,"Fireweed, Leaves, Raw",,,
169400,"Malabar Spinach, Cooked",,12,1.49
169401,"Yautia (Tannier), Raw",,,
169402,"Mushrooms, White, Microwaved",,24,5.00
169403,"Mushrooms, Maitake, Raw",,3.5,4.49
169404,"Broccoli, Chinese, Raw",,8,1.59
169405,"Fiddlehead Ferns, Raw",,,
169406,"Seeds, Sesame Butter, Tahini, From Unroasted Kernels (Non-Chemically Removed Seed Coat)",,3.75,4.99
169407,"Seeds, Watermelon Seed Kernels, Dried",,,
169408,"Nuts, Chestnuts, Japanese, Dried",,10.3,6.49
169409,"Nuts, Coconut Milk, Frozen (Liquid Expressed From Grated Meat and Water)",,9.8,2.69
169410,"Seeds, Sesame Butter, Tahini, From Raw and Stone Ground Kernels",,3.75,4.99
169411,"Nuts, Formulated, Wheat-Based, All Flavors Except Macadamia, Without Salt",48 ct,,15.99
169412,"Seeds, Sesame Seed Kernels, Dried (Decorticated)",,3.75,4.99
169413,"Nuts, Chestnuts, Japanese, Raw",,10.3,6.49
169414,"Seeds, Flaxseed",,8.5,2.99
169415,"Seeds, Pumpkin and Squash Seed Kernels, Roasted, with Salt Added",,14.5,7.49
169416,"Seeds, Sesame Seed Kernels, Toasted, with Salt Added (Decorticated)",,,
169417,"Seeds, Sunflower Seed Kernels From Shell, Dry Roasted, with Salt Added",,5.25,1.99
169418,"Seeds, Sunflower Seed Kernels, Dry Roasted, with Salt Added",,7.25,
169419,"Nuts, Almonds, Oil Roasted, with Salt Added",,32,11.99
169420,"Nuts, Almonds, Oil Roasted, with Salt Added, Smoke Flavor",,32,11.99
169421,"Nuts, Cashew Nuts, Dry Roasted, with Salt Added",,32,15.99
169422,"Nuts, Cashew Nuts, Oil Roasted, with Salt Added",,32,15.99
169423,"Nuts, Mixed Nuts, Oil Roasted, Without Peanuts, with Salt Added",,16,9.49
169424,"Nuts, Pecans, Dry Roasted, with Salt Added",,12,7.99
169425,"Nuts, Pecans, Oil Roasted, with Salt Added",,12,7.99
169426,"Nuts, Pistachio Nuts, Dry Roasted, with Salt Added",,6,5.99
169427,"Nuts, Mixed Nuts, Oil Roasted, with Peanuts, Lightly Salted",,16,9.49
169428,"Nuts, Mixed Nuts, Oil Roasted, Without Peanuts, Lightly Salted",,16,9.49
169429,"Beef, Grass-Fed, Strip Steaks, Lean Only, Raw",,8,9.99
169430,"Beef, Carcass, Separable Lean and Fat, Choice, Raw",,,
169431,"Beef, Carcass, Separable Lean and Fat, Select, Raw",,,
169432,"Beef, Brisket, Flat Half, Separable Lean and Fat, Trimmed To 1/8"" Fat, Select, Cooked, Braised",1 lb,16,6.99
169433,"Beef, Flank, Steak, Separable Lean and Fat, Trimmed To 0"" Fat, Choice, Raw",1 lb,16,13.99
169434,"Beef, Flank, Steak, Separable Lean and Fat, Trimmed To 0"" Fat, Choice, Cooked, Braised",1 lb,16,13.99
169435,"Beef, Flank, Steak, Separable Lean and Fat, Trimmed To 0"" Fat, Choice, Cooked, Broiled",1 lb,16,13.99
169436,"Beef, Rib, Eye, Small End (Ribs 10-12), Separable Lean and Fat, Trimmed To 0"" Fat, Choice, Cooked, Broiled",1 lb,16,8.99
169437,"Beef, Rib, Eye, Small End (Ribs 10-12), Separable Lean Only, Trimmed To 0"" Fat, Choice, Raw",1 lb,16,8.99
169438,"Beef, Rib, Eye, Small End (Ribs 10-12), Separable Lean Only, Trimmed To 0"" Fat, Choice, Cooked, Broiled",1 lb,16,8.99
169439,"Beef, Rib, Shortribs, Separable Lean and Fat, Choice, Raw",1 lb,16,8.99
169440,"Beef, Brisket, Flat Half, Separable Lean and Fat, Trimmed To 0"" Fat, Choice, Cooked, Braised",1 lb,16,6.99
169441,"Beef, Shank Crosscuts, Separable Lean Only, Trimmed To 1/4"" Fat, Choice, Raw",0.8 - 3.8 lbs,,
169442,"Beef, Shank Crosscuts, Separable Lean Only, Trimmed To 1/4"" Fat, Choice, Cooked, Simmered",0.8 - 3.8 lbs,,
169443,"Beef, Short Loin, Porterhouse Steak, Separable Lean Only, Trimmed To 1/8"" Fat, Choice, Raw",,,
169444,"Beef, Chuck, Under Blade Pot Roast, Boneless, Separable Lean Only, Trimmed To 0"" Fat, All Grades, Cooked, Braised",1 lb,16,12.99
169445,"Beef, Chuck, Under Blade Pot Roast or Steak, Boneless, Separable Lean Only, Trimmed To 0"" Fat, All Grades, Raw",1 lb,16,12.99
169446,"Beef, Chuck, Under Blade Pot Roast or Steak, Boneless, Separable Lean Only, Trimmed To 0"" Fat, Choice, Raw",1 lb,16,12.99
169447,"Beef, Ground, Patties, Frozen, Cooked, Broiled",1 lb,16,9.49
169448,"Beef, Variety Meats and By-Products, Heart, Cooked, Simmered",,,
169449,"Beef, Variety Meats and By-Products, Kidneys, Raw",,,
169450,"Beef, Variety Meats and By-Products, Kidneys, Cooked, Simmered",,,
169451,"Beef, Variety Meats and By-Products, Liver, Raw",,,
169452,"Beef, Variety Meats and By-Products, Pancreas, Raw",,,
169453,"Beef, Variety Meats and By-Products, Pancreas, Cooked, Braised",,,
169454,"Beef, Variety Meats and By-Products, Spleen, Raw",,,
169455,"Beef, Loin, Top Loin Steak, Boneless, Lip Off, Separable Lean Only, Trimmed To 0"" Fat, Choice, Cooked, Grilled",,23,9.99
169456,"Beef, Loin, Top Loin Steak, Boneless, Lip Off, Separable Lean Only, Trimmed To 0"" Fat, Select, Cooked, Grilled",,23,9.99
169457,"Beef, Top Sirloin, Steak, Separable Lean and Fat, Trimmed To 0"" Fat, All Grades, Cooked, Broiled",,8,9.99
169458,"Beef, Top Sirloin, Steak, Separable Lean and Fat, Trimmed To 0"" Fat, Choice, Cooked, Broiled",,8,9.99
169459,"Beef, Short Loin, Porterhouse Steak, Separable Lean and Fat, Trimmed To 0"" Fat, All Grades, Cooked, Broiled",,,
169460,"Beef, Short Loin, Porterhouse Steak, Separable Lean and Fat, Trimmed To 0"" Fat, Usda Choice, Cooked, Broiled",1 lb,16,11.99
169461,"Beef, Short Loin, Porterhouse Steak, Separable Lean and Fat, Trimmed To 0"" Fat, Usda Select, Cooked, Broiled",,,
169462,"Beef, Short Loin, Porterhouse Steak, Separable Lean Only, Trimmed To 1/8"" Fat, All Grades, Raw",,,
169463,"Beef, Short Loin, Porterhouse Steak, Separable Lean Only, Trimmed To 0"" Fat, Select, Cooked, Broiled",1 lb,16,11.99
169464,"Beef, Short Loin, T-Bone Steak, Separable Lean and Fat, Trimmed To 0"" Fat, All Grades, Cooked, Broiled",1 lb,16,11.99
169465,"Beef, Short Loin, T-Bone Steak, Separable Lean and Fat, Trimmed To 0"" Fat, Usda Choice, Cooked, Broiled",,,
169466,"Beef, Short Loin, T-Bone Steak, Separable Lean and Fat, Trimmed To 0"" Fat, Usda Select, Cooked, Broiled",,,
169467,"Beef, Short Loin, T-Bone Steak, Bone-In, Separable Lean Only, Trimmed To 1/8"" Fat, Select, Cooked, Grilled",1 lb,16,11.99
169468,"Beef, Short Loin, T-Bone Steak, Separable Lean Only, Trimmed To 0"" Fat, Select, Cooked, Broiled",1 lb,16,11.99
169469,"Beef, Brisket, Flat Half, Separable Lean Only, Trimmed To 0"" Fat, Select, Cooked, Braised",1 lb,16,6.99
169470,"Beef, Round, Tip Round, Roast, Separable Lean and Fat, Trimmed To 0"" Fat, All Grades, Raw",1 lb,16,11.99
169471,"Beef, Round, Top Round Steak, Boneless, Separable Lean Only, Trimmed To 0"" Fat, Choice, Cooked, Grilled",1 lb,16,11.99
169472,"Beef, Round, Top Round Steak, Boneless, Separable Lean Only, Trimmed To 0"" Fat, Select, Cooked, Grilled",1 lb,16,11.99
169473,"Beef, Ground, 70% Lean Meat / 30% Fat, Crumbles, Cooked, Pan-Browned",1 lb,16,9.49
169474,"Beef, Ground, 70% Lean Meat / 30% Fat, Loaf, Cooked, Baked",1 lb,16,9.49
169475,"Beef, Shoulder Top Blade Steak, Boneless, Separable Lean Only, Trimmed To 0"" Fat, Choice, Cooked, Grilled",,,
169476,"Beef, Shoulder Top Blade Steak, Boneless, Separable Lean Only, Trimmed To 0"" Fat, Select, Cooked, Grilled",1 lb,16,12.99
169477,"Beef, Shoulder Top Blade Steak, Boneless, Separable Lean Only, Trimmed To 0"" Fat, All Grades, Raw",,,
169478,"Beef, Shoulder Top Blade Steak, Boneless, Separable Lean Only, Trimmed To 0"" Fat, Choice, Raw",1 lb,16,12.99
169479,"Beef, Shoulder Top Blade Steak, Boneless, Separable Lean and Fat, Trimmed To 0"" Fat, All Grades, Cooked, Grilled",1 lb,16,12.99
169480,"Beef, Shoulder Pot Roast or Steak, Boneless, Separable Lean Only, Trimmed To 0"" Fat, All Grades, Raw",1 lb,16,11.99
169481,"Beef, Shoulder Pot Roast or Steak, Boneless, Separable Lean Only, Trimmed To 0"" Fat, Choice, Raw",1 lb,16,11.99
169482,"Beef, Shoulder Pot Roast or Steak, Boneless, Separable Lean Only, Trimmed To 0"" Fat, Select, Raw",1 lb,16,11.99
169483,"Beef, Composite of Trimmed Retail Cuts, Separable Lean and Fat, Trimmed To 1/8"" Fat, All Grades, Raw",,,
169484,"Beef, Composite of Trimmed Retail Cuts, Separable Lean and Fat, Trimmed To 1/8"" Fat, All Grades, Cooked",,,
169485,"Beef, Composite of Trimmed Retail Cuts, Separable Lean and Fat, Trimmed To 1/8"" Fat, Choice, Raw",,,
169486,"Beef, Composite of Trimmed Retail Cuts, Separable Lean and Fat, Trimmed To 1/8"" Fat, Choice, Cooked",,,
169487,"Beef, Composite of Trimmed Retail Cuts, Separable Lean and Fat, Trimmed To 1/8"" Fat, Select, Raw",,,
169488,"Beef, Brisket, Flat Half, Separable Lean and Fat, Trimmed To 1/8"" Fat, All Grades, Cooked, Braised",1 lb,16,6.99
169489,"Beef, Brisket, Point Half, Separable Lean and Fat, Trimmed To 1/8"" Fat, All Grades, Raw",1 lb,16,6.99
169490,"Beef, Brisket, Point Half, Separable Lean and Fat, Trimmed To 1/8"" Fat, All Grades, Cooked, Braised",1 lb,16,6.99
169491,"Beef, Chuck, Arm Pot Roast, Separable Lean and Fat, Trimmed To 1/8"" Fat, All Grades, Raw",1 lb,16,12.99
169492,"Beef, Chuck, Arm Pot Roast, Separable Lean and Fat, Trimmed To 1/8"" Fat, Select, Cooked, Braised",1 lb,16,12.99
169493,"Beef, Chuck, Blade Roast, Separable Lean and Fat, Trimmed To 1/8"" Fat, All Grades, Raw",1 lb,16,12.99
169494,"Beef, Chuck, Blade Roast, Separable Lean and Fat, Trimmed To 1/8"" Fat, All Grades, Cooked, Braised",1 lb,16,12.99
169495,"Beef, Chuck, Blade Roast, Separable Lean and Fat, Trimmed To 1/8"" Fat, Choice, Raw",1 lb,16,12.99
169496,"Beef, Chuck Eye Roast, Boneless, America'S Beef Roast, Separable Lean Only, Trimmed To 0"" Fat, Choice, Cooked, Roasted",1 lb,16,12.99
169497,"Beef, Chuck Eye Roast, Boneless, America'S Beef Roast, Separable Lean Only, Trimmed To 0"" Fat, Select, Cooked, Roasted",1 lb,16,12.99
169498,"Beef, Rib, Whole (Ribs 6-12), Separable Lean and Fat, Trimmed To 1/8"" Fat, All Grades, Raw",1 lb,16,8.99
169499,"Beef, Rib, Whole (Ribs 6-12), Separable Lean and Fat, Trimmed To 1/8"" Fat, All Grades, Cooked, Broiled",1 lb,16,8.99
169500,"Beef, Rib, Whole (Ribs 6-12), Separable Lean and Fat, Trimmed To 1/8"" Fat, All Grades, Cooked, Roasted",1 lb,16,8.99
169501,"Beef, Rib, Whole (Ribs 6-12), Separable Lean and Fat, Trimmed To 1/8"" Fat, Select, Cooked, Broiled",1 lb,16,8.99
169502,"Beef, Rib, Whole (Ribs 6-12), Separable Lean and Fat, Trimmed To 1/8"" Fat, Select, Cooked, Roasted",1 lb,16,8.99
169503,"Beef, Rib, Whole (Ribs 6-12), Separable Lean and Fat, Trimmed To 1/8"" Fat, Prime, Raw",1 lb,16,8.99
169504,"Beef, Rib, Whole (Ribs 6-12), Separable Lean and Fat, Trimmed To 1/8"" Fat, Prime, Cooked, Broiled",1 lb,16,8.99
169505,"Beef, Rib, Large End (Ribs 6-9), Separable Lean and Fat, Trimmed To 1/8"" Fat, Choice, Raw",1 lb,16,8.99
169506,"Beef, Rib, Large End (Ribs 6-9), Separable Lean and Fat, Trimmed To 1/8"" Fat, Choice, Cooked, Broiled",1 lb,16,8.99
169507,"Beef, Rib, Large End (Ribs 6-9), Separable Lean and Fat, Trimmed To 1/8"" Fat, Choice, Cooked, Roasted",1 lb,16,8.99
169508,"Beef, Rib, Large End (Ribs 6-9), Separable Lean and Fat, Trimmed To 1/8"" Fat, Select, Raw",1 lb,16,8.99
169509,"Beef, Rib, Small End (Ribs 10-12), Separable Lean and Fat, Trimmed To 1/8"" Fat, All Grades, Raw",1 lb,16,8.99
169510,"Beef, Rib, Small End (Ribs 10-12), Separable Lean and Fat, Trimmed To 1/8"" Fat, All Grades, Cooked, Broiled",1 lb,16,8.99
169511,"Beef, Rib, Small End (Ribs 10-12), Separable Lean and Fat, Trimmed To 1/8"" Fat, All Grades, Cooked, Roasted",1 lb,16,8.99
169512,"Beef, Rib, Small End (Ribs 10-12), Separable Lean and Fat, Trimmed To 1/8"" Fat, Choice, Raw",1 lb,16,8.99
169513,"Beef, Rib, Small End (Ribs 10-12), Separable Lean and Fat, Trimmed To 1/8"" Fat, Select, Cooked, Roasted",1 lb,16,8.99
169514,"Beef, Rib, Small End (Ribs 10-12), Separable Lean and Fat, Trimmed To 1/8"" Fat, Prime, Raw",1 lb,16,8.99
169515,"Beef, Rib, Small End (Ribs 10-12), Separable Lean and Fat, Trimmed To 1/8"" Fat, Prime, Cooked, Broiled",1 lb,16,8.99
169516,"Beef, Rib, Small End (Ribs 10-12), Separable Lean and Fat, Trimmed To 1/8"" Fat, Prime, Cooked, Roasted",1 lb,16,8.99
169517,"Beef, Round, Full Cut, Separable Lean and Fat, Trimmed To 1/8"" Fat, Select, Raw",1 lb,16,11.99
169518,"Beef, Round, Full Cut, Separable Lean and Fat, Trimmed To 1/8"" Fat, Select, Cooked, Broiled",1 lb,16,11.99
169519,"Beef, Round, Bottom Round, Steak, Separable Lean and Fat, Trimmed To 1/8"" Fat, All Grades, Raw",1 lb,16,11.99
169520,"Beef, Round, Bottom Round, Steak, Separable Lean and Fat, Trimmed To 1/8"" Fat, All Grades, Cooked, Braised",1 lb,16,11.99
169521,"Beef, Round, Bottom Round, Steak, Separable Lean and Fat, Trimmed To 1/8"" Fat, Select, Cooked, Braised",1 lb,16,11.99
169522,"Beef, Round, Bottom Round, Roast, Separable Lean and Fat, Trimmed To 1/8"" Fat, Select, Cooked, Roasted",1 lb,16,11.99
169523,"Beef, Round, Eye of Round, Roast, Separable Lean and Fat, Trimmed To 1/8"" Fat, All Grades, Raw",1 lb,16,11.99
169524,"Beef, Round, Eye of Round, Roast, Separable Lean and Fat, Trimmed To 1/8"" Fat, All Grades, Cooked, Roasted",1 lb,16,11.99
169525,"Beef, Round, Tip Round, Separable Lean and Fat, Trimmed To 1/8"" Fat, All Grades, Raw",1 lb,16,11.99
169526,"Beef, Round, Tip Round, Roast, Separable Lean and Fat, Trimmed To 1/8"" Fat, All Grades, Cooked, Roasted",1 lb,16,11.99
169527,"Beef, Round, Tip Round, Separable Lean and Fat, Trimmed To 1/8"" Fat, Choice, Raw",1 lb,16,11.99
169528,"Beef, Round, Tip Round, Roast, Separable Lean and Fat, Trimmed To 1/8"" Fat, Choice, Cooked, Roasted",1 lb,16,11.99
169529,"Beef, Round, Top Round, Steak, Separable Lean and Fat, Trimmed To 1/8"" Fat, All Grades, Raw",1 lb,16,11.99
169530,"Beef, Round, Top Round, Separable Lean and Fat, Trimmed To 1/8"" Fat, All Grades, Cooked, Braised",1 lb,16,11.99
169531,"Beef, Round, Top Round Steak, Separable Lean and Fat, Trimmed To 1/8"" Fat, All Grades, Cooked, Broiled",1 lb,16,11.99
169532,"Beef, Round, Top Round, Steak, Separable Lean and Fat, Trimmed To 1/8"" Fat, Choice, Raw",1 lb,16,11.99
169533,"Beef, Round, Top Round, Steak, Separable Lean and Fat, Trimmed To 1/8"" Fat, Select, Cooked, Broiled",1 lb,16,11.99
169534,"Beef, Round, Top Round, Separable Lean and Fat, Trimmed To 1/8"" Fat, Prime, Raw",1 lb,16,11.99
169535,"Beef, Round, Top Round, Steak, Separable Lean and Fat, Trimmed To 1/8"" Fat, Prime, Cooked, Broiled",1 lb,16,11.99
169536,"Beef, Shoulder Top Blade Steak, Boneless, Separable Lean and Fat, Trimmed To 0"" Fat, Select, Raw",,,
169537,"Beef, Short Loin, T-Bone Steak, Separable Lean and Fat, Trimmed To 1/8"" Fat, Choice, Cooked, Grilled",1 lb,16,11.99
169538,"Beef, Short Loin, Top Loin, Steak, Separable Lean and Fat, Trimmed To 1/8"" Fat, All Grades, Raw",1 lb,16,11.99
169539,"Beef, Loin, Top Loin, Separable Lean and Fat, Trimmed To 1/8"" Fat, All Grades, Cooked, Grilled",,23,9.99
169540,"Beef, Loin, Top Loin, Separable Lean and Fat, Trimmed To 1/8"" Fat, Choice, Raw",,23,9.99
169541,"Beef, Short Loin, Top Loin, Separable Lean and Fat, Trimmed To 1/8"" Fat, Prime, Cooked, Broiled",1 lb,16,11.99
169542,"Beef, Tenderloin, Steak, Separable Lean and Fat, Trimmed To 1/8"" Fat, All Grades, Raw",,6,7.00
169543,"Beef, Tenderloin, Steak, Separable Lean and Fat, Trimmed To 1/8"" Fat, All Grades, Cooked, Broiled",,6,7.00
169544,"Beef, Tenderloin, Roast, Separable Lean and Fat, Trimmed To 1/8"" Fat, All Grades, Cooked, Roasted",,6,7.00
169545,"Beef, Tenderloin, Steak, Separable Lean and Fat, Trimmed To 1/8"" Fat, Choice, Raw",,6,7.00
169546,"Beef, Tenderloin, Roast, Separable Lean and Fat, Trimmed To 1/8"" Fat, Select, Cooked, Roasted",,6,7.00
169547,"Beef, Tenderloin, Separable Lean and Fat, Trimmed To 1/8"" Fat, Prime, Raw",,6,7.00
169548,"Beef, Tenderloin, Steak, Separable Lean and Fat, Trimmed To 1/8"" Fat, Prime, Cooked, Broiled",,6,7.00
169549,"Beef, Tenderloin, Roast, Separable Lean and Fat, Trimmed To 1/8"" Fat, Prime, Cooked, Roasted",,6,7.00
169550,"Beef, Top Sirloin, Steak, Separable Lean and Fat, Trimmed To 1/8"" Fat, Choice, Cooked, Pan-Fried",,8,9.99
169551,"Beef, Top Sirloin, Steak, Separable Lean and Fat, Trimmed To 1/8"" Fat, Select, Raw",,8,9.99
169552,"Beef, Top Sirloin, Steak, Separable Lean and Fat, Trimmed To 1/8"" Fat, Select, Cooked, Broiled",,8,9.99
169553,"Beef, Chuck, Clod Roast, Separable Lean Only, Trimmed To 0"" Fat, Choice, Cooked, Roasted",1 lb,16,12.99
169554,"Beef, Flank, Steak, Separable Lean and Fat, Trimmed To 0"" Fat, Select, Cooked, Broiled",1 lb,16,13.99
169555,"Beef, Brisket, Flat Half, Separable Lean and Fat, Trimmed To 0"" Fat, Select, Cooked, Braised",1 lb,16,6.99
169556,"Beef, Rib Eye, Small End (Ribs 10-12), Separable Lean and Fat, Trimmed To 0"" Fat, Select, Cooked, Broiled",,10,15.99
169557,"Beef, Rib Eye, Small End (Ribs 10-12), Separable Lean and Fat, Trimmed To 0"" Fat, All Grades, Cooked, Broiled",,10,18.99
169558,"Beef, Bottom Sirloin, Tri-Tip Roast, Separable Lean and Fat, Trimmed To 0"" Fat, All Grades, Cooked, Roasted",1 lb,16,15.99
169559,"Beef, Bottom Sirloin, Tri-Tip Roast, Separable Lean and Fat, Trimmed To 0"" Fat, Select, Raw",,,
169560,"Beef, Round, Top Round Steak, Boneless, Separable Lean and Fat, Trimmed To 0"" Fat, All Grades, Cooked, Grilled",1 lb,16,11.99
169561,"Beef, Chuck, Mock Tender Steak, Separable Lean Only, Trimmed To 0"" Fat, Choice, Cooked, Broiled",1 lb,16,12.99
169562,"Beef, Chuck, Mock Tender Steak, Separable Lean Only, Trimmed To 0"" Fat, Select, Cooked, Broiled",1 lb,16,12.99
169563,"Beef, Flank, Steak, Separable Lean and Fat, Trimmed To 0"" Fat, All Grades, Raw",1 lb,16,13.99
169564,"Beef, Flank, Steak, Separable Lean and Fat, Trimmed To 0"" Fat, Select, Raw",1 lb,16,13.99
169565,"Beef, Chuck Eye Roast, Boneless, America'S Beef Roast, Separable Lean Only, Trimmed To 0"" Fat, All Grades, Raw",1 lb,16,12.99
169566,"Beef, Chuck Eye Roast, Boneless, America'S Beef Roast, Separable Lean Only, Trimmed To 0"" Fat, Choice, Raw",1 lb,16,12.99
169567,"Beef, Chuck, Short Ribs, Boneless, Separable Lean Only, Trimmed To 0"" Fat, Choice, Cooked, Braised",1 lb,16,12.99
169568,"Beef, Chuck, Short Ribs, Boneless, Separable Lean Only, Trimmed To 0"" Fat, Select, Cooked, Braised",1 lb,16,12.99
169569,"Beef, Chuck, Short Ribs, Boneless, Separable Lean Only, Trimmed To 0"" Fat, All Grades, Cooked, Braised",1 lb,16,12.99
169570,"Beef, Brisket, Flat Half, Boneless, Separable Lean and Fat, Trimmed To 0"" Fat, Select, Raw",1 lb,16,6.99
169571,"Beef, Loin, Bottom Sirloin Butt, Tri-Tip Roast, Separable Lean Only, Trimmed To 0"" Fat, All Grades, Cooked, Roasted",,23,9.99
169572,"Alcoholic Beverage, Beer, Light, Bud Light",6 bottles,12,12.99
169573,"Alcoholic Beverage, Daiquiri, Canned",375 ml,,13.99
169574,"Alcoholic Beverage, Daiquiri, Prepared-From-Recipe",375 ml,,13.99
169575,"Alcoholic Beverage, Beer, Light, Low Carb",6 bottles,12,12.99
169576,"Candies, Milk Chocolate Coated Raisins",,13.5,8.49
169577,"Syrups, Table Blends, Pancake, Reduced-Calorie",24 oza,,4.79
169578,"Syrups, Table Blends, Pancake",24 oza,,4.79
169579,"Candies, Hershey'S Pot of Gold Almond Bar",,1.45,1.99
169580,"Candies, Truffles, Prepared-From-Recipe",1 bag,5.1,6.49
169581,"Baking Chocolate, Mars Snackfood Us, M&M'S Semisweet Chocolate Mini Baking Bits",,,
169582,"Candies, Mars Snackfood Us, M&M'S Peanut Chocolate Candies",,,
169583,"Candies, Mars Snackfood Us, M&M'S Milk Chocolate Candies",,,
169584,"Baking Chocolate, Mars Snackfood Us, M&M'S Milk Chocolate Mini Baking Bits",,,
169585,"Candies, Peanut Bar",,1.85,1.99
169586,"Candies, Peanut Brittle, Prepared-From-Recipe",,13.5,8.49
169587,"Candies, Nestle, Raisinets Chocolate Covered Raisins",,14,4.79
169588,"Candies, Sesame Crunch",,,
169589,"Candies, Mars Snackfood Us, Snickers Bar",,,
169590,"Candies, Mars Snackfood Us, Starburst Fruit Chews, Original Fruits",,,
169591,"Candies, Mars Snackfood Us, M&M'S Minis Milk Chocolate Candies",,,
169592,"Candies, Special Dark Chocolate Bar",,4.25,3.49
169593,"Cocoa, Dry Powder, Unsweetened",,8,4.99
169594,"Cocoa, Dry Powder, Unsweetened, Processed with Alkali",,,
169595,"Desserts, Egg Custard, Baked, Prepared-From-Recipe",4 pk,3.5,3.29
169596,"Gelatin Desserts, Dry Mix, Prepared with Water",,3,1.00
169597,"Gelatin Desserts, Dry Mix, Reduced Calorie, with Aspartame",,3,1.00
169598,"Gelatin Desserts, Dry Mix, Reduced Calorie, with Aspartame, Prepared with Water",,3,1.00
169599,"Gelatins, Dry Powder, Unsweetened",,,
169600,"Puddings, Chocolate, Dry Mix, Instant, Prepared with Whole Milk",4 ct,,3.29
169601,"Desserts, Apple Crisp, Prepared-From-Recipe",,7,1.49
169602,"Flan, Caramel Custard, Dry Mix",,15,3.49
169603,"Puddings, Chocolate, Dry Mix, Regular",4 ct,,3.29
169604,"Puddings, Chocolate, Dry Mix, Regular, Prepared with Whole Milk",4 ct,,3.29
169605,"Puddings, Rice, Dry Mix, Prepared with Whole Milk",6 ct,4,4.69
169606,"Puddings, Tapioca, Dry Mix",4 ct,,3.29
169607,"Puddings, Tapioca, Dry Mix, Prepared with Whole Milk",4 ct,,3.29
169608,"Puddings, Vanilla, Ready-To-Eat",,5.1,2.49
169609,"Puddings, Vanilla, Dry Mix, Regular",,5.1,2.49
169610,"Puddings, Vanilla, Dry Mix, Regular, Prepared with Whole Milk",,5.1,2.49
169611,"Puddings, Rice, Dry Mix, Prepared with 2% Milk",6 ct,4,4.69
169612,"Puddings, Tapioca, Dry Mix, Prepared with 2% Milk",4 ct,,3.29
169613,"Frozen Novelties, Ice Type, Fruit, No Sugar Added",,,
169614,"Puddings, Tapioca, Ready-To-Eat",4 ct,,3.29
169615,"Puddings, Coconut Cream, Dry Mix, Regular, Prepared with 2% Milk",,4.4,1.49
169616,"Desserts, Rennin, Chocolate, Dry Mix",,,
169617,"Rennin, Chocolate, Dry Mix, Prepared with Whole Milk",,,
169618,"Frostings, Coconut-Nut, Ready-To-Eat",,15.5,2.99
169619,"Frostings, Cream Cheese-Flavor, Ready-To-Eat",,16,5.99
169620,"Frostings, Vanilla, Creamy, Ready-To-Eat",,15.6,2.49
169621,"Flan, Caramel Custard, Dry Mix, Prepared with 2% Milk",,15,3.49
169622,"Candies, Hershey'S Milk Chocolate with Almond Bites",,,
169623,"Candies, Reese'S Bites",,,
169624,"Candies, Reese'S Nutrageous Candy Bar",5 pk,1.41,7.99
169625,"Frostings, Chocolate, Creamy, Dry Mix",,16,2.49
169626,"Frostings, White, Fluffy, Dry Mix, Prepared with Water",,16,2.19
169627,"Candies, Hershey'S, Almond Joy Bites",,10.4,6.49
169628,"Candies, Hershey, Reesesticks Crispy Wafers, Peanut Butter, Milk Chocolate",,10.4,6.49
169629,"Candies, Hershey, Kit Kat Big Kat Bar",,10.4,6.49
169630,"Candies, Reese'S, Fast Break, Milk Chocolate Peanut Butter and Soft Nougats",,10.5,6.49
169631,"Ice Creams, Vanilla, Light, No Sugar Added",,48,2.99
169632,"Frozen Novelties, Fruit and Juice Bars",6 ct,,4.29
169633,"Ice Creams, Chocolate, Light, No Sugar Added",8 ct,,9.29
169634,"Candies, Dark Chocolate Coated Coffee Beans",,,
169635,"Snacks, Sunkist, Sunkist Fruit Roll, Strawberry, with Vitamins A, C, and E",2 liter,,3.49
169636,"Snacks, Fruit Leather, Pieces, with Vitamin C",66 ct,0.8,11.99
169637,"Candies, Milk Chocolate Coated Coffee Beans",,12.5,8.99
169638,"Frozen Novelties, Ice Type, Lime",,,
169639,"Candies, Mars Snackfood Us, Snickers Munch Bar",,,
169640,Honey,,24,5.99
169641,Jams and Preserves,,16,6.99
169642,Jellies,,18,2.89
169643,"Candies, Mars Snackfood Us, Pop'Ables Snickers Brand Bite Size Candies",,,
169644,"Candies, Mars Snackfood Us, Pop'Ables Milky Way Brand Bite Size Candies",,,
169645,"Candies, Mars Snackfood Us, Pop'Ables 3 Musketeers Brand Bite Size Candies",,1.74,1.99
169646,"Candies, Mars Snackfood Us, Starburst Fruit Chews, Fruit and Creme",,1.74,1.99
169647,"Candies, Mars Snackfood Us, Starburst Sour Fruit Chews",,1.74,1.99
169648,"Puddings, Banana, Dry Mix, Instant",,5.1,2.49
169649,"Puddings, Banana, Dry Mix, Instant, Prepared with Whole Milk",,3.4,1.99
169650,"Puddings, Banana, Dry Mix, Regular",,5.1,2.49
169651,"Candies, Mars Snackfood Us, Cocoavia Chocolate Bar",,,
169652,"Candies, Mars Snackfood Us, Cocoavia Blueberry and Almond Chocolate Bar",,1.74,1.99
169653,"Candies, Mars Snackfood Us, Cocoavia Crispy Chocolate Bar",,,
169654,"Puddings, Lemon, Dry Mix, Instant",,3.4,1.99
169655,"Sugars, Granulated",2 lb,32,3.19
169656,"Sugars, Powdered",,10.2,5.99
169657,"Sweeteners, Tabletop, Aspartame, Equal, Packets",250 ct,,4.79
169658,"Sugars, Maple",8 ct,,3.19
169659,"Syrups, Corn, High-Fructose",,16,3.99
169660,"Syrups, Malt",,11.5,4.99
169661,"Syrups, Maple",,8,5.99
169662,"Syrups, Sorghum",,12,4.99
169663,"Candies, Mars Snackfood Us, Snickers Cruncher",,1.74,1.99
169664,"Toppings, Marshmallow Cream",,12.25,3.79
169665,"Toppings, Pineapple",,12,3.79
169666,"Toppings, Nuts in Syrup",,,
169667,"Candies, Mars Snackfood Us, Skittles Tropical Bite Size Candies",,,
169668,"Frostings, Glaze, Prepared-From-Recipe",,14,2.49
169669,"Candies, Fudge, Chocolate Marshmallow, Prepared-From-Recipe",14 fo,,3.99
169670,"Candies, Taffy, Prepared-From-Recipe",,9.5,5.29
169671,"Candies, Toffee, Prepared-From-Recipe",,4.4,5.49
169672,"Snacks, Cornnuts, Barbecue-Flavor",9 ct,0.7,7.49
169673,"Snacks, Crisped Rice Bar, Almond",,2.7,1.25
169674,"Snacks, Granola Bars, Soft, Uncoated, Chocolate Chip",8 ct,,3.49
169675,"Snacks, Granola Bars, Soft, Uncoated, Chocolate Chip, Graham and Marshmallow",8 ct,,3.49
169676,"Snacks, Granola Bars, Soft, Uncoated, Nut and Raisin",8 ct,,3.49
169677,"Snacks, Potato Chips, Plain, Salted",,5.5,2.49
169678,"Snacks, Potato Chips, Made From Dried Potatoes, Cheese-Flavor",,5.5,2.49
169679,"Snacks, Rice Cakes, Brown Rice, Corn",,3,2.59
169680,"Snacks, Rice Cakes, Brown Rice, Multigrain",,3,2.59
169681,"Snacks, Granola Bars, Hard, Peanut Butter",8 ct,,3.49
169682,"Snacks, Potato Chips, Cheese-Flavor",,5.5,2.49
169683,"Snacks, Potato Chips, Reduced Fat",,5.5,2.49
169684,"Snacks, Potato Chips, Fat-Free, Made with Olestra",,5.5,2.49
169685,"Popcorn, Sugar Syrup/Caramel, Fat-Free",,8,4.29
169686,"Snacks, Potato Chips, Fat Free, Salted",,5.5,2.49
169687,"Snacks, Kellogg, Kellogg'S Rice Krispies Treats Squares",8 ct,,3.59
169688,"Snacks, Kellogg, Kellogg'S Low Fat Granola Bar, Crunchy Almond/Brown Sugar",8 ct,,3.59
169689,"Snacks, M&M Mars, Kudos Whole Grain Bar, Chocolate Chip",,,
169690,"Candies, Semisweet Chocolate, Made with Butter",10 onz,,8.49
169691,"Gelatin Desserts, Dry Mix, with Added Ascorbic Acid, Sodium-Citrate and Salt",,3,1.00
169692,"Gelatin Desserts, Dry Mix, Reduced Calorie, with Aspartame, Added Phosphorus, Potassium, Sodium, Vitamin C",,,
169693,"Gelatin Desserts, Dry Mix, Reduced Calorie, with Aspartame, No Added Sodium",,3,1.00
169694,"Corn Flour, Masa, Enriched, White",2 lb,32,2.89
169695,"Corn Flour, Yellow, Degermed, Unenriched",,24,4.79
169696,"Corn Flour, Masa, Unenriched, White",2 lb,32,2.89
169697,"Cornmeal, Whole-Grain, Yellow",5 lb,80,3.29
169698,Cornstarch,,15,2.39
169699,"Couscous, Dry",,,
169700,"Couscous, Cooked",,26.5,9.79
169701,"Hominy, Canned, White",,25,2.49
169702,"Millet, Raw",,16,9.49
169703,"Rice, Brown, Long-Grain, Raw (Includes Foods for Usda'S Food Distribution Program)",,14,1.79
169704,"Rice, Brown, Long-Grain, Cooked (Includes Foods for Usda'S Food Distribution Program)",,14,1.79
169705,Oats (Includes Foods for Usda'S Food Distribution Program),,,
169706,"Rice, Brown, Medium-Grain, Raw (Includes Foods for Usda'S Food Distribution Program)",,14,1.79
169707,"Rice, White, Long-Grain, Parboiled, Enriched, Dry",2 pk,4.4,2.19
169708,"Rice, White, Long-Grain, Parboiled, Enriched, Cooked",2 pk,4.4,2.19
169709,"Rice, White, Long-Grain, Precooked or Instant, Enriched, Dry",2 pk,4.4,2.19
169710,"Rice, White, Long-Grain, Precooked or Instant, Enriched, Prepared",2 pk,4.4,2.19
169711,"Rice, White, Glutinous, Unenriched, Cooked",2 pk,4.4,2.19
169712,"Rice, White, Steamed, Chinese Restaurant",2 pk,4.4,2.19
169713,"Rice Bran, Crude",,12,7.99
169714,"Rice Flour, White, Unenriched",,16,9.99
169715,"Semolina, Enriched",,16,4.99
169716,Sorghum Grain,,30,5.49
169717,"Tapioca, Pearl, Dry",,12,7.99
169718,Triticale,,4,12.49
169719,"Wheat, Hard White",15 pk,12,18.99
169720,"Wheat, Soft White",,20,1.79
169721,"Wheat, Durum",,9,2.99
169722,"Wheat Bran, Crude",,24,4.59
169723,"Wheat Flour, White, Cake, Enriched",5 lb,80,6.99
169724,"Wheat Flour, White, Tortilla Mix, Enriched",5 lb,80,6.99
169725,"Wheat, Sprouted",,8,4.49
169726,"Wild Rice, Raw",,10.5,1.99
169727,"Pasta, Fresh-Refrigerated, Plain, As Purchased",,7,5.99
169728,"Pasta, Fresh-Refrigerated, Plain, Cooked",,10,5.99
169729,"Pasta, Fresh-Refrigerated, Spinach, As Purchased",,7,5.99
169730,"Pasta, Fresh-Refrigerated, Spinach, Cooked",,,
169731,"Noodles, Egg, Dry, Enriched",,16,2.79
169732,"Noodles, Egg, Enriched, Cooked",,16,2.79
169733,"Noodles, Egg, Spinach, Enriched, Dry",,16,2.79
169734,"Noodles, Egg, Spinach, Enriched, Cooked",,16,2.79
169735,"Noodles, Flat, Crunchy, Chinese Restaurant",,,
169736,"Pasta, Dry, Enriched",1 lb,16,3.29
169737,"Pasta, Cooked, Enriched, Without Added Salt",,7,2.29
169738,"Pasta, Whole-Wheat, Dry (Includes Foods for Usda'S Food Distribution Program)",,16,1.69
169739,Barley Flour or Meal,,16,9.99
169740,Barley Malt Flour,,16,2.99
169741,"Oat Flour, Partially Debranned",,16,7.79
169742,"Rice Noodles, Dry",,16,5.49
169743,"Wheat, Kamut Khorasan, Uncooked",,,
169744,"Wheat, Kamut Khorasan, Cooked",,,
169745,"Spelt, Uncooked",,,
169746,"Spelt, Cooked",,16,7.79
169747,"Teff, Uncooked",,,
169748,"Corn Flour, Whole-Grain, White",,16,2.29
169749,"Corn Flour, Yellow, Masa, Enriched",,24,4.79
169750,"Cornmeal, Whole-Grain, White",,,
169751,"Pasta, Cooked, Enriched, with Added Salt",,7,2.29
169752,"Hominy, Canned, Yellow",,25,2.49
169753,"Rice, White, Long-Grain, Regular, Cooked, Enriched, with Salt",2 pk,4.4,2.19
169754,"Wheat Flour, White, All-Purpose, Enriched, Calcium-Fortified",5 lb,80,6.99
169755,"Noodles, Egg, Dry, Unenriched",,16,2.79
169756,"Rice, White, Long-Grain, Regular, Raw, Unenriched",2 pk,4.4,2.19
169757,"Rice, White, Long-Grain, Regular, Unenriched, Cooked Without Salt",2 pk,4.4,2.19
169758,"Rice, White, Long-Grain, Parboiled, Unenriched, Dry",2 pk,4.4,2.19
169759,"Rice, White, Long-Grain, Parboiled, Unenriched, Cooked",2 pk,4.4,2.19
169760,"Rice, White, Medium-Grain, Raw, Unenriched",2 pk,4.4,2.19
169761,"Wheat Flour, White, All-Purpose, Unenriched",5 lb,80,6.99
169762,"Noodles, Egg, Cooked, Unenriched, with Added Salt",,16,2.79
169763,"Potatoes, Yellow Fleshed, Roasted, Salt Added in Processing, Frozen, Unprepared",1 lb,16,2.39
169764,"Potatoes, Yellow Fleshed, French Fried, Frozen, Unprepared",1 lb,16,2.39
169765,"Ginger Root, Pickled, Canned, with Artificial Sweetener",1 lb,16,3.99
169766,"Peppers, Hot Pickled, Canned",,16,2.69
169767,"Vegetable Juice, Bolthouse Farms, Daily Greens",,52,6.99
169768,"Potatoes, Mashed, Ready-To-Eat",,4,1.50
169769,"Macaroni and Cheese, Box Mix with Cheese Sauce, Unprepared",,7.25,1.59
169770,"Macaroni and Cheese, Box Mix with Cheese Sauce, Prepared",,7.25,1.59
169771,"Taquitos, Frozen, Chicken and Cheese, Oven-Heated",,19.2,7.29
169772,"Taquitos, Frozen, Beef and Cheese, Oven-Heated",,19.2,7.29
169773,"Potsticker or Wonton, Pork and Vegetable, Frozen, Unprepared",,24,8.29
169774,"Macaroni or Noodles with Cheese, Made From Reduced Fat Packaged Mix, Unprepared",,,
169775,"Turnover, Cheese-Filled, Tomato-Based Sauce, Frozen, Unprepared",,7.5,3.69
169776,"Macaroni or Noodles with Cheese, Microwaveable, Unprepared",4 ct,,5.49
169777,"Spanish Rice Mix, Dry Mix, Prepared (With Canola/Vegetable Oil Blend or Diced Tomatoes and Margarine)",,,
169778,"Rice Mix, Cheese Flavor, Dry Mix, Unprepared",20 ct,1.4,12.29
169779,"Dumpling, Potato- or Cheese-Filled, Frozen",12 ct,16,3.79
169780,"Turnover, Chicken- or Turkey-, and Vegetable-Filled, Reduced Fat, Frozen",,,
169781,"Sausage, Egg and Cheese Breakfast Biscuit",,18,7.49
169782,"Hungry Man, Salisbury Steak with Gravy, Frozen, Unprepared",,15,5.49
169783,"Banquet, Salisbury Steak with Gravy, Family Size, Frozen, Unprepared",,27,4.49
169784,"Jimmy Dean, Sausage, Egg, and Cheese Breakfast Biscuit, Frozen, Unprepared",,9.6,6.29
169785,"Infant Formula, Gerber, Good Start, Protect Plus, Powder",,,
169786,"Infant Formula, Gerber Good Start 2, Gentle Plus, Powder",,,
169787,"Infant Formula, Gerber, Good Start 2, Protect Plus, Powder",,12.5,22.49
169788,"Infant Formula, Mead Johnson, Enfamil, Enfagrow, Soy, Toddler Transitions, with Ara and Dha, Powder",,,
169789,"Infant Formula, Mead Johnson, Enfamil, Premature, 24 Calories Ready-To-Feed Low Iron",,,
169790,"Infant Formula, Mead Johnson, Enfamil, Premium, Infant, Ready-To-Feed",,,
169791,"Infant Formula, Mead Johnson, Enfamil, Premium, Infant, Powder",,,
169792,"Babyfood, Gerber, Banana with Orange Medley",2 packs,4,1.89
169793,"Bear, Black, Meat (Alaska Native)",,10,5.49
169794,"Bear, Polar, Meat, Raw (Alaska Native)",8 pk,12,4.29
169795,"Whale, Beluga, Meat, Dried (Alaska Native)",1.5 l,,18.99
169796,"Whale, Beluga, Eyes (Alaska Native)",1.5 l,,18.99
169797,"Whale, Beluga, Meat, Raw (Alaska Native)",1.5 l,,18.99
169798,"Fish, Blackfish, Whole (Alaska Native)",,2.75,3.99
169799,"Blueberries, Wild, Frozen (Alaska Native)",,17.1,3.49
169800,"Caribou, Bone Marrow, Raw (Alaska Native)",,,
169801,"Caribou, Eye, Raw (Alaska Native)",,0.01,15.99
169802,"Cloudberries, Raw (Alaska Native)",,,
169803,"Cockles, Raw (Alaska Native)",,,
169804,"Cranberries, Wild, Bush, Raw (Alaska Native)",,,
169805,"Cranberry, Low Bush or Lingenberry, Raw (Alaska Native)",,,
169806,"Fish, Herring Eggs, Pacific, Plain (Alaska Native)",,10,5.99
169807,"Fish, Herring, Pacific, Flesh, Air-Dried, Packed in Oil (Alaska Native)",,3.75,1.19
169808,"Huckleberries, Raw (Alaska Native)",,,
169809,"Fish, Lingcod, Meat, Raw (Alaska Native)",,,
169810,"Fish, Lingcod, Liver (Alaska Native)",,,
169811,"Tennis Bread, Plain (Apache)",,,
169812,"Fish, Halibut, Cooked, with Skin (Alaska Native)",12 ounces,,17.99
169813,"Salmon, Red (Sockeye), Filets with Skin, Smoked (Alaska Native)",2 ct / 11 ounces,,5.00
169814,"Agave, Raw (Southwest)",,18.5,6.49
169815,"Lambsquarters, Steamed (Northern Plains Indians)",,,
169816,"Prickly Pears, Raw (Northern Plains Indians)",12 bottle / 12 fl. oz,,19.99
169817,"Prickly Pears, Broiled (Northern Plains Indians)",,,
169818,"Prairie Turnips, Raw (Northern Plains Indians)",,,
169819,"Stinging Nettles, Blanched (Northern Plains Indians)",,,
169820,"Plums, Wild (Northern Plains Indians)",,,
169821,"Pinon Nuts, Roasted (Navajo)",,4,3.99
169822,"Caribou, Hind Quarter, Meat, Cooked (Alaska Native)",,,
169823,"Agutuk, Fish with Shortening (Alaskan Ice Cream) (Alaska Native)",,,
169824,"Sea Lion, Steller, Meat with Fat (Alaska Native)",,,
169825,"Sea Lion, Steller, Fat (Alaska Native)",,,
169826,"Wocas, Dried Seeds, Oregon, Yellow Pond Lily (Klamath)",,5,3.99
169827,"Hazelnuts, Beaked (Northern Plains Indians)",,,
169828,"Tea, Herbal, Brewed, Hohoysi (Hopi)",20 ct,,3.79
169829,"Tortilla, Blue Corn, Sakwavikaviki (Hopi)",,12,5.49
169830,"Bread, Blue Corn, Somiviki (Hopi)",12 ct,5.5,3.49
169831,"Applebee'S, 9 Oz House Sirloin Steak",,,
169832,"T.G.I. Friday'S, Friday'S Shrimp, Breaded",,,
169833,"T.G.I. Friday'S, French Fries",,32,3.69
169834,"T.G.I. Friday'S, Fried Mozzarella",,,
169835,"T.G.I. Friday'S, Macaroni & Cheese, From Kid'S Menu",,,
169836,"Restaurant, Family Style, French Fries",,18,2.69
169837,"Restaurant, Family Style, Chicken Fingers, From Kid'S Menu",,18,2.69
169838,"Restaurant, Family Style, Shrimp, Breaded and Fried",,18,2.69
169839,"Restaurant, Family Style, Macaroni & Cheese, From Kids' Menu",,18,2.69
169840,"Applebee'S, Crunchy Onion Rings",,13.5,5.99
169841,"Applebee'S, Chicken Tenders Platter",,16,13.49
169842,"Cracker Barrel, Chicken Tenderloin Platter, Fried",,39.7,22.99
169843,"Cracker Barrel, Coleslaw",,,
169844,"Denny'S, Onion Rings",,16,3.99
169845,"Denny'S, Spaghetti and Meatballs",,,
169846,"Restaurant, Family Style, Fish Fillet, Battered or Breaded, Fried",,18,2.69
169847,"Restaurant, Family Style, Chicken Tenders",,18,2.69
169848,"Restaurant, Family Style, Hash Browns",,18,2.69
169849,"Cracker Barrel, Macaroni N' Cheese",,8.2,1.99
169850,"Restaurant, Italian, Lasagna with Meat",,16,2.69
169851,"Olive Garden, Lasagna Classico",,,
169852,"Olive Garden, Spaghetti with Pomodoro Sauce",,5,1.49
169853,"Carrabba'S Italian Grill, Spaghetti with Pomodoro Sauce",,,
169854,"On the Border, Cheese Enchilada",,9,5.99
169855,"Restaurant, Mexican, Cheese Enchilada",,16,6.49
169856,"Restaurant, Mexican, Cheese Tamales",,16,6.49
169857,"Carrabba'S Italian Grill, Chicken Parmesan Without Cavatappi Pasta",,,
169858,"Olive Garden, Chicken Parmigiana Without Pasta",,10,4.99
169859,"Cereals Ready-To-Eat, Post, Honey Bunches of Oats, with Almonds",,28,6.99
169860,"Margarine-Like, Vegetable Oil Spread, Stick or Tub, Sweetened",,15,4.49
169861,"Snacks, Popcorn, Home-Prepared, Oil-Popped, Unsalted",,12,7.29
169862,"Cereals Ready-To-Eat, Post, Great Grains Crunchy Pecan Cereal",,28,6.99
169863,"Snacks, Granola Bar, with Coconut, Chocolate Coated",8 ct,,3.49
169864,"Babyfood, Vegetable and Brown Rice, Strained",,,
169865,"Babyfood, Peas and Brown Rice",2 packs,4,1.89
169866,"Frankfurter, Meat and Poultry, Low Fat",,,
169867,"Oil, Corn and Canola",,48,4.49
169868,"Milk, Fluid, Nonfat, Calcium Fortified (Fat Free or Skim)",,3.5,3.49
169869,"Peanut Butter, Reduced Sodium",,11.5,5.99
169870,"Cereals Ready-To-Eat, Post Great Grains Banana Nut Crunch",,,
169871,"Babyfood, Carrots, Toddler",,4,1.29
169872,"Babyfood, Dessert, Banana Pudding, Strained",,6,2.49
169873,"Babyfood, Fruit, Tutti Frutti, Strained",16 ct,4,19.99
169874,"Babyfood, Fruit, Tutti Frutti, Junior",,4,1.39
169875,"Salad Dressing, Sweet and Sour",,16.9,6.99
169876,"Salad Dressing, Blue or Roquefort Cheese, Low Calorie",,,
169877,"Salad Dressing, Caesar, Low Calorie",,16,3.69
169878,"Syrups, Sugar Free",24 oza,,4.29
169879,"Jellies, No Sugar (With Sodium Saccharin), Any Flavors",,,
169880,"Candies, Hard, Dietetic or Low Calorie (Sorbitol)",,6.25,2.99
169881,"Candies, Chocolate Covered, Low Sugar or Low Calorie",,3.1,1.50
169882,"Chewing Gum, Sugarless",35 ct,,5.49
169883,"Fluid Replacement, Electrolyte Solution (Include Pedialyte)",,33.8,5.49
169884,"Vermicelli, Made From Soy",,,
169885,"Beans, Liquid From Stewed Kidney Beans",,,
169886,"Chicken, Meatless",,14.7,9.49
169887,"Frankfurter, Meatless",,,
169888,Vegetarian Meatloaf or Patties,,2.47,2.89
169889,"Radishes, Hawaiian Style, Pickled",1 ea,,
169890,"Cabbage, Japanese Style, Fresh, Pickled",,,
169891,"Cabbage, Mustard, Salted",1 lb,16,1.29
169892,"Eggplant, Pickled",,,
169893,"Bacon Bits, Meatless",,3,2.29
169894,"Butter Replacement, Without Fat, Powder",,15,3.59
169895,"Salad Dressing, Buttermilk, Lite",,16,2.49
169896,"Sweeteners, Tabletop, Fructose, Dry, Powder",,,
169897,"Beverage, Instant Breakfast Powder, Chocolate, Sugar-Free, Not Reconstituted",10 pk,1.26,6.29
169898,"Yogurt, Fruit Variety, Nonfat",9 pack,3.5,11.99
169899,"Whipped Cream Substitute, Dietetic, Made From Powdered Mix",,8,2.19
169900,"Frozen Novelties, Ice Cream Type, Sundae, Prepackaged",,16,7.49
169901,"Cheese, American Cheddar, Imitation",,15,3.49
169902,"Quail, Cooked, Total Edible",4 qt,,89.99
169903,"Pheasant, Cooked, Total Edible",,,
169904,"Eggs, Scrambled, Frozen Mixture",,3,2.79
169905,"Dove, Cooked (Includes Squab)",,,
169906,"Pork, Cured, Ham, Boneless, Low Sodium, Extra Lean and Regular, Roasted",,12,5.49
169907,"Longans, Dried",1.75 l,,25.99
169908,"Loquats, Raw",,,
169909,"Mammy-Apple, (Mamey), Raw",,,
169910,"Mangos, Raw",,25,8.99
169911,"Melons, Honeydew, Raw",1 ct,,4.49
169912,"Melon Balls, Frozen",,,
169913,"Mulberries, Raw",,,
169914,"Nectarines, Raw",,18.5,6.49
169915,"Oheloberries, Raw",,,
169916,"Oranges, Raw, California, Valencias",,32,8.79
169917,"Oranges, Raw, Navels (Includes Foods for Usda'S Food Distribution Program)",,32,8.79
169918,"Oranges, Raw, Florida",,32,8.79
169919,"Oranges, Raw, with Peel",,32,8.79
169920,"Orange Juice, Chilled, Includes From Concentrate, with Added Calcium",,59,4.99
169921,"Orange Juice, Frozen Concentrate, Unsweetened, Diluted with 3 Volume Water, with Added Calcium",,12,3.29
169922,"Orange Juice, Frozen Concentrate, Unsweetened, Undiluted, with Added Calcium",,12,3.29
169923,"Orange Juice, Frozen Concentrate, Unsweetened, Undiluted",,12,3.29
169924,"Tangerines, (Mandarin Oranges), Canned, Light Syrup Pack",1 jar,23.5,5.49
169925,"Tangerine Juice, Raw",,52,2.99
169926,"Papayas, Raw",,15.25,3.49
169927,"Papaya, Canned, Heavy Syrup, Drained",,15.25,3.49
169928,"Peaches, Yellow, Raw",1 lb,16,1.79
169929,"Peaches, Canned, Water Pack, Solids and Liquids",,15.25,2.69
169930,"Peaches, Canned, Juice Pack, Solids and Liquids",,15.25,2.69
169931,"Peaches, Canned, Extra Light Syrup, Solids and Liquids (Includes Foods for Usda'S Food Distribution Program)",,15.25,2.69
169932,"Peaches, Dehydrated (Low-Moisture), Sulfured, Uncooked",,,
169933,"Peaches, Dehydrated (Low-Moisture), Sulfured, Stewed",,6,0.70
169934,"Peaches, Dried, Sulfured, Uncooked",,3.5,12.99
169935,"Peaches, Dried, Sulfured, Stewed, Without Added Sugar",,3.5,12.99
169936,"Pears, Canned, Juice Pack, Solids and Liquids",,14.5,1.79
169937,"Pears, Canned, Extra Light Syrup Pack, Solids and Liquids (Includes Foods for Usda'S Food Distribution Program)",,14.5,1.79
169938,"Pears, Canned, Light Syrup Pack, Solids and Liquids",,14.5,1.79
169939,"Pears, Canned, Heavy Syrup Pack, Solids and Liquids",,14.5,1.79
169940,"Pear Nectar, Canned, Without Added Ascorbic Acid",,14.5,1.79
169941,"Persimmons, Japanese, Raw",,6,
169942,"Persimmons, Japanese, Dried",,,
169943,"Persimmons, Native, Raw",,2.65,13.99
169944,"Pineapple, Canned, Heavy Syrup Pack, Solids and Liquids",,20,2.29
169945,"Pineapple, Canned, Extra Heavy Syrup Pack, Solids and Liquids",,20,2.29
169946,"Pineapple, Frozen, Chunks, Sweetened",,12,3.29
169947,"Pineapple Juice, Canned or Bottled, Unsweetened, Without Added Ascorbic Acid",,20,2.29
169948,"Pineapple Juice, Frozen Concentrate, Unsweetened, Undiluted",,12,3.29
169949,"Plums, Raw",,,
169950,"Plums, Canned, Purple, Water Pack, Solids and Liquids",,28,3.49
169951,"Plums, Canned, Purple, Juice Pack, Solids and Liquids",,28,3.49
169952,"Plums, Canned, Purple, Light Syrup Pack, Solids and Liquids",,28,3.49
169953,"Lima Beans, Immature Seeds, Frozen, Fordhook, Unprepared",,16,2.19
169954,"Lima Beans, Immature Seeds, Frozen, Fordhook, Cooked, Boiled, Drained, Without Salt",,16,2.19
169955,"Lima Beans, Immature Seeds, Frozen, Baby, Unprepared",,,
169956,"Lima Beans, Immature Seeds, Frozen, Baby, Cooked, Boiled, Drained, Without Salt",,16,2.19
169957,"Mung Beans, Mature Seeds, Sprouted, Raw",4 ct,15,4.79
169958,"Beans, Pinto, Immature Seeds, Frozen, Unprepared",,16,1.79
169959,"Beans, Pinto, Immature Seeds, Frozen, Cooked, Boiled, Drained, Without Salt",,16,1.79
169960,"Beans, Shellie, Canned, Solids and Liquids",,15,1.67
169961,"Beans, Snap, Green, Raw",,8,4.29
169962,"Beans, Snap, Green, Frozen, All Styles, Unprepared (Includes Foods for Usda'S Food Distribution Program)",,8,4.29
169963,"Beans, Snap, Green, Frozen, Cooked, Boiled, Drained Without Salt",,8,4.29
169964,"Beans, Snap, Green, Frozen, All Styles, Microwaved",,8,4.29
169965,"Beans, Snap, Green, Microwaved",,8,4.29
169966,"Beets, Canned, Drained Solids",,15,0.99
169967,"Broccoli, Cooked, Boiled, Drained, Without Salt",,15,4.99
169968,"Broccoli, Frozen, Chopped, Unprepared",,12.6,2.29
169969,"Broccoli, Frozen, Chopped, Cooked, Boiled, Drained, Without Salt",,12.6,2.29
169970,"Broccoli, Frozen, Spears, Unprepared (Includes Foods for Usda'S Food Distribution Program)",,12.6,2.29
169971,"Brussels Sprouts, Cooked, Boiled, Drained, Without Salt",,12,4.99
169972,"Brussels Sprouts, Frozen, Unprepared",,10.8,2.29
169973,"Brussels Sprouts, Frozen, Cooked, Boiled, Drained, Without Salt",,10.8,2.29
169974,"Burdock Root, Raw",,,
169975,"Cabbage, Raw",1 lb,16,1.29
169976,"Cabbage, Cooked, Boiled, Drained, Without Salt",,15.5,1.59
169977,"Cabbage, Red, Raw",,24,5.49
169978,"Cabbage, Red, Cooked, Boiled, Drained, Without Salt",,24,5.49
169979,"Cabbage, Chinese (Pe-Tsai), Raw",,,
169980,"Cabbage, Chinese (Pe-Tsai), Cooked, Boiled, Drained, Without Salt",,,
169981,"Cardoon, Raw",,,
169982,"Cardoon, Cooked, Boiled, Drained, Without Salt",,,
169983,"Carrots, Frozen, Unprepared (Includes Foods for Usda'S Food Distribution Program)",,18,4.99
169984,"Carrots, Frozen, Cooked, Boiled, Drained, Without Salt",,18,4.99
169985,"Cassava, Raw",,5,4.19
169986,"Cauliflower, Raw",1 ct,,4.49
169987,"Celeriac, Cooked, Boiled, Drained, Without Salt",,50.7,20.99
169988,"Celery, Raw",1 ct,,2.19
169989,"Celery, Cooked, Boiled, Drained, Without Salt",1 ct,,2.19
169990,"Celtuce, Raw",,14.5,7.49
169991,"Chard, Swiss, Raw",1 ct,,2.49
169992,"Chicory Greens, Raw",,,
169993,"Chicory Roots, Raw",,,
169994,"Chives, Raw",,,
169995,"Chrysanthemum, Garland, Raw",,,
169996,"Collards, Frozen, Chopped, Cooked, Boiled, Drained, Without Salt",,,
169997,"Coriander (Cilantro) Leaves, Raw",1 ct,,1.29
169998,"Corn, Sweet, Yellow, Raw",,15.25,0.89
169999,"Corn, Sweet, Yellow, Cooked, Boiled, Drained, Without Salt",,15.25,0.89
170000,"Onions, Raw",1 lb,16,1.99
170001,"Onions, Cooked, Boiled, Drained, Without Salt",,8,4.99
170002,"Onions, Dehydrated Flakes",,12.7,7.49
170003,"Onions, Canned, Solids and Liquids",,16,4.49
170004,"Onions, Yellow, Sauteed",1 lb,16,1.19
170005,"Onions, Spring or Scallions (Includes Tops and Bulb), Raw",1 ct,,1.79
170006,"Onions, Young Green, Tops Only",1 ct,,1.79
170007,"Onions, Welsh, Raw",,,
170008,"Onions, Sweet, Raw",,6,2.99
170009,"Parsnips, Cooked, Boiled, Drained, Without Salt",,,
170010,"Peas, Edible-Podded, Raw",,102,5.79
170011,"Peas, Edible-Podded, Boiled, Drained, Without Salt",,102,5.79
170012,"Peas, Edible-Podded, Frozen, Unprepared",,,
170013,"Peas, Green (Includes Baby and Lesuer Types), Canned, Drained Solids, Unprepared",,,
170014,"Peas, Green, Canned, Seasoned, Solids and Liquids",,12,1.25
170015,"Peas, Green, Canned, Drained Solids, Rinsed in Tap Water",,12,1.25
170016,"Peas, Green, Frozen, Unprepared (Includes Foods for Usda'S Food Distribution Program)",,12,1.25
170017,"Peas, Green, Frozen, Cooked, Boiled, Drained, Without Salt",,12,1.25
170018,"Peas and Carrots, Frozen, Cooked, Boiled, Drained, Without Salt",,10.75,6.49
170019,"Peas and Onions, Canned, Solids and Liquids",,,
170020,"Peas and Onions, Frozen, Unprepared",,12,2.49
170021,"Peas and Onions, Frozen, Cooked, Boiled, Drained, Without Salt",,12,2.49
170022,"Peppers, Sweet, Green, Frozen, Chopped, Unprepared",,16,4.99
170023,"Peppers, Sweet, Green, Frozen, Chopped, Boiled, Drained, Without Salt",,16,4.99
170024,"Peppers, Sweet, Green, Sauteed",,16,4.99
170025,"Pigeonpeas, Immature Seeds, Raw",,,
170026,"Potatoes, Flesh and Skin, Raw",,14.3,7.79
170027,"Potatoes, Russet, Flesh and Skin, Raw (Includes Foods for Usda'S Food Distribution Program)",1 lb,16,0.99
170028,"Potatoes, White, Flesh and Skin, Raw",1 lb,16,2.19
170029,"Potatoes, Red, Flesh and Skin, Raw",,11,3.69
170030,"Potatoes, Russet, Flesh and Skin, Baked",1 lb,16,0.99
170031,"Potatoes, Roasted, Salt Added in Processing, Frozen, Unprepared",,10.75,6.49
170032,"Potatoes, Raw, Skin",,,
170033,"Potatoes, Baked, Flesh, Without Salt",,13,4.99
170034,"Potatoes, Baked, Skin, Without Salt",,13,4.99
170035,"Potatoes, Microwaved, Cooked in Skin, Skin, Without Salt",,9,2.69
170036,"Potatoes, Hash Brown, Home-Prepared",,22.5,3.99
170037,"Potatoes, Mashed, Home-Prepared, Whole Milk and Margarine Added",,4,1.50
170038,"Potatoes, Scalloped, Home-Prepared with Butter",,8,3.69
170039,"Potatoes, Mashed, Dehydrated, Granules Without Milk, Dry Form",,4,1.50
170040,"Potatoes, Mashed, Dehydrated, Prepared From Granules Without Milk, Whole Milk and Butter Added",,4,1.50
170041,"Potatoes, Mashed, Dehydrated, Granules with Milk, Dry Form",,4,1.50
170042,"Potatoes, Mashed, Dehydrated, Prepared From Granules with Milk, Water and Margarine Added",,4,1.50
170043,"Potatoes, Hash Brown, Frozen, Plain, Unprepared",,22.5,3.99
170044,"Potatoes, Hash Brown, Frozen, Plain, Prepared, Pan Fried in Canola Oil",,22.5,3.99
170045,"Potatoes, Hash Brown, Frozen, with Butter Sauce, Unprepared",,22.5,3.99
170046,"Potatoes, Hash Brown, Frozen, with Butter Sauce, Prepared",,22.5,3.99
170047,"Potato Puffs, Frozen, Unprepared",,20,5.99
170048,"Potato Puffs, Frozen, Oven-Heated",,20,5.99
170049,"Potatoes, Frozen, Whole, Cooked, Boiled, Drained, Without Salt",,11,3.69
170050,"Tomatoes, Red, Ripe, Cooked",1 lb,16,2.29
170051,"Tomatoes, Red, Ripe, Canned, Packed in Tomato Juice",1 lb,16,2.29
170052,"Tomatoes, Red, Ripe, Canned, Stewed",1 lb,16,2.29
170053,"Tomatoes, Red, Ripe, Canned, with Green Chilies",1 lb,16,2.29
170054,"Tomato Products, Canned, Sauce",,28,2.99
170055,"Tomato Products, Canned, Sauce, with Mushrooms",,28,2.99
170056,"Tomato Products, Canned, Sauce, with Onions",,28,2.99
170057,"Tomato Products, Canned, Sauce, with Herbs and Cheese",,28,2.99
170058,"Turnips, Cooked, Boiled, Drained, Without Salt",8 in,,10.99
170059,"Turnips, Frozen, Unprepared",,18,4.99
170060,"Turnips, Frozen, Cooked, Boiled, Drained, Without Salt",,18,4.99
170061,"Turnip Greens, Raw",,27,2.99
170062,"Turnip Greens and Turnips, Frozen, Cooked, Boiled, Drained, Without Salt",,,
170063,"Vegetable Juice Cocktail, Canned",,22,0.99
170064,"Vegetables, Mixed, Canned, Solids and Liquids",,12,1.25
170065,"Vegetables, Mixed, Canned, Drained Solids",,12,1.25
170066,"Waterchestnuts, Chinese, (Matai), Raw",,0.75,0.99
170067,"Waterchestnuts, Chinese, Canned, Solids and Liquids",,0.75,0.99
170068,"Watercress, Raw",,,
170069,"Waxgourd, (Chinese Preserving Melon), Raw",,,
170070,"Winged Bean Tuber, Raw",,,
170071,"Yam, Raw",,16,2.69
170072,"Yam, Cooked, Boiled, Drained, or Baked, Without Salt",,5,3.99
170073,"Yambean (Jicama), Raw",,,
170074,"Yambean (Jicama), Cooked, Boiled, Drained, Without Salt",,,
170075,"Chives, Freeze-Dried",,0.25,6.99
170076,"Dock, Raw",,,
170077,"Dock, Cooked, Boiled, Drained, Without Salt",,,
170078,"Eppaw, Raw",,,
170079,"Beans, Mung, Mature Seeds, Sprouted, Canned, Drained Solids",,30,9.99
170080,"Peppers, Jalapeno, Canned, Solids and Liquids",,12,2.69
170081,"Radishes, White Icicle, Raw",,,
170082,"Shallots, Freeze-Dried",,0.3,6.99
170083,"Sweet Potato, Canned, Syrup Pack, Solids and Liquids",,16,2.69
170084,"Sweet Potato, Canned, Syrup Pack, Drained Solids",,16,2.69
170085,"Tomato Products, Canned, Sauce, Spanish Style",,28,2.99
170086,"Beans, Pinto, Mature Seeds, Sprouted, Raw",,16,1.79
170087,"Beans, Pinto, Mature Seeds, Sprouted, Cooked, Boiled, Drained, Without Salt",,16,1.79
170088,"Sweet Potato, Cooked, Candied, Home-Prepared",,5,3.99
170089,"Tomatoes, Red, Ripe, Cooked, Stewed",1 lb,16,2.29
170090,"Seaweed, Agar, Dried",,0.17,1.25
170091,"Seaweed, Spirulina, Raw",,,
170092,Potato Pancakes,,6,4.49
170093,"Potatoes, Baked, Flesh and Skin, Without Salt",,13,4.99
170094,"Potatoes, Microwaved, Cooked in Skin, Flesh and Skin, Without Salt",,9,2.69
170095,"Radish Seeds, Sprouted, Raw",,,
170096,"Tomatoes, Yellow, Raw",,24,5.00
170097,"Mushrooms, Shiitake, Cooked, with Salt",,5,5.99
170098,"Okra, Cooked, Boiled, Drained, with Salt",,,
170099,"Okra, Frozen, Cooked, Boiled, Drained, with Salt",,14,4.99
170100,"Onions, Cooked, Boiled, Drained, with Salt",,8,4.99
170101,"Onions, Frozen, Chopped, Cooked, Boiled, Drained, with Salt",,12,1.79
170102,"Peas, Green, Cooked, Boiled, Drained, with Salt",,12,1.25
170103,"Peas, Green, Canned, No Salt Added, Solids and Liquids",,12,1.25
170104,"Peas, Green, Canned, No Salt Added, Drained Solids",,12,1.25
170105,"Peas, Green, Frozen, Cooked, Boiled, Drained, with Salt",,12,1.25
170106,"Peppers, Hot Chili, Red, Raw",,16,3.49
170107,"Peppers, Hot Chili, Red, Canned, Excluding Seeds, Solids and Liquids",,16,3.49
170108,"Peppers, Sweet, Red, Raw",,16,4.99
170109,"Peppers, Sweet, Green, Cooked, Boiled, Drained, with Salt",,16,4.99
170110,"Peppers, Sweet, Red, Cooked, Boiled, Drained, Without Salt",,16,4.99
170111,"Potatoes, Baked, Flesh and Skin, with Salt",,4,1.50
170112,"Potatoes, Baked, Flesh, with Salt",,13,4.99
170113,"Potatoes, Baked, Skin Only, with Salt",,13,4.99
170114,"Potatoes, Boiled, Cooked in Skin, Flesh, with Salt",,,
170115,"Potatoes, Microwaved, Cooked, in Skin, Skin with Salt",,9,2.69
170116,"Potatoes, Frozen, Whole, Cooked, Boiled, Drained, with Salt",,11,3.69
170117,"Potatoes, Frozen, French Fried, Par Fried, Cottage-Cut, Prepared, Heated in Oven, with Salt",,11,3.69
170118,"Potatoes, French Fried, All Types, Salt Not Added in Processing, Frozen, Oven-Heated",,32,4.49
170119,"Pumpkin, Flowers, Cooked, Boiled, Drained, with Salt",,,
170120,"Pumpkin Leaves, Cooked, Boiled, Drained, with Salt",,,
170121,"Purslane, Cooked, Boiled, Drained, with Salt",,,
170122,"Radishes, Oriental, Cooked, Boiled, Drained, with Salt",1 bunch,,2.29
170123,"Spinach, Canned, No Salt Added, Solids and Liquids",,13.5,1.79
170124,"Spinach, Frozen, Chopped or Leaf, Cooked, Boiled, Drained, with Salt",,12,1.49
170125,"Squash, Summer, All Varieties, Cooked, Boiled, Drained, with Salt",1 lb,16,2.29
170126,"Squash, Summer, Crookneck and Straightneck, Cooked, Boiled, Drained, with Salt",1 lb,16,2.29
170127,"Squash, Winter, All Varieties, Cooked, Baked, with Salt",1 lb,16,1.49
170128,"Squash, Winter, Acorn, Cooked, Baked, with Salt",1 lb,16,1.49
170129,"Squash, Winter, Acorn, Cooked, Boiled, Mashed, with Salt",1 lb,16,1.49
170130,"Squash, Winter, Butternut, Cooked, Baked, with Salt",1 lb,16,1.49
170131,"Succotash, (Corn and Limas), Frozen, Cooked, Boiled, Drained, with Salt",,,
170132,"Water Convolvulus, Cooked, Boiled, Drained, with Salt",,,
170133,"Sweet Potato Leaves, Cooked, Steamed, with Salt",1 lb,16,2.19
170134,"Sweet Potato, Cooked, Baked in Skin, Flesh, with Salt",,5,3.99
170135,"Taro, Shoots, Cooked, with Salt",,,
170136,"Taro, Tahitian, Cooked, with Salt",,,
170137,"Tomatoes, Red, Ripe, Cooked, with Salt",1 lb,16,2.29
170138,"Tomatoes, Red, Ripe, Canned, Packed in Tomato Juice, No Salt Added",1 lb,16,2.29
170139,"Turnip Greens, Cooked, Boiled, Drained, with Salt",,27,2.99
170140,"Turnip Greens, Frozen, Cooked, Boiled, Drained, with Salt",,12,1.79
170141,"Turnip Greens and Turnips, Frozen, Cooked, Boiled, Drained, with Salt",,,
170142,"Vegetables, Mixed, Frozen, Cooked, Boiled, Drained, with Salt",,12,1.25
170143,"Mushrooms, Portabella, Exposed To Ultraviolet Light, Raw",,6,5.00
170144,"Seeds, Breadfruit Seeds, Raw",,20,3.99
170145,"Seeds, Breadfruit Seeds, Boiled",,20,3.99
170146,"Seeds, Cottonseed Flour, Low Fat (Glandless)",,,
170147,"Seeds, Cottonseed Meal, Partially Defatted (Glandless)",,12,7.99
170148,"Seeds, Hemp Seed, Hulled",,8,9.99
170149,"Seeds, Lotus Seeds, Dried",,14.1,6.99
170150,"Seeds, Sesame Seeds, Whole, Dried",,8.5,3.39
170151,"Seeds, Sesame Seeds, Whole, Roasted and Toasted",,8.5,3.39
170152,"Seeds, Sesame Seed Kernels, Toasted, Without Salt Added (Decorticated)",,3.75,4.99
170153,"Seeds, Sesame Flour, Partially Defatted",,3.75,4.99
170154,"Seeds, Sunflower Seed Kernels, Toasted, Without Salt",,10,3.79
170155,"Seeds, Sunflower Seed Butter, Without Salt",,16,7.49
170156,"Seeds, Sunflower Seed Flour, Partially Defatted",,5.35,2.59
170157,"Nuts, Acorns, Raw",9 ct,0.7,7.49
170158,"Nuts, Almonds, Dry Roasted, Without Salt Added",,32,11.99
170159,"Nuts, Almonds, Oil Roasted, Without Salt Added",,32,11.99
170160,"Nuts, Almond Paste",,,
170161,"Nuts, Beechnuts, Dried",,12,10.99
170162,"Nuts, Cashew Nuts, Raw",,32,15.99
170163,"Nuts, Cashew Butter, Plain, Without Salt Added",,10,8.49
170164,"Nuts, Chestnuts, Chinese, Raw",,10.3,6.49
170165,"Nuts, Chestnuts, Chinese, Dried",,10.3,6.49
170166,"Nuts, Chestnuts, Chinese, Boiled and Steamed",,,
170167,"Nuts, Chestnuts, European, Dried, Peeled",,10.3,6.49
170168,"Nuts, Chestnuts, European, Boiled and Steamed",,,
170169,"Nuts, Coconut Meat, Raw",6 ct,,8.79
170170,"Nuts, Coconut Meat, Dried (Desiccated), Not Sweetened",6 ct,,8.79
170171,"Nuts, Coconut Cream, Canned, Sweetened",,8.75,9.49
170172,"Nuts, Coconut Milk, Raw (Liquid Expressed From Grated Meat and Water)",,9.8,2.69
170173,"Nuts, Coconut Milk, Canned (Liquid Expressed From Grated Meat and Water)",,9.8,2.69
170174,"Nuts, Coconut Water (Liquid From Coconuts)",,7,4.29
170175,"Nuts, Ginkgo Nuts, Dried",,,
170176,"Nuts, Ginkgo Nuts, Canned",,,
170177,"Nuts, Hickorynuts, Dried",6 ct,,8.79
170178,"Nuts, Macadamia Nuts, Raw",,4,4.79
170179,"Nuts, Macadamia Nuts, Dry Roasted, Without Salt Added",,4,4.79
170180,"Nuts, Formulated, Wheat-Based, Unflavored, with Salt Added",,,
170181,"Nuts, Mixed Nuts, Dry Roasted, with Peanuts, Salt Added, Chosen Roaster",,16,9.49
170182,"Nuts, Pecans",,12,7.99
170183,"Nuts, Pecans, Dry Roasted, Without Salt Added",,12,7.99
170184,"Nuts, Pistachio Nuts, Raw",,6,5.99
170185,"Nuts, Pistachio Nuts, Dry Roasted, Without Salt Added",,6,5.99
170186,"Nuts, Walnuts, Black, Dried",,12,7.99
170187,"Nuts, Walnuts, English",,12,7.99
170188,"Seeds, Pumpkin and Squash Seeds, Whole, Roasted, Without Salt",,8,7.99
170189,"Seeds, Sesame Butter, Tahini, From Roasted and Toasted Kernels (Most Common Type)",,3.75,4.99
170190,"Nuts, Chestnuts, European, Roasted",,10.3,6.49
170191,"Seeds, Sesame Butter, Paste",,3.75,4.99
170192,"Seeds, Sesame Flour, High-Fat",,,
170193,"Beef, Variety Meats and By-Products, Suet, Raw",,,
170194,"Beef, Variety Meats and By-Products, Thymus, Raw",,,
170195,"Beef, Variety Meats and By-Products, Thymus, Cooked, Braised",,,
170196,"Beef, Variety Meats and By-Products, Tongue, Raw",,,
170197,"Beef, Cured, Breakfast Strips, Raw or Unheated",,6,10.99
170198,"Beef, Cured, Breakfast Strips, Cooked",,6,10.99
170199,"Beef, Cured, Corned Beef, Brisket, Raw",,6,10.99
170200,"Beef, Cured, Corned Beef, Brisket, Cooked",,6,10.99
170201,"Beef, Chuck, Under Blade Center Steak, Boneless, Denver Cut, Separable Lean Only, Trimmed To 0"" Fat, Choice, Cooked, Grilled",1 lb,16,12.99
170202,"Beef, Cured, Luncheon Meat, Jellied",,6,10.99
170203,"Beef, Chuck, Under Blade Center Steak, Boneless, Denver Cut, Separable Lean Only, Trimmed To 0"" Fat, Select, Cooked, Grilled",1 lb,16,12.99
170204,"Beef, Cured, Pastrami",,6,10.99
170205,"Beef, Chuck, Under Blade Center Steak, Boneless, Denver Cut, Separable Lean Only, Trimmed To 0"" Fat, All Grades, Raw",1 lb,16,12.99
170206,"Beef, Composite of Trimmed Retail Cuts, Separable Lean and Fat, Trimmed To 0"" Fat, Choice, Cooked",,,
170207,"Beef, Composite of Trimmed Retail Cuts, Separable Lean and Fat, Trimmed To 0"" Fat, Select, Cooked",,,
170208,"Beef, Composite of Trimmed Retail Cuts, Separable Lean Only, Trimmed To 0"" Fat, All Grades, Cooked",,,
170209,"Beef, Composite of Trimmed Retail Cuts, Separable Lean Only, Trimmed To 0"" Fat, Choice, Cooked",,,
170210,"Beef, Brisket, Flat Half, Separable Lean Only, Trimmed To 0"" Fat, All Grades, Cooked, Braised",1 lb,16,6.99
170211,"Beef, Brisket, Point Half, Separable Lean and Fat, Trimmed To 0"" Fat, All Grades, Cooked, Braised",1 lb,16,6.99
170212,"Beef, Brisket, Point Half, Separable Lean Only, Trimmed To 0"" Fat, All Grades, Cooked, Braised",1 lb,16,6.99
170213,"Beef, Chuck, Arm Pot Roast, Separable Lean and Fat, Trimmed To 0"" Fat, All Grades, Cooked, Braised",1 lb,16,12.99
170214,"Beef, Chuck, Under Blade Pot Roast, Boneless, Separable Lean and Fat, Trimmed To 0"" Fat, Select, Cooked, Braised",1 lb,16,12.99
170215,"Beef, Chuck, Blade Roast, Separable Lean Only, Trimmed To 0"" Fat, All Grades, Cooked, Braised",1 lb,16,12.99
170216,"Beef, Chuck, Under Blade Pot Roast, Boneless, Separable Lean Only, Trimmed To 0"" Fat, Choice, Cooked, Braised",1 lb,16,12.99
170217,"Beef, Chuck, Under Blade Pot Roast, Boneless, Separable Lean Only, Trimmed To 0"" Fat, Select, Cooked, Braised",1 lb,16,12.99
170218,"Beef, Rib, Large End (Ribs 6-9), Separable Lean Only, Trimmed To 0"" Fat, Select, Cooked, Roasted",1 lb,16,8.99
170219,"Beef, Rib, Small End (Ribs 10-12), Separable Lean and Fat, Trimmed To 0"" Fat, All Grades, Cooked, Broiled",1 lb,16,8.99
170220,"Beef, Rib, Small End (Ribs 10-12), Separable Lean and Fat, Trimmed To 0"" Fat, Choice, Cooked, Broiled",1 lb,16,8.99
170221,"Beef, Rib, Small End (Ribs 10-12), Separable Lean and Fat, Trimmed To 0"" Fat, Select, Cooked, Broiled",1 lb,16,8.99
170222,"Beef, Round, Bottom Round, Roast, Separable Lean and Fat, Trimmed To 0"" Fat, All Grades, Cooked, Roasted",1 lb,16,11.99
170223,"Beef, Round, Bottom Round, Steak, Separable Lean and Fat, Trimmed To 0"" Fat, Choice, Cooked, Braised",1 lb,16,11.99
170224,"Beef, Round, Bottom Round, Roast, Separable Lean and Fat, Trimmed To 0"" Fat, Choice, Cooked, Roasted",1 lb,16,11.99
170225,"Beef, Round, Bottom Round, Steak, Separable Lean and Fat, Trimmed To 0"" Fat, Select, Cooked, Braised",1 lb,16,11.99
170226,"Beef, Round, Bottom Round, Steak, Separable Lean Only, Trimmed To 0"" Fat, Select, Cooked, Braised",1 lb,16,11.99
170227,"Beef, Round, Bottom Round Roast, Separable Lean Only, Trimmed To 0"" Fat, Select, Cooked, Roasted",1 lb,16,11.99
170228,"Beef, Round, Eye of Round Roast, Boneless, Separable Lean and Fat, Trimmed To 0"" Fat, All Grades, Cooked, Roasted",1 lb,16,11.99
170229,"Beef, Round, Eye of Round Roast, Boneless, Separable Lean and Fat, Trimmed To 0"" Fat, Choice, Cooked, Roasted",1 lb,16,11.99
170230,"Beef, Round, Tip Round, Roast, Separable Lean and Fat, Trimmed To 0"" Fat, All Grades, Cooked, Roasted",1 lb,16,11.99
170231,"Beef, Round, Tip Round, Roast, Separable Lean and Fat, Trimmed To 0"" Fat, Choice, Cooked, Roasted",1 lb,16,11.99
170232,"Beef, Round, Tip Round, Roast, Separable Lean and Fat, Trimmed To 0"" Fat, Select, Cooked, Roasted",1 lb,16,11.99
170233,"Beef, Round, Tip Round, Roast, Separable Lean Only, Trimmed To 0"" Fat, All Grades, Cooked, Roasted",1 lb,16,11.99
170234,"Beef, Round, Top Round, Separable Lean and Fat, Trimmed To 0"" Fat, Select, Cooked, Braised",1 lb,16,11.99
170235,"Beef, Round, Top Round, Separable Lean Only, Trimmed To 0"" Fat, Choice, Cooked, Braised",1 lb,16,11.99
170236,"Beef, Round, Top Round, Separable Lean Only, Trimmed To 0"" Fat, Select, Cooked, Braised",1 lb,16,11.99
170237,"Beef, Loin, Tenderloin Steak, Boneless, Separable Lean and Fat, Trimmed To 0"" Fat, All Grades, Cooked, Grilled",,23,9.99
170238,"Beef, Loin, Tenderloin Steak, Boneless, Separable Lean and Fat, Trimmed To 0"" Fat, Choice, Cooked, Grilled",,23,9.99
170239,"Beef, Loin, Top Loin Steak, Boneless, Lip Off, Separable Lean and Fat, Trimmed To 0"" Fat, All Grades, Cooked, Grilled",,23,9.99
170240,"Beef, Loin, Top Loin Steak, Boneless, Lip Off, Separable Lean and Fat, Trimmed To 0"" Fat, Choice, Cooked, Grilled",,23,9.99
170241,"Puddings, Banana, Dry Mix, Regular, with Added Oil",,5.1,2.49
170242,"Puddings, Lemon, Dry Mix, Regular, with Added Oil, Potassium, Sodium",,3.4,1.99
170243,"Puddings, Tapioca, Dry Mix, with No Added Salt",4 ct,,3.29
170244,"Snacks, Corn-Based, Extruded, Puffs or Twists, Cheese-Flavor, Unenriched",4 canisters of 1.48 oz,,10.99
170245,"Snacks, Corn-Based, Extruded, Chips, Barbecue-Flavor, Made with Enriched Masa Flour",4 canisters of 1.48 oz,,10.99
170246,"Snacks, Popcorn, Air-Popped (Unsalted)",,12,7.29
170247,"Snacks, Popcorn, Oil-Popped, White Popcorn, Salt Added",,12,7.29
170248,"Snacks, Potato Chips, Plain, Made with Partially Hydrogenated Soybean Oil, Salted",,5.5,2.49
170249,"Snacks, Pretzels, Hard, Plain, Made with Enriched Flour, Unsalted",,5,3.99
170250,"Snacks, Rice Cakes, Brown Rice, Plain, Unsalted",,3,2.59
170251,"Snacks, Rice Cakes, Brown Rice, Buckwheat, Unsalted",,3,2.59
170252,"Snacks, Rice Cakes, Brown Rice, Multigrain, Unsalted",,3,2.59
170253,"Potato Chips, Without Salt, Reduced Fat",,7.75,3.99
170254,"Snacks, Tortilla Chips, Low Fat, Unsalted",,9,2.99
170255,"Frozen Novelties, Juice Type, Popsicle Scribblers",,12,3.29
170256,"Snacks, Tortilla Chips, Nacho-Flavor, Made with Enriched Masa Flour",,9,2.99
170257,"Sweeteners, Tabletop, Sucralose, Splenda Packets",250 ct,,4.79
170258,"Frozen Novelties, No Sugar Added, Fudgsicle Pops",6 ct,,4.29
170259,"Frozen Novelties, Ice Type, Sugar Free, Orange, Cherry, and Grape Popsicle Pops",,,
170260,"Frozen Novelties, Klondike, Slim-A-Bear Fudge Bar, 98% Fat Free, No Sugar Added",,4.5,4.59
170261,"Ice Creams, Breyers, All Natural Light Vanilla",,48,5.49
170262,"Ice Creams, Breyers, No Sugar Added, Butter Pecan",,48,5.49
170263,"Ice Creams, Breyers, No Sugar Added, French Vanilla",,48,5.49
170264,"Ice Creams, Breyers, No Sugar Added, Vanilla",,48,5.49
170265,"Ice Creams, Breyers, No Sugar Added, Vanilla Fudge Twirl",,48,5.49
170266,"Frozen Novelties, No Sugar Added Creamsicle Pops",6 ct,,4.29
170267,"Frozen Novelties, Sugar Free, Creamsicle Pops",,,
170268,"Ice Creams, Breyers, All Natural Light French Chocolate",,48,5.49
170269,"Ice Creams, Breyers, 98% Fat Free Chocolate",,48,5.49
170270,"Ice Creams, Regular, Low Carbohydrate, Chocolate",,,
170271,"Chocolate, Dark, 45- 59% Cacao Solids",,3.5,3.99
170272,"Chocolate, Dark, 60-69% Cacao Solids",,3.5,3.99
170273,"Chocolate, Dark, 70-85% Cacao Solids",,3.5,3.99
170274,"Candies, Chocolate, Dark, Nfs (45-59% Cacao Solids 90%; 60-69% Cacao Solids 5%; 70-85% Cacao Solids 5%)",,10.2,6.49
170275,"Candies, Crispy Bar with Peanut Butter Filling",,,
170276,"Syrup, Maple, Canadian",,8,5.99
170277,"Sweetener, Syrup, Agave",,23.5,5.99
170278,"Candies, Nestle, Butterfinger Crisp",,1.4,2.49
170279,"Candies, Fruit Snacks, with High Vitamin C",24 ct,4,15.99
170280,"Jams, Preserves, Marmalades, Sweetened with Fruit Juice",,13,7.29
170281,"Candies, Tamarind",,,
170282,"Candies, Coconut Bar, Not Chocolate Covered",,1.61,1.99
170283,"Barley, Hulled",,30,5.49
170284,"Barley, Pearled, Raw",,30,5.49
170285,"Barley, Pearled, Cooked",,30,5.49
170286,Buckwheat,,22,5.99
170287,"Bulgur, Cooked",,18.3,8.99
170288,"Corn Grain, Yellow",5 lb,80,3.29
170289,"Corn Bran, Crude",,15.4,4.99
170290,"Corn Flour, Whole-Grain, Yellow",,16,2.29
170291,"Fast Foods, Nachos, with Cheese",,24,2.69
170292,"Fast Foods, Nachos, with Cheese, Beans, Ground Beef, and Tomatoes",,24,2.69
170293,"Fast Foods, Cheeseburger, Double, Regular Patty and Bun, with Condiments",,,
170294,"Fast Foods, Cheeseburger; Single, Large Patty; Plain",,,
170295,"Fast Foods, Chicken Fillet Sandwich, Plain with Pickles",,,
170296,"Fast Foods, Fish Sandwich, with Tartar Sauce",,19,7.99
170297,"Fast Foods, Fish Sandwich, with Tartar Sauce and Cheese",,19,7.99
170298,"Fast Foods, Submarine Sandwich, Roast Beef on White Bread with Lettuce and Tomato",,,
170299,"Fast Foods, Submarine Sandwich, Tuna on White Bread with Lettuce and Tomato",,7.39,6.00
170300,"Fast Foods, Coleslaw",,14,2.49
170301,"Fast Foods, Hush Puppies",,18,5.99
170302,"Fast Food, Biscuit",,24,2.69
170303,"Chick-Fil-A, Chick-N-Strips",,16,4.79
170304,"Chick-Fil-A, Hash Browns",,16,4.79
170305,"School Lunch, Pizza, Big Daddy'S Ls 16"" 51% Whole Grain Rolled Edge Cheese Pizza, Frozen",,,
170306,"Fast Foods, Submarine Sandwich, Sweet Onion Chicken Teriyaki on White Bread with Lettuce, Tomato and Sweet Onion Sauce",,7.39,6.00
170307,"Subway, Subway Club Sub on White Bread with Lettuce and Tomato",,,
170308,"Fast Foods, Submarine Sandwich, Turkey, Roast Beef and Ham on White Bread with Lettuce and Tomato",,,
170309,"Fast Foods, Submarine Sandwich, Oven Roasted Chicken on White Bread with Lettuce and Tomato",,7.39,6.00
170310,"Subway, Steak & Cheese Sub on White Bread with American Cheese, Lettuce and Tomato",,,
170311,"Fast Foods, Submarine Sandwich, Steak and Cheese on White Bread with Cheese, Lettuce and Tomato",,,
170312,"Subway, B.L.T. Sub on White Bread with Bacon, Lettuce and Tomato",,,
170313,"Fast Foods, Submarine Sandwich, Bacon, Lettuce, and Tomato on White Bread",,7.39,6.00
170314,"Subway, Oven Roasted Chicken Sub on White Bread with Lettuce and Tomato",,,
170315,"Subway, Cold Cut Sub on White Bread with Lettuce and Tomato",,,
170316,"Subway, Tuna Sub on White Bread with Lettuce and Tomato",,,
170317,"Pizza, Cheese Topping, Regular Crust, Frozen, Cooked",,,
170318,"Fast Foods, Crispy Chicken Filet Sandwich, with Lettuce and Mayonnaise",,,
170319,"Mcdonald'S, Filet-O-Fish",,,
170320,"Mcdonald'S, Cheeseburger",,6.6,1.99
170321,"Mcdonald'S, Quarter Pounder",,,
170322,"Wendy'S, Classic Single Hamburger, with Cheese",,2.5,1.99
170323,"Wendy'S, Jr. Hamburger, Without Cheese",,15,5.49
170324,"Wendy'S, Jr. Hamburger, with Cheese",21.0 ounce,,3.79
170325,"Wendy'S, Classic Double, with Cheese",,,
170326,"Wendy'S, Frosty Dairy Dessert",,,
170327,"Burger King, French Fries",,32,3.69
170328,"Burger King, Hamburger",$0.10 removed at pickup,,0.10
170329,"Burger King, Cheeseburger",,6.6,1.99
170330,"Burger King, Premium Fish Sandwich",,18,7.99
170331,"Burger King, Original Chicken Sandwich",1 ct,,19.99
170332,"Taco Bell, Original Taco with Beef, Cheese and Lettuce",12 ct,,2.99
170333,"Taco Bell, Soft Taco with Beef, Cheese and Lettuce",12 ct,,2.99
170334,"Taco Bell, Burrito Supreme with Chicken",,1,0.50
170335,"Taco Bell, Burrito Supreme with Steak",,1,0.50
170336,"Taco Bell, Nachos",,1,1.00
170337,"Taco Bell, Nachos Supreme",,,
170338,"Popeyes, Spicy Chicken Strips, Analyzed 2006",,,
170339,"Kfc, Biscuit",,,
170340,"Kfc, Coleslaw",,14,2.49
170341,"Kfc, Crispy Chicken Strips",,26,10.99
170342,"Kfc, Fried Chicken, Original Recipe, Wing, Meat Only, Skin and Breading Removed",14. 5 oz,,10.99
170343,"Kfc, Fried Chicken, Extra Crispy, Skin and Breading",14. 5 oz,,10.99
170344,"Kfc, Fried Chicken, Extra Crispy, Breast, Meat Only, Skin and Breading Removed",14. 5 oz,,10.99
170345,"Kfc, Fried Chicken, Extra Crispy, Drumstick, Meat Only, Skin and Breading Removed",14. 5 oz,,10.99
170346,"Kfc, Fried Chicken, Original Recipe, Thigh, Meat and Skin with Breading",,,
170347,"Kfc, Fried Chicken, Original Recipe, Wing, Meat and Skin with Breading",14. 5 oz,,10.99
170348,"Kfc, Fried Chicken, Extra Crispy, Breast, Meat and Skin with Breading",,,
170349,"Kfc, Fried Chicken, Extra Crispy, Drumstick, Meat and Skin with Breading",14. 5 oz,,10.99
170350,"Popeyes, Fried Chicken, Mild, Skin and Breading",,8.875,3.79
170351,"Popeyes, Fried Chicken, Mild, Thigh, Meat Only, Skin and Breading Removed",,,
170352,"Popeyes, Fried Chicken, Mild, Wing, Meat Only, Skin and Breading Removed",,8.875,3.79
170353,"Popeyes, Fried Chicken, Mild, Breast, Meat and Skin with Breading",,8.875,3.79
170354,"Popeyes, Fried Chicken, Mild, Drumstick, Meat and Skin with Breading",,8.875,3.79
170355,"Yogurt Parfait, Lowfat, with Fruit and Granola",,32,6.99
170356,"Fast Foods, Fried Chicken, Breast, Meat Only, Skin and Breading Removed",,,
170357,"Fast Foods, Fried Chicken, Drumstick, Meat Only, Skin and Breading Removed",,,
170358,"Fast Foods, Fried Chicken, Thigh, Meat Only, Skin and Breading Removed",,16,10.99
170359,"Fast Foods, Fried Chicken, Thigh, Meat and Skin and Breading",,16,10.99
170360,"Fast Foods, Fried Chicken, Wing, Meat and Skin and Breading",,16,10.99
170361,"Digiorno Pizza, Cheese Topping, Cheese Stuffed Crust, Frozen, Baked",,,
170362,"Digiorno Pizza, Cheese Topping, Rising Crust, Frozen, Baked",,17.7,6.99
170363,"Digiorno Pizza, Supreme Topping, Rising Crust, Frozen, Baked",,17.1,6.99
170364,"Digiorno Pizza, Supreme Topping, Thin Crispy Crust, Frozen, Baked",,17.1,6.99
170365,"Fast Food, Pizza Chain, 14"" Pizza, Sausage Topping, Thick Crust",,,
170366,"Fast Food, Pizza Chain, 14"" Pizza, Sausage Topping, Thin Crust",,,
170367,"Fast Food, Pizza Chain, 14"" Pizza, Sausage Topping, Regular Crust",,,
170368,"Fast Foods, Grilled Chicken Filet Sandwich, with Lettuce, Tomato and Spread",,,
170369,"Pizza Hut 14"" Pepperoni Pizza, Thin 'N Crispy Crust",,,
170370,"Domino'S 14"" Pepperoni Pizza, Crunchy Thin Crust",,10.2,2.00
170371,"Domino'S 14"" Sausage Pizza, Crunchy Thin Crust",,,
170372,"Pizza Hut 14"" Sausage Pizza, Pan Crust",,19.4,5.29
170373,"Pizza, Cheese Topping, Thin Crust, Frozen, Cooked",,14.6,6.99
170374,"Burger King, Double Cheeseburger",,6.6,1.99
170375,"Beet Greens, Raw",1 lb,16,2.99
170376,"Beet Greens, Cooked, Boiled, Drained, Without Salt",1 lb,16,2.99
170377,"Broadbeans, Immature Seeds, Raw",,,
170378,"Broadbeans, Immature Seeds, Cooked, Boiled, Drained, Without Salt",,,
170379,"Broccoli, Raw",,32,6.00
170380,"Broccoli, Frozen, Spears, Cooked, Boiled, Drained, Without Salt",,12.6,2.29
170381,"Broccoli Raab, Raw",,24,6.00
170382,"Broccoli Raab, Cooked",,32,6.00
170383,"Brussels Sprouts, Raw",1 lb,16,4.69
170384,"Burdock Root, Cooked, Boiled, Drained, Without Salt",,,
170385,"Butterbur, (Fuki), Raw",,,
170386,"Butterbur, Cooked, Boiled, Drained, Without Salt",,20,1.79
170387,"Butterbur, Canned",,16,5.29
170388,"Cabbage, Savoy, Raw",1 lb,16,2.49
170389,"Cabbage, Savoy, Cooked, Boiled, Drained, Without Salt",1 lb,16,2.49
170390,"Cabbage, Chinese (Pak-Choi), Raw",1 lb,16,1.29
170391,"Cabbage, Chinese (Pak-Choi), Cooked, Boiled, Drained, Without Salt",1 lb,16,1.29
170392,"Cabbage, Kimchi",,24,5.49
170393,"Carrots, Raw",2 lb,32,2.29
170394,"Carrots, Cooked, Boiled, Drained, Without Salt",2 ct,7,1.89
170395,"Carrots, Canned, Regular Pack, Solids and Liquids",2 ct,7,1.89
170396,"Carrots, Canned, Regular Pack, Drained Solids",,8.5,0.69
170397,"Cauliflower, Cooked, Boiled, Drained, Without Salt",1 ct,,4.49
170398,"Cauliflower, Frozen, Unprepared",,12,2.29
170399,"Cauliflower, Frozen, Cooked, Boiled, Drained, Without Salt",,12,2.29
170400,"Celeriac, Raw",,,
170401,"Chard, Swiss, Cooked, Boiled, Drained, Without Salt",1 ct,,2.49
170402,"Chayote, Fruit, Raw",1 lb,16,1.79
170403,"Chayote, Fruit, Cooked, Boiled, Drained, Without Salt",1 lb,16,1.79
170404,"Chicory, Witloof, Raw",,,
170405,"Chrysanthemum, Garland, Cooked, Boiled, Drained, Without Salt",,,
170406,"Collards, Raw",1 count,,5.99
170407,"Collards, Cooked, Boiled, Drained, Without Salt",,,
170408,"Collards, Frozen, Chopped, Unprepared",,12,1.79
170409,"Corn, Sweet, Yellow, Canned, Brine Pack, Regular Pack, Solids and Liquids",,15.25,0.89
170410,"Onions, Frozen, Chopped, Unprepared",,12,1.79
170411,"Onions, Frozen, Chopped, Cooked, Boiled, Drained, Without Salt",,12,1.79
170412,"Onions, Frozen, Whole, Unprepared",,12,1.79
170413,"Onions, Frozen, Whole, Cooked, Boiled, Drained, Without Salt",,12,1.79
170414,"Onion Rings, Breaded, Par Fried, Frozen, Unprepared",,16,3.79
170415,"Onion Rings, Breaded, Par Fried, Frozen, Prepared, Heated in Oven",,16,3.79
170416,"Parsley, Fresh",1 ct,,1.29
170417,"Parsnips, Raw",,8,2.99
170418,"Peas, Edible-Podded, Frozen, Cooked, Boiled, Drained, Without Salt",,102,5.79
170419,"Peas, Green, Raw",,12,1.25
170420,"Peas, Green, Cooked, Boiled, Drained, Without Salt",,12,1.25
170421,"Peas, Green, Canned, Regular Pack, Solids and Liquids",,12,1.25
170422,"Peas, Mature Seeds, Sprouted, Raw",,,
170423,"Peas, Mature Seeds, Sprouted, Cooked, Boiled, Drained, Without Salt",,,
170424,"Peas and Carrots, Canned, Regular Pack, Solids and Liquids",,15,0.89
170425,"Peas and Carrots, Frozen, Unprepared",,10.75,6.49
170426,"Peppers, Hot Chili, Green, Canned, Pods, Excluding Seeds, Solids and Liquids",,16,3.49
170427,"Peppers, Sweet, Green, Raw",,16,4.99
170428,"Peppers, Sweet, Green, Cooked, Boiled, Drained, Without Salt",,16,4.99
170429,"Peppers, Sweet, Green, Canned, Solids and Liquids",,16,4.99
170430,"Pigeonpeas, Immature Seeds, Cooked, Boiled, Drained, Without Salt",,,
170431,Poi,20 count,,6.79
170432,"Pokeberry Shoots, (Poke), Raw",,,
170433,"Pokeberry Shoots, (Poke), Cooked, Boiled, Drained, Without Salt",,,
170434,"Potatoes, White, Flesh and Skin, Baked",1 lb,16,2.19
170435,"Potatoes, Red, Flesh and Skin, Baked",,11,3.69
170436,"Potatoes, French Fried, Crinkle or Regular Cut, Salt Added in Processing, Frozen, As Purchased",,28,3.69
170437,"Potatoes, French Fried, Crinkle or Regular Cut, Salt Added in Processing, Frozen, Oven-Heated",,32,4.49
170438,"Potatoes, Boiled, Cooked in Skin, Flesh, Without Salt",,16,4.99
170439,"Potatoes, Boiled, Cooked in Skin, Skin, Without Salt",,,
170440,"Potatoes, Boiled, Cooked Without Skin, Flesh, Without Salt",,16,4.99
170441,"Potatoes, Microwaved, Cooked in Skin, Flesh, Without Salt",,9,2.69
170442,"Potatoes, Au Gratin, Home-Prepared From Recipe Using Butter",2 ct,4,3.69
170443,"Potatoes, Canned, Solids and Liquids",,15,0.99
170444,"Potatoes, Canned, Drained Solids",,15,0.99
170445,"Potatoes, Mashed, Dehydrated, Flakes Without Milk, Dry Form",,4,1.50
170446,"Potatoes, Mashed, Dehydrated, Prepared From Flakes Without Milk, Whole Milk and Butter Added",,4,1.50
170447,"Potatoes, Au Gratin, Dry Mix, Unprepared",2 ct,4,3.69
170448,"Potatoes, Au Gratin, Dry Mix, Prepared with Water, Whole Milk and Butter",2 ct,4,3.69
170449,"Potatoes, Scalloped, Dry Mix, Unprepared",,8,3.69
170450,"Potatoes, Scalloped, Dry Mix, Prepared with Water, Whole Milk and Butter",,8,3.69
170451,"Potatoes, French Fried, Shoestring, Salt Added in Processing, Frozen, As Purchased",,32,4.49
170452,"Potatoes, French Fried, Shoestring, Salt Added in Processing, Frozen, Oven-Heated",,32,4.49
170453,"Potatoes, O'Brien, Frozen, Unprepared",,28,3.99
170454,"Potatoes, O'Brien, Frozen, Prepared",,28,3.99
170455,"Taro, Tahitian, Cooked, Without Salt",,,
170456,"Tomatoes, Green, Raw",,10,1.69
170457,"Tomatoes, Red, Ripe, Raw, Year Round Average",1 lb,16,2.29
170458,"Tomato Juice, Canned, with Salt Added",6 pk,5.5,3.79
170459,"Tomato Products, Canned, Paste, Without Salt Added (Includes Foods for Usda'S Food Distribution Program)",,,
170460,"Tomato Products, Canned, Puree, Without Salt Added",,,
170461,Tomato Powder,,4.5,2.79
170462,"Tomato Products, Canned, Sauce, with Onions, Green Peppers, and Celery",,,
170463,"Tomato Products, Canned, Sauce, with Tomato Tidbits",,,
170464,"Tree Fern, Cooked, Without Salt",,,
170465,"Turnips, Raw",1 lb,16,2.49
170466,"Turnip Greens, Cooked, Boiled, Drained, Without Salt",,27,2.99
170467,"Turnip Greens, Canned, Solids and Liquids",,27,2.99
170468,"Turnip Greens, Frozen, Unprepared",,12,1.79
170469,"Turnip Greens, Frozen, Cooked, Boiled, Drained, Without Salt",,12,1.79
170470,"Turnip Greens and Turnips, Frozen, Unprepared",1 lb,16,2.49
170471,"Vegetables, Mixed, Frozen, Unprepared",,12,1.25
170472,"Vegetables, Mixed, Frozen, Cooked, Boiled, Drained, Without Salt",,12,1.25
170473,"Vegetable Juice Cocktail, Low Sodium, Canned",,,
170474,"Vinespinach, (Basella), Raw",,,
170475,"Waxgourd, (Chinese Preserving Melon), Cooked, Boiled, Drained, Without Salt",,,
170476,"Winged Beans, Immature Seeds, Raw",,,
170477,"Winged Beans, Immature Seeds, Cooked, Boiled, Drained, Without Salt",,,
170478,"Winged Bean Leaves, Raw",,,
170479,"Beets, Harvard, Canned, Solids and Liquids",,,
170480,"Beets, Pickled, Canned, Solids and Liquids",,16,2.39
170481,"Borage, Raw",,,
170482,"Borage, Cooked, Boiled, Drained, Without Salt",,,
170483,"Drumstick Pods, Raw",8 ct,,9.29
170484,"Drumstick Pods, Cooked, Boiled, Drained, Without Salt",8 ct,,9.29
170485,"Leeks, (Bulb and Lower-Leaf Portion), Freeze-Dried",,,
170486,"Parsley, Freeze-Dried",,0.3,6.99
170487,"Squash, Summer, All Varieties, Raw",1 lb,16,2.29
170488,"Squash, Summer, All Varieties, Cooked, Boiled, Drained, Without Salt",1 lb,16,2.29
170489,"Squash, Winter, All Varieties, Raw",1 lb,16,1.49
170490,"Squash, Winter, All Varieties, Cooked, Baked, Without Salt",1 lb,16,1.49
170491,"Carrot Juice, Canned",,52,6.99
170492,"Corn Pudding, Home Prepared",,14.75,0.89
170493,"Potatoes, Mashed, Home-Prepared, Whole Milk Added",,4,1.50
170494,Spinach Souffle,,12,3.29
170495,"Seaweed, Spirulina, Dried",,,
170496,"Seaweed, Wakame, Raw",,0.17,1.25
170497,"Peppers, Hot Chili, Green, Raw",,16,3.49
170498,"Potatoes, O'Brien, Home-Prepared",,28,3.99
170499,"Shallots, Raw",,5.3,6.99
170500,"Carrot, Dehydrated",,,
170501,"Tomatoes, Crushed, Canned",,28,2.29
170502,"Tomatoes, Orange, Raw",,12,
170503,"Mustard Greens, Cooked, Boiled, Drained, with Salt",,27,2.99
170504,"Mustard Greens, Frozen, Cooked, Boiled, Drained, with Salt",1 ct,,1.49
170505,"Mustard Spinach, (Tendergreen), Cooked, Boiled, Drained, with Salt",,,
170506,"New Zealand Spinach, Cooked, Boiled, Drained, with Salt",,,
170507,"Onions, Frozen, Whole, Cooked, Boiled, Drained, with Salt",,12,1.79
170508,"Parsnips, Cooked, Boiled, Drained, with Salt",,,
170509,"Peas, Edible-Podded, Cooked, Boiled, Drained, with Salt",,102,5.79
170510,"Peas, Edible-Podded, Frozen, Cooked, Boiled, Drained, with Salt",,102,5.79
170511,"Peas, Mature Seeds, Sprouted, Cooked, Boiled, Drained, with Salt",,,
170512,"Peas and Carrots, Canned, No Salt Added, Solids and Liquids",,15,0.89
170513,"Peas and Carrots, Frozen, Cooked, Boiled, Drained, with Salt",,10.75,6.49
170514,"Peas and Onions, Frozen, Cooked, Boiled, Drained, with Salt",,12,2.49
170515,"Peppers, Sweet, Red, Cooked, Boiled, Drained, with Salt",,16,4.99
170516,"Peppers, Sweet, Green, Frozen, Chopped, Cooked, Boiled, Drained, with Salt",,16,4.99
170517,"Pigeonpeas, Immature Seeds, Cooked, Boiled, Drained, with Salt",,,
170518,"Pokeberry Shoots, (Poke), Cooked, Boiled, Drained, with Salt",,,
170519,"Potatoes, Boiled, Cooked in Skin, Skin, with Salt",,16,4.99
170520,"Potatoes, Boiled, Cooked Without Skin, Flesh, with Salt",,16,4.99
170521,"Potatoes, Microwaved, Cooked, in Skin, Flesh and Skin, with Salt",,9,2.69
170522,"Potatoes, Microwaved, Cooked in Skin, Flesh, with Salt",,9,2.69
170523,"Potatoes, French Fried, All Types, Salt Not Added in Processing, Frozen, As Purchased",,32,4.49
170524,"Potatoes, Au Gratin, Home-Prepared From Recipe Using Margarine",2 ct,4,3.69
170525,"Potatoes, Scalloped, Home-Prepared with Margarine",,8,3.69
170526,"Pumpkin, Cooked, Boiled, Drained, with Salt",,29,4.49
170527,"Pumpkin, Canned, with Salt",,15,2.79
170528,"Rutabagas, Cooked, Boiled, Drained, with Salt",1 lb,16,2.49
170529,"Salsify, Cooked, Boiled, Drained, with Salt",,,
170530,"Soybeans, Green, Cooked, Boiled, Drained, with Salt",,,
170531,"Spinach, Cooked, Boiled, Drained, with Salt",,12,1.49
170532,"Squash, Summer, Crookneck and Straightneck, Frozen, Cooked, Boiled, Drained, with Salt",1 lb,16,2.29
170533,"Squash, Summer, Scallop, Cooked, Boiled, Drained, with Salt",1 lb,16,2.29
170534,"Squash, Summer, Zucchini, Includes Skin, Cooked, Boiled, Drained, with Salt",1 lb,16,2.29
170535,"Squash, Summer, Zucchini, Includes Skin, Frozen, Cooked, Boiled, Drained, with Salt",1 lb,16,2.29
170536,"Squash, Winter, Butternut, Frozen, Cooked, Boiled, with Salt",1 lb,16,1.49
170537,"Squash, Winter, Hubbard, Baked, with Salt",,,
170538,"Squash, Winter, Hubbard, Cooked, Boiled, Mashed, with Salt",1 lb,16,1.49
170539,"Squash, Winter, Spaghetti, Cooked, Boiled, Drained, or Baked, with Salt",1 lb,16,1.49
170540,"Succotash, (Corn and Limas), Cooked, Boiled, Drained, with Salt",,,
170541,"Sweet Potato, Cooked, Boiled, Without Skin, with Salt",,5,3.99
170542,"Sweet Potato, Frozen, Cooked, Baked, with Salt",,20,5.99
170543,"Taro, Cooked, with Salt",12 ct,,1.49
170544,"Taro, Leaves, Cooked, Steamed, with Salt",1 lb,16,4.49
170545,"Tomato Juice, Canned, Without Salt Added",6 pk,5.5,3.79
170546,"Tomato Products, Canned, Puree, with Salt Added",,28,2.99
170547,"Turnips, Cooked, Boiled, Drained, with Salt",8 in,,10.99
170548,"Turnips, Frozen, Cooked, Boiled, Drained, with Salt",,18,4.99
170549,"Waxgourd, (Chinese Preserving Melon), Cooked, Boiled, Drained, with Salt",,,
170550,"Winged Bean, Immature Seeds, Cooked, Boiled, Drained, with Salt",,7,5.99
170551,"Yam, Cooked, Boiled, Drained, or Baked, with Salt",,12,8.99
170552,"Seeds, Breadnut Tree Seeds, Raw",,20,3.99
170553,"Seeds, Breadnut Tree Seeds, Dried",,20,3.99
170554,"Seeds, Chia Seeds, Dried",,12,7.99
170555,"Seeds, Cottonseed Flour, Partially Defatted (Glandless)",,16,6.79
170556,"Seeds, Pumpkin and Squash Seed Kernels, Dried",,,
170557,"Seeds, Pumpkin and Squash Seed Kernels, Roasted, Without Salt",,,
170558,"Seeds, Safflower Seed Kernels, Dried",,10,3.79
170559,"Seeds, Safflower Seed Meal, Partially Defatted",,,
170560,"Seeds, Sesame Flour, Low-Fat",,3.75,4.99
170561,"Seeds, Sesame Meal, Partially Defatted",,3.75,4.99
170562,"Seeds, Sunflower Seed Kernels, Dried",,7.25,
170563,"Seeds, Sunflower Seed Kernels, Dry Roasted, Without Salt",,7.25,
170564,"Seeds, Sunflower Seed Kernels, Oil Roasted, Without Salt",,7.25,
170565,"Nuts, Acorns, Dried",9 ct,0.7,7.49
170566,"Nuts, Acorn Flour, Full Fat",,,
170567,"Nuts, Almonds",,32,11.99
170568,"Nuts, Almonds, Blanched",,32,11.99
170569,"Nuts, Brazilnuts, Dried, Unblanched",,12,7.99
170570,"Nuts, Butternuts, Dried",,14,5.00
170571,"Nuts, Cashew Nuts, Dry Roasted, Without Salt Added",,32,15.99
170572,"Nuts, Cashew Nuts, Oil Roasted, Without Salt Added",,32,15.99
170573,"Nuts, Chestnuts, Chinese, Roasted",,10.3,6.49
170574,"Nuts, Chestnuts, European, Raw, Unpeeled",,10.3,6.49
170575,"Nuts, Chestnuts, European, Raw, Peeled",,10.3,6.49
170576,"Nuts, Chestnuts, European, Dried, Unpeeled",,10.3,6.49
170577,"Nuts, Coconut Meat, Dried (Desiccated), Sweetened, Flaked, Packaged",6 ct,,8.79
170578,"Nuts, Coconut Meat, Dried (Desiccated), Sweetened, Flaked, Canned",6 ct,,8.79
170579,"Nuts, Coconut Meat, Dried (Desiccated), Toasted",6 ct,,8.79
170580,"Nuts, Coconut Cream, Raw (Liquid Expressed From Grated Meat)",,8.75,9.49
170581,"Nuts, Hazelnuts or Filberts",,8,4.99
170582,"Nuts, Hazelnuts or Filberts, Blanched",,8,4.99
170583,"Nuts, Hazelnuts or Filberts, Dry Roasted, Without Salt Added",,8,4.99
170584,"Nuts, Ginkgo Nuts, Raw",6 ct,,8.79
170585,"Nuts, Mixed Nuts, Dry Roasted, with Peanuts, Without Salt Added",,16,9.49
170586,"Nuts, Mixed Nuts, Dry Roasted, with Peanuts, Salt Added, Planters Pistachio Blend",,16,9.49
170587,"Nuts, Mixed Nuts, Oil Roasted, with Peanuts, Without Salt Added",,16,9.49
170588,"Nuts, Mixed Nuts, Oil Roasted, Without Peanuts, Without Salt Added",,16,9.49
170589,"Nuts, Pecans, Oil Roasted, Without Salt Added",,12,7.99
170590,"Nuts, Pilinuts, Dried",6 ct,,8.79
170591,"Nuts, Pine Nuts, Dried",,4.5,9.49
170592,"Nuts, Pine Nuts, Pinyon, Dried",,4.5,9.49
170593,"Nuts, Walnuts, Glazed",,12,7.99
170594,"Nuts, Walnuts, Dry Roasted, with Salt Added",,12,7.99
170595,"Seeds, Breadfruit Seeds, Roasted",,20,3.99
170596,"Seeds, Cottonseed Kernels, Roasted (Glandless)",,12,7.99
170597,"Beef, Variety Meats and By-Products, Spleen, Cooked, Braised",,,
170598,"Beef, Variety Meats and By-Products, Tongue, Cooked, Simmered",,,
170599,"Beef, Variety Meats and By-Products, Tripe, Raw",,,
170600,"Beef, Sandwich Steaks, Flaked, Chopped, Formed and Thinly Sliced, Raw",,6.75,2.50
170601,"Beef, Brisket, Flat Half, Separable Lean Only, Trimmed To 0"" Fat, Choice, Cooked, Braised",1 lb,16,6.99
170602,"Beef, Cured, Corned Beef, Canned",,6,10.99
170603,"Beef, Chuck, Under Blade Pot Roast or Steak, Boneless, Separable Lean Only, Trimmed To 0"" Fat, Select, Raw",1 lb,16,12.99
170604,"Beef, Cured, Dried",,6,10.99
170605,"Beef, Chuck, Under Blade Center Steak, Boneless, Denver Cut, Separable Lean Only, Trimmed To 0"" Fat, All Grades, Cooked, Grilled",1 lb,16,12.99
170606,"Sausage, Beef, Cured, Cooked, Smoked",,12,3.29
170607,"Beef, Chopped, Cured, Smoked",,22,2.50
170608,"Beef, Chuck, Under Blade Center Steak, Boneless, Denver Cut, Separable Lean Only, Trimmed To 0"" Fat, Choice, Raw",1 lb,16,12.99
170609,"Beef, Composite of Trimmed Retail Cuts, Separable Lean and Fat, Trimmed To 0"" Fat, All Grades, Cooked",,,
170610,"Beef, Composite of Trimmed Retail Cuts, Separable Lean Only, Trimmed To 0"" Fat, Select, Cooked",,,
170611,"Beef, Brisket, Whole, Separable Lean and Fat, Trimmed To 0"" Fat, All Grades, Cooked, Braised",1 lb,16,6.99
170612,"Beef, Brisket, Whole, Separable Lean Only, Trimmed To 0"" Fat, All Grades, Cooked, Braised",1 lb,16,6.99
170613,"Beef, Brisket, Flat Half, Separable Lean and Fat, Trimmed To 0"" Fat, All Grades, Cooked, Braised",1 lb,16,6.99
170614,"Beef, Chuck, Arm Pot Roast, Separable Lean and Fat, Trimmed To 0"" Fat, Select, Cooked, Braised",1 lb,16,12.99
170615,"Beef, Chuck, Arm Pot Roast, Separable Lean Only, Trimmed To 0"" Fat, Choice, Cooked, Braised",1 lb,16,12.99
170616,"Beef, Chuck, Arm Pot Roast, Separable Lean Only, Trimmed To 0"" Fat, Select, Cooked, Braised",1 lb,16,12.99
170617,"Beef, Chuck, Blade Roast, Separable Lean and Fat, Trimmed To 0"" Fat, All Grades, Cooked, Braised",1 lb,16,12.99
170618,"Beef, Chuck, Under Blade Pot Roast, Boneless, Separable Lean and Fat, Trimmed To 0"" Fat, Choice, Cooked, Braised",1 lb,16,12.99
170619,"Beef, Rib, Large End (Ribs 6-9), Separable Lean and Fat, Trimmed To 0"" Fat, Choice, Cooked, Roasted",1 lb,16,8.99
170620,"Beef, Rib, Large End (Ribs 6-9), Separable Lean and Fat, Trimmed To 0"" Fat, Select, Cooked, Roasted",1 lb,16,8.99
170621,"Beef, Rib, Large End (Ribs 6-9), Separable Lean Only, Trimmed To 0"" Fat, All Grades, Cooked, Roasted",1 lb,16,8.99
170622,"Beef, Rib, Large End (Ribs 6-9), Separable Lean Only, Trimmed To 0"" Fat, Choice, Cooked, Roasted",1 lb,16,8.99
170623,"Beef, Rib, Small End (Ribs 10-12), Separable Lean Only, Trimmed To 0"" Fat, All Grades, Cooked, Broiled",1 lb,16,8.99
170624,"Beef, Rib, Small End (Ribs 10-12), Separable Lean Only, Trimmed To 0"" Fat, Choice, Cooked, Broiled",1 lb,16,8.99
170625,"Beef, Rib, Small End (Ribs 10-12), Separable Lean Only, Trimmed To 0"" Fat, Select, Cooked, Broiled",1 lb,16,8.99
170626,"Beef, Round, Bottom Round, Steak, Separable Lean and Fat, Trimmed To 0"" Fat, All Grades, Cooked, Braised",1 lb,16,11.99
170627,"Beef, Round, Bottom Round, Roast, Separable Lean and Fat, Trimmed To 0"" Fat, Select, Cooked, Roasted",1 lb,16,11.99
170628,"Beef, Round, Bottom Round, Steak, Separable Lean Only, Trimmed To 0"" Fat, All Grades, Cooked, Braised",1 lb,16,11.99
170629,"Beef, Round, Bottom Round, Roast, Separable Lean Only, Trimmed To 0"" Fat, All Grades, Cooked, Roasted",1 lb,16,11.99
170630,"Beef, Round, Bottom Round, Steak, Separable Lean Only, Trimmed To 0"" Fat, Choice, Cooked, Braised",1 lb,16,11.99
170631,"Beef, Round, Bottom Round, Roast, Separable Lean Only, Trimmed To 0"" Fat, Choice, Cooked, Roasted",1 lb,16,11.99
170632,"Beef, Round, Eye of Round Roast, Boneless, Separable Lean and Fat, Trimmed To 0"" Fat, Select, Cooked, Roasted",1 lb,16,11.99
170633,"Beef, Round, Eye of Round Roast, Boneless, Separable Lean Only, Trimmed To 0"" Fat, All Grades, Cooked, Roasted",1 lb,16,11.99
170634,"Beef, Round, Eye of Round Roast, Boneless, Separable Lean Only, Trimmed To 0"" Fat, Choice, Cooked, Roasted",1 lb,16,11.99
170635,"Beef, Round, Eye of Round Roast, Boneless, Separable Lean Only, Trimmed To 0"" Fat, Select, Cooked, Roasted",1 lb,16,11.99
170636,"Beef, Round, Tip Round, Roast, Separable Lean Only, Trimmed To 0"" Fat, Choice, Cooked, Roasted",1 lb,16,11.99
170637,"Beef, Round, Tip Round, Roast, Separable Lean Only, Trimmed To 0"" Fat, Select, Cooked, Roasted",1 lb,16,11.99
170638,"Beef, Round, Top Round, Separable Lean and Fat, Trimmed To 0"" Fat, All Grades, Cooked, Braised",1 lb,16,11.99
170639,"Beef, Round, Top Round, Separable Lean and Fat, Trimmed To 0"" Fat, Choice, Cooked, Braised",1 lb,16,11.99
170640,"Beef, Loin, Tenderloin Steak, Boneless, Separable Lean and Fat, Trimmed To 0"" Fat, Select, Cooked, Grilled",,23,9.99
170641,"Beef, Loin, Tenderloin Steak, Boneless, Separable Lean Only, Trimmed To 0"" Fat, All Grades, Cooked, Grilled",,23,9.99
170642,"Beef, Loin, Tenderloin Steak, Boneless, Separable Lean Only, Trimmed To 0"" Fat, Choice, Cooked, Grilled",,23,9.99
170643,"Beef, Loin, Tenderloin Steak, Boneless, Separable Lean Only, Trimmed To 0"" Fat, Select, Cooked, Grilled",,23,9.99
170644,"Puddings, Vanilla, Dry Mix, Regular, with Added Oil",,5.1,2.49
170645,"Jams and Preserves, Apricot",,13,7.29
170646,"Syrups, Table Blends, Pancake, with 2% Maple, with Added Potassium",24 oza,,4.79
170647,"Snacks, Corn Cakes, Very Low Sodium",,,
170648,"Snacks, Potato Chips, Plain, Made with Partially Hydrogenated Soybean Oil, Unsalted",,5.5,2.49
170649,"Snacks, Potato Chips, Plain, Unsalted",,5.5,2.49
170650,"Snacks, Pretzels, Hard, Plain, Made with Unenriched Flour, Salted",,5,3.99
170651,"Snacks, Pretzels, Hard, Plain, Made with Unenriched Flour, Unsalted",,5,3.99
170652,"Snacks, Rice Cakes, Brown Rice, Sesame Seed, Unsalted",,3,2.59
170653,"Snacks, Sesame Sticks, Wheat-Based, Unsalted",,9,5.49
170654,"Snacks, Trail Mix, Regular, Unsalted",,16,8.99
170655,"Snacks, Trail Mix, Regular, with Chocolate Chips, Unsalted Nuts and Seeds",,4,4.99
170656,"Candies, Sugar-Coated Almonds",,16,8.99
170657,"Cocoa, Dry Powder, Hi-Fat or Breakfast, Processed with Alkali",,,
170658,"Candies, Soft Fruit and Nut Squares",,4,4.99
170659,"Ice Creams, Vanilla, Fat Free",,48,2.99
170660,"Ice Creams, Breyers, All Natural Light French Vanilla",,48,5.49
170661,"Ice Creams, Breyers, 98% Fat Free Vanilla",,48,5.49
170662,"Ice Creams, Breyers, All Natural Light Vanilla Chocolate Strawberry",,48,5.49
170663,"Ice Creams, Breyers, All Natural Light Mint Chocolate Chip",,48,5.49
170664,"Ice Creams, Breyers, No Sugar Added, Vanilla Chocolate Strawberry",,48,5.49
170665,"Frozen Novelties, Klondike, Slim-A-Bear Chocolate Cone",,4.5,4.59
170666,"Frozen Novelties, Klondike, Slim-A-Bear Vanilla Sandwich",,,
170667,"Frozen Novelties, Klondike, Slim-A-Bear, No Sugar Added, Stickless Bar",,4.5,4.59
170668,"Ice Creams, Breyers, No Sugar Added, Chocolate Caramel",,48,5.49
170669,"Candies, Reese'S Fast Break, Milk Chocolate, Peanut Butter, Soft Nougats, Candy Bar",,3.5,3.29
170670,"Candies, Mars Snackfood Us, Cocoavia Chocolate Covered Almonds",,,
170671,"Ice Creams, Regular, Low Carbohydrate, Vanilla",,,
170672,"Sweeteners, for Baking, Brown, Contains Sugar and Sucralose",1 lb,16,5.99
170673,"Sweeteners, for Baking, Contains Sugar and Sucralose",1 lb,16,5.99
170674,"Sugar, Turbinado",,32,5.49
170675,"Sweeteners, Sugar Substitute, Granulated, Brown",250 ct,,4.79
170676,"Candies, M&M Mars 3 Musketeers Truffle Crisp",,,
170677,"Syrups, Chocolate, Hershey'S Sugar Free, Genuine Chocolate Flavored, Lite Syrup",,24,2.79
170678,"Candies, M&M Mars Pretzel Chocolate Candies",,,
170679,"Sweetener, Herbal Extract Powder From Stevia Leaf",,16,8.49
170680,"Candies, Hersheys, Payday Bar",,10.4,6.49
170681,"Syrup, Nestle, Chocolate",,18,9.49
170682,"Amaranth Grain, Uncooked",,,
170683,"Amaranth Grain, Cooked",,,
170684,Arrowroot Flour,,16,7.79
170685,"Buckwheat Groats, Roasted, Dry",,,
170686,"Buckwheat Groats, Roasted, Cooked",,,
170687,"Buckwheat Flour, Whole-Groat",,,
170688,"Bulgur, Dry",,16,9.99
170689,"Fast Foods, Taco with Beef, Cheese and Lettuce, Hard Shell",20 ct,20,7.29
170690,"Fast Foods, Cheeseburger; Single, Regular Patty; Plain",,9.5,3.29
170691,"Fast Foods, Cheeseburger; Single, Regular Patty, with Condiments",,,
170692,"Fast Foods, Cheeseburger; Single, Regular Patty, with Condiments and Vegetables",,,
170693,"Fast Foods, Hamburger; Single, Regular Patty; Plain",,24,2.69
170694,"Fast Foods, Hamburger; Single, Regular Patty; with Condiments",,24,2.69
170695,"Fast Foods, Roast Beef Sandwich, Plain",,9,4.29
170696,"Fast Foods, Submarine Sandwich, Cold Cut on White Bread with Lettuce and Tomato",,7.39,6.00
170697,"Fast Foods, Onion Rings, Breaded and Fried",4 lb,64,8.99
170698,"Fast Foods, Potato, French Fried in Vegetable Oil",4 lb,64,8.99
170699,"Fast Foods, Potato, Mashed",4 lb,64,8.99
170700,"Burger King, Vanilla Shake",$0.10 removed at pickup,,0.10
170701,"School Lunch, Pizza, Big Daddy'S Ls 16"" 51% Whole Grain Rolled Edge Turkey Pepperoni Pizza, Frozen",,10.2,2.00
170702,"School Lunch, Pizza, Tony'S Smartpizza Whole Grain 4X6 Cheese Pizza 50/50 Cheese, Frozen",,10.2,2.00
170703,"School Lunch, Pizza, Tony'S Smartpizza Whole Grain 4X6 Pepperoni Pizza 50/50 Cheese, Frozen",,,
170704,"School Lunch, Pizza, Tony'S Breakfast Pizza Sausage, Frozen",,10.2,2.00
170705,"Subway, Sweet Onion Chicken Teriyaki Sub on White Bread with Lettuce, Tomato and Sweet Onion Sauce",,,
170706,"Fast Foods, Submarine Sandwich, Turkey Breast on White Bread with Lettuce and Tomato",,7.39,6.00
170707,"Fast Foods, Submarine Sandwich, Ham on White Bread with Lettuce and Tomato",,,
170708,"Subway, Meatball Marinara Sub on White Bread (No Toppings)",,,
170709,"Fast Foods, Submarine Sandwich, Meatball Marinara on White Bread",,7.39,6.00
170710,"Fast Foods, Hamburger, Large, Single Patty, with Condiments",,24,2.69
170711,"Subway, Turkey Breast Sub on White Bread with Lettuce and Tomato",,,
170712,"Subway, Black Forest Ham Sub on White Bread with Lettuce and Tomato",,,
170713,"Subway, Roast Beef Sub on White Bread with Lettuce and Tomato",,,
170714,"Pizza, Cheese Topping, Rising Crust, Frozen, Cooked",,31.85,5.99
170715,"Pizza, Meat and Vegetable Topping, Regular Crust, Frozen, Cooked",,,
170716,"Pizza, Meat and Vegetable Topping, Rising Crust, Frozen, Cooked",,6,2.99
170717,"Mcdonald'S, Hamburger",$0.10 removed at pickup,,0.10
170718,"Fast Foods, Chicken, Breaded and Fried, Boneless Pieces, Plain",,,
170719,"Mcdonald'S, Quarter Pounder with Cheese",,,
170720,"Mcdonald'S, Big Mac",$0.10 removed at pickup,,0.10
170721,"Mcdonald'S, French Fries",,32,3.69
170722,"Wendy'S, Classic Single Hamburger, No Cheese",,2.5,1.99
170723,"Wendy'S, Homestyle Chicken Fillet Sandwich",,22,7.99
170724,"Wendy'S, Ultimate Chicken Grill Sandwich",,,
170725,"Wendy'S, Chicken Nuggets",,29,6.29
170726,"Wendy'S, French Fries",,,
170727,"Burger King, Whopper, No Cheese",1 ct,,0.10
170728,"Burger King, Whopper, with Cheese",1 ct,,0.10
170729,"Burger King, Double Whopper, No Cheese",,,
170730,"Burger King, Double Whopper, with Cheese",,,
170731,"Burger King, Chicken Strips",,,
170732,"Taco Bell, Soft Taco with Chicken, Cheese and Lettuce",,,
170733,"Taco Bell, Soft Taco with Steak",,,
170734,"Taco Bell, Bean Burrito",,1,0.50
170735,"Taco Bell, Burrito Supreme with Beef",,1,0.50
170736,"Taco Bell, Taco Salad",,7.5,2.49
170737,"Kfc, Popcorn Chicken",,,
170738,"Kfc, Fried Chicken, Original Recipe, Skin and Breading",,,
170739,"Kfc, Fried Chicken, Original Recipe, Breast, Meat Only, Skin and Breading Removed",14. 5 oz,,10.99
170740,"Kfc, Fried Chicken, Original Recipe, Drumstick, Meat Only, Skin and Breading Removed",,,
170741,"Kfc, Fried Chicken, Original Recipe, Thigh, Meat Only, Skin and Breading Removed",14. 5 oz,,10.99
170742,"Kfc, Fried Chicken, Extra Crispy, Thigh, Meat Only, Skin and Breading Removed",14. 5 oz,,10.99
170743,"Kfc, Fried Chicken, Extra Crispy, Wing, Meat Only, Skin and Breading Removed",14. 5 oz,,10.99
170744,"Kfc, Fried Chicken, Original Recipe, Breast, Meat and Skin with Breading",14. 5 oz,,10.99
170745,"Kfc, Fried Chicken, Original Recipe, Drumstick, Meat and Skin with Breading",,,
170746,"Kfc, Fried Chicken, Extra Crispy, Thigh, Meat and Skin with Breading",14. 5 oz,,10.99
170747,"Kfc, Fried Chicken, Extra Crispy, Wing, Meat and Skin with Breading",14. 5 oz,,10.99
170748,"Popeyes, Fried Chicken, Mild, Breast, Meat Only, Skin and Breading Removed",,,
170749,"Popeyes, Fried Chicken, Mild, Drumstick, Meat Only, Skin and Breading Removed",,8.875,3.79
170750,"Popeyes, Fried Chicken, Mild, Thigh, Meat and Skin with Breading",,8.875,3.79
170751,"Popeyes, Fried Chicken, Mild, Wing, Meat and Skin with Breading",,,
170752,"Fast Foods, Grilled Chicken, Bacon and Tomato Club Sandwich, with Cheese, Lettuce, and Mayonnaise",,1.76,0.79
170753,"Fast Foods, Crispy Chicken, Bacon, and Tomato Club Sandwich, with Cheese, Lettuce, and Mayonnaise",,,
170754,"Fast Foods, Fried Chicken, Wing, Meat Only, Skin and Breading Removed",,16,10.99
170755,"Fast Foods, Fried Chicken, Skin and Breading From All Pieces",,,
170756,"Fast Foods, Fried Chicken, Breast, Meat and Skin and Breading",,,
170757,"Fast Foods, Fried Chicken, Drumstick, Meat and Skin with Breading",,,
170758,"Digiorno Pizza, Cheese Topping, Thin Crispy Crust, Frozen, Baked",,,
170759,"Digiorno Pizza, Pepperoni Topping, Cheese Stuffed Crust, Frozen, Baked",,22.2,6.99
170760,"Digiorno Pizza, Pepperoni Topping, Rising Crust, Frozen, Baked",,22.2,6.99
170761,"Digiorno Pizza, Pepperoni Topping, Thin Crispy Crust, Frozen, Baked",,,
170762,"Fast Food, Pizza Chain, 14"" Pizza, Pepperoni Topping, Thin Crust",,,
170763,"Fast Foods, Taco with Beef, Cheese and Lettuce, Soft",20 ct,20,7.29
170764,"Fast Foods, Taco with Chicken, Lettuce and Cheese, Soft",20 ct,20,7.29
170765,"Fast Foods, Quesadilla, with Chicken",,,
170766,"Domino'S 14"" Sausage Pizza, Classic Hand-Tossed Crust",,28.4,9.49
170767,"Domino'S 14"" Sausage Pizza, Ultimate Deep Dish Crust",,,
170768,"Pizza Hut 14"" Sausage Pizza, Thin 'N Crispy Crust",,,
170769,"Pizza Hut 14"" Sausage Pizza, Hand-Tossed Crust",,,
170770,"Wend'Ys, Crispy Chicken Sandwich",,,
170771,"Burger King, Onion Rings",,,
170772,"Wendy'S, Dave'S Hot 'N Juicy 1/4 Lb, Single",,,
170773,"Fast Food, Pizza Chain, 14"" Pizza, Cheese Topping, Stuffed Crust",,,
170774,"Pizza Hut 14"" Cheese Pizza, Stuffed Crust",,22,11.99
170775,"Fast Foods, Strawberry Banana Smoothie Made with Ice and Low-Fat Yogurt",,,
170776,"Mcdonald'S, Southern Style Chicken Biscuit",,,
170777,"Mcdonald'S, Ranch Snack Wrap, Crispy",,,
170778,"Mcdonald'S, Ranch Snack Wrap, Grilled",,,
170779,"School Lunch, Pizza, Cheese Topping, Thick Crust, Whole Grain, Frozen, Cooked",,10.2,2.00
170780,"School Lunch, Pizza, Pepperoni Topping, Thin Crust, Whole Grain, Frozen, Cooked",,,
170781,"School Lunch, Pizza, Pepperoni Topping, Thick Crust, Whole Grain, Frozen, Cooked",,10.2,2.00
170782,"School Lunch, Pizza, Sausage Topping, Thin Crust, Whole Grain, Frozen, Cooked",,10.2,2.00
170783,"Beef, Chuck, Short Ribs, Boneless, Separable Lean Only, Trimmed To 0"" Fat, Choice, Raw",1 lb,16,12.99
170784,"Wendy'S, Double Stack, with Cheese",,,
170785,"Fast Foods, Crispy Chicken in Tortilla, with Lettuce, Cheese, and Ranch Sauce",,16.3,4.49
170786,"Fast Foods, Grilled Chicken in Tortilla, with Lettuce, Cheese, and Ranch Sauce",,18.6,2.99
170787,"Fast Foods, Breakfast Burrito, with Egg, Cheese, and Sausage",,17,7.49
170788,"Fast Foods, Breadstick, Soft, Prepared with Garlic and Parmesan Cheese",,,
170789,"Pizza Hut, Breadstick, Parmesan Garlic",,17.1,9.99
170790,"Chick-Fil-A, Chicken Sandwich",,16,4.79
170791,"Arby'S, Roast Beef Sandwich, Classic",,9,4.29
170792,"School Lunch, Pizza, Cheese Topping, Thin Crust, Whole Grain, Frozen, Cooked",,10.2,2.00
170793,"School Lunch, Pizza, Sausage Topping, Thick Crust, Whole Grain, Frozen, Cooked",,10.2,2.00
170794,"School Lunch, Chicken Patty, Whole Grain Breaded",,,
170795,"School Lunch, Chicken Nuggets, Whole Grain Breaded",,17.5,9.79
170796,"Beef, Chuck, Short Ribs, Boneless, Separable Lean Only, Trimmed To 0"" Fat, All Grades, Raw",1 lb,16,12.99
170797,"Beef, Chuck Eye Country-Style Ribs, Boneless, Separable Lean Only, Trimmed To 0"" Fat, Choice, Cooked, Braised",1 lb,16,8.99
170798,"Beef, Chuck Eye Country-Style Ribs, Boneless, Separable Lean Only, Trimmed To 0"" Fat, Select, Cooked, Braised",,,
170799,"Beef, Chuck Eye Country-Style Ribs, Boneless, Separable Lean Only, Trimmed To 0"" Fat, All Grades, Cooked, Braised",1 lb,16,8.99
170800,"Beef, Chuck Eye Country-Style Ribs, Boneless, Separable Lean Only, Trimmed To 0"" Fat, Choice, Raw",1 lb,16,8.99
170801,"Beef, Chuck Eye Steak, Boneless, Separable Lean Only, Trimmed To 0"" Fat, All Grades, Cooked, Grilled",1 lb,16,12.99
170802,"Beef, Chuck Eye Steak, Boneless, Separable Lean Only, Trimmed To 0"" Fat, Choice, Raw",1 lb,16,12.99
170803,"Beef, Chuck Eye Steak, Boneless, Separable Lean Only, Trimmed To 0"" Fat, Select, Raw",1 lb,16,12.99
170804,"Beef, Chuck Eye Steak, Boneless, Separable Lean Only, Trimmed To 0"" Fat, All Grades, Raw",1 lb,16,12.99
170805,"Beef, Chuck, Mock Tender Steak, Boneless, Separable Lean Only, Trimmed To 0"" Fat, Select, Cooked, Braised",1 lb,16,12.99
170806,"Beef, Chuck, Mock Tender Steak, Boneless, Separable Lean Only, Trimmed To 0"" Fat, All Grades, Cooked, Braised",1 lb,16,12.99
170807,"Beef, Chuck, Mock Tender Steak, Boneless, Separable Lean Only, Trimmed To 0"" Fat, Choice, Raw",1 lb,16,12.99
170808,"Beef, Chuck, Mock Tender Steak, Boneless, Separable Lean Only, Trimmed To 0"" Fat, Select, Raw",1 lb,16,12.99
170809,"Beef, Chuck for Stew, Separable Lean and Fat, Select, Raw",0.8 - 3.8 lbs,,
170810,"Beef, Chuck for Stew, Separable Lean and Fat, Choice, Raw",0.8 - 3.8 lbs,,
170811,"Beef, Chuck, Under Blade Steak, Boneless, Separable Lean Only, Trimmed To 0"" Fat, Choice, Cooked, Braised",1 lb,16,12.99
170812,"Beef, Chuck, Under Blade Steak, Boneless, Separable Lean Only, Trimmed To 0"" Fat, Select, Cooked, Braised",1 lb,16,12.99
170813,"Beef, Chuck, Under Blade Pot Roast or Steak, Boneless, Separable Lean and Fat, Trimmed To 0"" Fat, All Grades, Raw",1 lb,16,12.99
170814,"Beef, Chuck, Under Blade Pot Roast or Steak, Boneless, Separable Lean and Fat, Trimmed To 0"" Fat, Choice, Raw",1 lb,16,12.99
170815,"Beef, Chuck, Under Blade Pot Roast or Steak, Boneless, Separable Lean and Fat, Trimmed To 0"" Fat, Select, Raw",1 lb,16,12.99
170816,"Beef, Chuck, Under Blade Center Steak, Boneless, Denver Cut, Separable Lean and Fat, Trimmed To 0"" Fat, All Grades, Cooked, Grilled",1 lb,16,12.99
170817,"Beef, Chuck, Under Blade Center Steak, Boneless, Denver Cut, Separable Lean and Fat, Trimmed To 0"" Fat, Select, Raw",1 lb,16,12.99
170818,"Beef, Shoulder Pot Roast or Steak, Boneless, Separable Lean and Fat, Trimmed To 0"" Fat, Choice, Raw",,,
170819,"Beef, Shoulder Pot Roast or Steak, Boneless, Separable Lean and Fat, Trimmed To 0"" Fat, Select, Raw",,,
170820,"Beef, Chuck Eye Roast, Boneless, America'S Beef Roast, Separable Lean and Fat, Trimmed To 0"" Fat, All Grades, Cooked, Roasted",1 lb,16,12.99
170821,"Beef, Chuck, Mock Tender Steak, Boneless, Separable Lean and Fat, Trimmed To 0"" Fat, All Grades, Cooked, Braised",1 lb,16,12.99
170822,"Beef, Chuck, Mock Tender Steak, Boneless, Separable Lean and Fat, Trimmed To 0"" Fat, Choice, Cooked, Braised",1 lb,16,12.99
170823,"Beef, Chuck, Mock Tender Steak, Boneless, Separable Lean and Fat, Trimmed To 0"" Fat, Select, Cooked, Braised",1 lb,16,12.99
170824,"Beef, Chuck, Mock Tender Steak, Boneless, Separable Lean and Fat, Trimmed To 0"" Fat, All Grades, Raw",1 lb,16,12.99
170825,"Beef, Chuck, Short Ribs, Boneless, Separable Lean and Fat, Trimmed To 0"" Fat, Select, Cooked, Braised",1 lb,16,12.99
170826,"Beef, Chuck, Short Ribs, Boneless, Separable Lean and Fat, Trimmed To 0"" Fat, All Grades, Raw",1 lb,16,12.99
170827,"Beef, Chuck, Short Ribs, Boneless, Separable Lean and Fat, Trimmed To 0"" Fat, Choice, Raw",1 lb,16,12.99
170828,"Beef, Chuck, Short Ribs, Boneless, Separable Lean and Fat, Trimmed To 0"" Fat, Select, Raw",1 lb,16,12.99
170829,"Beef, Chuck Eye Country-Style Ribs, Boneless, Separable Lean and Fat, Trimmed To 0"" Fat, Choice, Cooked, Braised",,,
170830,"Beef, Chuck Eye Country-Style Ribs, Boneless, Separable Lean and Fat, Trimmed To 0"" Fat, Select, Cooked, Braised",1 lb,16,8.99
170831,"Beef, Chuck Eye Country-Style Ribs, Boneless, Separable Lean and Fat, Trimmed To 0"" Fat, All Grades, Raw",,,
170832,"Beef, Chuck Eye Country-Style Ribs, Boneless, Separable Lean and Fat, Trimmed To 0"" Fat, Choice, Raw",1 lb,16,8.99
170833,"Beef, Chuck Eye Country-Style Ribs, Boneless, Separable Lean and Fat, Trimmed To 0"" Fat, Select, Raw",,,
170834,"Beef, Chuck Eye Steak, Boneless, Separable Lean and Fat, Trimmed To 0"" Fat, Choice, Raw",1 lb,16,12.99
170835,"Beef, Chuck Eye Steak, Boneless, Separable Lean and Fat, Trimmed To 0"" Fat, Select, Raw",1 lb,16,12.99
170836,"Beef, Rib Eye Roast, Bone-In, Lip-On, Separable Lean Only, Trimmed To 1/8"" Fat, All Grades, Cooked, Roasted",,,
170837,"Beef, Rib Eye Roast, Bone-In, Lip-On, Separable Lean Only, Trimmed To 1/8"" Fat, Select, Cooked, Roasted",1 lb,16,7.99
170838,"Beef, Rib Eye Steak/Roast, Bone-In, Lip-On, Separable Lean Only, Trimmed To 1/8"" Fat, Select, Raw",1 lb,16,21.99
170839,"Beef, Rib Eye Steak/Roast, Boneless, Lip-On, Separable Lean Only, Trimmed To 1/8"" Fat, All Grades, Raw",1 lb,16,21.99
170840,"Beef, Rib Eye Steak/Roast, Boneless, Lip-On, Separable Lean Only, Trimmed To 1/8"" Fat, Choice, Raw",1 lb,16,21.99
170841,"Beef, Rib Eye Steak/Roast, Boneless, Lip-On, Separable Lean Only, Trimmed To 1/8"" Fat, Select, Raw",1 lb,16,21.99
170842,"Beef, Rib Eye Roast, Boneless, Lip-On, Separable Lean Only, Trimmed To 1/8"" Fat, Choice, Cooked, Roasted",1 lb,16,7.99
170843,"Cheese, Fontina",1 lb,16,18.99
170844,"Cheese, Monterey",,16,3.99
170845,"Cheese, Mozzarella, Whole Milk",,8,2.49
170846,"Cheese, Mozzarella, Whole Milk, Low Moisture",,8,2.49
170847,"Cheese, Mozzarella, Part Skim Milk",,8,2.49
170848,"Cheese, Parmesan, Hard",,8,5.99
170849,"Cheese, Port De Salut",1 lb,16,21.99
170850,"Cheese, Provolone",1 lb,16,9.99
170851,"Cheese, Ricotta, Whole Milk",,15,2.99
170852,"Cheese, Tilsit",,,
170853,"Cheese, Pasteurized Process, American, Fortified with Vitamin D",,5,4.19
170854,"Cheese, Pasteurized Process, Pimento",,5,4.19
170855,"Cheese, Pasteurized Process, Swiss",,5,4.19
170856,"Cheese Food, Cold Pack, American",,5,5.49
170857,"Cream, Fluid, Light (Coffee Cream or Table Cream)",12 fluid ounces,,5.49
170858,"Cream, Fluid, Light Whipping",12 fluid ounces,,5.49
170859,"Cream, Fluid, Heavy Whipping",12 fluid ounces,,5.49
170860,"Cream, Whipped, Cream Topping, Pressurized",,13,4.19
170861,"Milk, Filled, Fluid, with Blend of Hydrogenated Vegetable Oils",,8.6,4.79
170862,"Milk, Filled, Fluid, with Lauric Acid Oil",,8.6,4.79
170863,"Cheese, American, Nonfat or Fat Free",16 slices,12,2.89
170864,"Yogurt, Greek, 2% Fat, Apricot, Chobani",,32,4.99
170865,"Dessert Topping, Powdered",,12,2.69
170866,"Dessert Topping, Powdered, 1.5 Ounce Prepared with 1/2 Cup Milk",,,
170867,"Dessert Topping, Pressurized",,,
170868,"Dessert Topping, Semi Solid, Frozen",,12,2.69
170869,"Sour Cream, Imitation, Cultured",,8,1.25
170870,"Milk, Reduced Fat, Fluid, 2% Milkfat, with Added Nonfat Milk Solids and Vitamin a and Vitamin D",1 / 2 gal,,4.99
170871,"Milk, Reduced Fat, Fluid, 2% Milkfat, Protein Fortified, with Added Vitamin a and Vitamin D",1 / 2 gal,,4.99
170872,"Milk, Lowfat, Fluid, 1% Milkfat, with Added Vitamin a and Vitamin D",1 / 2 gal,,1.69
170873,"Milk, Lowfat, Fluid, 1% Milkfat, with Added Nonfat Milk Solids, Vitamin a and Vitamin D",1 / 2 gal,,1.69
170874,"Milk, Buttermilk, Fluid, Cultured, Lowfat",1 pt,,1.19
170875,"Milk, Low Sodium, Fluid",,5,1.79
170876,"Milk, Dry, Whole, with Added Vitamin D",,12,2.69
170877,"Milk, Dry, Nonfat, Regular, Without Added Vitamin a and Vitamin D",,12,2.69
170878,"Milk, Canned, Evaporated, Nonfat, with Added Vitamin a and Vitamin D",,17,3.49
170879,"Milk, Chocolate, Fluid, Commercial, Whole, with Added Vitamin a and Vitamin D",1 / 2 gal,,2.59
170880,"Milk, Chocolate, Fluid, Commercial, Reduced Fat, with Added Vitamin a and Vitamin D",1 / 2 gal,,2.59
170881,"Milk, Chocolate, Lowfat, with Added Vitamin a and Vitamin D",1 / 2 gal,,2.59
170882,"Milk, Sheep, Fluid",,4,6.99
170883,"Milk Shakes, Thick Chocolate",4 ct,11,9.49
170884,"Milk Shakes, Thick Vanilla",,14,4.29
170885,"Whey, Acid, Fluid",,27.8,23.99
170886,"Yogurt, Plain, Low Fat",,5.3,1.50
170887,"Yogurt, Plain, Skim Milk",,5.3,1.50
170888,"Yogurt, Vanilla, Low Fat",,32,3.39
170889,"Yogurt, Fruit, Low Fat,9 G Protein/8 Oz",8 ct,0.7,3.29
170890,"Milk Dessert Bar, Frozen, Made From Lowfat Milk",3 ct,8.67,5.99
170891,"Yogurt, Greek, 2% Fat,Mixed Berry Blend, Chobani",,32,4.99
170892,"Nutritional Supplement for People with Diabetes, Liquid",6 ct,8,9.99
170893,"Egg, Whole, Raw, Frozen, Salted, Pasteurized",1 / 2 gal,,5.99
170894,"Yogurt, Greek, Plain, Nonfat (Includes Foods for Usda'S Food Distribution Program)",,32,4.99
170895,"Egg, White, Dried, Stabilized, Glucose Reduced",,4.6,4.79
170896,"Cheese Spread, American or Cheddar Cheese Base, Reduced Fat",30 slices,10,5.99
170897,"Cheese, Swiss, Nonfat or Fat Free",16 slices,12,4.49
170898,"Cheese, Mexican, Queso Cotija",,8,3.79
170899,"Cheese, Cheddar, Sharp, Sliced",,8,2.49
170900,"Cheese, Mozzarella, Low Moisture, Part-Skim, Shredded",,8,2.49
170901,"Yogurt, Greek, Strawberry, Nonfat",,32,4.99
170902,"Yogurt, Greek, Vanilla, Nonfat",,32,4.99
170903,"Yogurt, Greek, Plain, Lowfat",,32,4.99
170904,"Kefir, Lowfat, Plain, Lifeway",,8,1.49
170905,"Yogurt, Greek, Fruit, Whole Milk",,32,4.99
170906,"Yogurt, Vanilla, Non-Fat",,32,3.39
170907,"Yogurt, Greek, Vanilla, Lowfat",,32,4.99
170908,"Yogurt, Frozen, Flavors Other Than Chocolate, Lowfat",4 ct,,4.49
170909,"Yogurt, Greek, 2% Fat, Pineapple, Chobani",,32,4.99
170910,"Milk, Chocolate, Lowfat, Reduced Sugar",1 / 2 gal,,2.59
170911,"Ice Cream, Lowfat, No Sugar Added, Cone, Added Peanuts and Chocolate Sauce",,16,2.29
170912,"Yogurt, Greek, 2% Fat, Strawberry Banana, Chobani",,32,4.99
170913,"Yogurt, Greek, Nonfat, Fruit on Bottom, Pomegranate, Chobani",,32,4.99
170914,"Yogurt, Greek, Blueberry, Chobani",,32,4.99
170915,"Yogurt, Greek, Nonfat, Fruit on Bottom, Strawberry, Chobani",,32,4.99
170916,"Yogurt, Greek, Nonfat, Fruit on Bottom, Blackberry, Chobani",,32,4.99
170917,"Spices, Bay Leaf",,0.13,2.49
170918,"Spices, Caraway Seed",,0.28,3.49
170919,"Spices, Cardamom",,2.01,6.99
170920,"Spices, Celery Seed",,1.87,2.99
170921,"Spices, Coriander Leaf, Dried",,1.48,3.99
170922,"Spices, Coriander Seed",,1.25,4.49
170923,"Spices, Cumin Seed",,1.9,8.49
170924,"Spices, Curry Powder",,1.62,3.99
170925,"Spices, Dill Seed",,0.48,4.49
170926,"Spices, Ginger, Ground",,1.41,3.99
170927,"Spices, Mace, Ground",,33.4,10.49
170928,"Spices, Marjoram, Dried",,0.37,8.49
170929,"Spices, Mustard Seed, Ground",,2.62,2.49
170930,"Spices, Parsley, Dried",,0.28,3.49
170931,"Spices, Pepper, Black",,1,2.79
170932,"Spices, Pepper, Red or Cayenne",,1,2.79
170933,"Spices, Pepper, White",,1,2.79
170934,"Spices, Saffron",,16,7.99
170935,"Spices, Sage, Ground",,0.8,8.49
170936,"Spices, Savory, Ground",,1.3,3.39
170937,"Spices, Tarragon, Dried",,0.5,7.99
170938,"Spices, Thyme, Dried",,0.63,3.99
170939,"Babyfood, Vegetables, Peas, Strained",16 ct,4,24.99
170940,"Babyfood, Peas, Dices, Toddler",,4,3.79
170941,"Babyfood, Vegetables, Spinach, Creamed, Strained",16 ct,4,24.99
170942,"Babyfood, Fruit, Apricot with Tapioca, Junior",16 ct,4,19.99
170943,"Babyfood, Fruit, Pears, Junior",16 ct,4,19.99
170944,"Babyfood, Fruit, Plums with Tapioca, Without Ascorbic Acid, Strained",,4,1.39
170945,"Babyfood, Fruit, Plums with Tapioca, Without Ascorbic Acid, Junior",,4,1.39
170946,"Babyfood, Fruit, Prunes with Tapioca, Without Ascorbic Acid, Strained",,4,1.39
170947,"Babyfood, Fruit, Applesauce and Apricots, Strained",16 ct,4,19.99
170948,"Babyfood, Fruit, Applesauce and Apricots, Junior",,4,1.39
170949,"Babyfood, Fruit, Applesauce and Cherries, Strained",,4,1.39
170950,"Babyfood, Fruit, Applesauce and Cherries, Junior",,4,1.39
170951,"Babyfood, Fruit, Applesauce with Banana, Junior",16 ct,4,19.99
170952,"Babyfood, Fruit and Vegetable, Apple and Sweet Potato",,3.5,1.79
170953,"Babyfood, Fruit, Bananas and Pineapple with Tapioca, Junior",,4,1.39
170954,"Babyfood, Fruit, Bananas and Pineapple with Tapioca, Strained",16 ct,4,19.99
170955,"Babyfood, Fruit, Pears and Pineapple, Strained",,4,1.39
170956,"Babyfood, Fruit, Bananas with Apples and Pears, Strained",16 ct,4,19.99
170957,"Babyfood, Fruit, Apple and Blueberry, Strained",16 ct,4,19.99
170958,"Babyfood, Fruit, Apple and Blueberry, Junior",16 ct,4,19.99
170959,"Babyfood, Juice, Apple",,4,3.99
170960,"Babyfood, Juice, Orange and Apple and Banana",,4,3.99
170961,"Babyfood, Juice, Orange and Apricot",,4,3.99
170962,"Babyfood, Juice, Orange and Banana",,4,3.99
170963,"Babyfood, Juice, Orange and Pineapple",,4,3.99
170964,"Babyfood, Cereal, Mixed, Dry Fortified",,8,4.99
170965,"Babyfood, Cereal, Mixed, with Bananas, Dry",,8,4.99
170966,"Babyfood, Cereal, Mixed, with Applesauce and Bananas, Strained",,8,4.99
170967,"Babyfood, Cereal, Mixed, with Applesauce and Bananas, Junior, Fortified",,8,4.99
170968,"Babyfood, Cereal, Oatmeal, with Honey, Dry",,8,4.99
170969,"Babyfood, Cereal, Rice, Dry Fortified",,8,4.99
170970,"Babyfood, Cereal, Rice, with Applesauce and Bananas, Strained",,8,4.99
170971,"Babyfood, Cereal, with Egg Yolks, Strained",,8,4.99
170972,"Babyfood, Crackers, Vegetable",,5,3.19
170973,"Babyfood, Cereal, High Protein, with Apple and Orange, Dry",,8,4.99
170974,"Babyfood, Cereal, Rice, with Bananas, Dry",,8,4.99
170975,"Babyfood, Cookies",,5.3,4.19
170976,"Babyfood, Dessert, Dutch Apple, Strained",,,
170977,"Babyfood, Dessert, Dutch Apple, Junior",,,
170978,"Babyfood, Cherry Cobbler, Junior",,21,5.49
170979,"Babyfood, Dessert, Cherry Vanilla Pudding, Strained",,6,2.49
170980,"Babyfood, Dessert, Peach Melba, Strained",,,
170981,"Babyfood, Dessert, Peach Melba, Junior",,7,1.49
170982,"Babyfood, Dessert, Fruit Pudding, Pineapple, Strained",,7,1.49
170983,"Babyfood, Dessert, Fruit Dessert, Without Ascorbic Acid, Strained",,,
170984,"Babyfood, Juice, Fruit Punch, with Calcium",,4,3.99
170985,"Babyfood, Juice, Apple, with Calcium",,4,3.99
170986,"Infant Formula, Mead Johnson, Enfamil, Enfacare, Ready-To-Feed, with Ara and Dha",,,
170987,"Babyfood, Yogurt, Whole Milk, with Fruit, Multigrain Cereal and Added Dha Fortified",,1,3.19
170988,"Infant Formula, Abbott Nutrition, Alimentum Advance, with Iron, Powder, Not Reconstituted, with Dha and Ara",,,
170989,"Babyfood, Mashed Cheddar Potatoes and Broccoli, Toddlers",,8.2,2.89
170990,"Babyfood, Yogurt, Whole Milk, with Fruit, Multigrain Cereal and Added Iron Fortified",,1,3.19
170991,"Infant Formula, Nestle, Good Start Soy, with Dha and Ara, Liquid Concentrate",,28.2,20.99
170992,"Toddler Formula, Mead Johnson, Enfagrow, Toddler Transitions, with Ara and Dha, Powder",,21,39.99
170993,"Toddler Formula, Mead Johnson, Enfagrow Premium (Formerly Enfamil, Lipil, Next Step), Ready-To-Feed",,21,39.99
170994,"Infant Formula, Mead Johnson, Enfamil, Newborn, with Dha and Ara, Ready-To-Feed",,,
170995,"Infant Formula, Gerber, Good Start 2 Soy, with Iron, Ready-To-Feed",,12.5,22.49
170996,"Infant Formula, Gerber, Good Start, Protect Plus, Ready-To-Feed",,,
170997,"Infant Formula, Gerber Good Start 2, Gentle Plus, Ready-To-Feed",,27.4,54.99
170998,"Babyfood, Fruit, Banana and Strawberry, Junior",,4,1.39
170999,"Babyfood, Banana with Mixed Berries, Strained",2 packs,4,1.89
171000,"Babyfood, Multigrain Whole Grain Cereal, Dry Fortified",,8,4.99
171001,"Babyfood, Baby Mum Mum Rice Biscuits",,1.48,3.19
171002,"Salad Dressing, Kraft Mayo Light Mayonnaise",30 fo,,5.99
171003,"Salad Dressing, Kraft Mayo Fat Free Mayonnaise Dressing",30 fo,,5.99
171004,"Salad Dressing, Kraft Miracle Whip Free Nonfat Dressing",16 fo,,3.49
171005,"Salad Dressing, Russian Dressing",15 oza,,2.99
171006,"Salad Dressing, Sesame Seed Dressing, Regular",,12,3.99
171007,"Salad Dressing, Russian Dressing, Low Calorie",15 oza,,2.99
171008,"Salad Dressing, Thousand Island Dressing, Reduced Fat",16 fo,,3.49
171009,"Salad Dressing, Mayonnaise, Regular",30 fo,,6.49
171010,"Salad Dressing, Mayonnaise, Soybean and Safflower Oil, with Salt",30 fo,,6.49
171011,"Shortening, Household, Soybean (Partially Hydrogenated)-Cottonseed (Partially Hydrogenated)",,48,6.99
171012,"Oil, Soybean, Salad or Cooking, (Partially Hydrogenated)",,3.75,1.19
171013,"Oil, Rice Bran",,,
171014,"Oil, Wheat Germ",,,
171015,"Oil, Palm",,2.1,2.79
171016,"Oil, Sesame, Salad or Cooking",,6.2,4.99
171017,"Oil, Sunflower, Linoleic (Less Than 60%)",5 lb,80,9.49
171018,"Margarine, Regular, Hard, Soybean (Hydrogenated)",,12,3.19
171019,"Salad Dressing, Italian Dressing, Commercial, Regular",,12,3.99
171020,"Salad Dressing, French Dressing, Commercial, Regular, Without Salt",15 oza,,2.99
171021,"Salad Dressing, French Dressing, Reduced Fat, Without Salt",15 oza,,2.99
171022,"Salad Dressing, Italian Dressing, Commercial, Regular, Without Salt",,12,3.99
171023,"Salad Dressing, Italian Dressing, Reduced Fat, Without Salt",,12,3.99
171024,"Oil, Cottonseed, Salad or Cooking",,,
171025,"Oil, Sunflower, Linoleic, (Approx. 65%)",5 lb,80,9.49
171026,"Oil, Safflower, Salad or Cooking, Linoleic, (Over 70%)",,32,13.99
171027,"Oil, Safflower, Salad or Cooking, High Oleic (Primary Safflower Oil of Commerce)",,32,13.99
171028,"Oil, Grapeseed",,24,6.49
171029,"Oil, Corn, Industrial and Retail, All Purpose Salad or Cooking",,40,6.49
171030,"Oil, Walnut",,,
171031,"Oil, Almond",1 ct,,6.99
171032,"Oil, Apricot Kernel",,13.5,11.49
171033,"Oil, Vegetable, Natreon Canola, High Stability, Non Trans, High Oleic (70%)",1 gal,,8.99
171034,"Salad Dressing, Honey Mustard Dressing, Reduced Calorie",,16,4.79
171035,"Margarine-Like Spread, Benecol Light Spread",,,
171036,"Salad Dressing, Spray-Style Dressing, Assorted Flavors",,,
171037,"Salad Dressing, Mayonnaise, Light, Smart Balance, Omega Plus Light",30 fo,,6.49
171038,"Margarine-Like, Vegetable Oil Spread, 60% Fat, Tub, with Salt, with Added Vitamin D",,15,4.49
171039,"Margarine-Like Vegetable-Oil Spread, Stick/Tub/Bottle, 60% Fat, with Added Vitamin D",,15,2.29
171040,"Margarine, Regular, 80% Fat, Composite, Stick, Without Salt, with Added Vitamin D",,12,3.19
171041,"Margarine-Like, Vegetable Oil Spread, 60% Fat, Stick/Tub/Bottle, Without Salt, with Added Vitamin D",,15,4.49
171042,"Oil, Industrial, Canola, High Oleic",,11,6.99
171043,"Salad Dressing, Honey Mustard, Regular",,16,4.79
171044,"Salad Dressing, Poppyseed, Creamy",16 fo,,3.49
171045,"Salad Dressing, Caesar, Fat-Free",,16,3.69
171046,"Dressing, Honey Mustard, Fat-Free",,12,2.49
171047,"Chicken, Broilers or Fryers, Meat and Skin and Giblets and Neck, Raw",,22,8.99
171048,"Chicken, Broilers or Fryers, Meat and Skin and Giblets and Neck, Cooked, Fried, Batter",,22,8.99
171049,"Chicken, Broilers or Fryers, Meat and Skin and Giblets and Neck, Cooked, Fried, Flour",,22,8.99
171050,"Chicken, Broilers or Fryers, Meat and Skin and Giblets and Neck, Roasted",,22,8.99
171051,"Chicken, Broilers or Fryers, Meat and Skin, Cooked, Stewed",,22,8.99
171052,"Chicken, Broilers or Fryers, Meat Only, Raw",,22,8.99
171053,"Chicken, Broilers or Fryers, Meat Only, Cooked, Fried",,22,8.99
171054,"Chicken, Broilers or Fryers, Meat Only, Cooked, Roasted",,22,8.99
171055,"Chicken, Broilers or Fryers, Skin Only, Cooked, Roasted",,,
171056,"Chicken, Broilers or Fryers, Skin Only, Cooked, Stewed",,,
171057,"Chicken, Broilers or Fryers, Giblets, Raw",,,
171058,"Chicken, Broilers or Fryers, Giblets, Cooked, Fried",,22,8.99
171059,"Chicken, Heart, All Classes, Cooked, Simmered",16 pounds,,12.99
171060,"Chicken, Liver, All Classes, Raw",,6,4.19
171061,"Chicken, Liver, All Classes, Cooked, Simmered",,6,4.19
171062,"Chicken, Broilers or Fryers, Light Meat, Meat and Skin, Raw",,22,8.99
171063,"Chicken, Broilers or Fryers, Dark Meat, Meat and Skin, Cooked, Fried, Batter",,22,8.99
171064,"Chicken, Broilers or Fryers, Dark Meat, Meat and Skin, Cooked, Fried, Flour",,22,8.99
171065,"Chicken, Broilers or Fryers, Dark Meat, Meat and Skin, Cooked, Roasted",,,
171066,"Chicken, Broilers or Fryers, Dark Meat, Meat and Skin, Cooked, Stewed",,22,8.99
171067,"Chicken, Broilers or Fryers, Dark Meat, Meat Only, Raw",,,
171068,"Chicken, Broilers or Fryers, Dark Meat, Meat Only, Cooked, Fried",,22,8.99
171069,"Chicken, Broilers or Fryers, Dark Meat, Meat Only, Cooked, Roasted",,22,8.99
171070,"Chicken, Broilers or Fryers, Dark Meat, Meat Only, Cooked, Stewed",,22,8.99
171071,"Chicken, Broilers or Fryers, Back, Meat and Skin, Cooked, Roasted",,22,8.99
171072,"Chicken, Broilers or Fryers, Back, Meat and Skin, Cooked, Stewed",,,
171073,"Chicken, Broilers or Fryers, Back, Meat Only, Raw",,22,8.99
171074,"Chicken, Broilers or Fryers, Back, Meat Only, Cooked, Fried",,22,8.99
171075,"Chicken, Broilers or Fryers, Breast, Meat and Skin, Cooked, Roasted",,22,8.99
171076,"Chicken, Broilers or Fryers, Breast, Meat and Skin, Cooked, Stewed",,,
171077,"Chicken, Broiler or Fryers, Breast, Skinless, Boneless, Meat Only, Raw",,22,8.99
171078,"Chicken, Broilers or Fryers, Breast, Meat Only, Cooked, Fried",,22,8.99
171079,"Squab, (Pigeon), Meat Only, Raw",,,
171080,"Squab, (Pigeon), Light Meat Without Skin, Raw",,,
171081,"Turkey, Whole, Meat and Skin, Raw",1 lb,16,1.89
171082,"Turkey, Whole, Skin (Light and Dark), Roasted",1 lb,16,1.89
171083,"Turkey, Whole, Giblets, Raw",1 lb,16,1.89
171084,"Turkey, Whole, Giblets, Cooked, Simmered",1 lb,16,1.89
171085,"Turkey, Gizzard, All Classes, Raw",,,
171086,"Turkey, Whole, Neck, Meat Only, Raw",1 lb,16,1.89
171087,"Turkey, Whole, Neck, Meat Only, Cooked, Simmered",1 lb,16,1.89
171088,"Turkey, Whole, Light Meat, Meat and Skin, Raw",1 lb,16,1.89
171089,"Turkey, Whole, Light Meat, Meat and Skin, Cooked, Roasted",1 lb,16,1.89
171090,"Turkey, Whole, Dark Meat, Meat Only, Raw",1 lb,16,1.89
171091,"Turkey, Whole, Dark Meat, Cooked, Roasted",1 lb,16,1.89
171092,"Turkey, All Classes, Back, Meat and Skin, Cooked, Roasted",,,
171093,"Turkey, All Classes, Breast, Meat and Skin, Raw",,,
171094,"Turkey, All Classes, Wing, Meat and Skin, Cooked, Roasted",,,
171095,"Turkey, Fryer-Roasters, Meat and Skin, Cooked, Roasted",4 pk,,4.99
171096,"Turkey, Whole, Back, Meat Only, Raw",1 lb,16,1.89
171097,"Turkey, Whole, Back, Meat Only, Cooked, Roasted",1 lb,16,1.89
171098,"Turkey, Whole, Breast, Meat Only, Raw",1 lb,16,1.89
171099,"Chicken, Canned, Meat Only, with Broth",,5,1.29
171100,"Pate De Foie Gras, Canned (Goose Liver Pate), Smoked",,,
171101,"Turkey, Canned, Meat Only, with Broth",,32,3.99
171102,"Turkey, Diced, Light and Dark Meat, Seasoned",,9,4.29
171103,"Turkey Sticks, Breaded, Battered, Fried",,8,5.49
171104,"Poultry, Mechanically Deboned, From Backs and Necks with Skin, Raw",1 lb,16,6.99
171105,"Poultry, Mechanically Deboned, From Backs and Necks Without Skin, Raw",,,
171106,"Poultry, Mechanically Deboned, From Mature Hens, Raw",1 lb,16,6.99
171107,"Chicken, Cornish Game Hens, Meat and Skin, Cooked, Roasted",,48,10.99
171108,"Chicken, Cornish Game Hens, Meat Only, Raw",,48,10.99
171109,"Chicken, Cornish Game Hens, Meat Only, Cooked, Roasted",,48,10.99
171110,"Chicken, Canned, No Broth",,5,1.29
171111,"Chicken, Wing, Frozen, Glazed, Barbecue Flavored",1 lb,16,4.99
171112,"Duck, Young Duckling, Domesticated, White Pekin, Leg, Meat and Skin, Bone In, Cooked, Roasted",,,
171113,"Duck, Young Duckling, Domesticated, White Pekin, Leg, Meat Only, Bone In, Cooked Without Skin, Braised",,,
171114,"Chicken, Broiler, Rotisserie, Bbq, Drumstick, Meat Only",,26,9.49
171115,"Chicken, Wing, Frozen, Glazed, Barbecue Flavored, Heated (Conventional Oven)",1 lb,16,4.99
171116,"Chicken, Ground, Raw",,13.2,2.00
171117,"Chicken, Ground, Crumbles, Cooked, Pan-Browned",,13.2,2.00
171118,"Chicken, Broiler, Rotisserie, Bbq, Thigh, Meat Only",,26,9.49
171119,"Chicken, Feet, Boiled",,20,2.19
171120,"Chicken, Broilers or Fryers, Rotisserie, Original Seasoning, Thigh, Meat Only, Cooked",,22,8.99
171121,"Chicken, Broilers or Fryers, Rotisserie, Original Seasoning, Wing, Meat Only, Cooked",,,
171122,"Chicken, Broilers or Fryers, Rotisserie, Original Seasoning, Back, Meat and Skin, Cooked",,22,8.99
171123,"Chicken, Broilers or Fryers, Rotisserie, Original Seasoning, Breast, Meat and Skin, Cooked",,22,8.99
171124,"Chicken, Broiler, Rotisserie, Bbq, Back, Meat and Skin",,26,9.49
171125,"Chicken, Broiler, Rotisserie, Bbq, Breast, Meat and Skin",,26,9.49
171126,"Chicken, Broiler, Rotisserie, Bbq, Drumstick, Meat and Skin",,26,9.49
171127,"Chicken, Broiler, Rotisserie, Bbq, Thigh, Meat and Skin",,26,9.49
171128,"Turkey, Drumstick, From Whole Bird, Meat Only, with Added Solution, Roasted",1 lb,16,4.49
171129,"Turkey, Thigh, From Whole Bird, Meat Only, with Added Solution, Raw",3 lbs,48,13.99
171130,"Turkey, Retail Parts, Breast, Meat and Skin, with Added Solution, Raw",2 lb,32,4.99
171131,"Turkey, Thigh, From Whole Bird, Meat Only, with Added Solution, Roasted",3 lbs,48,13.99
171132,"Turkey, Retail Parts, Wing, Meat and Skin, Raw",2 lb,32,4.99
171133,"Turkey, Retail Parts, Wing, Meat and Skin, Cooked, Roasted",2 lb,32,4.99
171134,"Turkey, Retail Parts, Drumstick, Meat and Skin, Raw",2 lb,32,4.99
171135,"Turkey, Retail Parts, Drumstick, Meat and Skin, Cooked, Roasted",2 lb,32,4.99
171136,"Turkey, Drumstick, From Whole Bird, Meat Only, Raw",1 lb,16,4.49
171137,"Turkey, Retail Parts, Thigh, Meat and Skin, Cooked, Roasted",,,
171138,"Turkey, Back, From Whole Bird, Meat and Skin, with Added Solution, Raw",,2.76,3.49
171139,"Turkey, Back, From Whole Bird, Meat and Skin, with Added Solution, Roasted",,2.76,3.49
171140,"Chicken, Broiler or Fryers, Breast, Skinless, Boneless, Meat Only, Cooked, Braised",,,
171141,"Soup, Black Bean, Canned, Condensed",,15,2.19
171142,"Soup, Bean with Pork, Canned, Condensed",,16,0.99
171143,"Soup, Bean with Frankfurters, Canned, Condensed",,,
171144,"Soup, Bean with Ham, Canned, Chunky, Ready-To-Serve",,19,2.99
171145,"Soup, Chicken, Canned, Chunky, Ready-To-Serve",,16,6.99
171146,"Soup, Cream of Chicken, Canned, Condensed",4 ct,10.5,5.29
171147,"Soup, Chicken Gumbo, Canned, Condensed",,10.5,1.99
171148,"Soup, Chunky Chicken Noodle, Canned, Ready-To-Serve",,18.8,2.99
171149,"Soup, Chicken Vegetable, Canned, Condensed",,15,11.49
171150,"Soup, Chili Beef, Canned, Condensed",,15,5.99
171151,"Soup, Clam Chowder, Manhattan Style, Canned, Chunky, Ready-To-Serve",,18.5,2.79
171152,"Soup, Clam Chowder, Manhattan, Canned, Condensed",,18.5,2.79
171153,"Soup, Minestrone, Canned, Condensed",,16,5.29
171154,"Soup, Mushroom Barley, Canned, Condensed",,18.5,2.79
171155,"Soup, Cream of Mushroom, Canned, Condensed",,26,1.89
171156,"Soup, Mushroom with Beef Stock, Canned, Condensed",,10.5,1.99
171157,"Soup, Pea, Split with Ham, Canned, Condensed",,14.1,3.79
171158,"Soup, Cream of Potato, Canned, Condensed",,32,4.49
171159,"Soup, Cream of Shrimp, Canned, Condensed",,10.5,1.99
171160,"Soup, Tomato Beef with Noodle, Canned, Condensed",12 ct,3,3.99
171161,"Soup, Vegetarian Vegetable, Canned, Condensed",,19,2.79
171162,"Soup, Chunky Beef, Canned, Ready-To-Serve",,18.8,2.99
171163,"Soup, Vegetable Beef, Canned, Condensed",,18.8,2.99
171164,"Soup, Vegetable with Beef Broth, Canned, Condensed",,18.8,2.99
171165,"Soup, Onion, Dry, Mix",,2,2.39
171166,"Soup, Cream of Vegetable, Dry, Powder",,18,2.79
171167,"Sauce, Teriyaki, Ready-To-Serve",,10,2.99
171168,"Gravy, Au Jus, Canned",,1,1.79
171169,"Gravy, Au Jus, Dry",,1,1.79
171170,"Gravy, Mushroom, Canned",,0.75,0.99
171171,"Gravy, Mushroom, Dry, Powder",,0.75,0.99
171172,"Gravy, Onion, Dry, Mix",,0.87,0.50
171173,"Gravy, Pork, Dry, Powder",,0.87,0.99
171174,"Sauce, Sofrito, Prepared From Recipe",,12,2.99
171175,"Soup, Beef Mushroom, Canned, Condensed",,10.5,1.99
171176,"Soup, Tomato, Canned, Prepared with Equal Volume Water, Commercial",,19,2.79
171177,"Soup, Ramen Noodle, Any Flavor, Dry",4 ct,4.23,6.29
171178,"Soup, Broccoli Cheese, Canned, Condensed, Commercial",,18,2.79
171179,"Soup, Swanson, Beef Broth, Lower Sodium",,14.5,1.49
171180,"Soup, Swanson, Vegetable Broth",,14.5,1.49
171181,"Smart Soup, Indian Bean Masala",,,
171182,"Smart Soup, Moroccan Chick Pea",,15,2.19
171183,"Smart Soup, Thai Coconut Curry",,24,6.99
171184,"Smart Soup, Vietnamese Carrot Lemongrass",,,
171185,"Sauce, Pesto, Mezzetta, Napa Valley Bistro, Basil Pesto, Ready-To-Serve",,7,5.99
171186,"Sauce, Hot Chile, Sriracha",,4,2.69
171187,"Sauce, Hot Chile, Sriracha, Cha! By Texas Pete",,4,2.69
171188,"Sauce, Hot Chile, Sriracha, Tuong Ot Sriracha",,4,2.69
171189,"Soup, Vegetable Beef, Microwavable, Ready-To-Serve, Single Brand",,18.8,2.99
171190,"Soup, Beef and Vegetables, Canned, Ready-To-Serve",,18.5,3.79
171191,"Sauce, Cheese, Ready-To-Serve",,15,3.49
171192,"Sauce, Pasta, Spaghetti/Marinara, Ready-To-Serve",,24,1.99
171193,"Beef, Chuck, Short Ribs, Boneless, Separable Lean Only, Trimmed To 0"" Fat, Select, Raw",1 lb,16,12.99
171194,"Beef, Chuck Eye Country-Style Ribs, Boneless, Separable Lean Only, Trimmed To 0"" Fat, Select, Raw",1 lb,16,8.99
171195,"Beef, Chuck Eye Country-Style Ribs, Boneless, Separable Lean Only, Trimmed To 0"" Fat, All Grades, Raw",1 lb,16,8.99
171196,"Beef, Chuck Eye Steak, Boneless, Separable Lean Only, Trimmed To 0"" Fat, Choice, Cooked, Grilled",1 lb,16,12.99
171197,"Beef, Chuck Eye Steak, Boneless, Separable Lean Only, Trimmed To 0"" Fat, Select, Cooked, Grilled",1 lb,16,12.99
171198,"Beef, Shoulder Pot Roast, Boneless, Separable Lean Only, Trimmed To 0"" Fat, Choice, Cooked, Braised",,11,4.49
171199,"Beef, Shoulder Pot Roast, Boneless, Separable Lean Only, Trimmed To 0"" Fat, Select, Cooked, Braised",,,
171200,"Beef, Shoulder Pot Roast, Boneless, Separable Lean Only, Trimmed To 0"" Fat, All Grades, Cooked, Braised",,11,4.49
171201,"Beef, Chuck, Mock Tender Steak, Boneless, Separable Lean Only, Trimmed To 0"" Fat, Choice, Cooked, Braised",1 lb,16,12.99
171202,"Beef, Chuck, Mock Tender Steak, Boneless, Separable Lean Only, Trimmed To 0"" Fat, All Grades, Raw",1 lb,16,12.99
171203,"Beef, Chuck for Stew, Separable Lean and Fat, All Grades, Cooked, Braised",,,
171204,"Beef, Chuck for Stew, Separable Lean and Fat, Select, Cooked, Braised",0.8 - 3.8 lbs,,
171205,"Beef, Chuck for Stew, Separable Lean and Fat, Choice, Cooked, Braised",0.8 - 3.8 lbs,,
171206,"Beef, Chuck for Stew, Separable Lean and Fat, All Grades, Raw",0.8 - 3.8 lbs,,
171207,"Beef, Chuck, Under Blade Steak, Boneless, Separable Lean Only, Trimmed To 0"" Fat, All Grades, Cooked, Braised",1 lb,16,12.99
171208,"Beef, Chuck, Under Blade Pot Roast, Boneless, Separable Lean and Fat, Trimmed To 0"" Fat, All Grades, Cooked, Braised",1 lb,16,12.99
171209,"Beef, Rib Eye Steak, Boneless, Lip-On, Separable Lean Only, Trimmed To 1/8"" Fat, All Grades, Cooked, Grilled",1 lb,16,21.99
171210,"Beef, Rib Eye Roast, Bone-In, Lip-On, Separable Lean Only, Trimmed To 1/8"" Fat, Choice, Cooked, Roasted",,,
171211,"Beef, Chuck, Under Blade Center Steak, Boneless, Denver Cut, Separable Lean and Fat, Trimmed To 0"" Fat, Choice, Cooked, Grilled",1 lb,16,12.99
171212,"Beef, Chuck, Under Blade Center Steak, Boneless, Denver Cut, Separable Lean and Fat, Trimmed To 0"" Fat, Select, Cooked, Grilled",1 lb,16,12.99
171213,"Beef, Chuck, Under Blade Center Steak, Boneless, Denver Cut, Separable Lean and Fat, Trimmed To 0"" Fat, All Grades, Raw",1 lb,16,12.99
171214,"Beef, Chuck, Under Blade Center Steak, Boneless, Denver Cut, Separable Lean and Fat, Trimmed To 0"" Fat, Choice, Raw",1 lb,16,12.99
171215,"Beef, Chuck Eye Roast, Boneless, America'S Beef Roast, Separable Lean and Fat, Trimmed To 0"" Fat, Choice, Cooked, Roasted",1 lb,16,12.99
171216,"Beef, Chuck Eye Roast, Boneless, America'S Beef Roast, Separable Lean and Fat, Trimmed To 0"" Fat, Select, Cooked, Roasted",1 lb,16,12.99
171217,"Beef, Chuck, Under Blade Steak, Boneless, Separable Lean and Fat, Trimmed To 0"" Fat, All Grades, Cooked, Braised",1 lb,16,12.99
171218,"Beef, Chuck, Under Blade Steak, Boneless, Separable Lean and Fat, Trimmed To 0"" Fat, Choice, Cooked, Braised",1 lb,16,12.99
171219,"Beef, Chuck, Under Blade Steak, Boneless, Separable Lean and Fat, Trimmed To 0"" Fat, Select, Cooked, Braised",1 lb,16,12.99
171220,"Beef, Chuck, Mock Tender Steak, Boneless, Separable Lean and Fat, Trimmed To 0"" Fat, Choice, Raw",1 lb,16,12.99
171221,"Beef, Chuck, Mock Tender Steak, Boneless, Separable Lean and Fat, Trimmed To 0"" Fat, Select, Raw",1 lb,16,12.99
171222,"Beef, Chuck, Short Ribs, Boneless, Separable Lean and Fat, Trimmed To 0"" Fat, All Grades, Cooked, Braised",1 lb,16,12.99
171223,"Beef, Chuck, Short Ribs, Boneless, Separable Lean and Fat, Trimmed To 0"" Fat, Choice, Cooked, Braised",1 lb,16,12.99
171224,"Beef, Shoulder Pot Roast, Boneless, Separable Lean and Fat, Trimmed To 0"" Fat, All Grades, Cooked, Braised",,,
171225,"Beef, Shoulder Pot Roast, Boneless, Separable Lean and Fat, Trimmed To 0"" Fat, Choice, Cooked, Braised",,11,4.49
171226,"Beef, Shoulder Pot Roast, Boneless, Separable Lean and Fat, Trimmed To 0"" Fat, Select, Cooked, Braised",,11,4.49
171227,"Beef, Chuck Eye Country-Style Ribs, Boneless, Separable Lean and Fat, Trimmed To 0"" Fat, All Grades, Cooked, Braised",,,
171228,"Beef, Chuck Eye Steak, Boneless, Separable Lean and Fat, Trimmed To 0"" Fat, All Grades, Cooked, Grilled",1 lb,16,12.99
171229,"Beef, Chuck Eye Steak, Boneless, Separable Lean and Fat, Trimmed To 0"" Fat, Choice, Cooked, Grilled",1 lb,16,12.99
171230,"Beef, Chuck Eye Steak, Boneless, Separable Lean and Fat, Trimmed To 0"" Fat, Select, Cooked, Grilled",1 lb,16,12.99
171231,"Beef, Chuck Eye Steak, Boneless, Separable Lean and Fat, Trimmed To 0"" Fat, All Grades, Raw",1 lb,16,12.99
171232,"Beef, Rib Eye Steak, Boneless, Lip-On, Separable Lean Only, Trimmed To 1/8"" Fat, Choice, Cooked, Grilled",1 lb,16,21.99
171233,"Beef, Rib Eye Steak, Boneless, Lip-On, Separable Lean Only, Trimmed To 1/8"" Fat, Select, Cooked, Grilled",1 lb,16,21.99
171234,"Beef, Rib Eye Steak/Roast, Bone-In, Lip-On, Separable Lean Only, Trimmed To 1/8"" Fat, All Grades, Raw",1 lb,16,18.99
171235,"Beef, Rib Eye Steak/Roast, Bone-In, Lip-On, Separable Lean Only, Trimmed To 1/8"" Fat, Choice, Raw",,,
171236,"Beef, Rib Eye Steak, Bone-In, Lip-On, Separable Lean Only, Trimmed To 1/8"" Fat, All Grades, Cooked, Grilled",1 lb,16,21.99
171237,"Beef, Rib Eye Steak, Bone-In, Lip-On, Separable Lean Only, Trimmed To 1/8"" Fat, Choice, Cooked, Grilled",1 lb,16,21.99
171238,"Beef, Rib Eye Steak, Bone-In, Lip-On, Separable Lean Only, Trimmed To 1/8"" Fat, Select, Cooked, Grilled",1 lb,16,21.99
171239,"Beef, Rib Eye Roast, Boneless, Lip-On, Separable Lean Only, Trimmed To 1/8"" Fat, All Grades, Cooked, Roasted",1 lb,16,7.99
171240,"Cheese, Gjetost",24 count,,9.29
171241,"Cheese, Gouda",,8,8.49
171242,"Cheese, Gruyere",,7,12.99
171243,"Cheese, Limburger",,6,4.49
171244,"Cheese, Mozzarella, Low Moisture, Part-Skim",,8,2.49
171245,"Cheese, Muenster",,16,3.99
171246,"Cheese, Neufchatel",,8,2.19
171247,"Cheese, Parmesan, Grated",,8,5.99
171248,"Cheese, Ricotta, Part Skim Milk",,15,2.99
171249,"Cheese, Romano",,8,5.99
171250,"Cheese, Roquefort",1 lb,16,29.99
171251,"Cheese, Swiss",16 slices,12,4.49
171252,"Cheese Food, Pasteurized Process, American, Vitamin D Fortified",,16,5.99
171253,"Cheese Food, Pasteurized Process, Swiss",,16,5.99
171254,"Cheese Spread, Pasteurized Process, American",,5,4.19
171255,"Cream, Fluid, Half and Half",12 fluid ounces,,5.49
171256,"Cream, Sour, Reduced Fat, Cultured",,14,3.29
171257,"Cream, Sour, Cultured",,14,3.29
171258,Eggnog,1 pt,,8.49
171259,"Sour Dressing, Non-Butterfat, Cultured, Filled Cream-Type",,,
171260,"Yogurt, Greek, 2%Fat, Coconut Blend, Chobani",,32,4.99
171261,"Cream Substitute, Liquid, with Hydrogenated Vegetable Oil and Soy Protein",,48,6.49
171262,"Cream Substitute, Liquid, with Lauric Acid Oil and Sodium Caseinate",,48,6.49
171263,"Cream Substitute, Powdered",,,
171264,"Milk Substitutes, Fluid, with Lauric Acid Oil",,,
171265,"Milk, Whole, 3.25% Milkfat, with Added Vitamin D",1 gal,,7.49
171266,"Milk, Producer, Fluid, 3.7% Milkfat",1 pt,,1.19
171267,"Milk, Reduced Fat, Fluid, 2% Milkfat, with Added Vitamin a and Vitamin D",1 / 2 gal,,4.99
171268,"Milk, Lowfat, Fluid, 1% Milkfat, Protein Fortified, with Added Vitamin a and Vitamin D",1 / 2 gal,,1.69
171269,"Milk, Nonfat, Fluid, with Added Vitamin a and Vitamin D (Fat Free or Skim)",,59,4.79
171270,"Milk, Nonfat, Fluid, with Added Nonfat Milk Solids, Vitamin a and Vitamin D (Fat Free or Skim)",,59,4.79
171271,"Milk, Nonfat, Fluid, Protein Fortified, with Added Vitamin a and Vitamin D (Fat Free and Skim)",,59,4.79
171272,"Milk, Dry, Nonfat, Instant, with Added Vitamin a and Vitamin D",,12,2.69
171273,"Milk, Dry, Nonfat, Calcium Reduced",,12,2.69
171274,"Milk, Buttermilk, Dried",1 pt,,1.19
171275,"Milk, Canned, Condensed, Sweetened",,17,3.49
171276,"Milk, Canned, Evaporated, with Added Vitamin D and Without Added Vitamin a",,17,3.49
171277,"Milk, Chocolate Beverage, Hot Cocoa, Homemade",,11,3.79
171278,"Milk, Goat, Fluid, with Added Vitamin D",,20,35.69
171279,"Milk, Human, Mature, Fluid",,32,7.49
171280,"Milk, Indian Buffalo, Fluid",,,
171281,"Whey, Acid, Dried",,27.8,23.99
171282,"Whey, Sweet, Fluid",8 ct,23.2,6.99
171283,"Whey, Sweet, Dried",8 ct,23.2,6.99
171284,"Yogurt, Plain, Whole Milk",,5.3,1.50
171285,"Yogurt, Fruit, Low Fat, 10 Grams Protein Per 8 Ounce",8 ct,0.7,3.29
171286,"Yogurt, Fruit, Low Fat, 11G Protein/8 Oz",8 ct,0.7,3.29
171287,"Egg, Whole, Raw, Fresh",1 / 2 gal,,5.99
171288,"Cheese, Mexican Blend",,16,3.99
171289,"Cheese Product, Pasteurized Process, American, Vitamin D Fortified",,,
171290,"Cheese, Pasteurized Process, American, Without Added Vitamin D",,5,4.19
171291,"Cheese Food, Pasteurized Process, American, Without Added Vitamin D",,16,5.99
171292,"Cheese, Cheddar, Reduced Fat (Includes Foods for Usda'S Food Distribution Program)",,8,2.49
171293,"Ice Cream, Light, Soft Serve, Chocolate",,48,2.99
171294,"Ice Cream Bar, Stick or Nugget, with Crunch Coating",,,
171295,"Cheese, Cheddar, Nonfat or Fat Free",,8,2.49
171296,"Yogurt, Greek, Nonfat, Vanilla, Chobani",,32,4.99
171297,"Yogurt, Greek, Strawberry, Dannon Oikos",,32,4.99
171298,"Yogurt, Greek, Nonfat, Vanilla, Dannon Oikos",,32,4.99
171299,"Yogurt, Greek, Nonfat, Strawberry, Dannon Oikos",,32,4.99
171300,"Yogurt, Greek, Strawberry, Lowfat",,32,4.99
171301,"Kefir, Lowfat, Strawberry, Lifeway",,8,1.49
171302,"Milk, Evaporated, 2% Fat, with Added Vitamin a and Vitamin D",,12,3.29
171303,"Milk, Chocolate, Fat Free, with Added Vitamin a and Vitamin D",1 / 2 gal,,2.59
171304,"Yogurt, Greek, Plain, Whole Milk",,32,4.99
171305,"Ice Cream Bar, Covered with Chocolate and Nuts",3 ct,9,5.49
171306,Ice Cream Sundae Cone,8 ct,,9.29
171307,"Light Ice Cream, Creamsicle",,48,2.99
171308,"Cream, Half and Half, Lowfat",1 pt,,1.99
171309,"Yogurt, Greek, Whole, Plain, Chobani",,32,4.99
171310,"Yogurt, Greek, Nonfat, Lemon Blend, Chobani",,32,4.99
171311,"Yogurt, Greek, Nonfat, Peach, Chobani",,32,4.99
171312,"Yogurt, Greek, Nonfat, Plain, Chobani",,32,4.99
171313,"Yogurt, Greek, Nonfat, Raspberry, Chobani",,32,4.99
171314,"Butter, Clarified Butter (Ghee)",,16,14.49
171315,"Spices, Allspice, Ground",,1.62,3.99
171316,"Spices, Anise Seed",,,
171317,"Spices, Basil, Dried",,0.5,4.49
171318,"Spices, Chervil, Dried",,,
171319,"Spices, Chili Powder",,4,2.99
171320,"Spices, Cinnamon, Ground",,1.62,3.49
171321,"Spices, Cloves, Ground",,1.9,13.99
171322,"Spices, Dill Weed, Dried",,0.48,4.49
171323,"Spices, Fennel Seed",,1.6,4.49
171324,"Spices, Fenugreek Seed",,,
171325,"Spices, Garlic Powder",,2.57,3.99
171326,"Spices, Nutmeg, Ground",,2.1,11.99
171327,"Spices, Onion Powder",,2.2,5.99
171328,"Spices, Oregano, Dried",,0.63,1.25
171329,"Spices, Paprika",,2,1.25
171330,"Spices, Poppy Seed",,1.96,3.49
171331,"Spices, Poultry Seasoning",,1.06,2.49
171332,"Spices, Pumpkin Pie Spice",,1.62,3.49
171333,"Spices, Rosemary, Dried",,0.75,1.99
171334,"Babyfood, Vegetables, Corn, Creamed, Junior",16 ct,4,24.99
171335,"Babyfood, Fruit, Bananas with Tapioca, Strained",16 ct,4,19.99
171336,"Babyfood, Fruit, Peaches, Strained",,4,1.39
171337,"Babyfood, Fruit, Peaches, Junior",,4,1.39
171338,"Babyfood, Fruit, Pears, Strained",,4,1.39
171339,"Babyfood, Fruit, Prunes with Tapioca, Without Ascorbic Acid, Junior",16 ct,4,19.99
171340,"Babyfood, Prunes, Without Vitamin C, Strained",,4,1.00
171341,"Babyfood, Fruit Dessert, Mango with Tapioca",,,
171342,"Babyfood, Pears, Dices, Toddler",,4,3.79
171343,"Babyfood, Fruit, Applesauce and Pineapple, Strained",16 ct,4,19.99
171344,"Babyfood, Fruit, Applesauce and Pineapple, Junior",,4,1.39
171345,"Babyfood, Fruit, Apple and Raspberry, Strained",16 ct,4,19.99
171346,"Babyfood, Fruit, Apple and Raspberry, Junior",16 ct,4,19.99
171347,"Babyfood, Fruit, Pears and Pineapple, Junior",,4,1.39
171348,"Babyfood, Fruit, Guava and Papaya with Tapioca, Strained",16 ct,4,19.99
171349,"Babyfood, Peaches, Dices, Toddler",,4,0.85
171350,"Babyfood, Fruit, Papaya and Applesauce with Tapioca, Strained",,4,1.39
171351,"Babyfood, Apple-Banana Juice",,5.5,3.79
171352,"Babyfood, Juice, Apple and Peach",,4,3.99
171353,"Babyfood, Juice, Apple and Prune",,4,3.99
171354,"Babyfood, Juice, Orange",,4,3.99
171355,"Babyfood, Juice, Orange and Apple",,4,3.99
171356,"Babyfood, Juice, Prune and Orange",,4,3.99
171357,"Babyfood, Juice, Mixed Fruit",,4,3.99
171358,"Babyfood, Cereal, Barley, Dry Fortified",,8,4.99
171359,"Babyfood, Cereal, Whole Wheat, with Apples, Dry Fortified",,8,4.99
171360,"Babyfood, Cereal, Oatmeal, Dry Fortified",,8,4.99
171361,"Babyfood, Cereal, Oatmeal, with Bananas, Dry",,8,4.99
171362,"Babyfood, Cereal, Oatmeal, with Applesauce and Bananas, Strained",,8,4.99
171363,"Babyfood, Cereal, Oatmeal, with Applesauce and Bananas, Junior, Fortified",,8,4.99
171364,"Babyfood, Cereal, with Egg Yolks, Junior",,8,4.99
171365,"Babyfood, Cereal, with Eggs, Strained",,8,4.99
171366,"Babyfood, Cereal, Egg Yolks and Bacon, Junior",,8,4.99
171367,"Babyfood, Oatmeal Cereal with Fruit, Dry, Instant, Toddler Fortified",,8,3.99
171368,"Babyfood, Cookie, Baby, Fruit",,5,3.19
171369,"Babyfood, Cookies, Arrowroot",,5,3.19
171370,"Babyfood, Pretzels",,,
171371,"Babyfood, Gerber, Graduates Lil Biscuits Vanilla Wheat",2 packs,4,1.89
171372,Zwieback,,8,3.49
171373,"Babyfood, Dessert, Cherry Vanilla Pudding, Junior",,7,1.49
171374,"Babyfood, Dessert, Fruit Pudding, Orange, Strained",,,
171375,"Babyfood, Dessert, Peach Cobbler, Strained",,,
171376,"Babyfood, Dessert, Peach Cobbler, Junior",,7,1.49
171377,"Babyfood, Dessert, Fruit Dessert, Without Ascorbic Acid, Junior",,7,1.49
171378,"Babyfood, Dessert, Tropical Fruit, Junior",,,
171379,"Babyfood, Dessert, Custard Pudding, Vanilla, Strained",,,
171380,"Babyfood, Dessert, Custard Pudding, Vanilla, Junior",,,
171381,"Babyfood, Juice, Apple and Grape",,4,3.99
171382,"Infant Formula, Abbott Nutrition, Similac, Isomil, Advance with Iron, Liquid Concentrate",,33.2,36.99
171383,"Infant Formula, Abbott Nutrition, Similac, Isomil, Advance with Iron, Ready-To-Feed",,,
171384,"Infant Formula, Abbott Nutrition, Similac, Isomil, Advance with Iron, Powder, Not Reconstituted",,,
171385,"Infant Formula, Nestle, Good Start Supreme, with Iron, Dha and Ara, Ready-To-Feed",,28.2,20.99
171386,"Infant Formula, Nestle, Good Start Supreme, with Iron, Dha and Ara, Prepared From Liquid Concentrate",,28.2,20.99
171387,"Infant Formula, Mead Johnson, Enfamil Gentlease, with Iron, Prepared From Powder",,,
171388,"Babyfood, Fortified Cereal Bar, Fruit Filling",7 ct,,4.49
171389,"Infant Formula, Mead Johnson, Enfamil, Gentlease, with Ara and Dha Powder Not Reconstituted",,,
171390,"Infant Formula, Mead Johnson, Enfamil, Enfagrow, Soy, Toddler Ready-To-Feed",,,
171391,"Infant Formula, Mead Johnson, Enfamil, Nutramigen Aa, Ready-To-Feed",,,
171392,"Infant Formula, Mead Johnson, Enfamil, Premature, with Iron, 20 Calories, Ready-To-Feed",,,
171393,"Infant Formula, Mead Johnson, Enfamil, Premature, with Iron, 24 Calories, Ready-To-Feed",,,
171394,"Infant Formula, Gerber, Good Start 2, Protect Plus, Ready-To-Feed",,12.5,22.49
171395,"Infant Formula, Abbott Nutrition, Similac, Go and Grow, Ready-To-Feed, with Ara and Dha",,33.2,36.99
171396,"Infant Formula, Abbott Nutrition, Similac, Expert Care, Diarrhea, Ready- To- Feed with Ara and Dha",,33.2,36.99
171397,"Infant Formula, Abbott Nutrition, Similac, for Spit Up, Ready-To-Feed, with Ara and Dha",,33.2,36.99
171398,"Babyfood, Snack, Gerber, Graduates, Lil Crunchies, Baked Whole Grain Corn Snack",,1,3.19
171399,"Infant Formula, Abbott Nutrition, Similac, for Spit Up, Powder, with Ara and Dha",,33.2,36.99
171400,"Fat, Beef Tallow",,,
171401,Lard,,16,2.69
171402,"Salad Dressing, Thousand Island, Commercial, Regular",16 fo,,3.49
171403,"Salad Dressing, Mayonnaise Type, Regular, with Salt",,16,4.49
171404,"Salad Dressing, French Dressing, Reduced Fat",15 oza,,2.99
171405,"Salad Dressing, Italian Dressing, Commercial, Reduced Fat",,12,3.99
171406,"Salad Dressing, Mayonnaise, Imitation, Soybean",30 fo,,6.49
171407,"Salad Dressing, Mayonnaise, Imitation, Milk Cream",30 fo,,6.49
171408,"Salad Dressing, Mayonnaise, Imitation, Soybean Without Cholesterol",30 fo,,6.49
171409,"Sandwich Spread, with Chopped Pickle, Regular, Unspecified Oils",,,
171410,"Oil, Peanut, Salad or Cooking",1 gal,,20.99
171411,"Oil, Soybean, Salad or Cooking",,3.75,1.19
171412,"Oil, Coconut",,23,14.99
171413,"Oil, Olive, Salad or Cooking",,16.9,9.99
171414,"Salad Dressing, French Dressing, Commercial, Regular",,16,2.49
171415,"Margarine,Spread, 35-39% Fat, Tub",,12,3.19
171416,"Salad Dressing, French, Home Recipe",,16,2.49
171417,"Salad Dressing, Home Recipe, Vinegar and Oil",4 ct,,5.99
171418,"Salad Dressing, Mayonnaise, Soybean Oil, Without Salt",30 fo,,6.49
171419,"Salad Dressing, French, Cottonseed, Oil, Home Recipe",,16,2.49
171420,"Salad Dressing, French Dressing, Fat-Free",,16,2.49
171421,"Oil, Cocoa Butter",,5.1,12.99
171422,"Vegetable Oil, Palm Kernel",,16,1.49
171423,"Oil, Poppyseed",16 fo,,3.49
171424,"Oil, Tomatoseed",,32,13.99
171425,"Oil, Teaseed",,12.7,11.95
171426,"Oil, Soybean Lecithin",,,
171427,"Oil, Hazelnut",,16.9,9.99
171428,"Oil, Babassu",,7,10.99
171429,"Oil, Sheanut",,14.5,15.99
171430,"Oil, Pam Cooking Spray, Original",,7,5.99
171431,"Margarine, Margarine-Like Vegetable Oil Spread, 67-70% Fat, Tub",,45,10.49
171432,"Margarine, 80% Fat, Tub, Canola Harvest Soft Spread (Canola, Palm and Palm Kernel Oils)",,12,3.19
171433,"Oil, Cooking and Salad, Enova, 80% Diglycerides",,7.5,4.99
171434,"Margarine-Like, Vegetable Oil Spread, Approximately 37% Fat, Unspecified Oils, with Salt, with Added Vitamin D",,45,10.49
171435,"Margarine, Regular, 80% Fat, Composite, Stick, with Salt, with Added Vitamin D",,,
171436,"Margarine, Regular, 80% Fat, Composite, Tub, with Salt, with Added Vitamin D",,12,3.19
171437,"Margarine-Like, Vegetable Oil Spread, 60% Fat, Stick, with Salt, with Added Vitamin D",,15,4.49
171438,"Oil, Industrial, Soy, Low Linolenic",,11,6.99
171439,"Oil, Industrial, Soy, Ultra Low Linolenic",,11,6.99
171440,"Oil, Industrial, Soy, Fully Hydrogenated",,11,6.99
171441,"Oil, Industrial, Cottonseed, Fully Hydrogenated",,11,6.99
171442,"Oil, Flaxseed, Contains Added Sliced Flaxseed",125 ct,,18.99
171443,"Mayonnaise, Reduced Fat, with Olive Oil",,18,3.69
171444,"Salad Dressing, Mayonnaise-Type, Light",,,
171445,"Chicken, Broiler, Rotisserie, Bbq, Breast, Meat Only",,26,9.49
171446,"Chicken, Broilers or Fryers, Meat and Skin and Giblets and Neck, Stewed",,,
171447,"Chicken, Broilers or Fryers, Meat and Skin, Raw",,22,8.99
171448,"Chicken, Broilers or Fryers, Meat and Skin, Cooked, Fried, Batter",,22,8.99
171449,"Chicken, Broilers or Fryers, Meat and Skin, Cooked, Fried, Flour",,22,8.99
171450,"Chicken, Broilers or Fryers, Meat and Skin, Cooked, Roasted",,22,8.99
171451,"Chicken, Broilers or Fryers, Meat Only, Cooked, Stewed",,22,8.99
171452,"Chicken, Broilers or Fryers, Skin Only, Raw",,22,8.99
171453,"Chicken, Broilers or Fryers, Skin Only, Cooked, Fried, Batter",,,
171454,"Chicken, Broilers or Fryers, Skin Only, Cooked, Fried, Flour",,,
171455,"Chicken, Broilers or Fryers, Giblets, Cooked, Simmered",,,
171456,"Chicken, Gizzard, All Classes, Raw",,20,2.19
171457,"Chicken, Gizzard, All Classes, Cooked, Simmered",,20,2.19
171458,"Chicken, Heart, All Classes, Raw",16 pounds,,12.99
171459,"Chicken, Broilers or Fryers, Light Meat, Meat and Skin, Cooked, Fried, Batter",,,
171460,"Chicken, Broilers or Fryers, Light Meat, Meat and Skin, Cooked, Fried, Flour",,,
171461,"Chicken, Broilers or Fryers, Light Meat, Meat and Skin, Cooked, Roasted",,,
171462,"Chicken, Broilers or Fryers, Light Meat, Meat and Skin, Cooked, Stewed",,22,8.99
171463,"Chicken, Broilers or Fryers, Dark Meat, Meat and Skin, Raw",,,
171464,"Chicken, Broilers or Fryers, Light Meat, Meat Only, Raw",,22,8.99
171465,"Chicken, Broilers or Fryers, Light Meat, Meat Only, Cooked, Fried",,,
171466,"Chicken, Broilers or Fryers, Light Meat, Meat Only, Cooked, Roasted",,22,8.99
171467,"Chicken, Broilers or Fryers, Light Meat, Meat Only, Cooked, Stewed",,22,8.99
171468,"Chicken, Broilers or Fryers, Separable Fat, Raw",,22,8.99
171469,"Chicken, Broilers or Fryers, Back, Meat and Skin, Raw",,22,8.99
171470,"Chicken, Broilers or Fryers, Back, Meat and Skin, Cooked, Fried, Batter",,22,8.99
171471,"Chicken, Broilers or Fryers, Back, Meat and Skin, Cooked, Fried, Flour",,22,8.99
171472,"Chicken, Broilers or Fryers, Back, Meat Only, Cooked, Roasted",,,
171473,"Chicken, Broilers or Fryers, Back, Meat Only, Cooked, Stewed",,22,8.99
171474,"Chicken, Broilers or Fryers, Breast, Meat and Skin, Raw",,22,8.99
171475,"Chicken, Broilers or Fryers, Breast, Meat and Skin, Cooked, Fried, Batter",,22,8.99
171476,"Chicken, Broilers or Fryers, Breast, Meat and Skin, Cooked, Fried, Flour",,,
171477,"Chicken, Broilers or Fryers, Breast, Meat Only, Cooked, Roasted",,,
171478,"Chicken, Broilers or Fryers, Breast, Meat Only, Cooked, Stewed",,22,8.99
171479,"Turkey, Whole, Meat and Skin, Cooked, Roasted",1 lb,16,1.89
171480,"Turkey, Whole, Meat Only, Raw",1 lb,16,1.89
171481,"Turkey, Whole, Meat Only, Cooked, Roasted",1 lb,16,1.89
171482,"Turkey, Whole, Skin (Light and Dark), Raw",1 lb,16,1.89
171483,"Turkey, All Classes, Gizzard, Cooked, Simmered",,,
171484,"Turkey, All Classes, Heart, Raw",,,
171485,"Turkey, All Classes, Heart, Cooked, Simmered",,,
171486,"Turkey, All Classes, Liver, Raw",,,
171487,"Turkey, All Classes, Liver, Cooked, Simmered",,,
171488,"Turkey, Dark Meat, Meat and Skin, Raw",3 l,,27.99
171489,"Turkey, Whole, Dark Meat, Meat and Skin, Cooked, Roasted",1 lb,16,1.89
171490,"Turkey, Whole, Light Meat, Raw",1 lb,16,1.89
171491,"Turkey, All Classes, Light Meat, Cooked, Roasted",,,
171492,"Turkey, All Classes, Breast, Meat and Skin, Cooked, Roasted",,,
171493,"Turkey, All Classes, Leg, Meat and Skin, Raw",,,
171494,"Turkey, All Classes, Leg, Meat and Skin, Cooked, Roasted",,,
171495,"Turkey, All Classes, Wing, Meat and Skin, Raw",,,
171496,"Turkey, Whole, Breast, Meat Only, Cooked, Roasted",1 lb,16,1.89
171497,"Turkey, Whole, Wing, Meat Only, Raw",1 lb,16,1.89
171498,"Turkey, Whole, Wing, Meat Only, Cooked, Roasted",1 lb,16,1.89
171499,"Turkey, Young Hen, Skin Only, Cooked, Roasted",,,
171500,"Turkey and Gravy, Frozen",1 lb,16,2.49
171501,"Turkey Breast, Pre-Basted, Meat and Skin, Cooked, Roasted",1 ct,,2.49
171502,"Turkey Thigh, Pre-Basted, Meat and Skin, Cooked, Roasted",4.5 lb,72,5.00
171503,"Turkey Roast, Boneless, Frozen, Seasoned, Light and Dark Meat, Raw",3 lb,48,13.99
171504,"Turkey, Mechanically Deboned, From Turkey Frames, Raw",,,
171505,"Turkey, Ground, Raw",1 lb,16,4.49
171506,"Turkey, Ground, Cooked",1 lb,16,4.49
171507,"Chicken, Cornish Game Hens, Meat and Skin, Raw",,48,10.99
171508,"Chicken, Wing, Frozen, Glazed, Barbecue Flavored, Heated (Microwave)",1 lb,16,4.99
171509,"Chicken, Broilers or Fryers, Breast, Skinless, Boneless, Meat Only, with Added Solution, Raw",,,
171510,"Duck, Young Duckling, Domesticated, White Pekin, Breast, Meat and Skin, Boneless, Cooked, Roasted",,,
171511,"Duck, Young Duckling, Domesticated, White Pekin, Breast, Meat Only, Boneless, Cooked Without Skin, Broiled",,,
171512,"Chicken Patty, Frozen, Uncooked",,27,7.99
171513,"Chicken Patty, Frozen, Cooked",,27,7.99
171514,"Chicken Breast Tenders, Breaded, Cooked, Microwaved",,16,13.49
171515,"Chicken Breast Tenders, Breaded, Uncooked",,16,13.49
171516,"Chicken, Broiler, Rotisserie, Bbq, Wing, Meat Only",,26,9.49
171517,"Chicken, Broilers or Fryers, Rotisserie, Original Seasoning, Back, Meat Only, Cooked",,22,8.99
171518,"Chicken, Broilers or Fryers, Rotisserie, Original Seasoning, Breast, Meat Only, Cooked",,22,8.99
171519,"Chicken, Broilers or Fryers, Drumstick, Rotisserie, Original Seasoning, Meat Only, Cooked",,,
171520,"Chicken, Broilers or Fryers, Rotisserie, Original Seasoning, Skin Only, Cooked",,22,8.99
171521,"Chicken, Broilers or Fryers, Rotisserie, Original Seasoning, Drumstick, Meat and Skin, Cooked",,22,8.99
171522,"Chicken, Broilers or Fryers, Rotisserie, Original Seasoning, Thigh, Meat and Skin, Cooked",,22,8.99
171523,"Chicken, Broilers or Fryers, Rotisserie, Original Seasoning, Wing, Meat and Skin, Cooked",,22,8.99
171524,"Chicken, Broiler, Rotisserie, Bbq, Skin",,26,9.49
171525,"Turkey, Drumstick, From Whole Bird, Meat Only, with Added Solution, Raw",1 lb,16,4.49
171526,"Turkey, Wing, From Whole Bird, Meat Only, with Added Solution, Raw",1 lb,16,4.49
171527,"Turkey, Wing, From Whole Bird, Meat Only, with Added Solution, Roasted",1 lb,16,4.49
171528,"Turkey, Retail Parts, Breast, Meat and Skin, Raw",,,
171529,"Turkey, Retail Parts, Breast, Meat and Skin, Cooked, Roasted",2 lb,32,4.99
171530,"Turkey, Drumstick, From Whole Bird, Meat Only, Roasted",1 lb,16,4.49
171531,"Turkey, Thigh, From Whole Bird, Meat Only, Raw",,7,1.00
171532,"Turkey, Thigh, From Whole Bird, Meat Only, Roasted",,7,1.00
171533,"Turkey, Retail Parts, Thigh, Meat and Skin, Raw",2 lb,32,4.99
171534,"Chicken, Broiler or Fryers, Breast, Skinless, Boneless, Meat Only, Cooked, Grilled",,22,8.99
171535,"Chicken, Broiler or Fryers, Breast, Skinless, Boneless, Meat Only, with Added Solution, Cooked, Braised",,,
171536,"Chicken, Broiler or Fryers, Breast, Skinless, Boneless, Meat Only, with Added Solution, Cooked, Grilled",,22,8.99
171537,"Soup, Cream of Asparagus, Canned, Condensed",,,
171538,"Soup, Beef Broth or Bouillon Canned, Ready-To-Serve",,8,7.99
171539,"Soup, Beef Noodle, Canned, Condensed",,15.5,4.49
171540,"Soup, Cream of Celery, Canned, Condensed",,10.5,1.99
171541,"Soup, Cheese, Canned, Condensed",,10.5,1.99
171542,"Soup, Chicken Broth, Canned, Condensed",,32,1.49
171543,"Soup, Chicken Noodle, Canned, Condensed",,10.5,1.99
171544,"Soup, Chicken Rice, Canned, Chunky, Ready-To-Serve",,10.5,1.99
171545,"Soup, Chicken with Rice, Canned, Condensed",,10.5,1.25
171546,"Soup, Chicken and Vegetable, Canned, Ready-To-Serve",,15,11.49
171547,"Soup, Clam Chowder, New England, Canned, Condensed",,18.5,2.79
171548,"Soup, Beef Broth Bouillon and Consomme, Canned, Condensed",,,
171549,"Soup, Lentil with Ham, Canned, Ready-To-Serve",,14.5,3.79
171550,"Soup, Minestrone, Canned, Chunky, Ready-To-Serve",,16,5.29
171551,"Soup, Onion, Canned, Condensed",,2,2.39
171552,"Soup, Cream of Onion, Canned, Condensed",,10.5,1.99
171553,"Soup, Oyster Stew, Canned, Condensed",,10.5,1.99
171554,"Soup, Pea, Green, Canned, Condensed",,14.1,3.79
171555,"Soup, Pea, Split with Ham, Canned, Chunky, Ready-To-Serve",,14.1,3.79
171556,"Campbell'S, Chicken Noodle Soup, Condensed",,10.5,1.99
171557,"Soup, Tomato Rice, Canned, Condensed",,11.1,2.69
171558,"Soup, Turkey, Chunky, Canned, Ready-To-Serve",,32,3.99
171559,"Soup, Chunky Vegetable, Canned, Ready-To-Serve",,18.8,2.99
171560,"Soup, Beef Broth or Bouillon, Powder, Dry",,8,7.99
171561,"Soup, Beef Broth, Cubed, Dry",,32,1.49
171562,"Soup, Chicken Broth or Bouillon, Dry",2.0 lb,32,6.79
171563,"Soup, Chicken Broth Cubes, Dry",8 ct,3.1,1.19
171564,"Gravy, Beef, Canned, Ready-To-Serve",,12,4.59
171565,"Gravy, Brown, Dry",,0.87,0.50
171566,"Gravy, Chicken, Canned or Bottled, Ready-To-Serve",,0.87,0.99
171567,"Gravy, Chicken, Dry",,0.87,0.99
171568,"Gravy, Turkey, Canned, Ready-To-Serve",,0.87,1.79
171569,"Gravy, Turkey, Dry",,0.87,1.79
171570,"Gravy, Unspecified Type, Dry",,,
171571,"Soup, Chicken Noodle, Dry, Mix",,10.5,1.99
171572,"Soup, Beef Mushroom, Canned, Prepared with Equal Volume Water",,10.5,1.99
171573,"Soup, Chicken Mushroom, Canned, Prepared with Equal Volume Water",,18.5,2.79
171574,"Soup, Tomato Bisque, Canned, Prepared with Equal Volume Water",,24,6.99
171575,"Sauce, Peanut, Made From Coconut, Water, Sugar, Peanuts",,11.5,4.79
171576,"Smart Soup, Santa Fe Corn Chowder",,9,2.49
171577,"Smart Soup, French Lentil",,14.5,3.79
171578,"Smart Soup, Greek Minestrone",,,
171579,"Sauce, Pesto, Ready-To-Serve, Refrigerated",,7,5.99
171580,"Sauce, Pesto, Ready-To-Serve, Shelf Stable",,7,5.99
171581,"Sauce, Pesto, Buitoni, Pesto with Basil, Ready-To-Serve, Refrigerated",,7,5.99
171582,"Sauce, Pesto, Classico, Basil Pesto, Ready-To-Serve",,7,5.99
171583,"Soup, Vegetable Broth, Ready To Serve",,14,0.89
171584,"Sauce, Cheese Sauce Mix, Dry",net wt 15.7 oz (445g),,4.49
171585,"Soup, Chicken Corn Chowder, Chunky, Ready-To-Serve, Single Brand",,18.5,2.79
171586,"Soup, Bean with Bacon, Condensed, Single Brand",,11.25,1.99
171587,"Soup, Tomato, Canned, Condensed, Reduced Sodium",,19,2.79
171588,"Gravy, Brown Instant, Dry",6 ct,,3.69
171589,"Gravy, Instant Beef, Dry",,0.87,0.50
171590,"Gravy, Instant Turkey, Dry",,,
171591,"Soup, Tomato, Low Sodium, with Water",,19,2.79
171592,"Soup, Pea, Low Sodium, Prepared with Equal Volume Water",,14.1,3.79
171593,"Soup, Chicken Noodle, Low Sodium, Canned, Prepared with Equal Volume Water",,10.5,1.99
171594,"Soup, Vegetable Soup, Condensed, Low Sodium, Prepared with Equal Volume Water",,18.5,2.79
171595,"Sauce, Tomato Chili Sauce, Bottled, with Salt",,,
171596,"Soup, Vegetable Chicken, Canned, Prepared with Water, Low Sodium",,15,11.49
171597,"Sauce, Pasta, Spaghetti/Marinara, Ready-To-Serve, Low Sodium",,24,1.99
171598,"Gravy, Meat or Poultry, Low Sodium, Prepared",,,
171599,"Gravy, Heinz Home Style, Savory Beef",,,
171600,"Gravy, Campbell'S, Chicken",,10.5,2.19
171601,"Barbecue Loaf, Pork, Beef",,24,17.99
171602,"Soup, Cream of Chicken, Canned, Condensed, Reduced Sodium",4 ct,10.5,5.29
171603,"Sauce, Alfredo Mix, Dry",,1.48,1.79
171604,"Sauce, Peppers, Hot, Chili, Mature Red, Canned",,7,1.69
171605,"Sauce, Chili, Peppers, Hot, Immature Green, Canned",,12,1.99
171606,Fish Broth,,2.47,1.69
171607,"Soup, Cream of Mushroom, Low Sodium, Ready-To-Serve, Canned",,26,1.89
171608,"Potato Soup, Instant, Dry Mix",,11.1,2.69
171609,"Soup, Chicken Broth, Low Sodium, Canned",,32,1.49
171610,"Sauce, Worcestershire",15 fo,,6.99
171611,"Soup, Beef and Mushroom, Low Sodium, Chunk Style",,10.5,1.99
171612,"Soup, Beef Stroganoff, Canned, Chunky Style, Ready-To-Serve",,1.5,2.49
171613,"Soup, Bouillon Cubes and Granules, Low Sodium, Dry",,,
171614,"Soup, Ramen Noodle, Beef Flavor, Dry",,2.25,0.69
171615,"Soup, Ramen Noodle, Chicken Flavor, Dry",,2.25,0.69
171616,"Beerwurst, Beer Salami, Pork",,5,6.49
171617,"Sausage, Berliner, Pork, Beef",,,
171618,Blood Sausage,,,
171619,"Bockwurst, Pork, Veal, Raw",6 ct,14,5.49
171620,"Bratwurst, Pork, Cooked",,19,6.49
171621,"Braunschweiger (A Liver Sausage), Pork",,16,3.29
171622,"Bratwurst, Pork, Beef, Link",,19,6.49
171623,"Cheesefurter, Cheese Smokie, Pork, Beef",,14,5.49
171624,"Frankfurter, Chicken",20 ct,40,5.99
171625,"Frankfurter, Turkey",8 ct,,6.49
171626,"Ham, Chopped, Canned",,11.5,6.99
171627,"Ham, Chopped, Not Canned",,16,5.49
171628,Ham and Cheese Loaf or Roll,,12,2.79
171629,Ham and Cheese Spread,,9,5.99
171630,"Headcheese, Pork",750ml,,13.99
171631,"Sausage, Italian, Pork, Mild, Raw",,16,4.29
171632,"Sausage, Pork and Turkey, Pre-Cooked",,13,3.29
171633,"Frankfurter, Meat and Poultry, Cooked, Boiled",5 ct,12,4.99
171634,"Frankfurter, Meat and Poultry, Cooked, Grilled",5 ct,12,4.99
171635,"Pork Sausage, Link/Patty, Reduced Fat, Unprepared",,12,4.59
171636,"Pork Sausage, Link/Patty, Reduced Fat, Cooked, Pan-Fried",,,
171637,"Bologna, Meat and Poultry",1 lb,16,1.89
171638,"Meatballs, Frozen, Italian Style",,26,6.49
171639,"Bacon, Turkey, Microwaved",,12,5.99
171640,"Bacon, Turkey, Low Sodium",,12,5.99
171641,"Cereals Ready-To-Eat, Post, Alpha-Bits",,,
171642,"Cereals Ready-To-Eat, Quaker, Cap'N Crunch",,,
171643,"Cereals Ready-To-Eat, Quaker, Cap'N Crunch with Crunchberries",,16,4.49
171644,"Cereals Ready-To-Eat, Quaker, Cap'N Crunch'S Peanut Butter Crunch",,16,4.49
171645,"Cereals Ready-To-Eat, Post, Fruity Pebbles",,12.25,3.99
171646,"Cereals Ready-To-Eat, Granola, Homemade",,,
171647,"Cereals Ready-To-Eat, Post, Grape-Nuts Cereal",,12.25,3.99
171648,"Cereals Ready-To-Eat, Post, Grape-Nuts Flakes",,,
171649,"Cereals Ready-To-Eat, Quaker, Sweet Crunch/Quisp",,16,4.49
171650,"Cereals Ready-To-Eat, Post Raisin Bran Cereal",,28,6.99
171651,"Cereals Ready-To-Eat, Quaker, Quaker Puffed Rice",,16,4.49
171652,"Cereals Ready-To-Eat, Post, Golden Crisp",,28,6.99
171653,"Cereals Ready-To-Eat, Sun Country, Kretschmer Honey Crunch Wheat Germ",,,
171654,"Cereals, Corn Grits, White, Regular and Quick, Enriched, Dry",,12,7.99
171655,"Cereals, Corn Grits, White, Regular and Quick, Enriched, Cooked with Water, Without Salt",,12,7.99
171656,"Cereals, Quaker, Corn Grits, Instant, Plain, Dry",,24.1,6.99
171657,"Cereals, Cream of Wheat, Regular (10 Minute), Cooked with Water, Without Salt",,18,4.59
171658,"Cereals, Farina, Enriched, Assorted Brands Including Cream of Wheat, Quick (1-3 Minutes), Dry",,,
171659,"Cereals, Farina, Enriched, Assorted Brands Including Cream of Wheat, Quick (1-3 Minutes), Cooked with Water, Without Salt",,,
171660,"Cereals, Cream of Wheat, Instant, Dry",,18,4.59
171661,"Cereals, Oats, Instant, Fortified, Plain, Dry",18 ounces,,5.79
171662,"Cereals, Oats, Instant, Fortified, Plain, Prepared with Water (Boiling Water Added or Microwaved)",18 ounces,,5.79
171663,"Cereals, Quaker, Instant Oatmeal, Apples and Cinnamon, Dry",,24.1,6.99
171664,"Cereals, Oats, Instant, Fortified, with Cinnamon and Spice, Dry",18 ounces,,5.79
171665,"Cereals, Wheatena, Dry",18 ounces,,4.69
171666,"Cereals, Wheatena, Cooked with Water",18 ounces,,4.69
171667,"Cereals, Whole Wheat Hot Natural Cereal, Dry",,,
171668,"Cereals, Whole Wheat Hot Natural Cereal, Cooked with Water, Without Salt",,,
171669,"Cereals Ready-To-Eat, Quaker, Quaker Puffed Wheat",,16,4.49
171670,"Cereals, Corn Grits, Yellow, Regular and Quick, Unenriched, Dry",,12,7.99
171671,"Cereals, Corn Grits, White, Regular and Quick, Enriched, Cooked with Water, with Salt",,12,7.99
171672,"Cereals, Corn Grits, Yellow, Regular and Quick, Enriched, Cooked with Water, Without Salt",,12,7.99
171673,"Cereals, Corn Grits, Yellow, Regular, Quick, Enriched, Cooked with Water, with Salt",,,
171674,"Cereals, Malt-O-Meal, Chocolate, Dry",30 ounces,,5.99
171675,"Cereals, Oats, Regular and Quick and Instant, Unenriched, Cooked with Water (Includes Boiling and Microwaving), with Salt",18 ounces,,5.79
171676,"Cereals, Wheatena, Cooked with Water, with Salt",18 ounces,,4.69
171677,"Cereals, Whole Wheat Hot Natural Cereal, Cooked with Water, with Salt",,,
171678,"Cereals, Ready-To-Eat, Malt-O-Meal, Blueberry Mini Spooners",,12,4.29
171679,"Cereals Ready-To-Eat, Malt-O-Meal, Oat Blenders with Honey",,,
171680,"Cereals Ready-To-Eat, Malt-O-Meal, Oat Blenders with Honey & Almonds",15 ounces,,4.29
171681,"Cereals Ready-To-Eat, Malt-O-Meal, Honey Nut Scooters",,,
171682,"Cereals, Quaker, Instant Oatmeal, Cinnamon Swirl, High Fiber",,24.1,6.99
171683,"Cereals, Quaker, Oatmeal, Real Medleys, Blueberry Hazelnut, Dry",,24.1,6.99
171684,"Cereals, Quaker, Oatmeal, Real Medleys, Apple Walnut, Dry",,24.1,6.99
171685,"Cereals, Quaker, Oatmeal, Real Medleys, Summer Berry, Dry",,24.1,6.99
171686,"Acerola, (West Indian Cherry), Raw",1 lb,16,7.99
171687,"Acerola Juice, Raw",,,
171688,"Apples, Raw, with Skin (Includes Foods for Usda'S Food Distribution Program)",,16,2.99
171689,"Apples, Raw, Without Skin",,16,2.99
171690,"Apples, Dehydrated (Low Moisture), Sulfured, Stewed",,2.7,5.79
171691,"Apples, Dried, Sulfured, Uncooked",6 ct,0.35,5.99
171692,"Apples, Dried, Sulfured, Stewed, Without Added Sugar",6 ct,0.35,5.99
171693,"Apples, Dried, Sulfured, Stewed, with Added Sugar",6 ct,0.35,5.99
171694,"Apples, Frozen, Unsweetened, Unheated (Includes Foods for Usda'S Food Distribution Program)",,7,1.49
171695,"Applesauce, Canned, Unsweetened, Without Added Ascorbic Acid (Includes Foods for Usda'S Food Distribution Program)",,48,4.29
171696,"Applesauce, Canned, Sweetened, Without Salt",,48,4.29
171697,"Apricots, Raw",,6,4.79
171698,"Apricots, Canned, Water Pack, with Skin, Solids and Liquids",,15.25,2.19
171699,"Apricots, Canned, Heavy Syrup Pack, with Skin, Solids and Liquids",,15.25,2.19
171700,"Apricots, Canned, Heavy Syrup Pack, Without Skin, Solids and Liquids",,11.3,0.79
171701,"Apricots, Canned, Extra Heavy Syrup Pack, Without Skin, Solids and Liquids",,15.25,2.19
171702,"Apricots, Dehydrated (Low-Moisture), Sulfured, Uncooked",,16,8.99
171703,"Apricots, Frozen, Sweetened",,6,4.79
171704,"Apricot Nectar, Canned, with Added Ascorbic Acid",,11.3,0.79
171705,"Avocados, Raw, All Commercial Varieties",,7.3,9.99
171706,"Avocados, Raw, California",,7.3,9.99
171707,"Avocados, Raw, Florida",,7.3,9.99
171708,"Cherries, Tart, Dried, Sweetened (Includes Foods for Usda'S Food Distribution Program)",,14.5,4.99
171709,"Blackberries, Canned, Heavy Syrup, Solids and Liquids",12 pk,12,10.99
171710,"Blackberries, Frozen, Unsweetened",,16,4.99
171711,"Blueberries, Raw",,,
171712,"Boysenberries, Canned, Heavy Syrup",,,
171713,"Boysenberries, Frozen, Unsweetened",,12,4.99
171714,"Breadfruit, Raw",,15,2.39
171715,"Carambola, (Starfruit), Raw",,,
171716,"Cherries, Sour, Red, Canned, Heavy Syrup Pack, Solids and Liquids",30 ct,,17.99
171717,"Cherries, Sour, Red, Canned, Extra Heavy Syrup Pack, Solids and Liquids",30 ct,,17.99
171718,"Cherries, Sour, Red, Frozen, Unsweetened (Includes Foods for Usda'S Food Distribution Program)",30 ct,,17.99
171719,"Cherries, Sweet, Raw",,16,3.49
171720,"Cherries, Sweet, Canned, Extra Heavy Syrup Pack, Solids and Liquids",,16,3.49
171721,"Crabapples, Raw",,64,3.79
171722,"Cranberries, Raw",,,
171723,"Cranberries, Dried, Sweetened (Includes Foods for Usda'S Food Distribution Program)",,5,3.29
171724,"Currants, Zante, Dried",,,
171725,"Custard-Apple, (Bullock'S-Heart), Raw",,,
171726,"Dates, Deglet Noor",,,
171727,"Elderberries, Raw",40 ct,,14.99
171728,"Beef, Australian, Imported, Grass-Fed, External Fat, Raw",750 ml,,8.99
171729,"Beef, Australian, Imported, Grass-Fed, Seam Fat, Raw",750 ml,,8.99
171730,"Beef, Australian, Imported, Wagyu, External Fat, Aust. Marble Score 4/5, Raw",750 ml,,8.99
171731,"Beef, Australian, Imported, Wagyu, Seam Fat, Aust. Marble Score 4/5, Raw",,,
171732,"Beef, Australian, Imported, Wagyu, Loin, Tenderloin Steak/Roast, Boneless, Separable Lean and Fat, Aust. Marble Score 4/5, Raw",750 ml,,8.99
171733,"Beef, Australian, Imported, Grass-Fed, Loin, Top Loin Steak/Roast, Boneless, Separable Lean and Fat, Raw",750 ml,,8.99
171734,"Beef, Australian, Imported, Grass-Fed, Loin, Top Sirloin Cap-Off Steak/Roast, Boneless, Separable Lean Only, Raw",750 ml,,8.99
171735,"Beef, Australian, Imported, Grass-Fed, Rib, Ribeye Steak/Roast Lip-On, Boneless, Separable Lean Only, Raw",,,
171736,"Beef, Australian, Imported, Wagyu, Loin, Top Loin Steak/Roast, Boneless, Separable Lean Only, Aust. Marble Score 9, Raw",750 ml,,8.99
171737,"Beef, Australian, Imported, Wagyu, Rib, Small End Rib Steak/Roast, Boneless, Separable Lean Only, Aust. Marble Score 4/5, Raw",750 ml,,8.99
171738,"Beef, Australian, Imported, Wagyu, Rib, Small End Rib Steak/Roast, Boneless, Separable Lean Only, Aust. Marble Score 9, Raw",,,
171739,"Beef, Australian, Imported, Grass-Fed, Loin, Top Sirloin Cap-Off Steak/Roast, Boneless, Separable Lean and Fat, Raw",750 ml,,8.99
171740,"Beef, Australian, Imported, Wagyu, Rib, Small End Rib Steak/Roast, Boneless, Separable Lean and Fat, Aust. Marble Score 4/5, Raw",750 ml,,8.99
171741,"Beef, Australian, Imported, Wagyu, Rib, Small End Rib Steak/Roast, Boneless, Separable Lean and Fat, Aust. Marble Score 9, Raw",750 ml,,8.99
171742,"Beef, Australian, Imported, Wagyu, Loin, Tenderloin Steak/Roast, Boneless, Separable Lean and Fat, Aust. Marble Score 9, Raw",750 ml,,8.99
171743,"Beef, Round, Top Round Steak, Boneless, Separable Lean and Fat, Trimmed To 0"" Fat, All Grades, Raw",1 lb,16,11.99
171744,"Beef, Round, Top Round Roast, Boneless, Separable Lean and Fat, Trimmed To 0"" Fat, Select, Raw",1 lb,16,11.99
171745,"Beef, Round, Eye of Round Roast, Boneless, Separable Lean and Fat, Trimmed To 0"" Fat, All Grades, Raw",1 lb,16,11.99
171746,"Beef, Round, Eye of Round Roast, Boneless, Separable Lean and Fat, Trimmed To 0"" Fat, Choice, Raw",1 lb,16,11.99
171747,"Beef, Round, Eye of Round Roast, Boneless, Separable Lean and Fat, Trimmed To 0"" Fat, Select, Raw",1 lb,16,11.99
171748,"Beef, Loin, Tenderloin Roast, Boneless, Separable Lean and Fat, Trimmed To 0"" Fat, Choice, Raw",,23,9.99
171749,"Beef, Loin, Tenderloin Roast, Boneless, Separable Lean and Fat, Trimmed To 0"" Fat, Select, Raw",,23,9.99
171750,"Beef, Loin, Top Loin Steak, Boneless, Lip Off, Separable Lean and Fat, Trimmed To 0"" Fat, All Grades, Raw",,23,9.99
171751,"Beef, Loin, Top Loin Steak, Boneless, Lip Off, Separable Lean and Fat, Trimmed To 0"" Fat, Choice, Raw",,23,9.99
171752,"Beef, Loin, Top Loin Steak, Boneless, Lip Off, Separable Lean and Fat, Trimmed To 0"" Fat, Select, Raw",,23,9.99
171753,"Beef, Loin, Tenderloin Roast, Boneless, Separable Lean and Fat, Trimmed To 0"" Fat, Choice, Cooked, Roasted",,23,9.99
171754,"Beef, Loin, Tenderloin Roast, Boneless, Separable Lean and Fat, Trimmed To 0"" Fat, Select, Cooked, Roasted",,23,9.99
171755,"Beef, Round, Top Round Roast, Boneless, Separable Lean and Fat, Trimmed To 0"" Fat, All Grades, Cooked, Roasted",1 lb,16,11.99
171756,"Beef, Round, Top Round Roast, Boneless, Separable Lean and Fat, Trimmed To 0"" Fat, Choice, Cooked, Roasted",1 lb,16,11.99
171757,"Beef, Round, Top Round Steak, Boneless, Separable Lean Only, Trimmed To 0"" Fat, All Grades, Raw",1 lb,16,11.99
171758,"Beef, Round, Top Round Steak, Boneless, Separable Lean Only, Trimmed To 0"" Fat, Choice, Raw",1 lb,16,11.99
171759,"Beef, Round, Top Round Steak, Boneless, Separable Lean Only, Trimmed To 0"" Fat, Select, Raw",1 lb,16,11.99
171760,"Beef, Round, Top Round Roast, Boneless, Separable Lean Only, Trimmed To 0"" Fat, All Grades, Raw",1 lb,16,11.99
171761,"Beef, Round, Eye of Round Roast, Boneless, Separable Lean Only, Trimmed To 0"" Fat, Select, Raw",1 lb,16,11.99
171762,"Beef, Round, Eye of Round Steak, Boneless, Separable Lean Only, Trimmed To 0"" Fat, All Grades, Raw",1 lb,16,11.99
171763,"Beef, Round, Eye of Round Steak, Boneless, Separable Lean Only, Trimmed To 0"" Fat, Choice, Raw",1 lb,16,11.99
171764,"Beef, Round, Eye of Round Steak, Boneless, Separable Lean Only, Trimmed To 0"" Fat, Select, Raw",1 lb,16,11.99
171765,"Beef, Loin, Tenderloin Roast, Boneless, Separable Lean Only, Trimmed To 0"" Fat, All Grades, Raw",,23,9.99
171766,"Beef, Loin, Top Loin Steak, Boneless, Lip Off, Separable Lean Only, Trimmed To 0"" Fat, Select, Raw",,23,9.99
171767,"Beef, Loin, Tenderloin Steak, Boneless, Separable Lean Only, Trimmed To 0"" Fat, All Grades, Raw",,23,9.99
171768,"Beef, Loin, Tenderloin Steak, Boneless, Separable Lean Only, Trimmed To 0"" Fat, Choice, Raw",,23,9.99
171769,"Beef, Loin, Tenderloin Steak, Boneless, Separable Lean Only, Trimmed To 0"" Fat, Select, Raw",,23,9.99
171770,"Beef, Round, Top Round Roast, Boneless, Separable Lean Only, Trimmed To 0"" Fat, Choice, Cooked, Roasted",1 lb,16,11.99
171771,"Beef, Round, Top Round Roast, Boneless, Separable Lean Only, Trimmed To 0"" Fat, Select, Cooked, Roasted",1 lb,16,11.99
171772,"Beef, Round, Eye of Round Steak, Boneless, Separable Lean Only, Trimmed To 0"" Fat, All Grades, Cooked, Grilled",1 lb,16,11.99
171773,"Beef, Round, Eye of Round Steak, Boneless, Separable Lean Only, Trimmed To 0"" Fat, Choice, Cooked, Grilled",1 lb,16,11.99
171774,"Beef, Loin, Top Loin Steak, Boneless, Lip-On, Separable Lean and Fat, Trimmed To 1/8"" Fat, Select, Raw",,23,9.99
171775,"Beef, Loin, Top Loin Steak, Boneless, Lip-On, Separable Lean and Fat, Trimmed To 1/8"" Fat, All Grades, Raw",,23,9.99
171776,"Beef, Composite of Trimmed Retail Cuts, Separable Lean Only, Trimmed To 0"" Fat, Select, Raw",,,
171777,"Beef, Composite of Trimmed Retail Cuts, Separable Lean and Fat, Trimmed To 0"" Fat, Select, Raw",,,
171778,"Beef, Composite of Trimmed Retail Cuts, Separable Lean Only, Trimmed To 1/8"" Fat, Select, Cooked",,,
171779,"Beef, Composite of Trimmed Retail Cuts, Separable Lean Only, Trimmed To 1/8"" Fat, Select, Raw",,,
171780,"Beef, Chuck, Clod Roast, Separable Lean Only, Trimmed To 1/4"" Fat, All Grades, Cooked, Roasted",1 lb,16,12.99
171781,"Beef, Shoulder Steak, Boneless, Separable Lean Only, Trimmed To 0"" Fat, All Grades, Cooked, Grilled",1 lb,16,12.99
171782,"Beef, Chuck, Clod Steak, Separable Lean Only, Trimmed To 1/4"" Fat, All Grades, Cooked, Braised",1 lb,16,12.99
171783,"Beef, Chuck, Mock Tender Steak, Separable Lean and Fat, Trimmed To 0"" Fat, Usda Choice, Cooked, Broiled",1 lb,16,12.99
171784,"Beef, Chuck, Clod Roast, Separable Lean and Fat, Trimmed To 0"" Fat, Select, Cooked, Roasted",1 lb,16,12.99
171785,"Beef, Shoulder Steak, Boneless, Separable Lean and Fat, Trimmed To 0"" Fat, Choice, Cooked, Grilled",1 lb,16,12.99
171786,"Beef, Shoulder Steak, Boneless, Separable Lean and Fat, Trimmed To 0"" Fat, Select, Cooked, Grilled",1 lb,16,12.99
171787,"Beef, Plate, Inside Skirt Steak, Separable Lean and Fat, Trimmed To 0"" Fat, All Grades, Cooked, Broiled",,2.8,3.99
171788,"Beef, Plate, Outside Skirt Steak, Separable Lean and Fat, Trimmed To 0"" Fat, All Grades, Cooked, Broiled",,2.8,3.99
171789,"Beef, Shoulder Steak, Boneless, Separable Lean and Fat, Trimmed To 0"" Fat, All Grades, Cooked, Grilled",1 lb,16,12.99
171790,"Beef, Ground, 95% Lean Meat / 5% Fat, Raw",1 lb,16,9.49
171791,"Beef, Ground, 95% Lean Meat / 5% Fat, Patty, Cooked, Broiled",1 lb,16,9.49
171792,"Beef, Ground, 95% Lean Meat / 5% Fat, Patty, Cooked, Pan-Broiled",1 lb,16,9.49
171793,"Beef, Ground, 90% Lean Meat / 10% Fat, Patty, Cooked, Pan-Broiled",1 lb,16,9.49
171794,"Beef, Ground, 90% Lean Meat / 10% Fat, Crumbles, Cooked, Pan-Browned",1 lb,16,9.49
171795,"Beef, Ground, 90% Lean Meat / 10% Fat, Loaf, Cooked, Baked",1 lb,16,9.49
171796,"Beef, Ground, 85% Lean Meat / 15% Fat, Raw (Includes Foods for Usda'S Food Distribution Program)",1 lb,16,9.49
171797,"Beef, Ground, 80% Lean Meat / 20% Fat, Patty, Cooked, Broiled",1 lb,16,9.49
171798,"Beef, Ground, 80% Lean Meat / 20% Fat, Patty, Cooked, Pan-Broiled",1 lb,16,9.49
171799,"Beef, Ground, 80% Lean Meat / 20% Fat, Crumbles, Cooked, Pan-Browned",1 lb,16,9.49
171800,"Beef, Ground, 80% Lean Meat / 20% Fat, Loaf, Cooked, Baked",1 lb,16,9.49
171801,"Beef, Ground, 75% Lean Meat / 25% Fat, Loaf, Cooked, Baked",1 lb,16,9.49
171802,"Beef, Rib, Small End (Ribs 10-12), Separable Lean Only, Trimmed To 1/8"" Fat, Select, Raw",1 lb,16,8.99
171803,"Beef, Tenderloin, Steak, Separable Lean Only, Trimmed To 1/8"" Fat, Select, Raw",,6,7.00
171804,"Beef, Top Sirloin, Steak, Separable Lean Only, Trimmed To 1/8"" Fat, Select, Raw",,8,9.99
171805,"Beef, Short Loin, Top Loin, Steak, Separable Lean Only, Trimmed To 1/8"" Fat, Select, Cooked, Grilled",1 lb,16,11.99
171806,"Beef, Round, Bottom Round , Roast, Separable Lean Only, Trimmed To 1/8"" Fat, Select, Cooked, Roasted",1 lb,16,11.99
171807,"Beef, Round, Eye of Round, Roast, Separable Lean Only, Trimmed To 1/8"" Fat, Select, Cooked, Roasted",1 lb,16,11.99
171808,"Beef, Round, Top Round, Steak, Separable Lean Only, Trimmed To 1/8"" Fat, Select, Cooked, Broiled",1 lb,16,11.99
171809,"Beef, Round, Eye of Round, Roast, Separable Lean Only, Trimmed To 1/8"" Fat, All Grades, Cooked, Roasted",1 lb,16,11.99
171810,"Beef, Rib, Small End (Ribs 10-12), Separable Lean Only, Trimmed To 1/8"" Fat, All Grades, Raw",1 lb,16,8.99
171811,"Beef, Tenderloin, Steak, Separable Lean Only, Trimmed To 1/8"" Fat, All Grades, Cooked, Broiled",,6,7.00
171812,"Beef, Tenderloin, Steak, Separable Lean Only, Trimmed To 1/8"" Fat, All Grades, Raw",,6,7.00
171813,"Beef, Short Loin, Top Loin, Steak, Separable Lean Only, Trimmed To 1/8"" Fat, All Grades, Cooked, Broiled",,,
171814,"Beef, Short Loin, Top Loin Steak, Separable Lean Only, Trimmed To 1/8"" Fat, All Grades, Raw",1 lb,16,11.99
171815,"Beef, Round, Top Round, Steak, Separable Lean Only, Trimmed To 1/8"" Fat, All Grades, Cooked, Broiled",1 lb,16,11.99
171816,"Beef, Round, Top Round, Steak, Separable Lean Only, Trimmed To 1/8"" Fat, All Grades, Raw",1 lb,16,11.99
171817,"Beef, Chuck, Arm Pot Roast, Separable Lean Only, Trimmed To 1/8"" Fat, Choice, Cooked, Braised",1 lb,16,12.99
171818,"Beef, Brisket, Flat Half, Separable Lean Only, Trimmed To 1/8"" Fat, Choice, Cooked, Braised",1 lb,16,6.99
171819,"Beef, Round, Eye of Round, Roast, Separable Lean Only, Trimmed To 1/8"" Fat, Choice, Raw",1 lb,16,11.99
171820,"Beef, Round, Top Round, Steak, Separable Lean Only, Trimmed To 1/8"" Fat, Choice, Raw",1 lb,16,11.99
171821,"Soup, Wonton, Chinese Restaurant",,10,4.99
171822,"Soup, Ramen Noodle, Dry, Any Flavor, Reduced Fat, Reduced Sodium",,2.25,0.69
171823,"Sauce, Duck, Ready-To-Serve",,3.5,1.38
171824,"Sauce, Salsa, Verde, Ready-To-Serve",,15.5,4.99
171825,"Sauce, Steak, Tomato Based",,11.5,3.49
171826,"Sauce, Tartar, Ready-To-Serve",,11.5,2.79
171827,"Sauce, Barbecue, Sweet Baby Ray'S, Original",,18,4.99
171828,"Sauce, Barbecue, Bull'S-Eye, Original",,18,4.99
171829,"Sauce, Barbecue, Kc Masterpiece, Original",,18,4.99
171830,"Sauce, Barbecue, Open Pit, Original",,18,4.99
171831,Wasabi,,9,4.99
171832,"Dip, Bean, Original Flavor",,10,5.49
171833,"Sauce, Horseradish",,9.5,5.49
171834,"Dip, Frito'S, Bean, Original Flavor",,9,4.29
171835,"Cookie, Vanilla with Caramel, Coconut, and Chocolate Coating",6 ct,1.93,5.49
171836,"Cookie, with Peanut Butter Filling, Chocolate-Coated",,15.27,6.49
171837,"Cookies, Animal, with Frosting or Icing",20 ct,1,10.99
171838,"Crackers, Multigrain",,12.7,4.79
171839,"Cake, Snack Cakes, Not Chocolate, with Icing or Filling, Low-Fat, with Added Fiber",8 count,,3.69
171840,"Cookies, Brownies, Commercially Prepared, Reduced Fat, with Added Fiber",,4.25,5.49
171841,"Cookies, Chocolate Sandwich, with Creme Filling, Reduced Fat",,18.71,5.29
171842,"Cookies, Oatmeal Sandwich, with Creme Filling",,13.29,4.49
171843,"Cookies, Peanut Butter, Commercially Prepared, Sugar Free",,15.27,6.49
171844,"Bread, Chapati or Roti, Plain, Commercially Prepared",,,
171845,"Bread, Naan, Plain, Commercially Prepared, Refrigerated",,10.6,6.49
171846,"Crackers, Standard Snack-Type, with Whole Wheat",,2.67,1.25
171847,"Cookies, Coconut Macaroon",,10,6.49
171848,"Crackers, Sandwich-Type, Peanut Butter Filled, Reduced Fat",20 ct,,9.99
171849,"Bread, Cinnamon",,18,6.99
171850,"Bread, Wheat, Sprouted",,20,4.29
171851,"Bread, Wheat, Sprouted, Toasted",,20,4.29
171852,"Bagels, Multigrain",6 ct,10.6,4.99
171853,"Pancakes, Whole Wheat, Dry Mix, Incomplete",6 ct,14.82,6.99
171854,"Crackers, Toast Thins, Low Sodium",,8.5,4.29
171855,"Crackers, Whole Grain, Sandwich-Type, with Peanut Butter Filling",,8.4,3.79
171856,"Crackers, Water Biscuits",,,
171857,"Cookies, Gluten-Free, Chocolate Sandwich, with Creme Filling",,10.5,5.99
171858,"Cookies, Gluten-Free, Chocolate Wafer",,10.5,5.99
171859,"Cookies, Gluten-Free, Lemon Wafer",,10.5,5.99
171860,"Cookies, Gluten-Free, Vanilla Sandwich, with Creme Filling",,10.5,5.99
171861,"Rolls, Gluten-Free, White, Made with Brown Rice Flour, Tapioca Starch, and Potato Starch",,14.3,6.99
171862,"Rolls, Gluten-Free, White, Made with Rice Flour, Rice Starch, and Corn Starch",,14.3,6.99
171863,"Rolls, Gluten-Free, White, Made with Brown Rice Flour, Tapioca Starch, and Sorghum Flour",,14.3,6.99
171864,"Rolls, Gluten-Free, Whole Grain, Made with Tapioca Starch and Brown Rice Flour",,14.3,6.99
171865,"Cookies, Oatmeal, Reduced Fat",,12,1.79
171866,"Cookies, Chocolate Cream Covered Biscuit Sticks",,,
171867,"Cookies, Marie Biscuit",,,
171868,"Cookies, Vanilla Sandwich with Creme Filling, Reduced Fat",,12,4.19
171869,"Beverages, Carbonated, Tonic Water",,16.9,3.29
171870,"Beverages, Energy Drink, Red Bull, Sugar Free, with Added Caffeine, Niacin, Pantothenic Acid, Vitamins B6 and B12",,15.5,2.99
171871,"Beverages, Carbonated, Root Beer",,16.9,3.29
171872,"Alcoholic Beverage, Wine, Table, Red, Gamay",,16.9,3.99
171873,"Beverages, Chocolate Drink, Milk and Soy Based, Ready To Drink, Fortified",,14.1,4.99
171874,"Beverages, Chocolate Malt Powder, Prepared with 1% Milk, Fortified",,38,12.99
171875,"Beverages, Carbonated, Limeade, High Caffeine",,16.9,3.29
171876,"Beverages, Carbonated, Low Calorie, Cola or Pepper-Types, with Sodium Saccharin, Contains Caffeine",,16.9,3.29
171877,"Beverages, Coffee, Ready To Drink, Vanilla, Light, Milk Based, Sweetened",10 ct,,9.99
171878,"Beverages, Lemonade Fruit Juice Drink Light, Fortified with Vitamin E and C",,,
171879,"Beverages, Chocolate-Flavor Beverage Mix, Powder, Prepared with Whole Milk",,38,12.99
171880,"Beverages, Coffee, Ready To Drink, Milk Based, Sweetened",10 ct,,9.99
171881,"Beverages, Coffee, Brewed, Breakfast Blend",10 ct,,9.99
171882,"Beverages, Clam and Tomato Juice, Canned",,32,4.19
171883,"Beverages, Tea, Green, Ready To Drink, Ginseng and Honey, Sweetened",18 ct,,6.99
171884,"Beverages, the Coca-Cola Company, Minute Maid, Lemonade",24 pk,12,15.99
171885,"Beverages, Tea, Green, Ready-To-Drink, Diet",18 ct,,6.99
171886,"Beverages, Cocoa Mix, No Sugar Added, Powder",,1.38,8.99
171887,"Cocoa Mix, Nestle, Rich Chocolate Hot Cocoa Mix",,18,9.49
171888,"Beverages, Tea, Black, Ready-To-Drink, Lemon, Sweetened",18 ct,,6.99
171889,"Beverages, Coffee, Brewed, Prepared with Tap Water, Decaffeinated",10 ct,,9.99
171890,"Beverages, Coffee, Brewed, Prepared with Tap Water",10 ct,,9.99
171891,"Beverages, Coffee, Brewed, Espresso, Restaurant-Prepared",10 ct,,9.99
171892,"Beverages, Tea, Black, Ready-To-Drink, Lemon, Diet",18 ct,,6.99
171893,"Beverages, Coffee, Instant, Regular, Powder",10 ct,,9.99
171894,"Beverages, Coffee, Instant, Decaffeinated, Prepared with Water",10 ct,,9.99
171895,"Beverages, Ocean Spray, Cranberry-Apple Juice Drink, Bottled",,64,3.79
171896,"Beverages, Ocean Spray, Diet Cranberry Juice",,64,3.79
171897,"Beverages, Coffee, Instant, with Chicory",10 ct,,9.99
171898,"Beverages, Kraft, Coffee, Instant, French Vanilla Cafe",,12,1.50
171899,"Beverages, Ocean Spray, Cran Raspberry Juice Drink",,64,3.79
171900,"Beverages, Ocean Spray, Cran Lemonade",,64,3.79
171901,"Beverages, Ocean Spray, Diet Cran Cherry",,64,3.79
171902,"Beverages, Cranberry-Grape Juice Drink, Bottled",,64,3.79
171903,"Cranberry Juice Cocktail, Bottled",,64,2.99
171904,"Cranberry Juice Cocktail, Bottled, Low Calorie, with Calcium, Saccharin and Corn Sweetener",,64,2.99
171905,"Beverages, Eggnog-Flavor Mix, Powder, Prepared with Whole Milk",,,
171906,"Alcoholic Beverages, Beer, Higher Alcohol",6 bottles,12,12.99
171907,"Beverages, Malt Liquor Beverage",12 bottles,11.2,19.99
171908,"Alcoholic Beverages, Wine, Rose",,16.9,3.99
171909,"Beverages, Ocean Spray, Cran Pomegranate",,64,3.79
171910,"Beverages, Tea, Green, Brewed, Decaffeinated",18 ct,,6.99
171911,"Beverages, Tea, Green, Ready To Drink, Unsweetened",18 ct,,6.99
171912,"Beverages, Citrus Fruit Juice Drink, Frozen Concentrate",,64,2.49
171913,"Beverages, Citrus Fruit Juice Drink, Frozen Concentrate, Prepared with Water",,64,2.49
171914,"Beverages, Fruit Punch Drink, Without Added Nutrients, Canned",8 pk,6,4.49
171915,"Beverages, Tropical Punch, Ready-To-Drink",,12,2.49
171916,"Beverages, Grape Drink, Canned",6 pk,16.9,18.99
171917,"Beverages, Tea, Green, Brewed, Regular",18 ct,,6.99
171918,"Beverages, Tea, Instant, Lemon, with Added Ascorbic Acid",18 ct,,6.99
171919,"Alcoholic Beverage, Distilled, All (Gin, Rum, Vodka, Whiskey) 86 Proof",,,
171920,"Alcoholic Beverage, Distilled, All (Gin, Rum, Vodka, Whiskey) 90 Proof",,,
171921,"Carbonated Beverage, Chocolate-Flavored Soda",,16.9,3.29
171922,"Beverages, Water, Bottled, Non-Carbonated, Evian",1 liter,,1.00
171923,"Beverages, Powerade Zero Ion4, Calorie-Free, Assorted Flavors",,28,1.50
171924,"Beverages, Wendy'S, Tea, Ready-To-Drink, Unsweetened",,,
171925,"Alcoholic Beverage, Wine, Table, Red, Merlot",,16.9,3.99
171926,"Water, Non-Carbonated, Bottles, Natural Fruit Flavors, Sweetened with Low Calorie Sweetener",8 pk,12,4.49
171927,"Beverages, V8 Splash Juice Drinks, Diet Tropical Blend",,64,2.49
171928,"Beverages, V8 Splash Juice Drinks, Berry Blend",,64,2.49
171929,"Beverages, V8 Splash Juice Drinks, Fruit Medley",,64,2.49
171930,"Beverages, V8 Splash Juice Drinks, Guava Passion Fruit",,64,2.49
171931,"Beverages, V8 Splash Juice Drinks, Strawberry Kiwi",,,
171932,"Beverages, V8 Splash Juice Drinks, Tropical Blend",,64,2.49
171933,"Beverages, V8 V-Fusion Juices, Peach Mango",,64,2.49
171934,"Beverages, V8 V-Fusion Juices, Strawberry Banana",,64,2.49
171935,"Beverages, Energy Drink, Monster, Fortified with Vitamins C, B2, B3, B6, B12",,15.5,2.99
171936,"Beverages, Energy Drink, Amp, Sugar Free",,15.5,2.99
171937,"Beverages, Energy Drink, Rockstar",,15.5,2.99
171938,"Beverages, Energy Drink, Rockstar, Sugar Free",,15.5,2.99
171939,"Beverages, Meal Supplement Drink, Canned, Peanut Flavor",,8,25.99
171940,"Water, with Corn Syrup And/Or Sugar and Low Calorie Sweetener, Fruit Flavored",,,
171941,"Beverages, Horchata, As Served in Restaurant",10 ct,,10.99
171942,"Beverages, Rice Milk, Unsweetened",,,
171943,"Beverages, Energy Drink, Vault, Citrus Flavor",,15.5,2.99
171944,"Beverages, Fruit Flavored Drink, Reduced Sugar, Greater Than 3% Fruit Juice, High Vitamin C, Added Calcium",10 ct,,3.79
171945,"Beverages, Fruit Juice Drink, Greater Than 3% Fruit Juice, High Vitamin C and Added Thiamin",8 pk,6,4.49
171946,"Beverages, Tea, Hibiscus, Brewed",18 ct,,6.99
171947,"Beverages, Fruit Juice Drink, Greater Than 3% Juice, High Vitamin C",8 pk,6,4.49
171948,"Fish, Bass, Striped, Raw",1 lb,16,9.99
171949,"Fish, Bluefish, Raw",,5.5,1.69
171950,"Fish, Burbot, Raw",10 ounces,,7.99
171951,"Fish, Butterfish, Raw",1 ct,,10.99
171952,"Fish, Carp, Raw",60 ct,,22.99
171953,"Fish, Cisco, Raw",,,
171954,"Fish, Cisco, Smoked",,,
171955,"Fish, Cod, Atlantic, Raw",4 pk,11.6,8.99
171956,"Fish, Cod, Atlantic, Cooked, Dry Heat",4 pk,11.6,8.99
171957,"Fish, Croaker, Atlantic, Cooked, Breaded and Fried",,10,3.49
171958,"Fish, Cusk, Raw",1 ct,,10.99
171959,"Fish, Mahimahi, Raw",1 ct,,10.99
171960,"Fish, Drum, Freshwater, Raw",,,
171961,"Fish, Gefiltefish, Commercial, Sweet Recipe",,24,10.49
171962,"Fish, Grouper, Mixed Species, Raw",,12,13.99
171963,"Fish, Grouper, Mixed Species, Cooked, Dry Heat",,12,13.99
171964,"Fish, Haddock, Raw",4 pk,11.6,8.99
171965,"Fish, Halibut, Greenland, Raw",,12,12.99
171966,"Crustaceans, Crab, Blue, Canned",8 ounces,,3.79
171967,"Crustaceans, Crab, Blue, Crab Cakes, Home Recipe",8 ounces,,3.79
171968,"Crustaceans, Crab, Dungeness, Raw",,,
171969,"Crustaceans, Crab, Queen, Raw",,,
171970,"Crustaceans, Shrimp, Mixed Species, Cooked, Breaded and Fried",,9,7.99
171971,"Crustaceans, Shrimp, Mixed Species, Cooked, Moist Heat (May Contain Additives To Retain Moisture)",,9,7.99
171972,"Crustaceans, Shrimp, Mixed Species, Canned",,,
171973,"Crustaceans, Shrimp, Mixed Species, Imitation, Made From Surimi",,,
171974,"Mollusks, Clam, Mixed Species, Cooked, Breaded and Fried",1 ct,,20.99
171975,"Mollusks, Clam, Mixed Species, Cooked, Moist Heat",,,
171976,"Mollusks, Clam, Mixed Species, Canned, Drained Solids",,,
171977,"Mollusks, Clam, Mixed Species, Canned, Liquid",1 ct,,20.99
171978,"Mollusks, Oyster, Eastern, Wild, Raw",,8,10.99
171979,"Mollusks, Oyster, Eastern, Cooked, Breaded and Fried",,12,2.39
171980,"Mollusks, Oyster, Eastern, Wild, Cooked, Moist Heat",,12,2.39
171981,"Mollusks, Oyster, Eastern, Canned",,12,2.39
171982,"Mollusks, Squid, Mixed Species, Cooked, Fried",16 ounces,,19.99
171983,"Mollusks, Whelk, Unspecified, Raw",,,
171984,"Mollusks, Whelk, Unspecified, Cooked, Moist Heat",,,
171985,"Fish, Salmon, Chinook, Smoked, (Lox), Regular",11 ounces,,5.00
171986,"Fish, Tuna, Light, Canned in Water, Without Salt, Drained Solids",,5,1.29
171987,"Fish, Tuna, White, Canned in Oil, Without Salt, Drained Solids",,5,1.29
171988,"Fish, Tuna, White, Canned in Water, Without Salt, Drained Solids",,5,1.29
171989,"Fish, Bass, Freshwater, Mixed Species, Cooked, Dry Heat",1 lb,16,9.99
171990,"Fish, Cod, Pacific, Cooked, Dry Heat (May Contain Additives To Retain Moisture)",4 pk,11.6,8.99
171991,"Fish, Cusk, Cooked, Dry Heat",1 ct,,10.99
171992,"Fish, Mahimahi, Cooked, Dry Heat",1 ct,,10.99
171993,"Fish, Drum, Freshwater, Cooked, Dry Heat",20 ct,,9.29
171994,"Fish, Mackerel, Pacific and Jack, Mixed Species, Cooked, Dry Heat",,15,4.99
171995,"Fish, Milkfish, Cooked, Dry Heat",1 ct,,10.99
171996,"Fish, Monkfish, Cooked, Dry Heat",1 ct,,10.99
171997,"Fish, Pike, Walleye, Cooked, Dry Heat",10 ct,18.2,7.99
171998,"Fish, Salmon, Atlantic, Wild, Cooked, Dry Heat",11 ounces,,5.00
171999,"Fish, Salmon, Chinook, Cooked, Dry Heat",11 ounces,,5.00
172000,"Fish, Salmon, Chum, Cooked, Dry Heat",11 ounces,,5.00
172001,"Fish, Salmon, Pink, Cooked, Dry Heat",11 ounces,,5.00
172002,"Fish, Sucker, White, Cooked, Dry Heat",1 lb,16,7.99
172003,"Fish, Sunfish, Pumpkin Seed, Cooked, Dry Heat",8 ounces,,5.00
172004,"Fish, Trout, Mixed Species, Cooked, Dry Heat",1 lb,16,10.99
172005,"Fish, Tuna, Skipjack, Fresh, Cooked, Dry Heat",,5,1.29
172006,"Fish, Tuna, Yellowfin, Fresh, Cooked, Dry Heat",,5,1.29
172007,"Crustaceans, Crab, Dungeness, Cooked, Moist Heat",8 ounces,,3.79
172008,"Crustaceans, Crab, Queen, Cooked, Moist Heat",8 ounces,,3.79
172009,"Crustaceans, Spiny Lobster, Mixed Species, Cooked, Moist Heat",,,
172010,"Mollusks, Cuttlefish, Mixed Species, Cooked, Moist Heat",,,
172011,"Beerwurst, Beer Salami, Pork and Beef",,5,6.49
172012,"Bologna, Beef",,14,5.79
172013,"Bologna, Beef and Pork",1 lb,16,1.89
172014,"Pasta, Cooked, Unenriched, with Added Salt",,7,2.29
172015,"Cornmeal, Degermed, Unenriched, White",5 lb,80,3.29
172016,"Wheat Flour, White (Industrial), 9% Protein, Bleached, Enriched",5 lb,80,6.99
172017,"Wheat Flour, White (Industrial), 9% Protein, Bleached, Unenriched",,,
172018,"Wheat Flour, White (Industrial), 10% Protein, Bleached, Enriched",5 lb,80,6.99
172019,"Wheat Flour, White (Industrial), 10% Protein, Bleached, Unenriched",5 lb,80,6.99
172020,"Wheat Flour, White (Industrial), 13% Protein, Bleached, Unenriched",,,
172021,"Wheat Flour, White (Industrial), 15% Protein, Bleached, Enriched",5 lb,80,6.99
172022,"Wheat Flour, White (Industrial), 15% Protein, Bleached, Unenriched",,,
172023,Millet Flour,,16,9.99
172024,"Pasta, Whole Grain, 51% Whole Wheat, Remaining Enriched Semolina, Cooked (Includes Foods for Usda'S Food Distribution Program)",,16,1.25
172025,"Pasta, Whole Grain, 51% Whole Wheat, Remaining Enriched Semolina, Dry (Includes Foods for Usda'S Food Distribution Program)",,16,1.25
172026,"Pasta, Gluten-Free, Brown Rice Flour, Cooked, Tinkyada",,12,2.99
172027,"Pasta, Gluten-Free, Corn Flour and Quinoa Flour, Cooked, Ancient Harvest",,12,2.99
172028,"Fast Foods, Biscuit, with Egg and Sausage",,24,2.69
172029,"Fast Foods, Biscuit, with Egg, Cheese, and Bacon",,24,2.69
172030,"Fast Foods, Biscuit, with Ham",,,
172031,"Fast Foods, Biscuit, with Sausage",,,
172032,"Fast Foods, English Muffin, with Cheese and Sausage",,16,8.49
172033,"Fast Foods, English Muffin, with Egg, Cheese, and Canadian Bacon",,16,8.49
172034,"Fast Foods, English Muffin, with Egg, Cheese, and Sausage",,16,8.49
172035,"Fast Foods, French Toast Sticks",,,
172036,"Fast Foods, Sundae, Strawberry",,,
172037,"Fast Foods, Shrimp, Breaded and Fried",,3,0.90
172038,"Fast Foods, Burrito, with Beans",,9,5.29
172039,"Fast Foods, Burrito, with Beans and Cheese",,9,5.29
172040,"Pizza Hut 12"" Cheese Pizza, Hand-Tossed Crust",,28.4,9.49
172041,"Pizza Hut 12"" Cheese Pizza, Pan Crust",,17.7,6.99
172042,"Pizza Hut 12"" Cheese Pizza, Thin 'N Crispy Crust",,,
172043,"Domino'S 14"" Cheese Pizza, Crunchy Thin Crust",,,
172044,"Domino'S 14"" Pepperoni Pizza, Classic Hand-Tossed Crust",,28.4,9.49
172045,"Domino'S 14"" Pepperoni Pizza, Ultimate Deep Dish Crust",,,
172046,"Domino'S 14"" Extravaganzza Feast Pizza, Classic Hand-Tossed Crust",,,
172047,"Little Caesars 14"" Original Round Cheese Pizza, Regular Crust",,,
172048,"Little Caesars 14"" Original Round Pepperoni Pizza, Regular Crust",,,
172049,"Little Caesars 14"" Original Round Meat and Vegetable Pizza, Regular Crust",,,
172050,"Little Caesars 14"" Cheese Pizza, Large Deep Dish Crust",,,
172051,"Pizza Hut 14"" Cheese Pizza, Thin 'N Crispy Crust",,,
172052,"Pizza Hut 14"" Pepperoni Pizza, Hand-Tossed Crust",,,
172053,"Pizza Hut 14"" Pepperoni Pizza, Pan Crust",,22.2,6.99
172054,"Pizza Hut 14"" Super Supreme Pizza, Hand-Tossed Crust",,28.4,9.49
172055,"Fast Food, Pizza Chain, 14"" Pizza, Meat and Vegetable Topping, Regular Crust",,,
172056,"Fast Foods, Griddle Cake Sandwich, Egg, Cheese, and Sausage",,,
172057,"Fast Foods, Griddle Cake Sandwich, Sausage",,,
172058,"Fast Foods, Griddle Cake Sandwich, Egg, Cheese, and Bacon",,18.8,7.49
172059,"Mcdonald'S, Sausage Mcgriddles",$0.10 removed at pickup,,0.10
172060,"Mcdonald'S, Sausage, Egg & Cheese Mcgriddles",,,
172061,"Mcdonald'S, Vanilla Reduced Fat Ice Cream Cone",,,
172062,"Mcdonald'S, Strawberry Sundae",,,
172063,"Mcdonald'S, Sausage Burrito",,,
172064,"Mcdonald'S, Big Breakfast",,,
172065,"Mcdonald'S, Double Cheeseburger",,,
172066,"Mcdonald'S, Double Quarter Pounder with Cheese",,,
172067,"Mcdonald'S, Big Mac (Without Big Mac Sauce)",,7.25,1.29
172068,"Mcdonald'S, Sausage Mcmuffin with Egg",8 ct,36,10.99
172069,"Mcdonald'S, Bacon Egg & Cheese Biscuit",,16,5.99
172070,"Mcdonald'S, Sausage Biscuit",,19.2,6.99
172071,"Mcdonald'S, Sausage Biscuit with Egg",,18,7.49
172072,Mcdonald'S Bacon Ranch Salad with Crispy Chicken,,11,7.99
172073,"Mcdonald'S, Bacon Ranch Salad Without Chicken",,11,7.99
172074,"Mcdonald'S, Side Salad",$0.10 removed at pickup,,0.10
172075,"Mcdonald'S, Fruit 'N Yogurt Parfait",1 ct,,0.10
172076,"Burger King, Croissan'Wich with Egg and Cheese",2 ct,9.1,6.99
172077,"Burger King, French Toast Sticks",,16,4.99
172078,"Burger King, Hash Brown Rounds",,,
172079,"Fast Foods, Miniature Cinnamon Rolls",12 ct,11.8,5.99
172080,"Fast Foods, Hamburger; Double, Large Patty; with Condiments, Vegetables and Mayonnaise",,,
172081,"Fast Foods, Cheeseburger; Single, Large Patty; with Condiments, Vegetables and Mayonnaise",,,
172082,"Fast Foods, Cheeseburger; Single, Large Patty; with Condiments",,,
172083,"Fast Foods, Cheeseburger; Double, Large Patty; with Condiments, Vegetables and Mayonnaise",,,
172084,"Fast Foods, Cheeseburger; Double, Regular Patty; Double Decker Bun with Condiments and Special Sauce",,6.6,1.99
172085,"Light Ice Cream, Soft Serve, Blended with Cookie Pieces",,,
172086,"Popeyes, Biscuit",,,
172087,"Popeyes, Coleslaw",,14,2.49
172088,"Popeyes, Mild Chicken Strips, Analyzed 2006",,13.5,1.79
172089,"Spaghetti with Meat Sauce, Frozen Entree",,28,4.29
172090,"Beef Macaroni with Tomato Sauce, Frozen Entree, Reduced Fat",net wt 15 oz (425g),,9.99
172091,"Pasta with Sliced Franks in Tomato Sauce, Canned Entree",,,
172092,"Turkey Pot Pie, Frozen Entree",,10,2.99
172093,"Beef Pot Pie, Frozen Entree, Prepared",,7,1.00
172094,"Tortellini, Pasta with Cheese Filling, Fresh-Refrigerated, As Purchased",,,
172095,"Pizza, Meat Topping, Thick Crust, Frozen, Cooked",,6,2.99
172096,"Pizza, Pepperoni Topping, Regular Crust, Frozen, Cooked",net wt 16 oz (1 lb) 454g,,10.99
172097,"Chili Con Carne with Beans, Canned Entree",,25,4.49
172098,"Chili, No Beans, Canned Entree",net wt 15 oz,,3.49
172099,"Spaghetti, with Meatballs in Tomato Sauce, Canned",4 - 15 oz.,,4.69
172100,"Pasta with Tomato Sauce, No Meat, Canned",4 - 15 oz.,,4.69
172101,"Lasagna with Meat & Sauce, Low-Fat, Frozen Entree",,90,17.99
172102,"Burrito, Beef and Bean, Microwaved",8 ct,32,5.49
172103,"Egg Rolls, Pork, Refrigerated, Heated",,22,8.49
172104,"Egg Rolls, Chicken, Refrigerated, Heated",,22,8.49
172105,"Egg Rolls, Vegetable, Frozen, Prepared",,22,8.49
172106,"Lasagna, Vegetable, Frozen, Baked",,9,5.99
172107,"Hot Pockets, Meatballs & Mozzarella Stuffed Sandwich, Frozen",net wt 36 oz,,10.49
172108,"Lean Pockets, Ham N Cheddar",4 ct,17,5.49
172109,"Lean Pockets, Meatballs & Mozzarella",net wt 36 oz,,10.49
172110,"Chili with Beans, Microwavable Bowls",,15.25,3.49
172111,"Chicken, Nuggets, Dark and White Meat, Precooked, Frozen, Not Reheated",,27,7.99
172112,"Chicken, Nuggets, White Meat, Precooked, Frozen, Not Reheated",,27,7.99
172113,"Ravioli, Cheese with Tomato Sauce, Frozen, Not Prepared, Includes Regular and Light Entrees",,15,2.99
172114,"Lasagna with Meat Sauce, Frozen, Prepared",,90,17.99
172115,"Beef, Short Loin, Porterhouse Steak, Separable Lean and Fat, Trimmed To 1/8"" Fat, All Grades, Cooked, Grilled",,,
172116,"Beef, Short Loin, Porterhouse Steak, Separable Lean and Fat, Trimmed To 1/8"" Fat, Select, Raw",1 lb,16,11.99
172117,"Beef, Short Loin, Porterhouse Steak, Separable Lean and Fat, Trimmed To 1/8"" Fat, Select, Cooked, Grilled",1 lb,16,11.99
172118,"Beef, Short Loin, T-Bone Steak, Separable Lean and Fat, Trimmed To 1/8"" Fat, All Grades, Raw",,,
172119,"Beef, Round, Knuckle, Tip Side, Steak, Separable Lean and Fat, Trimmed To 0"" Fat, Choice, Cooked, Grilled",1 lb,16,11.99
172120,"Beef, Round, Knuckle, Tip Side, Steak, Separable Lean and Fat , Trimmed To 0"" Fat, Select, Raw",1 lb,16,11.99
172121,"Beef, Round, Knuckle, Tip Side, Steak, Separable Lean and Fat, Trimmed To 0"" Fat, Select, Cooked, Grilled",1 lb,16,11.99
172122,"Beef, Chuck, Shoulder Clod, Shoulder Tender, Medallion, Separable Lean and Fat, Trimmed To 0"" Fat, Choice, Raw",1 lb,16,12.99
172123,"Beef, Chuck, Shoulder Clod, Shoulder Top and Center Steaks, Separable Lean and Fat, Trimmed To 0"" Fat, Select, Raw",1 lb,16,12.99
172124,"Beef, Chuck, Shoulder Clod, Shoulder Top and Center Steaks, Separable Lean and Fat, Trimmed To 0"" Fat, Select, Cooked, Grilled",1 lb,16,12.99
172125,"Beef, Chuck, Shoulder Clod, Top Blade, Steak, Separable Lean and Fat, Trimmed To 0"" Fat, Choice, Raw",1 lb,16,12.99
172126,"Beef, Chuck, Shoulder Clod, Top Blade, Steak, Separable Lean and Fat, Trimmed To 0"" Fat, Choice, Cooked, Grilled",1 lb,16,12.99
172127,"Beef, Round, Knuckle, Tip Center, Steak, Separable Lean and Fat, Trimmed To 0"" Fat, Select, Cooked, Grilled",1 lb,16,11.99
172128,"Beef, Round, Outside Round, Bottom Round, Steak, Separable Lean and Fat, Trimmed To 0"" Fat, Choice, Raw",1 lb,16,11.99
172129,"Beef, Round, Outside Round, Bottom Round, Steak, Separable Lean and Fat, Trimmed To 0"" Fat, Choice, Cooked, Grilled",1 lb,16,11.99
172130,"Beef, Round, Outside Round, Bottom Round, Steak, Separable Lean and Fat, Trimmed To 0"" Fat, Select, Raw",1 lb,16,11.99
172131,"Beef, Round, Knuckle, Tip Side, Steak, Separable Lean and Fat, Trimmed To 0"" Fat, All Grades, Cooked, Grilled",1 lb,16,11.99
172132,"Beef, Chuck, Shoulder Clod, Shoulder Top and Center Steaks, Separable Lean and Fat, Trimmed To 0"" Fat, All Grades, Raw",1 lb,16,12.99
172133,"Beef, Chuck, Shoulder Clod, Shoulder Top and Center Steaks, Separable Lean and Fat, Trimmed To 0"" Fat, All Grades, Cooked, Grilled",1 lb,16,12.99
172134,"Beef, Chuck, Shoulder Clod, Top Blade, Steak, Separable Lean and Fat, Trimmed To 0"" Fat, All Grades, Raw",1 lb,16,12.99
172135,"Beef, Round, Outside Round, Bottom Round, Steak, Separable Lean and Fat, Trimmed To 0"" Fat, All Grades, Cooked, Grilled",1 lb,16,11.99
172136,"Beef, Chuck, Shoulder Clod, Shoulder Tender, Medallion, Separable Lean and Fat, Trimmed To 0"" Fat, Select, Cooked, Grilled",1 lb,16,12.99
172137,"Beef, Plate Steak, Boneless, Inside Skirt, Separable Lean Only, Trimmed To 0"" Fat, Choice, Raw",1 lb,16,12.99
172138,"Beef, Plate Steak, Boneless, Inside Skirt, Separable Lean Only, Trimmed To 0"" Fat, Select, Cooked, Grilled",1 lb,16,12.99
172139,"Beef, Plate Steak, Boneless, Inside Skirt, Separable Lean Only, Trimmed To 0"" Fat, Select, Raw",1 lb,16,12.99
172140,"Beef, Plate Steak, Boneless, Outside Skirt, Separable Lean Only, Trimmed To 0"" Fat, All Grades, Cooked, Grilled",,,
172141,"Beef, Plate Steak, Boneless, Outside Skirt, Separable Lean Only, Trimmed To 0"" Fat, Select, Raw",1 lb,16,12.99
172142,"Beef, Rib Eye Steak, Boneless, Lip Off, Separable Lean Only, Trimmed To 0"" Fat, All Grades, Cooked, Grilled",1 lb,16,21.99
172143,"Beef, Rib Eye Steak, Boneless, Lip Off, Separable Lean Only, Trimmed To 0"" Fat, All Grades, Raw",1 lb,16,21.99
172144,"Beef, Rib Eye Steak, Boneless, Lip Off, Separable Lean Only, Trimmed To 0"" Fat, Choice, Cooked, Grilled",1 lb,16,21.99
172145,"Beef, Rib, Back Ribs, Bone-In, Separable Lean Only, Trimmed To 0"" Fat, All Grades, Raw",1 lb,16,8.99
172146,"Beef, Rib, Back Ribs, Bone-In, Separable Lean Only, Trimmed To 0"" Fat, Choice, Cooked, Braised",1 lb,16,8.99
172147,"Beef, Rib, Back Ribs, Bone-In, Separable Lean Only, Trimmed To 0"" Fat, Choice, Raw",1 lb,16,8.99
172148,"Beef, Rib, Back Ribs, Bone-In, Separable Lean Only, Trimmed To 0"" Fat, Select, Cooked, Braised",1 lb,16,8.99
172149,"Beef, Rib Eye Roast, Bone-In, Lip-On, Separable Lean and Fat, Trimmed To 1/8"" Fat, Select, Cooked, Roasted",1 lb,16,7.99
172150,"Beef, Rib Eye Roast, Bone-In, Lip-On, Separable Lean and Fat, Trimmed To 1/8"" Fat, All Grades, Cooked, Roasted",,,
172151,"Beef, Rib Eye Steak/Roast, Bone-In, Lip-On, Separable Lean and Fat, Trimmed To 1/8"" Fat, All Grades, Raw",1 lb,16,18.99
172152,"Beef, Rib Eye Steak/Roast, Bone-In, Lip-On, Separable Lean and Fat, Trimmed To 1/8"" Fat, Choice, Raw",1 lb,16,18.99
172153,"Beef, Rib Eye Roast, Boneless, Lip-On, Separable Lean and Fat, Trimmed To 1/8"" Fat, All Grades, Cooked, Roasted",1 lb,16,7.99
172154,"Beef, Rib Eye Roast, Boneless, Lip-On, Separable Lean and Fat, Trimmed To 1/8"" Fat, Choice, Cooked, Roasted",1 lb,16,7.99
172155,"Beef, Rib Eye Roast, Boneless, Lip-On, Separable Lean and Fat, Trimmed To 1/8"" Fat, Select, Cooked, Roasted",1 lb,16,7.99
172156,"Beef, Rib Eye Steak/Roast, Boneless, Lip-On, Separable Lean and Fat, Trimmed To 1/8"" Fat, All Grades, Raw",1 lb,16,18.99
172157,"Beef, Plate Steak, Boneless, Inside Skirt, Separable Lean and Fat, Trimmed To 0"" Fat, Select, Cooked, Grilled",1 lb,16,12.99
172158,"Beef, Plate Steak, Boneless, Inside Skirt, Separable Lean and Fat, Trimmed To 0"" Fat, All Grades, Raw",1 lb,16,12.99
172159,"Beef, Plate Steak, Boneless, Inside Skirt, Separable Lean and Fat, Trimmed To 0"" Fat, Choice, Raw",1 lb,16,12.99
172160,"Beef, Plate Steak, Boneless, Inside Skirt, Separable Lean and Fat, Trimmed To 0"" Fat, Select, Raw",,,
172161,"Beef, Ground, Unspecified Fat Content, Cooked",1 lb,16,9.49
172162,"Beef, Plate Steak, Boneless, Outside Skirt, Separable Lean and Fat, Trimmed To 0"" Fat, Choice, Raw",1 lb,16,12.99
172163,"Beef, Plate Steak, Boneless, Outside Skirt, Separable Lean and Fat, Trimmed To 0"" Fat, Select, Raw",1 lb,16,12.99
172164,"Beef, Rib Eye Steak, Boneless, Lip Off, Separable Lean and Fat, Trimmed To 0"" Fat, All Grades, Cooked, Grilled",1 lb,16,21.99
172165,"Beef, Rib Eye Steak, Boneless, Lip Off, Separable Lean and Fat, Trimmed To 0"" Fat, Choice, Cooked, Grilled",1 lb,16,21.99
172166,"Beef, Rib, Back Ribs, Bone-In, Separable Lean and Fat, Trimmed To 0"" Fat, All Grades, Cooked, Braised",1 lb,16,8.99
172167,"Beef, Rib, Back Ribs, Bone-In, Separable Lean and Fat, Trimmed To 0"" Fat, Choice, Cooked, Braised",1 lb,16,8.99
172168,"Beef, Rib, Back Ribs, Bone-In, Separable Lean and Fat, Trimmed To 0"" Fat, Select, Cooked, Braised",1 lb,16,8.99
172169,"Beef, Rib, Back Ribs, Bone-In, Separable Lean and Fat, Trimmed To 0"" Fat, All Grades, Raw",1 lb,16,8.99
172170,"Beef, Loin, Top Sirloin Cap Steak, Boneless, Separable Lean Only, Trimmed To 1/8"" Fat, All Grades, Cooked, Grilled",,23,9.99
172171,"Beef, Loin, Top Sirloin Cap Steak, Boneless, Separable Lean Only, Trimmed To 1/8"" Fat, Choice, Cooked, Grilled",,23,9.99
172172,"Beef, Loin, Top Sirloin Cap Steak, Boneless, Separable Lean Only, Trimmed To 1/8"" Fat, Select, Cooked, Grilled",,23,9.99
172173,"Beef, Loin, Top Sirloin Cap Steak, Boneless, Separable Lean Only, Trimmed To 1/8"" Fat, All Grades, Raw",,23,9.99
172174,"Beef, Loin, Top Sirloin Cap Steak, Boneless, Separable Lean Only, Trimmed To 1/8"" Fat, Choice, Raw",,23,9.99
172175,"Cheese, Blue",,5,6.49
172176,"Cheese, Brick",,8,3.79
172177,"Cheese, Brie",,8,8.49
172178,"Cheese, Camembert",,8,12.49
172179,"Cheese, Cottage, Creamed, Large or Small Curd",,24,3.29
172180,"Cheese, Cottage, Creamed, with Fruit",,24,3.29
172181,"Cheese, Cottage, Nonfat, Uncreamed, Dry, Large or Small Curd",,24,3.29
172182,"Cheese, Cottage, Lowfat, 2% Milkfat",,24,3.29
172183,"Egg, White, Raw, Fresh",,4.6,4.79
172184,"Egg, Yolk, Raw, Fresh",,12,2.99
172185,"Egg, Whole, Cooked, Omelet",1 / 2 gal,,5.99
172186,"Egg, Whole, Cooked, Poached",1 / 2 gal,,5.99
172187,"Egg, Whole, Cooked, Scrambled",1 / 2 gal,,5.99
172188,"Egg, Whole, Dried",1 / 2 gal,,5.99
172189,"Egg, Duck, Whole, Fresh, Raw",,,
172190,"Egg, Goose, Whole, Fresh, Raw",,,
172191,"Egg, Quail, Whole, Fresh, Raw",1 qt,,1.99
172192,"Egg, Turkey, Whole, Fresh, Raw",,4.6,4.79
172193,"Milk, Reduced Fat, Fluid, 2% Milkfat, with Added Nonfat Milk Solids, Without Added Vitamin a",1 / 2 gal,,4.99
172194,"Milk, Canned, Evaporated, with Added Vitamin a",,5,1.39
172195,"Milk, Dry, Nonfat, Regular, with Added Vitamin a and Vitamin D",3 ct,3.2,3.79
172196,"Milk, Dry, Nonfat, Instant, Without Added Vitamin a and Vitamin D",3 ct,3.2,3.79
172197,"Cheese, Goat, Hard Type",,4,6.99
172198,"Cheese Substitute, Mozzarella",,,
172199,"Yogurt, Greek, 2% Fat, Mango, Chobani",,32,4.99
172200,"Cheese Sauce, Prepared From Recipe",,,
172201,"Cheese, Mexican, Queso Anejo",,8,3.79
172202,"Egg, Whole, Raw, Frozen, Pasteurized (Includes Foods for Usda'S Food Distribution Program)",1 / 2 gal,,5.99
172203,"Egg, White, Raw, Frozen, Pasteurized",,4.6,4.79
172204,"Egg, White, Dried",18 ct,,5.99
172205,"Milk, Reduced Fat, Fluid, 2% Milkfat, Without Added Vitamin a and Vitamin D",1 / 2 gal,,4.99
172206,"Parmesan Cheese Topping, Fat Free",16 slices,12,2.89
172207,"Cheese, Cream, Fat Free",2 ct,,5.79
172208,"Yogurt, Chocolate, Nonfat Milk",,4.5,1.59
172209,Kraft Cheez Whiz Pasteurized Process Cheese Sauce,3 ct,,4.19
172210,Kraft Breakstone'S Reduced Fat Sour Cream,,,
172211,Kraft Breakstone'S Free Fat Free Sour Cream,,,
172212,"Cream, Half and Half, Fat Free",1 pt,,1.99
172213,Reddi Wip Fat Free Whipped Topping,,6.5,3.79
172214,"Cream Substitute, Flavored, Powdered",,48,6.49
172215,"Cheese, Provolone, Reduced Fat",1 lb,16,9.99
172216,"Cheese, Mexican, Blend, Reduced Fat",,8,3.79
172217,"Milk, Whole, 3.25% Milkfat, Without Added Vitamin a and Vitamin D",1 gal,,7.49
172218,"Yogurt, Fruit, Lowfat, with Low Calorie Sweetener, Fortified with Vitamin D",8 ct,0.7,3.29
172219,"Yogurt, Vanilla, Low Fat, Fortified with Vitamin D",,32,3.39
172220,"Yogurt, Vanilla or Lemon Flavor, Nonfat Milk, Sweetened with Low-Calorie Sweetener, Fortified with Vitamin D",,,
172221,"Yogurt, Chocolate, Nonfat Milk, Fortified with Vitamin D",,4.5,1.59
172222,"Cheese, Dry White, Queso Seco",6 ct. / 1.5 oz each,,7.49
172223,"Cheese, Fresh, Queso Fresco",1 lb,16,9.99
172224,"Cheese, White, Queso Blanco",24 ct,,5.49
172225,"Milk, Buttermilk, Fluid, Whole",1 pt,,1.19
172226,Ice Cream Sandwich,24 ct,,5.79
172227,Ice Cream Cookie Sandwich,3 ct,4.25,4.99
172228,"Ice Cream Cone, Chocolate Covered, with Nuts, Flavors Other Than Chocolate",8 ct,,9.29
172229,"Ice Cream Sandwich, Made with Light Ice Cream, Vanilla",,,
172230,"Ice Cream Sandwich, Vanilla, Light, No Sugar Added",24 ct,,5.79
172231,"Spices, Turmeric, Ground",,2.2,6.99
172232,"Basil, Fresh",,0.5,2.49
172233,"Dill Weed, Fresh",,0.5,2.49
172234,"Mustard, Prepared, Yellow",,6.5,4.19
172235,"Vanilla Extract, Imitation, Alcohol",,4,2.99
172236,"Vanilla Extract, Imitation, No Alcohol",,4,2.99
172237,"Vinegar, Distilled",32 fo,,3.19
172238,"Capers, Canned",,16,7.49
172239,"Spearmint, Dried",,1.5,6.79
172240,"Vinegar, Red Wine",,12,3.29
172241,"Vinegar, Balsamic",,17,5.49
172242,"Seasoning Mix, Dry, Sazon, Coriander & Annatto",,6,6.99
172243,"Seasoning Mix, Dry, Taco, Original",,6,6.99
172244,"Babyfood, Meat, Beef, Junior",,6.67,3.29
172245,"Babyfood, Meat, Veal, Strained",,6.67,3.29
172246,"Babyfood, Meat, Pork, Strained",,6,2.79
172247,"Babyfood, Meat, Ham, Strained",,6,2.79
172248,"Babyfood, Meat, Chicken, Junior",,6.67,3.29
172249,"Babyfood, Meat, Chicken Sticks, Junior",,6.67,3.29
172250,"Babyfood, Meat, Turkey, Strained",,6.67,3.29
172251,"Babyfood, Meat, Turkey, Junior",,6.67,3.29
172252,"Babyfood, Finger Snacks, Gerber, Graduates, Puffs, Apple and Cinnamon",,3.2,2.99
172253,"Babyfood, Water, Bottled, Gerber, Without Added Fluoride",,,
172254,"Babyfood, Gerber, 3Rd Foods, Apple, Mango and Kiwi",2 packs,4,1.89
172255,"Babyfood, Tropical Fruit Medley",,,
172256,"Babyfood, Dinner, Vegetables and Dumplings and Beef, Strained",,0.75,4.59
172257,"Babyfood, Ravioli, Cheese Filled, with Tomato Sauce",,6,2.79
172258,"Babyfood, Dinner, Beef Noodle, Strained",,0.75,4.59
172259,"Babyfood, Macaroni and Cheese, Toddler",,6.6,3.29
172260,"Babyfood, Dinner, Beef and Rice, Toddler",,0.75,4.59
172261,"Babyfood, Dinner, Beef with Vegetables",,0.75,4.59
172262,"Babyfood, Dinner, Vegetables and Lamb, Junior",,0.75,4.59
172263,"Babyfood, Dinner, Chicken Noodle, Strained",,0.75,4.59
172264,"Babyfood, Dinner, Chicken Noodle, Junior",,0.75,4.59
172265,"Babyfood, Dinner, Vegetables, Noodles and Chicken, Junior",,0.75,4.59
172266,"Babyfood, Dinner, Pasta with Vegetables",,0.75,4.59
172267,"Babyfood, Dinner, Vegetables and Noodles and Turkey, Strained",,0.75,4.59
172268,"Babyfood, Dinner, Vegetables and Noodles and Turkey, Junior",,0.75,4.59
172269,"Babyfood, Dinner, Turkey and Rice, Strained",,0.75,4.59
172270,"Babyfood, Dinner, Macaroni and Cheese, Junior",,0.75,4.59
172271,"Babyfood, Vegetables, Green Beans, Strained",2 packs,4,1.89
172272,"Babyfood, Vegetables, Green Beans, Junior",2 packs,4,1.89
172273,"Babyfood, Green Beans, Dices, Toddler",2 packs,4,1.89
172274,"Babyfood, Vegetables, Squash, Strained",2 packs,4,1.89
172275,"Babyfood, Vegetables, Squash, Junior",2 packs,4,1.89
172276,"Babyfood, Vegetables, Sweet Potatoes Strained",2 packs,4,1.89
172277,"Babyfood, Vegetables, Sweet Potatoes, Junior",2 packs,4,1.89
172278,"Babyfood, Fruit, Applesauce, Junior",,3.5,1.79
172279,"Babyfood, Fruit, Apricot with Tapioca, Strained",,3.5,1.79
172280,"Babyfood, Vegetables, Corn, Creamed, Strained",2 packs,4,1.89
172281,"Babyfood, Dinner, Mixed Vegetable, Junior",,0.75,4.59
172282,"Babyfood, Fruit, Bananas with Tapioca, Junior",,3.5,1.79
172283,"Babyfood, Vegetables, Mix Vegetables Junior",2 packs,4,1.89
172284,"Babyfood, Vegetables, Garden Vegetable, Strained",2 packs,4,1.89
172285,"Babyfood, Plums, Bananas and Rice, Strained",,4,1.89
172286,"Babyfood, Dinner, Turkey, Rice, and Vegetables, Toddler",,0.75,4.59
172287,"Babyfood, Dinner, Apples and Chicken, Strained",,0.75,4.59
172288,"Babyfood, Dinner, Broccoli and Chicken, Junior",,0.75,4.59
172289,"Infant Formula, Mead Johnson, Enfamil Premature High Protein 24 Calories, Ready To Feed, with Ara and Dha",,,
172290,"Infant Formula, Mead Johnson, Enfamil Premature 30 Calories, Ready To Feed, with Ara and Dha",,,
172291,"Infant Formula, Mead Johnson, Enfamil for Supplementing, Powder, with Ara and Dha, Not Reconstituted",,,
172292,"Infant Formula, Mead Johnson, Enfamil Reguline Powder, with Ara and Dha, Not Reconstituted",,,
172293,"Infant Formula, Mead Johnson, Pregestimil 24 Calories, Ready To Feed, with Ara and Dha",,,
172294,"Toddler Drink, Mead Johnson, Puramino Toddler Powder, with Ara and Dha, Not Reconstituted",,,
172295,"Infant Formula, Mead Johnson, Enfamil for Supplementing, Ready To Feed, with Ara and Dha",,,
172296,"Babyfood, Cereal, Barley, Prepared with Whole Milk",,8,4.99
172297,"Babyfood, Cereal, Oatmeal, with Bananas, Prepared with Whole Milk",,8,4.99
172298,"Babyfood, Cereal, Oatmeal, with Honey, Prepared with Whole Milk",,8,4.99
172299,"Babyfood, Cereal, Rice, Prepared with Whole Milk",,8,4.99
172300,"Babyfood, Cereal, Rice, with Honey, Prepared with Whole Milk",,8,4.99
172301,"Infant Formula, Mead Johnson, Enfamil, with Iron, Powder",,,
172302,"Infant Formula, Mead Johnson, Enfamil, Infant, with Iron, Powder, with Ara and Dha",,,
172303,"Infant Formula, Mead Johnson, Enfamil, Infant, with Iron, Liquid Concentrate, with Ara and Dha, Reconstituted",,,
172304,"Infant Formula, Mead Johnson, Enfamil Lipil, with Iron, Ready-To-Feed, with Ara and Dha",,,
172305,"Infant Formula, Mead Johnson, Enfamil, Lipil, Low Iron, Ready To Feed, with Ara and Dha",,,
172306,"Infant Formula, Mead Johnson, Enfamil, Infant, Ready-To-Feed, with Ara and Dha",,,
172307,"Infant Formula, Abbott Nutrition, Similac, Pm 60/40, Powder Not Reconstituted",,33.2,36.99
172308,"Infant Formula, Mead Johnson, Enfamil, Nutramigen with Lgg, with Iron, Powder, Not Reconstituted, with Ara and Dha",,,
172309,"Infant Formula, Mead Johnson, Enfamil, Nutramigen, with Iron, Ready-To-Feed, with Ara and Dha",,,
172310,"Infant Formula, Abbott Nutrition, Similac, Alimentum, with Iron, Ready-To-Feed",,33.2,36.99
172311,"Infant Formula, Mead Johnson, Enfamil, Enfacare, with Iron, Powder, with Ara and Dha",,,
172312,"Infant Formula, Abbott Nutrition, Similac, with Iron, Liquid Concentrate, Not Reconstituted",,33.2,36.99
172313,"Child Formula, Abbott Nutrition, Pediasure, Ready-To-Feed",,33.2,36.99
172314,"Infant Formula, Mead Johnson, Next Step, Prosobee Lipil, Powder, with Ara and Dha",,,
172315,"Infant Formula, Mead Johnson, Next Step, Prosobee, Lipil, Ready To Feed, with Ara and Dha",,,
172316,"Infant Formula, Nestle, Good Start Soy, with Ara and Dha, Powder",,28.2,20.99
172317,"Babyfood, Corn and Sweet Potatoes, Strained",2 packs,4,1.89
172318,"Infant Formula, Abbott Nutrition, Similac, Alimentum, Advance, Ready-To-Feed, with Ara and Dha",,,
172319,"Infant Formula, Pbm Products, Store Brand, Ready-To-Feed",,36.4,62.99
172320,"Infant Formula, Pbm Products, Store Brand, Liquid Concentrate, Not Reconstituted",,33.2,36.99
172321,"Infant Formula, Mead Johnson, Enfamil, Ar, Ready-To-Feed, with Ara and Dha",,,
172322,"Infant Formula, Mead Johnson, Enfamil, Ar, Powder, with Ara and Dha",,,
172323,"Infant Formula, Abbott Nutrition, Similac Neosure, Ready-To-Feed, with Ara and Dha",,33.2,36.99
172324,"Infant Formula, Abbott Nutrition, Similac, Neosure, Powder, with Ara and Dha",,33.2,36.99
172325,"Infant Formula, Abbott Nutrition, Similac, Sensitive (Lactose Free) Ready-To-Feed, with Ara and Dha",,33.2,36.99
172326,"Infant Formula, Abbott Nutrition, Similac, Advance, with Iron, Liquid Concentrate, Not Reconstituted",,33.2,36.99
172327,"Shortening, Household, Lard and Vegetable Oil",,,
172328,"Oil, Sunflower, Linoleic, (Partially Hydrogenated)",5 lb,80,9.49
172329,"Shortening Bread, Soybean (Hydrogenated) and Cottonseed",,,
172330,"Shortening Cake Mix, Soybean (Hydrogenated) and Cottonseed (Hydrogenated)",,,
172331,"Shortening Frying (Heavy Duty), Palm (Hydrogenated)",,,
172332,Shortening Household Soybean (Hydrogenated) and Palm,,,
172333,"Shortening Frying (Heavy Duty), Soybean (Hydrogenated), Linoleic (Less Than 1%)",,,
172334,"Shortening, Confectionery, Fractionated Palm",,48,6.99
172335,"Oil, Nutmeg Butter",,13,5.99
172336,"Oil, Canola",,48,4.49
172337,"Oil, Mustard",,2.62,2.49
172338,"Oil, Sunflower, High Oleic (70% and Over)",5 lb,80,9.49
172339,"Margarine-Like, Margarine-Butter Blend, Soybean Oil and Butter",,12,3.19
172340,"Fish Oil, Herring",100 ct,,16.99
172341,"Fish Oil, Menhaden",,,
172342,"Fish Oil, Menhaden, Fully Hydrogenated",,,
172343,"Fish Oil, Salmon",,3.2,5.99
172344,"Butter, Light, Stick, Without Salt",,15,4.49
172345,"Animal Fat, Bacon Grease",,20,9.99
172346,"Margarine, Regular, 80% Fat, Composite, Stick, with Salt",,,
172347,"Margarine, Regular, 80% Fat, Composite, Tub, with Salt",,,
172348,"Margarine-Like, Vegetable Oil Spread, 60% Fat, Stick, with Salt",,45,10.49
172349,"Margarine, Regular, 80% Fat, Composite, Tub, Without Salt",,12,3.19
172350,"Margarine-Like, Vegetable Oil Spread, 60% Fat, Stick/Tub/Bottle, Without Salt",,15,4.49
172351,"Margarine-Like, Vegetable Oil Spread, Fat Free, Liquid, with Salt",,15,4.49
172352,"Margarine-Like Spread with Yogurt, 70% Fat, Stick, with Salt",,,
172353,"Margarine-Like, Vegetable Oil Spread, Fat-Free, Tub",,15,4.49
172354,"Margarine-Like, Vegetable Oil Spread, 20% Fat, with Salt",,45,10.49
172355,"Margarine-Like, Vegetable Oil Spread, 20% Fat, Without Salt",,45,10.49
172356,"Salad Dressing, Thousand Island Dressing, Fat-Free",16 fo,,3.49
172357,"Oil, Industrial, Mid-Oleic, Sunflower",,11,6.99
172358,"Oil, Industrial, Canola with Antifoaming Agent, Principal Uses Salads, Woks and Light Frying",,11,6.99
172359,"Oil, Industrial, Canola for Salads, Woks and Light Frying",,11,6.99
172360,"Oil, Industrial, Canola (Partially Hydrogenated) Oil for Deep Fat Frying",,11,6.99
172361,"Oil, Industrial, Soy (Partially Hydrogenated), Multiuse for Non-Dairy Butter Flavor",,11,6.99
172362,"Oil, Industrial, Soy ( Partially Hydrogenated), All Purpose",,11,6.99
172363,"Oil, Industrial, Soy (Partially Hydrogenated ) and Soy (Winterized), Pourable Clear Fry",,11,6.99
172364,"Oil, Industrial, Soy (Partially Hydrogenated) and Cottonseed, Principal Use As a Tortilla Shortening",,11,6.99
172365,"Oil, Industrial, Coconut, Confection Fat, Typical Basis for Ice Cream Coatings",,11,6.99
172366,"Oil, Industrial, Palm Kernel (Hydrogenated) , Used for Whipped Toppings, Non-Dairy",,11,6.99
172367,"Oil, Industrial, Coconut (Hydrogenated), Used for Whipped Toppings and Coffee Whiteners",,11,6.99
172368,"Oil, Industrial, Palm and Palm Kernel, Filling Fat (Non-Hydrogenated)",,11,6.99
172369,"Margarine, Industrial, Soy and Partially Hydrogenated Soy Oil, Use for Baking, Sauces and Candy",1 x 0.75 in,,3.99
172370,"Oil, Vegetable, Soybean, Refined",,16,1.49
172371,"Margarine-Like Spread, Smart Balance Regular Buttery Spread with Flax Oil",,,
172372,"Margarine-Like Spread, Smart Balance Light Buttery Spread",,,
172373,"Chicken, Broilers or Fryers, Drumstick, Meat and Skin, Raw",,22,8.99
172374,"Chicken, Broilers or Fryers, Drumstick, Meat and Skin, Cooked, Fried, Batter",,22,8.99
172375,"Chicken, Broilers or Fryers, Drumstick, Meat Only, Cooked, Fried",,22,8.99
172376,"Chicken, Broilers or Fryers, Dark Meat, Drumstick, Meat Only, Cooked, Roasted",,22,8.99
172377,"Chicken, Broilers or Fryers, Drumstick, Meat Only, Cooked, Stewed",,,
172378,"Chicken, Broilers or Fryers, Leg, Meat and Skin, Raw",,,
172379,"Chicken, Broilers or Fryers, Leg, Meat Only, Cooked, Fried",,,
172380,"Chicken, Broilers or Fryers, Leg, Meat Only, Cooked, Roasted",,22,8.99
172381,"Chicken, Broilers or Fryers, Leg, Meat Only, Cooked, Stewed",,22,8.99
172382,"Chicken, Broilers or Fryers, Neck, Meat and Skin, Raw",,22,8.99
172383,"Chicken, Broilers or Fryers, Neck, Meat Only, Cooked, Fried",,22,8.99
172384,"Chicken, Broilers or Fryers, Neck, Meat Only, Cooked, Simmered",,22,8.99
172385,"Chicken, Broilers or Fryers, Thigh, Meat and Skin, Raw",,22,8.99
172386,"Chicken, Broilers or Fryers, Thigh, Meat and Skin, Cooked, Fried, Batter",,,
172387,"Chicken, Broilers or Fryers, Thigh, Meat Only, Cooked, Fried",,22,8.99
172388,"Chicken, Broilers or Fryers, Thigh, Meat Only, Cooked, Roasted",,22,8.99
172389,"Chicken, Broilers or Fryers, Thigh, Meat Only, Cooked, Stewed",,22,8.99
172390,"Chicken, Broilers or Fryers, Wing, Meat and Skin, Raw",,22,8.99
172391,"Chicken, Broilers or Fryers, Wing, Meat Only, Cooked, Fried",,,
172392,"Chicken, Broilers or Fryers, Wing, Meat Only, Cooked, Roasted",,22,8.99
172393,"Chicken, Broilers or Fryers, Wing, Meat Only, Cooked, Stewed",,22,8.99
172394,"Chicken, Roasting, Meat and Skin and Giblets and Neck, Raw",2 lb,32,9.99
172395,"Chicken, Roasting, Meat Only, Cooked, Roasted",2 lb,32,9.99
172396,"Chicken, Roasting, Giblets, Raw",,,
172397,"Chicken, Roasting, Giblets, Cooked, Simmered",,,
172398,"Chicken, Roasting, Light Meat, Meat Only, Raw",2 lb,32,9.99
172399,"Chicken, Stewing, Meat and Skin, and Giblets and Neck, Cooked, Stewed",12 ct,3.5,15.99
172400,"Chicken, Stewing, Meat and Skin, Raw",12 ct,3.5,15.99
172401,"Chicken, Stewing, Meat and Skin, Cooked, Stewed",12 ct,3.5,15.99
172402,"Chicken, Stewing, Meat Only, Raw",12 ct,3.5,15.99
172403,"Chicken, Stewing, Meat Only, Cooked, Stewed",12 ct,3.5,15.99
172404,"Chicken, Stewing, Dark Meat, Meat Only, Raw",12 ct,3.5,15.99
172405,"Chicken, Stewing, Dark Meat, Meat Only, Cooked, Stewed",12 ct,3.5,15.99
172406,"Chicken, Capons, Meat and Skin and Giblets and Neck, Raw",,32,3.49
172407,"Chicken, Capons, Meat and Skin and Giblets and Neck, Cooked, Roasted",,32,3.49
172408,"Duck, Domesticated, Meat and Skin, Raw",,,
172409,"Duck, Domesticated, Meat and Skin, Cooked, Roasted",25 yard,,5.49
172410,"Duck, Domesticated, Meat Only, Raw",25 yard,,5.49
172411,"Duck, Domesticated, Meat Only, Cooked, Roasted",25 yard,,5.49
172412,"Goose, Domesticated, Meat and Skin, Cooked, Roasted",,,
172413,"Goose, Domesticated, Meat Only, Raw",,,
172414,"Goose, Domesticated, Meat Only, Cooked, Roasted",,,
172415,"Goose, Liver, Raw",750 ml,,17.99
172416,"Guinea Hen, Meat and Skin, Raw",,,
172417,"Pheasant, Leg, Meat Only, Raw",,,
172418,"Quail, Meat and Skin, Raw",10 lb,160,7.99
172419,"Quail, Meat Only, Raw",,,
172420,"Lentils, Raw",,16,2.89
172421,"Lentils, Mature Seeds, Cooked, Boiled, Without Salt",,16,2.89
172422,"Lima Beans, Thin Seeded (Baby), Mature Seeds, Cooked, Boiled, Without Salt",,,
172423,"Lupins, Mature Seeds, Raw",,,
172424,"Lupins, Mature Seeds, Cooked, Boiled, Without Salt",,,
172425,"Mothbeans, Mature Seeds, Raw",,,
172426,"Mothbeans, Mature Seeds, Cooked, Boiled, Without Salt",,,
172427,"Mungo Beans, Mature Seeds, Cooked, Boiled, Without Salt",,,
172428,"Peas, Green, Split, Mature Seeds, Raw",,12,1.25
172429,"Peas, Split, Mature Seeds, Cooked, Boiled, Without Salt",,14.1,3.79
172430,"Peanuts, All Types, Raw",,,
172431,"Peanuts, Spanish, Oil-Roasted, with Salt",,12,1.99
172432,"Peanuts, Valencia, Raw",4 lb,64,5.00
172433,"Peanuts, Valencia, Oil-Roasted, with Salt",4 lb,64,5.00
172434,"Peanuts, Virginia, Raw",,14,4.29
172435,"Peanut Flour, Low Fat",,24,12.99
172436,"Pigeon Peas (Red Gram), Mature Seeds, Raw",,15,2.39
172437,"Pigeon Peas (Red Gram), Mature Seeds, Cooked, Boiled, Without Salt",,15,2.39
172438,"Refried Beans, Canned, Traditional Style",,16,2.19
172439,"Bacon, Meatless",,5.25,4.99
172440,"Soybeans, Mature Seeds, Roasted, Salted",,10,2.49
172441,"Soybeans, Mature Seeds, Dry Roasted",,10,2.49
172442,Miso,,17.6,9.49
172443,Natto,90 ct,,8.99
172444,"Soy Flour, Low-Fat",,,
172445,"Soy Meal, Defatted, Raw",,,
172446,"Soymilk, Original and Vanilla, Unfortified",1 / 2 gal,,2.59
172447,"Soy Protein Concentrate, Produced By Alcohol Extraction",,5,8.99
172448,"Tofu, Firm, Prepared with Calcium Sulfate and Magnesium Chloride (Nigari)",,10.8,2.69
172449,"Tofu, Soft, Prepared with Calcium Sulfate and Magnesium Chloride (Nigari)",,16,1.79
172450,"Tofu, Dried-Frozen (Koyadofu)",,9,5.99
172451,"Tofu, Fried",2 ct,,1.99
172452,Okara,,16,4.99
172453,"Winged Beans, Mature Seeds, Cooked, Boiled, Without Salt",,,
172454,"Hummus, Home Prepared",6 ct,2,7.49
172455,"Falafel, Home-Prepared",,10,4.99
172456,"Soymilk, Original and Vanilla, with Added Calcium, Vitamins a and D",1 / 2 gal,,2.59
172457,"Peanut Spread, Reduced Sugar",,33.5,6.99
172458,"Peanut Butter, Smooth, Reduced Fat",,16,4.99
172459,"Peanut Butter, Smooth, Vitamin and Mineral Fortified",,16,4.99
172460,"Peanut Butter, Chunky, Vitamin and Mineral Fortified",,16,4.49
172461,"Mori-Nu, Tofu, Silken, Firm",,10.9,2.69
172462,"Mori-Nu, Tofu, Silken, Extra Firm",,10.9,2.69
172463,"Mori-Nu, Tofu, Silken, Lite Firm",,10.9,2.69
172464,"Mori-Nu, Tofu, Silken, Lite Extra Firm",,10.9,2.69
172465,"Refried Beans, Canned, Fat-Free",,16,2.19
172466,"Frijoles Rojos Volteados (Refried Beans, Red, Canned)",,,
172467,"Tempeh, Cooked",,,
172468,"Vitasoy Usa, Nasoya Lite Firm Tofu",,,
172469,"Peanut Butter, Chunk Style, Without Salt",,40,7.49
172470,"Peanut Butter, Smooth Style, Without Salt",,16,4.99
172471,"Peanut Butter with Omega-3, Creamy",,40,7.49
172472,"Pigeon Peas (Red Gram), Mature Seeds, Cooked, Boiled, with Salt",,15,2.39
172473,"Soy Sauce Made From Soy and Wheat (Shoyu), Low Sodium",,,
172474,"Soy Sauce, Reduced Sodium, Made From Hydrolyzed Vegetable Protein",,10,2.99
172475,"Tofu, Raw, Firm, Prepared with Calcium Sulfate",,12.5,4.79
172476,"Tofu, Raw, Regular, Prepared with Calcium Sulfate",,,
172477,"Winged Beans, Mature Seeds, Cooked, Boiled, with Salt",,,
172478,"Veal, Australian, Rib, Rib Roast, Separable Lean Only, Raw",750 ml,,8.99
172479,"Lamb, Composite of Trimmed Retail Cuts, Separable Lean and Fat, Trimmed To 1/4"" Fat, Choice, Raw",1 lb,16,12.99
172480,"Lamb, Composite of Trimmed Retail Cuts, Separable Lean and Fat, Trimmed To 1/4"" Fat, Choice, Cooked",1 lb,16,12.99
172481,"Lamb, Foreshank, Separable Lean and Fat, Trimmed To 1/4"" Fat, Choice, Raw",,,
172482,"Lamb, Foreshank, Separable Lean and Fat, Trimmed To 1/4"" Fat, Choice, Cooked, Braised",1 lb,16,12.99
172483,"Lamb, Foreshank, Separable Lean Only, Trimmed To 1/4"" Fat, Choice, Raw",1 lb,16,12.99
172484,"Lamb, Foreshank, Separable Lean Only, Trimmed To 1/4"" Fat, Choice, Cooked, Braised",1 lb,16,12.99
172485,"Lamb, Leg, Shank Half, Separable Lean and Fat, Trimmed To 1/4"" Fat, Choice, Cooked, Roasted",16.4 ft,,22.29
172486,"Lamb, Leg, Shank Half, Separable Lean Only, Trimmed To 1/4"" Fat, Choice, Raw",16.4 ft,,22.29
172487,"Lamb, Leg, Shank Half, Separable Lean Only, Trimmed To 1/4"" Fat, Choice, Cooked, Roasted",16.4 ft,,22.29
172488,"Lamb, Leg, Sirloin Half, Separable Lean and Fat, Trimmed To 1/4"" Fat, Choice, Raw",16.4 ft,,22.29
172489,"Lamb, Loin, Separable Lean and Fat, Trimmed To 1/4"" Fat, Choice, Cooked, Broiled",1 lb,16,15.99
172490,"Lamb, Loin, Separable Lean and Fat, Trimmed To 1/4"" Fat, Choice, Cooked, Roasted",1 lb,16,15.99
172491,"Lamb, Loin, Separable Lean Only, Trimmed To 1/4"" Fat, Choice, Raw",1 lb,16,15.99
172492,"Lamb, Loin, Separable Lean Only, Trimmed To 1/4"" Fat, Choice, Cooked, Broiled",1 lb,16,15.99
172493,"Lamb, Rib, Separable Lean Only, Trimmed To 1/4"" Fat, Choice, Raw",1 lb,16,23.99
172494,"Lamb, Rib, Separable Lean Only, Trimmed To 1/4"" Fat, Choice, Cooked, Broiled",1 lb,16,23.99
172495,"Lamb, Rib, Separable Lean Only, Trimmed To 1/4"" Fat, Choice, Cooked, Roasted",1 lb,16,23.99
172496,"Lamb, Shoulder, Whole (Arm and Blade), Separable Lean and Fat, Trimmed To 1/4"" Fat, Choice, Raw",1 lb,16,12.99
172497,"Lamb, Shoulder, Whole (Arm and Blade), Separable Lean and Fat, Trimmed To 1/4"" Fat, Choice, Cooked, Braised",1 lb,16,12.99
172498,"Lamb, Shoulder, Whole (Arm and Blade), Separable Lean Only, Trimmed To 1/4"" Fat, Choice, Cooked, Broiled",1 lb,16,12.99
172499,"Lamb, Shoulder, Whole (Arm and Blade), Separable Lean Only, Trimmed To 1/4"" Fat, Choice, Cooked, Roasted",1 lb,16,12.99
172500,"Lamb, Shoulder, Arm, Separable Lean and Fat, Trimmed To 1/4"" Fat, Choice, Raw",1 lb,16,12.99
172501,"Lamb, Shoulder, Arm, Separable Lean and Fat, Trimmed To 1/4"" Fat, Choice, Cooked, Braised",1 lb,16,12.99
172502,"Lamb, Shoulder, Arm, Separable Lean Only, Trimmed To 1/4"" Fat, Choice, Cooked, Broiled",1 lb,16,12.99
172503,"Lamb, Shoulder, Arm, Separable Lean Only, Trimmed To 1/4"" Fat, Choice, Cooked, Roasted",1 lb,16,12.99
172504,"Lamb, Shoulder, Blade, Separable Lean and Fat, Trimmed To 1/4"" Fat, Choice, Raw",1 lb,16,12.99
172505,"Lamb, Shoulder, Blade, Separable Lean and Fat, Trimmed To 1/4"" Fat, Choice, Cooked, Braised",1 lb,16,12.99
172506,"Lamb, Shoulder, Blade, Separable Lean Only, Trimmed To 1/4"" Fat, Choice, Cooked, Broiled",1 lb,16,12.99
172507,"Lamb, Shoulder, Blade, Separable Lean Only, Trimmed To 1/4"" Fat, Choice, Cooked, Roasted",1 lb,16,12.99
172508,"Lamb, Cubed for Stew or Kabob (Leg and Shoulder), Separable Lean Only, Trimmed To 1/4"" Fat, Raw",,,
172509,"Lamb, Cubed for Stew or Kabob (Leg and Shoulder), Separable Lean Only, Trimmed To 1/4"" Fat, Cooked, Braised",,,
172510,"Lamb, Cubed for Stew or Kabob (Leg and Shoulder), Separable Lean Only, Trimmed To 1/4"" Fat, Cooked, Broiled",,,
172511,"Lamb, New Zealand, Imported, Frozen, Composite of Trimmed Retail Cuts, Separable Fat, Raw",750 ml,,17.99
172512,"Lamb, New Zealand, Imported, Frozen, Composite of Trimmed Retail Cuts, Separable Fat, Cooked",750 ml,,17.99
172513,"Lamb, New Zealand, Imported, Fore-Shank, Separable Lean and Fat, Raw",,,
172514,"Lamb, New Zealand, Imported, Fore-Shank, Separable Lean and Fat, Cooked, Braised",750 ml,,17.99
172515,"Lamb, New Zealand, Imported, Leg Chop/Steak, Bone-In, Separable Lean Only, Raw",750 ml,,17.99
172516,"Lamb, New Zealand, Imported, Frozen, Leg, Whole (Shank and Sirloin), Separable Lean Only, Cooked, Roasted",,,
172517,"Lamb, New Zealand, Imported, Loin Chop, Separable Lean and Fat, Raw",750 ml,,17.99
172518,"Game Meat, Muskrat, Raw",,,
172519,"Game Meat, Muskrat, Cooked, Roasted",,,
172520,"Game Meat, Opossum, Cooked, Roasted",,,
172521,"Game Meat, Rabbit, Domesticated, Composite of Cuts, Raw",5 lb,80,25.99
172522,"Game Meat, Rabbit, Domesticated, Composite of Cuts, Cooked, Roasted",5 lb,80,25.99
172523,"Game Meat, Squirrel, Raw",,,
172524,"Game Meat, Squirrel, Cooked, Roasted",,,
172525,"Lamb, Variety Meats and By-Products, Brain, Raw",1 lb,16,12.99
172526,"Lamb, Variety Meats and By-Products, Brain, Cooked, Braised",1 lb,16,12.99
172527,"Lamb, Variety Meats and By-Products, Heart, Raw",,,
172528,"Lamb, Variety Meats and By-Products, Heart, Cooked, Braised",1 lb,16,12.99
172529,"Veal, Variety Meats and By-Products, Heart, Raw",,,
172530,"Veal, Variety Meats and By-Products, Heart, Cooked, Braised",,,
172531,"Lamb, Variety Meats and By-Products, Liver, Raw",1 lb,16,12.99
172532,"Lamb, Variety Meats and By-Products, Liver, Cooked, Braised",1 lb,16,12.99
172533,"Lamb, Variety Meats and By-Products, Liver, Cooked, Pan-Fried",1 lb,16,12.99
172534,"Veal, Variety Meats and By-Products, Liver, Raw",,,
172535,"Veal, Variety Meats and By-Products, Liver, Cooked, Braised",,,
172536,"Veal, Variety Meats and By-Products, Lungs, Cooked, Braised",,,
172537,"Lamb, Variety Meats and By-Products, Mechanically Separated, Raw",,,
172538,"Lamb, Variety Meats and By-Products, Pancreas, Raw",1 lb,16,12.99
172539,"Lamb, Variety Meats and By-Products, Pancreas, Cooked, Braised",1 lb,16,12.99
172540,"Veal, Variety Meats and By-Products, Spleen, Raw",,,
172541,"Veal, Variety Meats and By-Products, Spleen, Cooked, Braised",,,
172542,"Veal, Variety Meats and By-Products, Thymus, Raw",,,
172543,"Veal, Variety Meats and By-Products, Thymus, Cooked, Braised",,,
172544,"Lamb, Ground, Cooked, Broiled",,13,2.50
172545,"Lamb, Composite of Trimmed Retail Cuts, Separable Lean and Fat, Trimmed To 1/8"" Fat, Choice, Raw",1 lb,16,12.99
172546,"Lamb, Composite of Trimmed Retail Cuts, Separable Lean and Fat, Trimmed To 1/8"" Fat, Choice, Cooked",,,
172547,"Lamb, Foreshank, Separable Lean and Fat, Trimmed To 1/8"" Fat, Choice, Raw",1 lb,16,12.99
172548,"Lamb, Leg, Shank Half, Separable Lean and Fat, Trimmed To 1/8"" Fat, Choice, Cooked, Roasted",16.4 ft,,22.29
172549,"Lamb, Leg, Sirloin Half, Separable Lean and Fat, Trimmed To 1/8"" Fat, Choice, Raw",16.4 ft,,22.29
172550,"Lamb, Leg, Sirloin Half, Separable Lean and Fat, Trimmed To 1/8"" Fat, Choice, Cooked, Roasted",16.4 ft,,22.29
172551,"Lamb, Loin, Separable Lean and Fat, Trimmed To 1/8"" Fat, Choice, Raw",1 lb,16,15.99
172552,"Lamb, Rib, Separable Lean and Fat, Trimmed To 1/8"" Fat, Choice, Cooked, Roasted",1 lb,16,23.99
172553,"Lamb, Shoulder, Whole (Arm and Blade), Separable Lean and Fat, Trimmed To 1/8"" Fat, Choice, Raw",1 lb,16,12.99
172554,"Lamb, Shoulder, Whole (Arm and Blade), Separable Lean and Fat, Trimmed To 1/8"" Fat, Choice, Cooked, Braised",1 lb,16,12.99
172555,"Lamb, Shoulder, Whole (Arm and Blade), Separable Lean and Fat, Trimmed To 1/8"" Fat, Choice, Cooked, Broiled",1 lb,16,12.99
172556,"Lamb, Shoulder, Blade, Separable Lean and Fat, Trimmed To 1/8"" Fat, Choice, Raw",1 lb,16,12.99
172557,"Lamb, Shoulder, Blade, Separable Lean and Fat, Trimmed To 1/8"" Fat, Choice, Cooked, Braised",1 lb,16,12.99
172558,"Lamb, Shoulder, Blade, Separable Lean and Fat, Trimmed To 1/8"" Fat, Choice, Cooked, Broiled",1 lb,16,12.99
172559,"Lamb, Shoulder, Blade, Separable Lean and Fat, Trimmed To 1/8"" Fat, Choice, Cooked, Roasted",1 lb,16,12.99
172560,"Lamb, New Zealand, Imported, Frozen, Leg, Whole (Shank and Sirloin), Separable Lean and Fat, Trimmed To 1/8"" Fat, Raw",750 ml,,17.99
172561,"Lamb, New Zealand, Imported, Frozen, Leg, Whole (Shank and Sirloin), Separable Lean and Fat, Trimmed To 1/8"" Fat, Cooked, Roasted",,,
172562,"Lamb, New Zealand, Imported, Frozen, Loin, Separable Lean and Fat, Trimmed To 1/8"" Fat, Raw",750 ml,,17.99
172563,"Lamb, New Zealand, Imported, Frozen, Loin, Separable Lean and Fat, Trimmed To 1/8"" Fat, Cooked, Broiled",750 ml,,17.99
172564,"Game Meat, Bison, Top Sirloin, Separable Lean Only, Trimmed To 0"" Fat, Raw",,,
172565,"Game Meat, Bison, Ribeye, Separable Lean Only, Trimmed To 0"" Fat, Raw",,16,11.99
172566,"Game Meat, Bison, Shoulder Clod, Separable Lean Only, Trimmed To 0"" Fat, Raw",,,
172567,"Veal, Breast, Separable Fat, Cooked",,16,3.49
172568,"Veal, Shank (Fore and Hind), Separable Lean and Fat, Raw",1 lb,16,12.99
172569,"Veal, Shank (Fore and Hind), Separable Lean and Fat, Cooked, Braised",1 lb,16,12.99
172570,"Veal, Shank (Fore and Hind), Separable Lean Only, Raw",1 lb,16,12.99
172571,"Veal, Shank (Fore and Hind), Separable Lean Only, Cooked, Braised",1 lb,16,12.99
172572,"Lamb, Australian, Imported, Fresh, Separable Fat, Raw",1 lb,16,12.99
172573,"Lamb, Australian, Imported, Fresh, Separable Fat, Cooked",1 lb,16,12.99
172574,"Lamb, Australian, Imported, Fresh, Foreshank, Separable Lean and Fat, Trimmed To 1/8"" Fat, Raw",1 lb,16,12.99
172575,"Lamb, Australian, Imported, Fresh, Foreshank, Separable Lean and Fat, Trimmed To 1/8"" Fat, Cooked, Braised",1 lb,16,12.99
172576,"Lamb, Australian, Imported, Fresh, Leg, Whole (Shank and Sirloin), Separable Lean Only, Trimmed To 1/8"" Fat, Raw",,,
172577,"Lamb, Australian, Imported, Fresh, Leg, Whole (Shank and Sirloin), Separable Lean Only, Trimmed To 1/8"" Fat, Cooked, Roasted",1 lb,16,12.99
172578,"Lamb, Australian, Imported, Fresh, Leg, Shank Half, Separable Lean and Fat, Trimmed To 1/8"" Fat, Raw",1 lb,16,12.99
172579,"Lamb, Australian, Imported, Fresh, Leg, Shank Half, Separable Lean and Fat, Trimmed To 1/8"" Fat, Cooked, Roasted",1 lb,16,12.99
172580,"Lamb, Australian, Imported, Fresh, Leg, Shank Half, Separable Lean Only, Trimmed To 1/8"" Fat, Raw",,,
172581,"Lamb, Australian, Imported, Fresh, Leg, Sirloin Half, Boneless, Separable Lean Only, Trimmed To 1/8"" Fat, Cooked, Roasted",1 lb,16,12.99
172582,"Lamb, Australian, Imported, Fresh, Leg, Sirloin Chops, Boneless, Separable Lean and Fat, Trimmed To 1/8"" Fat, Raw",1 lb,16,12.99
172583,"Lamb, Australian, Imported, Fresh, Leg, Sirloin Chops, Boneless, Separable Lean and Fat, Trimmed To 1/8"" Fat, Cooked, Broiled",1 lb,16,12.99
172584,"Lamb, Australian, Imported, Fresh, Leg, Sirloin Chops, Boneless, Separable Lean Only, Trimmed To 1/8"" Fat, Raw",1 lb,16,12.99
172585,"Lamb, Australian, Imported, Fresh, Leg, Center Slice, Bone-In, Separable Lean Only, Trimmed To 1/8"" Fat, Cooked, Broiled",1 lb,16,12.99
172586,"Lamb, Australian, Imported, Fresh, Loin, Separable Lean and Fat, Trimmed To 1/8"" Fat, Raw",1 lb,16,12.99
172587,"Lamb, Australian, Imported, Fresh, Loin, Separable Lean and Fat, Trimmed To 1/8"" Fat, Cooked, Broiled",1 lb,16,12.99
172588,"Lamb, Australian, Imported, Fresh, Loin, Separable Lean Only, Trimmed To 1/8"" Fat, Raw",1 lb,16,12.99
172589,"Lamb, Australian, Imported, Fresh, Rib Chop, Frenched, Bone-In, Separable Lean Only, Trimmed To 1/8"" Fat, Cooked, Grilled",1 lb,16,12.99
172590,"Lamb, Australian, Imported, Fresh, Shoulder, Whole (Arm and Blade), Separable Lean and Fat, Trimmed To 1/8"" Fat, Raw",,,
172591,"Lamb, Australian, Imported, Fresh, Shoulder, Whole (Arm and Blade), Separable Lean and Fat, Trimmed To 1/8"" Fat, Cooked",1 lb,16,12.99
172592,"Lamb, Australian, Imported, Fresh, Shoulder, Whole (Arm and Blade), Separable Lean Only, Trimmed To 1/8"" Fat, Raw",1 lb,16,12.99
172593,"Lamb, Australian, Imported, Fresh, Shoulder, Whole (Arm and Blade), Separable Lean Only, Trimmed To 1/8"" Fat, Cooked",1 lb,16,12.99
172594,"Lamb, Australian, Imported, Fresh, Shoulder, Blade, Separable Lean and Fat, Trimmed To 1/8"" Fat, Raw",1 lb,16,12.99
172595,"Lamb, Australian, Imported, Fresh, Shoulder, Blade, Separable Lean and Fat, Trimmed To 1/8"" Fat, Cooked, Broiled",1 lb,16,12.99
172596,"Lamb, Australian, Imported, Fresh, Shoulder, Blade, Separable Lean Only, Trimmed To 1/8"" Fat, Raw",1 lb,16,12.99
172597,"Lamb, Australian, Imported, Fresh, Shoulder ,Blade, Separable Lean Only, Trimmed To 1/8"" Fat, Cooked, Broiled",1 lb,16,12.99
172598,"Game Meat, Bison, Chuck, Shoulder Clod, Separable Lean Only, Raw",,16,11.99
172599,"Game Meat, Bison, Ribeye, Separable Lean Only, 1"" Steak, Cooked, Broiled",,16,11.99
172600,"Game Meat, Bison, Top Round, Separable Lean Only, 1"" Steak, Cooked, Broiled",,,
172601,"Game Meat, Bison, Top Round, Separable Lean Only, 1"" Steak, Raw",,,
172602,"Game Meat, Deer, Ground, Raw",,9,7.99
172603,"Game Meat, Deer, Ground, Cooked, Pan-Broiled",,9,7.99
172604,"Game Meat, Deer, Loin, Separable Lean Only, 1"" Steak, Cooked, Broiled",,,
172605,"Game Meat, Deer, Shoulder Clod, Separable Lean Only, Cooked, Braised",,9,7.99
172606,"Veal, Australian, Shank, Hind, Bone-In, Separable Lean Only, Raw",750 ml,,8.99
172607,"Veal, Australian, Shank, Hind, Bone-In, Separable Lean and Fat, Raw",750 ml,,8.99
172608,"Lamb, Australian, Ground, 85% Lean / 15% Fat, Raw",1 lb,16,12.99
172609,"Lamb, New Zealand, Imported, Intermuscular Fat, Cooked",,,
172610,"Lamb, New Zealand, Imported, Breast, Separable Lean Only, Cooked, Braised",750 ml,,17.99
172611,"Lamb, New Zealand, Imported, Breast, Separable Lean Only, Raw",,,
172612,"Lamb, New Zealand, Imported, Chump, Boneless, Separable Lean Only, Cooked, Fast Roasted",,,
172613,"Lamb, New Zealand, Imported, Subcutaneous Fat, Cooked",750 ml,,17.99
172614,"Lamb, New Zealand, Imported, Liver, Cooked, Soaked and Fried",750 ml,,17.99
172615,"Lamb, New Zealand, Imported, Liver, Raw",750 ml,,17.99
172616,"Lamb, New Zealand, Imported, Ground Lamb, Cooked, Braised",750 ml,,17.99
172617,"Lamb, New Zealand, Imported, Ground Lamb, Raw",750 ml,,17.99
172618,"Lamb, New Zealand, Imported, Testes, Cooked, Soaked and Fried",750 ml,,17.99
172619,"Lamb, New Zealand, Imported, Testes, Raw",750 ml,,17.99
172620,"Lamb, New Zealand, Imported, Tongue - Swiss Cut, Cooked, Soaked and Simmered",750 ml,,17.99
172621,"Lamb, New Zealand, Imported, Tongue - Swiss Cut, Raw",750 ml,,17.99
172622,"Lamb, New Zealand, Imported, Tenderloin, Separable Lean Only, Cooked, Fast Fried",750 ml,,17.99
172623,"Lamb, New Zealand, Imported, Tenderloin, Separable Lean Only, Raw",750 ml,,17.99
172624,"Lamb, New Zealand, Imported, Loin Saddle, Separable Lean Only, Cooked, Fast Roasted",750 ml,,17.99
172625,"Lamb, New Zealand, Imported, Loin Saddle, Separable Lean Only, Raw",750 ml,,17.99
172626,"Lamb, New Zealand, Imported, Neck Chops, Separable Lean Only, Cooked, Braised",750 ml,,17.99
172627,"Lamb, New Zealand, Imported, Netted Shoulder, Rolled, Boneless, Separable Lean Only, Cooked, Slow Roasted",,,
172628,"Lamb, New Zealand, Imported, Netted Shoulder, Rolled, Boneless, Separable Lean Only, Raw",750 ml,,17.99
172629,"Lamb, New Zealand, Imported, Rack - Fully Frenched, Separable Lean Only, Cooked, Fast Roasted",750 ml,,17.99
172630,"Lamb, New Zealand, Imported, Flap, Boneless, Separable Lean and Fat, Cooked, Braised",,,
172631,"Lamb, New Zealand, Imported, Flap, Boneless, Separable Lean and Fat, Raw",750 ml,,17.99
172632,"Lamb, New Zealand, Imported, Hind-Shank, Separable Lean and Fat, Cooked, Braised",,,
172633,"Lamb, New Zealand, Imported, Hind-Shank, Separable Lean and Fat, Raw",750 ml,,17.99
172634,"Lamb, New Zealand, Imported, Loin, Boneless, Separable Lean and Fat, Cooked, Fast Roasted",750 ml,,17.99
172635,"Lamb, New Zealand, Imported, Loin, Boneless, Separable Lean and Fat, Raw",,,
172636,"Lamb, New Zealand, Imported, Neck Chops, Separable Lean and Fat, Cooked, Braised",750 ml,,17.99
172637,"Lamb, New Zealand, Imported, Neck Chops, Separable Lean and Fat, Raw",750 ml,,17.99
172638,"Lamb, New Zealand, Imported, Netted Shoulder, Rolled, Boneless, Separable Lean and Fat, Cooked, Slow Roasted",750 ml,,17.99
172639,"Lamb, New Zealand, Imported, Tenderloin, Separable Lean and Fat, Cooked, Fast Fried",750 ml,,17.99
172640,"Lamb, New Zealand, Imported, Rack - Fully Frenched, Separable Lean and Fat, Cooked, Fast Roasted",750 ml,,17.99
172641,"Lamb, New Zealand, Imported, Rack - Fully Frenched, Separable Lean and Fat, Raw",750 ml,,17.99
172642,"Lamb, New Zealand, Imported, Tunnel-Boned Leg, Chump Off, Shank Off, Separable Lean and Fat, Cooked, Slow Roasted",750 ml,,17.99
172643,"Veal, Leg, Top Round, Cap Off, Cutlet, Boneless, Raw",4.5 lb,72,5.00
172644,"Veal, Loin, Chop, Separable Lean Only, Cooked, Grilled",1 lb,16,15.99
172645,"Veal, Shank, Separable Lean Only, Raw",1 lb,16,12.99
172646,"Veal, Foreshank, Osso Buco, Separable Lean Only, Cooked, Braised",1 lb,16,12.99
172647,"Veal, Seam Fat Only, Cooked",,,
172648,"Veal, Shank, Separable Lean and Fat, Raw",1 lb,16,12.99
172649,"Veal, Foreshank, Osso Buco, Separable Lean and Fat, Cooked, Braised",1 lb,16,12.99
172650,"Veal, Loin, Chop, Separable Lean and Fat, Cooked, Grilled",1 lb,16,15.99
172651,"Veal, Shoulder, Blade Chop, Separable Lean and Fat, Cooked, Grilled",1 lb,16,12.99
172652,"Lamb, Australian, Imported, Fresh, Tenderloin, Boneless, Separable Lean Only, Trimmed To 1/8"" Fat, Raw",1 lb,16,12.99
172653,"Lamb, Australian, Imported, Fresh, Leg, Bottom, Boneless, Separable Lean Only, Trimmed To 1/8"" Fat, Raw",1 lb,16,12.99
172654,"Lamb, Australian, Imported, Fresh, Leg, Trotter Off, Bone-In, Separable Lean Only, Trimmed To 1/8"" Fat, Cooked, Roasted",1 lb,16,12.99
172655,"Lamb, Australian, Imported, Fresh, Leg, Trotter Off, Bone-In, Separable Lean Only, Trimmed To 1/8"" Fat, Raw",,,
172656,"Lamb, Australian, Imported, Fresh, Seam Fat, Cooked",1 lb,16,12.99
172657,"Lamb, Australian, Imported, Fresh, Seam Fat, Raw",1 lb,16,12.99
172658,"Lamb, Australian, Imported, Fresh, Leg, Bottom, Boneless, Separable Lean and Fat, Trimmed To 1/8"" Fat, Cooked, Roasted",1 lb,16,12.99
172659,"Lamb, Australian, Imported, Fresh, Leg, Bottom, Boneless, Separable Lean and Fat, Trimmed To 1/8"" Fat, Raw",1 lb,16,12.99
172660,"Lamb, Australian, Imported, Fresh, Tenderloin, Boneless, Separable Lean and Fat, Trimmed To 1/8"" Fat, Raw",,,
172661,"Lamb, Australian, Imported, Fresh, Rib Chop, Frenched, Denuded, Bone-In, Separable Lean Only, Trimmed To 0"" Fat, Cooked, Grilled",1 lb,16,12.99
172662,"Lamb, Australian, Imported, Fresh, Rack, Roast, Frenched, Denuded, Bone-In, Separable Lean and Fat, Trimmed To 0"" Fat, Cooked, Roasted",1 lb,16,12.99
172663,"Lamb, Australian, Imported, Fresh, Rack, Roast, Frenched, Bone-In, Separable Lean and Fat, Trimmed To 1/8"" Fat, Cooked, Roasted",1 lb,16,12.99
172664,"Bagels, Cinnamon-Raisin",6 ct,20,2.49
172665,"Bagels, Cinnamon-Raisin, Toasted",6 ct,20,2.49
172666,"Bagels, Oat Bran",6 ct,20,4.49
172667,"Biscuits, Plain or Buttermilk, Frozen, Baked",40 ct,30,3.99
172668,"Biscuits, Plain or Buttermilk, Refrigerated Dough, Higher Fat",40 ct,30,3.99
172669,"Biscuits, Plain or Buttermilk, Refrigerated Dough, Higher Fat, Baked",40 ct,30,3.99
172670,"Biscuits, Plain or Buttermilk, Prepared From Recipe",40 ct,30,3.99
172671,"Biscuits, Mixed Grain, Refrigerated Dough",,12.2,8.99
172672,"Bread, Cracked-Wheat",,22,3.19
172673,"Bread, Egg",,11,3.99
172674,"Bread, Egg, Toasted",,11,3.99
172675,"Bread, French or Vienna (Includes Sourdough)",,,
172676,"Bread, Oat Bran",4 ct,9,3.99
172677,"Bread, Oat Bran, Toasted",4 ct,9,3.99
172678,"Bread, Oatmeal",,24,4.69
172679,"Bread, Oatmeal, Toasted",,,
172680,"Bread, Raisin, Enriched",,18,6.99
172681,"Bread, Raisin, Enriched, Toasted",,18,6.99
172682,"Bread, Reduced-Calorie, Oat Bran",16.0 ounce,,3.19
172683,"Bread, Reduced-Calorie, Oat Bran, Toasted",,,
172684,"Bread, Rye",,16,4.99
172685,"Bread, Rye, Toasted",,16,4.99
172686,"Bread, Wheat",,20,4.29
172687,"Bread, Wheat, Toasted",,20,4.29
172688,"Bread, Whole-Wheat, Commercially Prepared",,20,4.29
172689,"Bread, Whole-Wheat, Commercially Prepared, Toasted",,20,4.29
172690,"Bread, Whole-Wheat, Prepared From Recipe",,20,4.29
172691,"Bread, Whole-Wheat, Prepared From Recipe, Toasted",,20,4.29
172692,"Bread, Stuffing, Cornbread, Dry Mix",,6,1.29
172693,"Bread, Stuffing, Cornbread, Dry Mix, Prepared",,6,1.29
172694,"Cake, Angelfood, Commercially Prepared",1 ct,,22.99
172695,"Cake, Angelfood, Dry Mix, Prepared",1 ct,,22.99
172696,"Cake, Boston Cream Pie, Commercially Prepared",6 in,,6.00
172697,"Cake, Chocolate, Prepared From Recipe Without Frosting",9.92 oz (1 serving),,3.99
172698,"Cake, White, Prepared From Recipe with Coconut Frosting",11.04 oz (1 serving),,3.99
172699,"Cake, Coffeecake, Cheese",12 ct,10.02,6.99
172700,"Cake, Coffeecake, Cinnamon with Crumb Topping, Commercially Prepared, Enriched",12 ct,10.02,6.99
172701,"Cake, Gingerbread, Dry Mix",,7.2,1.39
172702,"Cake, Gingerbread, Prepared From Recipe",,7.2,1.39
172703,"Cake, Pineapple Upside-Down, Prepared From Recipe",,32,14.99
172704,"Cake, Pound, Commercially Prepared, Butter (Includes Fresh and Frozen)",,30,7.99
172705,"Cake, White, Dry Mix, Special Dietary (Includes Lemon-Flavored)",11.04 oz (1 serving),,3.99
172706,"Cake, Sponge, Commercially Prepared",16 count,,5.79
172707,"Cake, Sponge, Prepared From Recipe",16 count,,5.79
172708,"Cake, Pudding-Type, White, Enriched, Dry Mix",,30,7.99
172709,"Cake, White, Prepared From Recipe Without Frosting",11.04 oz (1 serving),,3.99
172710,"Cake, Yellow, Prepared From Recipe Without Frosting",,7.5,3.50
172711,"Cake, Cheesecake, Commercially Prepared",,24,9.99
172712,"Cake, Cheesecake, Prepared From Mix, No-Bake Type",,24,9.99
172713,"Cookies, Brownies, Commercially Prepared",,4.25,5.49
172714,"Cookies, Chocolate Wafers",7 pk,1.55,3.49
172715,"Cookies, Chocolate Chip, Commercially Prepared, Regular, Lower Fat",12 count,,3.99
172716,"Cookies, Chocolate Chip, Commercially Prepared, Regular, Higher Fat, Enriched",12 count,,3.99
172717,"Cookies, Chocolate Chip, Commercially Prepared, Soft-Type",12 count,,3.99
172718,"Cookies, Chocolate Sandwich, with Creme Filling, Regular",,18.71,5.29
172719,"Cookies, Chocolate Sandwich, with Creme Filling, Regular, Chocolate-Coated",,18.71,5.29
172720,"Cookies, Chocolate Sandwich, with Extra Creme Filling",,18.71,5.29
172721,"Cookies, Fig Bars",,14,3.29
172722,"Cookies, Fortune",,3,2.49
172723,"Cookies, Marshmallow, Chocolate-Coated (Includes Marshmallow Pies)",,1.95,2.19
172724,"Cookies, Molasses",,12,5.29
172725,"Cookies, Oatmeal, Commercially Prepared, Regular",,12,1.79
172726,"Cookies, Oatmeal, Commercially Prepared, Soft-Type",,12,1.79
172727,"Cookies, Peanut Butter, Commercially Prepared, Regular",,15.27,6.49
172728,"Cookies, Peanut Butter, Commercially Prepared, Soft-Type",,15.27,6.49
172729,"Cookies, Peanut Butter, Refrigerated Dough",,15.27,6.49
172730,"Cookies, Peanut Butter, Refrigerated Dough, Baked",,15.27,6.49
172731,"Cookies, Brownies, Dry Mix, Sugar Free",,4.25,5.49
172732,"Cookies, Chocolate Chip, Commercially Prepared, Special Dietary",12 count,,3.99
172733,"Cookies, Chocolate Sandwich, with Creme Filling, Special Dietary",,18.71,5.29
172734,"Cookies, Oatmeal, Commercially Prepared, Special Dietary",,12,1.79
172735,"Cookies, Sugar, Refrigerated Dough, Baked",,13.5,5.00
172736,"Cookies, Sugar Wafers with Creme Filling, Regular",,,
172737,"Cookies, Vanilla Sandwich with Creme Filling",,12,4.19
172738,"Puff Pastry, Frozen, Ready-To-Bake, Baked",30 ct,2.2,8.49
172739,"Crackers, Crispbread, Rye",,6.1,4.99
172740,"Crackers, Matzo, Plain",,10,4.99
172741,"Crackers, Matzo, Egg",,10,4.99
172742,"Crackers, Matzo, Whole-Wheat",,,
172743,"Crackers, Rye, Sandwich-Type with Cheese Filling",,9.5,4.59
172744,"Crackers, Rye, Wafers, Plain",,9.5,4.59
172745,"Crackers, Rye, Wafers, Seasoned",,9.5,4.59
172746,"Crackers, Saltines (Includes Oyster, Soda, Soup)",,16,2.19
172747,"Crackers, Wheat, Sandwich, with Cheese Filling",,12.9,4.69
172748,"Crackers, Wheat, Sandwich, with Peanut Butter Filling",,12.9,4.69
172749,"Crackers, Whole-Wheat",,12.5,6.29
172750,"Cracker, Meal",,17.5,9.79
172751,"Croutons, Plain",,5,1.49
172752,"Croutons, Seasoned",,5,1.49
172753,"Danish Pastry, Cinnamon, Enriched",8 ct,,5.99
172754,"Danish Pastry, Cheese",12 ct,10.02,6.99
172755,"Danish Pastry, Fruit, Enriched (Includes Apple, Cinnamon, Raisin, Lemon, Raspberry, Strawberry)",20 ct,12,6.00
172756,"Doughnuts, French Crullers, Glazed",,14,2.99
172757,"Doughnuts, Yeast-Leavened, with Creme Filling",,,
172758,"Doughnuts, Yeast-Leavened, Glazed, Enriched (Includes Honey Buns)",12 count,,14.29
172759,"Doughnuts, Yeast-Leavened, with Jelly Filling",12 count,,14.29
172760,"Muffins, English, Raisin-Cinnamon, Toasted (Includes Apple-Cinnamon)",6 pc,13,3.99
172761,"Muffins, English, Wheat",6 pc,13,3.99
172762,"Muffins, English, Whole-Wheat",6 ct,12,3.99
172763,"French Toast, Frozen, Ready-To-Heat",32 ct,0.4,3.29
172764,"Muffins, Plain, Prepared From Recipe, Made with Low Fat (2%) Milk",6 ct,20,4.49
172765,"Muffins, Blueberry, Commercially Prepared (Includes Mini-Muffins)",5 ct,8.44,3.19
172766,"Muffins, Blueberry, Dry Mix",5 ct,8.44,3.19
172767,"Muffins, Blueberry, Toaster-Type",5 ct,8.44,3.19
172768,"Muffins, Blueberry, Prepared From Recipe, Made with Low Fat (2%) Milk",5 ct,8.44,3.19
172769,"Muffins, Oat Bran",,18.2,2.79
172770,"Muffins, Wheat Bran, Dry Mix",6 ct,13,1.69
172771,"Pancakes Plain, Frozen, Ready-To-Heat (Includes Buttermilk)",40 ct,0.35,3.59
172772,"Pancakes, Plain, Dry Mix, Complete (Includes Buttermilk)",8 ct,9.87,3.49
172773,"Pancakes, Blueberry, Prepared From Recipe",,18,6.99
172774,"Pancakes, Buckwheat, Dry Mix, Incomplete",,16,6.49
172775,"Pancakes, Special Dietary, Dry Mix",40 ct,0.35,3.59
172776,"Pancakes, Whole-Wheat, Dry Mix, Incomplete",6 ct,14.82,6.99
172777,"Pie, Banana Cream, Prepared From Recipe",,5.1,2.49
172778,"Pie, Blueberry, Commercially Prepared",18 ct,1.6,20.99
172779,"Pie, Blueberry, Prepared From Recipe",18 ct,1.6,20.99
172780,"Pie, Cherry, Commercially Prepared",,36,8.79
172781,"Pie, Cherry, Prepared From Recipe",,36,8.79
172782,"Pie, Coconut Custard, Commercially Prepared",,30.4,8.79
172783,"Pie, Egg Custard, Commercially Prepared",,4,1.25
172784,"Pie, Fried Pies, Fruit",,4,1.25
172785,"Pie, Lemon Meringue, Commercially Prepared",,16,6.99
172786,"Pie, Pecan, Prepared From Recipe",4 ct,11,5.99
172787,"Pie, Pumpkin, Commercially Prepared",2 pc,,
172788,"Pie, Pumpkin, Prepared From Recipe",2 pc,,
172789,"Pie, Vanilla Cream, Prepared From Recipe",,14,3.99
172790,"Puff Pastry, Frozen, Ready-To-Bake",30 ct,2.2,8.49
172791,Phyllo Dough,,16,6.49
172792,"Popovers, Dry Mix, Enriched",,7.75,1.99
172793,"Rolls, Dinner, Plain, Commercially Prepared (Includes Brown-And-Serve)",7 ct,14,2.49
172794,"Rolls, Dinner, Whole-Wheat",7 ct,14,2.49
172795,"Rolls, French",,12,4.99
172796,"Rolls, Hamburger or Hotdog, Plain",8 ct,,7.99
172797,"Rolls, Hamburger or Hotdog, Mixed-Grain",8 ct,,7.99
172798,"Sweet Rolls, Cinnamon, Refrigerated Dough with Frosting",8 ct,,5.99
172799,"Sweet Rolls, Cinnamon, Refrigerated Dough with Frosting, Baked",6 ct,6,1.99
172800,"Taco Shells, Baked",12 ct,5.5,5.99
172801,"Toaster Pastries, Brown-Sugar-Cinnamon",12 ct,,2.49
172802,Wonton Wrappers (Includes Egg Roll Wrappers),,,
172803,"Leavening Agents, Baking Powder, Double-Acting, Sodium Aluminum Sulfate",,,
172804,"Leavening Agents, Baking Powder, Double-Acting, Straight Phosphate",,,
172805,"Leavening Agents, Baking Powder, Low-Sodium",,,
172806,"Bread, Crumbs, Dry, Grated, Seasoned",,15,1.49
172807,"Cookies, Oatmeal, Prepared From Recipe, Without Raisins",,12,1.79
172808,"Cookies, Chocolate Chip, Prepared From Recipe, Made with Butter",12 count,,3.99
172809,"Bread, Protein, (Includes Gluten), Toasted",,18,4.99
172810,"Rolls, Dinner, Plain, Prepared From Recipe, Made with Low Fat (2%) Milk",7 ct,14,2.49
172811,"Pie Crust, Cookie-Type, Prepared From Recipe, Graham Cracker, Chilled",9 in,6,3.69
172812,"Crackers, Matzo, Egg and Onion",,10,4.99
172813,"Pie Crust, Cookie-Type, Prepared From Recipe, Vanilla Wafer, Chilled",,,
172814,"Pie Crust, Standard-Type, Prepared From Recipe, Unbaked",2 ct,15,3.49
172815,"Bread, Cornbread, Dry Mix, Unenriched (Includes Corn Muffin Mix)",4 ct,8,3.99
172816,"Bread, Pita, White, Unenriched",6 ct,,2.99
172817,"Bread, Raisin, Unenriched",,18,6.99
172818,"Bread, White, Commercially Prepared, Low Sodium, No Salt",,20,1.79
172819,"Cookies, Butter, Commercially Prepared, Unenriched",,15.27,6.49
172820,"Cookies, Chocolate Chip, Commercially Prepared, Regular, Higher Fat, Unenriched",12 count,,3.99
172821,"Cookies, Ladyfingers, Without Lemon Juice and Rind",,7,4.39
172822,"Crackers, Melba Toast, Plain, Without Salt",,6,3.99
172823,"Crackers, Whole-Wheat, Low Salt",,12.5,6.29
172824,"Danish Pastry, Cinnamon, Unenriched",8 ct,,5.99
172825,"Danish Pastry, Fruit, Unenriched (Includes Apple, Cinnamon, Raisin, Strawberry)",20 ct,12,6.00
172826,"Bread, White, Commercially Prepared, Toasted, Low Sodium No Salt",,20,1.79
172827,"Danish Pastry, Lemon, Unenriched",,14.1,5.99
172828,"English Muffins, Plain, Unenriched, with Calcium Propionate (Includes Sourdough)",6 ct,13,3.99
172829,"Quail, Breast, Meat Only, Raw",,,
172830,"Chicken, Broiler, Rotisserie, Bbq, Wing, Meat and Skin",,26,9.49
172831,"Ruffed Grouse, Breast Meat, Skinless, Raw",,,
172832,"Emu, Ground, Raw",,4,15.99
172833,"Emu, Ground, Cooked, Pan-Broiled",,4,15.99
172834,"Emu, Full Rump, Cooked, Broiled",,,
172835,"Emu, Inside Drum, Raw",,,
172836,"Emu, Inside Drums, Cooked, Broiled",,,
172837,"Emu, Outside Drum, Raw",,,
172838,"Emu, Oyster, Raw",,8,10.99
172839,"Ostrich, Inside Leg, Raw",,,
172840,"Ostrich, Inside Leg, Cooked",,,
172841,"Ostrich, Inside Strip, Raw",,,
172842,"Ostrich, Inside Strip, Cooked",,,
172843,"Ostrich, Oyster, Cooked",,,
172844,"Ostrich, Round, Raw",,,
172845,"Ostrich, Tenderloin, Raw",,,
172846,"Ostrich, Tip Trimmed, Raw",,,
172847,"Turkey, Ground, Fat Free, Raw",1 lb,16,4.49
172848,"Turkey, Ground, Fat Free, Pan-Broiled Crumbles",1 lb,16,4.49
172849,"Turkey, Ground, Fat Free, Patties, Broiled",1 lb,16,4.49
172850,"Turkey, Ground, 93% Lean, 7% Fat, Raw",1 lb,16,4.49
172851,"Turkey, Ground, 93% Lean, 7% Fat, Pan-Broiled Crumbles",1 lb,16,4.49
172852,"Chicken, Broilers or Fryers, Dark Meat, Drumstick, Meat Only, Cooked, Braised",,22,8.99
172853,"Chicken, Broilers or Fryers, Dark Meat, Thigh, Meat Only, Cooked, Braised",,22,8.99
172854,"Chicken, Skin (Drumsticks and Thighs), Cooked, Braised",1 lb,16,1.49
172855,"Chicken, Skin (Drumsticks and Thighs), Raw",1 lb,16,1.49
172856,"Chicken, Dark Meat, Drumstick, Meat Only, with Added Solution, Cooked, Roasted",,9.75,4.49
172857,"Chicken, Dark Meat, Drumstick, Meat Only, with Added Solution, Cooked, Braised",,9.75,4.49
172858,"Chicken, Dark Meat, Thigh, Meat Only, with Added Solution, Cooked, Braised",,9.75,4.49
172859,"Chicken, Dark Meat, Thigh, Meat Only, with Added Solution, Raw",,9.75,4.49
172860,"Chicken, Dark Meat, Drumstick, Meat and Skin, with Added Solution, Raw",,9.75,4.49
172861,"Chicken, Dark Meat, Drumstick, Meat and Skin, with Added Solution, Cooked, Roasted",,9.75,4.49
172862,"Chicken, Dark Meat, Thigh, Meat and Skin, with Added Solution, Cooked, Braised",,9.75,4.49
172863,"Chicken, Dark Meat, Thigh, Meat and Skin, with Added Solution, Raw",,9.75,4.49
172864,"Turkey From Whole, Light Meat, Meat Only, with Added Solution, Raw",,28,11.99
172865,"Turkey From Whole, Light Meat, Meat Only, with Added Solution, Cooked, Roasted",,28,11.99
172866,"Turkey, Skin From Whole (Light and Dark), with Added Solution, Raw",4 count,,6.49
172867,"Turkey, Skin From Whole, (Light and Dark), with Added Solution, Roasted",4 count,,6.49
172868,"Turkey, Whole, Meat Only, with Added Solution, Raw",1 lb,16,1.89
172869,"Turkey, Whole, Meat Only, with Added Solution, Roasted",1 lb,16,1.89
172870,"Turkey, Whole, Meat and Skin, with Added Solution, Raw",1 lb,16,1.89
172871,"Turkey, Whole, Meat and Skin, with Added Solution, Roasted",1 lb,16,1.89
172872,"Turkey, Retail Parts, Wing, Meat Only, Cooked, Roasted",2 lb,32,4.99
172873,"Turkey, Skin, From Retail Parts, From Dark Meat, Raw",3.15 lb,50.4,7.29
172874,"Turkey, Skin, From Retail Parts, From Dark Meat, Cooked, Roasted",3.15 lb,50.4,7.29
172875,"Turkey, Retail Parts, Drumstick, Meat Only, Raw",2 lb,32,4.99
172876,"Turkey, Breast, From Whole Bird, Meat Only, with Added Solution, Raw",3 lbs,48,13.99
172877,"Turkey, Retail Parts, Thigh, Meat Only, Cooked, Roasted",2 lb,32,4.99
172878,"Turkey, Retail Parts, Drumstick, Meat Only, Cooked, Roasted",2 lb,32,4.99
172879,"Sauce, Plum, Ready-To-Serve",,14.5,2.99
172880,"Sauce, Pizza, Canned, Ready-To-Serve",,14,2.19
172881,"Soup, Tomato Bisque, Canned, Condensed",,24,6.99
172882,"Soup, Tomato, Canned, Condensed",,19,2.79
172883,"Soup, Stock, Beef, Home-Prepared",,32,2.99
172884,"Soup, Stock, Chicken, Home-Prepared",,32,2.99
172885,"Soup, Stock, Fish, Home-Prepared",,32,2.99
172886,"Sauce, Hoisin, Ready-To-Serve",,20,5.49
172887,"Soup, Cream of Mushroom, Canned, Condensed, Reduced Sodium",,26,1.89
172888,"Soup, Chicken Broth, Less/Reduced Sodium, Ready To Serve",,32,1.49
172889,"Soup, Beef Broth, Less/Reduced Sodium, Ready To Serve",,32,1.49
172890,"Sauce, Teriyaki, Ready-To-Serve, Reduced Sodium",,10,2.99
172891,"Soup, Cream of Asparagus, Canned, Prepared with Equal Volume Milk",,10.5,1.99
172892,"Soup, Chicken Vegetable with Potato and Cheese, Chunky, Ready-To-Serve",,19,3.79
172893,"Soup, Cream of Celery, Canned, Prepared with Equal Volume Milk",,10.5,1.99
172894,"Soup, Cheese, Canned, Prepared with Equal Volume Milk",,10.5,1.99
172895,"Soup, Oyster Stew, Canned, Prepared with Equal Volume Milk",,10.5,1.99
172896,"Soup, Pea, Green, Canned, Prepared with Equal Volume Milk",,14.1,3.79
172897,"Soup, Cream of Potato, Canned, Prepared with Equal Volume Milk",,32,4.49
172898,"Soup, Cream of Shrimp, Canned, Prepared with Equal Volume Low Fat (2%) Milk",,10.5,1.99
172899,"Soup, Healthy Choice Chicken and Rice Soup, Canned",,10.5,1.99
172900,"Soup, Healthy Choice Garden Vegetable Soup, Canned",,18.5,2.79
172901,"Campbell'S, Cream of Mushroom Soup, Condensed",,10.5,1.99
172902,"Soup, Tomato Bisque, Canned, Prepared with Equal Volume Milk",,24,6.99
172903,"Soup, Black Bean, Canned, Prepared with Equal Volume Water",,15,2.19
172904,"Soup, Bean with Pork, Canned, Prepared with Equal Volume Water",,16,0.99
172905,"Soup, Bean with Frankfurters, Canned, Prepared with Equal Volume Water",,18.5,2.79
172906,"Soup, Beef Noodle, Canned, Prepared with Equal Volume Water",,15.5,4.49
172907,"Soup, Cream of Celery, Canned, Prepared with Equal Volume Water",,10.5,1.99
172908,"Soup, Chicken Gumbo, Canned, Prepared with Equal Volume Water",,10.5,1.99
172909,"Soup, Chicken Noodle, Canned, Prepared with Equal Volume Water",,10.5,1.99
172910,"Soup, Chicken with Rice, Canned, Prepared with Equal Volume Water",,10.5,1.25
172911,"Soup, Chili Beef, Canned, Prepared with Equal Volume Water",,15,5.99
172912,"Campbell'S Chunky, Old Fashioned Vegetable Beef Soup",,18.8,2.99
172913,"Soup, Minestrone, Canned, Prepared with Equal Volume Water",,16,5.29
172914,"Soup, Mushroom Barley, Canned, Prepared with Equal Volume Water",,18.5,2.79
172915,"Soup, Cream of Mushroom, Canned, Prepared with Equal Volume Water",,26,1.89
172916,"Soup, Pea, Split with Ham, Canned, Prepared with Equal Volume Water",,14.1,3.79
172917,"Soup, Cream of Potato, Canned, Prepared with Equal Volume Water",,32,4.49
172918,"Soup, Cream of Shrimp, Canned, Prepared with Equal Volume Water",,10.5,1.99
172919,"Soup, Tomato Beef with Noodle, Canned, Prepared with Equal Volume Water",12 ct,3,3.99
172920,"Soup, Tomato Rice, Canned, Prepared with Equal Volume Water",,11.1,2.69
172921,"Soup, Vegetable with Beef Broth, Canned, Prepared with Equal Volume Water",,18.8,2.99
172922,"Soup, Beef Broth or Bouillon, Powder, Prepared with Water",,8,7.99
172923,"Soup, Beef Broth, Cubed, Prepared with Water",,32,1.49
172924,"Soup, Chicken Broth or Bouillon, Dry, Prepared with Water",2.0 lb,32,6.79
172925,"Soup, Chicken Noodle, Dry, Mix, Prepared with Water",,10.5,1.99
172926,"Olive Loaf, Pork",,,
172927,"Pastrami, Turkey",1 ct,,7.99
172928,"Pate, Chicken Liver, Canned",,3,0.90
172929,"Pate, Goose Liver, Smoked, Canned",,3,0.90
172930,"Pate, Liver, Not Specified, Canned",,3,0.90
172931,"Luxury Loaf, Pork",,,
172932,"Mother'S Loaf, Pork",,,
172933,"Picnic Loaf, Pork, Beef",,,
172934,"Pork Sausage, Link/Patty, Unprepared",,12,4.59
172935,"Salami, Cooked, Beef",1 lb,16,11.99
172936,"Salami, Cooked, Beef and Pork",1 lb,16,11.99
172937,"Salami, Cooked, Turkey",,,
172938,"Salami, Dry or Hard, Pork",,5,4.99
172939,"Sausage, Smoked Link Sausage, Pork and Beef (Nonfat Dry Milk Added)",,14,5.49
172940,"Thuringer, Cervelat, Summer Sausage, Beef, Pork",,,
172941,"Turkey Breast, Sliced, Prepackaged",1 lb,16,11.99
172942,"Sausage, Vienna, Canned, Chicken, Beef, Pork",,4.6,0.85
172943,"Honey Roll Sausage, Beef",,12,4.49
172944,"Oscar Mayer, Braunschweiger Liver Sausage (Sliced)",,16,3.29
172945,"Oscar Mayer, Chicken Breast (Honey Glazed)",,9,4.99
172946,"Oscar Mayer, Ham (Chopped with Natural Juice)",,,
172947,"Oscar Mayer, Salami (Hard)",,8,7.99
172948,"Sausage, Turkey, Pork, and Beef, Low Fat, Smoked",,13,3.29
172949,"Frankfurter, Beef, Pork, and Turkey, Fat Free",,12,5.99
172950,"Luncheon Meat, Pork, Ham, and Chicken, Minced, Canned, Reduced Sodium, Added Ascorbic Acid, Includes Spam, 25% Less Sodium",,,
172951,"Luncheon Meat, Pork with Ham, Minced, Canned, Includes Spam (Hormel)",,8,4.99
172952,"Sausage, Italian, Sweet, Links",,16,4.29
172953,"Sausage, Polish, Beef with Chicken, Hot",,14,3.99
172954,"Sausage, Polish, Pork and Beef, Smoked",,14,3.99
172955,"Sausage, Pork and Beef, with Cheddar Cheese, Smoked",,12,6.99
172956,"Bratwurst, Beef and Pork, Smoked",,19,6.49
172957,"Bratwurst, Chicken, Cooked",5 ct,12,7.99
172958,"Bratwurst, Pork, Beef and Turkey, Lite, Smoked",,19,6.49
172959,"Pastrami, Beef, 98% Fat-Free",,7,6.99
172960,"Yachtwurst, with Pistachio Nuts, Cooked",,,
172961,"Beerwurst, Pork and Beef",,15,2.49
172962,"Chicken Breast, Fat-Free, Mesquite Flavor, Sliced",,6,4.99
172963,"Chicken Breast, Oven-Roasted, Fat-Free, Sliced",,19.2,14.49
172964,"Frankfurter, Pork",,14,4.99
172965,"Macaroni and Cheese Loaf, Chicken, Pork and Beef",3.5 ounce,,1.38
172966,"Salami, Italian, Pork and Beef, Dry, Sliced, 50% Less Sodium",,2.76,3.99
172967,"Pate, Truffle Flavor",24 ct,5.5,38.99
172968,"Frankfurter, Meat",10 ct,,3.49
172969,"Scrapple, Pork",,12,3.79
172970,"Bologna, Chicken, Turkey, Pork",10 ct,,5.49
172971,"Pork Sausage, Link/Patty, Fully Cooked, Microwaved",,12,4.59
172972,"Cereals, Quaker, Quaker Multigrain Oatmeal, Dry",,24.1,6.99
172973,"Cereals Ready-To-Eat, Chocolate-Flavored Frosted Puffed Corn",,,
172974,"Cereals Ready-To-Eat, Quaker, Toasted Multigrain Crisps",,16,4.49
172975,"Cereals Ready-To-Eat, Quaker, Quaker 100% Natural Granola with Oats, Wheat, Honey, and Raisins",,,
172976,"Cereals Ready-To-Eat, Quaker, Low Fat 100% Natural Granola with Raisins",,16,4.49
172977,"Cereals, Quaker, Instant Grits, Butter Flavor, Dry",,24.1,6.99
172978,"Cereals, Oat Bran, Quaker, Quaker/Mother'S Oat Bran, Prepared with Water, Salt",,18.2,2.79
172979,"Cereals, Quaker, Quaker Multigrain Oatmeal, Prepared with Water, No Salt",,24.1,6.99
172980,"Cereals, Quaker, Quaker Multigrain Oatmeal, Prepared with Water, Salt",,24.1,6.99
172981,"Cereals Ready-To-Eat, Health Valley, Fiber 7 Flakes",,,
172982,"Cereals Ready-To-Eat, Malt-O-Meal, Berry Colossal Crunch",,,
172983,"Cereals Ready-To-Eat, Malt-O-Meal, Crispy Rice",15 ounces,,4.29
172984,"Cereals Ready-To-Eat, Malt-O-Meal, Tootie Fruities",15 ounces,,4.29
172985,"Cereals Ready-To-Eat, Quaker, Mother'S Peanut Butter Bumpers Cereal",,16,4.49
172986,"Cereals Ready-To-Eat, Quaker, Mother'S Toasted Oat Bran Cereal",,,
172987,"Cereals Ready-To-Eat, Quaker, Shredded Wheat, Bagged Cereal",,16,4.49
172988,"Cereals Ready-To-Eat, Sun Country, Kretschmer Wheat Germ, Regular",,,
172989,"Cereals, Quaker, Quick Oats, Dry",,24.1,6.99
172990,"Cereals Ready-To-Eat, Malt-O-Meal, Frosted Flakes",,,
172991,"Cereals, Quaker, Instant Oatmeal, Raisin and Spice, Dry",,24.1,6.99
172992,"Cereals, Quaker, Instant Grits, Redeye Gravy & Country Ham Flavor, Dry",,24.1,6.99
172993,"Cereals, Quaker, Instant Grits Product with American Cheese Flavor, Dry",,24.1,6.99
172994,"Cereals, Quaker, Instant Grits, Ham 'N' Cheese Flavor, Dry",,24.1,6.99
172995,"Cereals Ready-To-Eat, Malt-O-Meal, Honey Graham Squares",15 ounces,,4.29
172996,"Cereals Ready-To-Eat, Malt-O-Meal, Raisin Bran Cereal",,,
172997,"Cereals Ready-To-Eat, Malt-O-Meal, Blueberry Muffin Tops Cereal",15 ounces,,4.29
172998,"Cereals, Malt-O-Meal, Farina Hot Wheat Cereal, Dry",30 ounces,,5.99
172999,"Cereals, Malt-O-Meal, Maple & Brown Sugar Hot Wheat Cereal, Dry",30 ounces,,5.99
173000,"Cereals Ready-To-Eat, Malt-O-Meal, Frosted Mini Spooners",15 ounces,,4.29
173001,"Cereals Ready-To-Eat, Malt-O-Meal, Fruity Dyno-Bites",,,
173002,"Cereals Ready-To-Eat, Ralston Enriched Wheat Bran Flakes",,,
173003,"Cereals Ready-To-Eat, Ralston Corn Biscuits",,5.6,5.49
173004,"Cereals, Malt-O-Meal, Chocolate, Prepared with Water, Without Salt",30 ounces,,5.99
173005,"Cereals Ready-To-Eat, Post Great Grains Cranberry Almond Crunch",,12.25,3.99
173006,Rice and Wheat Cereal Bar,,16,4.49
173007,"Cereals Ready-To-Eat, Quaker, Quaker Honey Graham Life Cereal",,16,4.49
173008,"Cereals, Cream of Wheat, 2 1/2 Minute Cook Time, Cooked with Water, Stove-Top, Without Salt",,18,4.59
173009,"Cereals, Cream of Wheat, 2 1/2 Minute Cook Time, Cooked with Water, Microwaved, Without Salt",,18,4.59
173010,"Cereals, Cream of Wheat, 1 Minute Cook Time, Dry",,18,4.59
173011,"Cereals, Cream of Wheat, 1 Minute Cook Time, Cooked with Water, Stove-Top, Without Salt",,18,4.59
173012,"Cereals, Cream of Wheat, 1 Minute Cook Time, Cooked with Water, Microwaved, Without Salt",,18,4.59
173013,"Cereals Ready-To-Eat, Quaker, Cap'N Crunch'S Oops! All Berries Cereal",,,
173014,"Cereals Ready-To-Eat, Quaker Oatmeal Squares, Golden Maple",,14.5,4.99
173015,"Cereals Ready-To-Eat, Post, Honey Bunches of Oats with Vanilla Bunches",,,
173016,"Cereals, Quaker, Instant Oatmeal, Cinnamon Spice, Reduced Sugar",,24.1,6.99
173017,"Cereals Ready-To-Eat, Nature'S Path, Organic Flax Plus Flakes",,,
173018,"Cereals Ready-To-Eat, Barbara'S Puffins, Original",11 ounces,,4.99
173019,"Cereals Ready-To-Eat, Post, Honey Bunches of Oats, with Real Strawberries",,,
173020,"Cereals Ready-To-Eat, Post Honey Bunches of Oats with Cinnamon Bunches",,,
173021,"Figs, Raw",,,
173022,"Figs, Canned, Water Pack, Solids and Liquids",5 ct,1.5,5.49
173023,"Figs, Canned, Light Syrup Pack, Solids and Liquids",,9,5.99
173024,"Figs, Canned, Heavy Syrup Pack, Solids and Liquids",5 ct,1.5,5.49
173025,"Figs, Canned, Extra Heavy Syrup Pack, Solids and Liquids",5 ct,1.5,5.49
173026,"Fruit Cocktail, (Peach and Pineapple and Pear and Grape and Cherry), Canned, Extra Light Syrup, Solids and Liquids",,,
173027,"Fruit Cocktail, (Peach and Pineapple and Pear and Grape and Cherry), Canned, Light Syrup, Solids and Liquids",,,
173028,"Fruit Cocktail, (Peach and Pineapple and Pear and Grape and Cherry), Canned, Heavy Syrup, Solids and Liquids",,,
173029,"Fruit Cocktail, (Peach and Pineapple and Pear and Grape and Cherry), Canned, Extra Heavy Syrup, Solids and Liquids",,,
173030,"Gooseberries, Raw",,6,
173031,"Gooseberries, Canned, Light Syrup Pack, Solids and Liquids",each,,2.99
173032,"Goji Berries, Dried",,3.5,5.49
173033,"Grapefruit, Raw, Pink and Red and White, All Areas",1 each,,1.50
173034,"Grapefruit, Raw, White, Florida",1 each,,1.50
173035,"Grapefruit, Sections, Canned, Water Pack, Solids and Liquids",,15,2.69
173036,"Grapefruit, Sections, Canned, Juice Pack, Solids and Liquids",,15,2.69
173037,"Grapefruit, Sections, Canned, Light Syrup Pack, Solids and Liquids",,15,2.69
173038,"Grapefruit Juice, Pink or Red, with Added Calcium",1 each,,2.50
173039,"Grapefruit Juice, White, Raw",,32,5.99
173040,"Grapes, Muscadine, Raw",1 lb,16,2.99
173041,"Grape Juice, Canned or Bottled, Unsweetened, with Added Ascorbic Acid",,16,1.89
173042,"Grape Juice, Canned or Bottled, Unsweetened, Without Added Ascorbic Acid",,16,1.89
173043,"Groundcherries, (Cape-Gooseberries or Poha), Raw",,,
173044,"Guavas, Common, Raw",,,
173045,"Guavas, Strawberry, Raw",,12,3.99
173046,"Beef, Top Loin Petite Roast, Boneless, Separable Lean Only, Trimmed To 1/8"" Fat, All Grades, Cooked, Roasted",1 lb,16,11.99
173047,"Beef, Top Loin Petite Roast, Boneless, Separable Lean Only, Trimmed To 1/8"" Fat, Choice, Cooked, Roasted",1 lb,16,11.99
173048,"Beef, Top Loin Petite Roast, Boneless, Separable Lean Only, Trimmed To 1/8"" Fat, Select, Cooked, Roasted",1 lb,16,11.99
173049,"Beef, Top Loin Petite Roast/Filet, Boneless, Separable Lean Only, Trimmed To 1/8"" Fat, All Grades, Raw",1 lb,16,15.99
173050,"Beef, Loin, Top Sirloin Filet, Boneless, Separable Lean Only, Trimmed To 0"" Fat, Select, Cooked, Grilled",,23,9.99
173051,"Beef, Loin, Top Sirloin Petite Roast, Boneless, Separable Lean Only, Trimmed To 0"" Fat, All Grades, Cooked, Roasted",,23,9.99
173052,"Beef, Loin, Top Sirloin Petite Roast, Boneless, Separable Lean Only, Trimmed To 0"" Fat, Select, Cooked, Roasted",,23,9.99
173053,"Beef, Loin, Top Sirloin Petite Roast/Filet, Boneless, Separable Lean Only, Trimmed To 0"" Fat, All Grades, Raw",,23,9.99
173054,"Beef, Ribeye Cap Steak, Boneless, Separable Lean Only, Trimmed To 0"" Fat, All Grades, Cooked, Grilled",1 lb,16,21.99
173055,"Beef, Ribeye Cap Steak, Boneless, Separable Lean Only, Trimmed To 0"" Fat, Choice, Cooked, Grilled",1 lb,16,21.99
173056,"Beef, Ribeye Cap Steak, Boneless, Separable Lean Only, Trimmed To 0"" Fat, Select, Cooked, Grilled",1 lb,16,21.99
173057,"Beef, Ribeye Cap Steak, Boneless, Separable Lean Only, Trimmed To 0"" Fat, All Grades, Raw",1 lb,16,21.99
173058,"Beef, Ribeye Petite Roast, Boneless, Separable Lean Only, Trimmed To 0"" Fat, All Grades, Cooked, Roasted",1 lb,16,12.99
173059,"Beef, Ribeye Petite Roast, Boneless, Separable Lean Only, Trimmed To 0"" Fat, Choice, Cooked, Roasted",1 lb,16,12.99
173060,"Beef, Ribeye Petite Roast, Boneless, Separable Lean Only, Trimmed To 0"" Fat, Select, Cooked, Roasted",1 lb,16,12.99
173061,"Beef, Loin, Top Sirloin Cap Steak, Boneless, Separable Lean and Fat, Trimmed To 1/8"" Fat, All Grades, Cooked, Grilled",,23,9.99
173062,"Beef, Loin, Top Sirloin Cap Steak, Boneless, Separable Lean and Fat, Trimmed To 1/8"" Fat, Select, Raw",,23,9.99
173063,"Beef, Top Loin Filet, Boneless, Separable Lean and Fat, Trimmed To 1/8"" Fat, All Grades, Cooked, Grilled",,,
173064,"Beef, Top Loin Filet, Boneless, Separable Lean and Fat, Trimmed To 1/8"" Fat, Choice, Cooked, Grilled",1.7 lb,27.2,7.00
173065,"Beef, Top Loin Filet, Boneless, Separable Lean and Fat, Trimmed To 1/8"" Fat, Select, Cooked, Grilled",,,
173066,"Beef, Top Loin Petite Roast/Filet, Boneless, Separable Lean and Fat, Trimmed To 1/8"" Fat, Choice, Raw",1 lb,16,15.99
173067,"Beef, Top Loin Petite Roast/Filet, Boneless, Separable Lean and Fat, Trimmed To 1/8"" Fat, Select, Raw",1 lb,16,15.99
173068,"Beef, Australian, Imported, Grass-Fed, Ground, 85% Lean / 15% Fat, Raw",750 ml,,8.99
173069,"Beef, Loin, Top Loin Steak, Boneless, Lip-On, Separable Lean Only, Trimmed To 1/8"" Fat, Choice, Cooked, Grilled",,23,9.99
173070,"Beef, Loin, Top Loin Steak, Boneless, Lip-On, Separable Lean Only, Trimmed To 1/8"" Fat, Select, Cooked, Grilled",,23,9.99
173071,"Beef, Loin, Top Loin Steak, Boneless, Lip-On, Separable Lean Only, Trimmed To 1/8"" Fat, All Grades, Cooked, Grilled",,23,9.99
173072,"Beef, Loin, Top Loin Steak, Boneless, Lip-On, Separable Lean and Fat, Trimmed To 1/8"" Fat, Choice, Raw",,23,9.99
173073,"Beef, New Zealand, Imported, Brisket Point End, Separable Lean Only, Cooked, Braised",750 ml,,15.99
173074,"Beef, New Zealand, Imported, Brisket Point End, Separable Lean Only, Raw",750 ml,,15.99
173075,"Beef, New Zealand, Imported, Chuck Eye Roll, Separable Lean Only, Raw",750 ml,,15.99
173076,"Beef, New Zealand, Imported, Chuck Eye Roll, Separable Lean Only, Cooked, Braised",750 ml,,15.99
173077,"Beef, New Zealand, Imported, Flank, Separable Lean Only, Cooked, Braised",750 ml,,15.99
173078,"Beef, New Zealand, Imported, Flank, Separable Lean Only, Raw",750 ml,,15.99
173079,"Beef, New Zealand, Imported, Flat, Separable Lean Only, Cooked, Braised",750 ml,,15.99
173080,"Beef, New Zealand, Imported, Flat, Separable Lean Only, Raw",750 ml,,15.99
173081,"Beef, New Zealand, Imported, Variety Meats and By-Products, Heart, Cooked, Boiled",750 ml,,15.99
173082,"Beef, New Zealand, Imported, Intermuscular Fat, Cooked",750 ml,,15.99
173083,"Beef, New Zealand, Imported, Intermuscular Fat, Raw",750 ml,,15.99
173084,"Beef, New Zealand, Imported, Variety Meats and By-Products, Kidney, Cooked, Boiled",750 ml,,15.99
173085,"Beef, New Zealand, Imported, Knuckle, Cooked, Fast Fried",750 ml,,15.99
173086,"Beef, New Zealand, Imported, Manufacturing Beef, Raw",,,
173087,"Beef, New Zealand, Imported, Oyster Blade, Separable Lean Only, Cooked, Braised",750 ml,,15.99
173088,"Beef, New Zealand, Imported, Oyster Blade, Separable Lean Only, Raw",750 ml,,15.99
173089,"Beef, New Zealand, Imported, Ribs Prepared, Cooked, Fast Roasted",,,
173090,"Beef, New Zealand, Imported, Subcutaneous Fat, Cooked",750 ml,,15.99
173091,"Beef, New Zealand, Imported, Subcutaneous Fat, Raw",,,
173092,"Beef, New Zealand, Imported, Sweetbread, Cooked, Boiled",750 ml,,15.99
173093,"Beef, New Zealand, Imported, Sweetbread, Raw",750 ml,,15.99
173094,"Beef, New Zealand, Imported, Tenderloin, Separable Lean Only, Cooked, Fast Fried",750 ml,,15.99
173095,"Beef, New Zealand, Imported, Variety Meats and By-Products, Tripe Cooked, Boiled",750 ml,,15.99
173096,"Beef, New Zealand, Imported, Variety Meats and By-Products, Tripe Uncooked, Raw",750 ml,,15.99
173097,"Beef, New Zealand, Imported, Bolar Blade, Separable Lean and Fat, Cooked, Fast Roasted",750 ml,,15.99
173098,"Beef, New Zealand, Imported, Bolar Blade, Separable Lean and Fat, Raw",,,
173099,"Beef, New Zealand, Imported, Chuck Eye Roll, Separable Lean and Fat, Cooked, Braised",750 ml,,15.99
173100,"Beef, New Zealand, Imported, Chuck Eye Roll, Separable Lean and Fat, Raw",750 ml,,15.99
173101,"Beef, New Zealand, Imported, Cube Roll, Separable Lean and Fat, Cooked, Fast Roasted",750 ml,,15.99
173102,"Beef, New Zealand, Imported, Cube Roll, Separable Lean and Fat, Raw",,,
173103,"Beef, New Zealand, Imported, Flat, Separable Lean and Fat, Raw",750 ml,,15.99
173104,"Beef, New Zealand, Imported, Hind Shin, Separable Lean and Fat, Cooked, Braised",750 ml,,15.99
173105,"Beef, New Zealand, Imported, Hind Shin, Separable Lean and Fat, Raw",750 ml,,15.99
173106,"Beef, New Zealand, Imported, Oyster Blade, Separable Lean and Fat, Cooked, Braised",750 ml,,15.99
173107,"Beef, New Zealand, Imported, Striploin, Separable Lean and Fat, Raw",,,
173108,"Beef, New Zealand, Imported, Tenderloin, Separable Lean and Fat, Cooked, Fast Fried",750 ml,,15.99
173109,"Beef, New Zealand, Imported, Tenderloin, Separable Lean and Fat, Raw",750 ml,,15.99
173110,"Beef, Ground, 93% Lean Meat / 7% Fat, Raw",1 lb,16,9.49
173111,"Beef, Ground, 97% Lean Meat / 3% Fat, Raw",1 lb,16,9.49
173112,"Beef, Ground, 97% Lean Meat / 3% Fat, Patty, Cooked, Broiled",1 lb,16,9.49
173113,"Beef, Ground, 97% Lean Meat /3% Fat, Patty, Cooked, Pan-Broiled",1 lb,16,9.49
173114,"Beef, Ground, 97% Lean Meat / 3% Fat, Loaf, Cooked, Baked",1 lb,16,9.49
173115,"Beef, Round, Bottom Round, Steak, Separable Lean Only, Trimmed To 1/8"" Fat, Choice, Cooked, Braised",1 lb,16,11.99
173116,"Beef, Short Loin, Top Loin, Steak, Separable Lean Only, Trimmed To 1/8"" Fat, Choice, Raw",1 lb,16,11.99
173117,"Beef, Tenderloin, Steak, Separable Lean Only, Trimmed To 1/8"" Fat, Choice, Cooked, Broiled",,6,7.00
173118,"Beef, Top Sirloin, Steak, Separable Lean Only, Trimmed To 1/8"" Fat, Choice, Cooked, Broiled",,8,9.99
173119,"Beef, Short Loin, Top Loin, Steak, Separable Lean Only, Trimmed To 1/8"" Fat, Choice, Cooked, Broiled",1 lb,16,11.99
173120,"Beef, Round, Eye of Round, Roast, Separable Lean Only, Trimmed To 1/8"" Fat, Select, Raw",1 lb,16,11.99
173121,"Beef, Round, Top Round, Steak, Separable Lean Only, Trimmed To 1/8"" Fat, Select, Raw",1 lb,16,11.99
173122,"Beef, Round, Bottom Round, Roast, Separable Lean Only, Trimmed To 1/8"" Fat, Select, Raw",1 lb,16,11.99
173123,"Beef, Rib, Small End (Ribs 10-12), Separable Lean Only, Trimmed To 1/8"" Fat, All Grades, Cooked, Broiled",1 lb,16,8.99
173124,"Beef, Bottom Sirloin, Tri-Tip Roast, Separable Lean Only, Trimmed To 0"" Fat, Select, Raw",,,
173125,"Beef, Round, Tip Round, Roast, Separable Lean Only, Trimmed To 0"" Fat, All Grades, Raw",1 lb,16,11.99
173126,"Beef, Round, Tip Round, Roast, Separable Lean Only, Trimmed To 0"" Fat, Choice, Raw",1 lb,16,11.99
173127,"Beef, Round, Tip Round, Roast, Separable Lean Only, Trimmed To 0"" Fat, Select, Raw",1 lb,16,11.99
173128,"Beef, Brisket, Flat Half, Separable Lean and Fat, Trimmed To 1/8"" Fat, Choice, Raw",1 lb,16,6.99
173129,"Beef, Brisket, Flat Half, Separable Lean and Fat, Trimmed To 1/8"" Fat, Select, Raw",1 lb,16,6.99
173130,"Beef, Brisket, Flat Half, Separable Lean and Fat, Trimmed To 1/8"" Fat, Choice, Cooked, Braised",1 lb,16,6.99
173131,"Snacks, Popcorn, Microwave, 94% Fat Free",18 ct,,14.49
173132,"Formulated Bar, Mars Snackfood Us, Snickers Marathon Double Chocolate Nut Bar",,,
173133,"Snacks, M&M Mars, Kudos Whole Grain Bars, Peanut Butter",55 ct,30.94,17.99
173134,"Formulated Bar, Mars Snackfood Us, Snickers Marathon Honey Nut Oat Bar",,,
173135,"Snacks, M&M Mars, Kudos Whole Grain Bar, M&M'S Milk Chocolate",55 ct,30.94,17.99
173136,"Formulated Bar, Mars Snackfood Us, Snickers Marathon Energy Bar, All Flavors",,,
173137,"Formulated Bar, Power Bar, Chocolate",,,
173138,"Formulated Bar, Mars Snackfood Us, Cocoavia, Chocolate Blueberry Snack Bar",,,
173139,"Formulated Bar, Slim-Fast Optima Meal Bar, Milk Chocolate Peanut",,,
173140,"Snacks, Soy Chips or Crisps, Salted",,,
173141,"Popcorn, Microwave, Regular (Butter) Flavor, Made with Palm Oil",,19.74,5.29
173142,"Snacks, Plantain Chips, Salted",,2.5,1.29
173143,"Tortilla Chips, Yellow, Plain, Salted",,9,3.79
173144,"Snacks, Granola Bar, Kashi Golean, Crunchy, Mixed Flavors",6 ct,1.2,3.49
173145,"Snacks, Granola Bar, Chewy, Reduced Sugar, All Flavors",6 ct,1.2,3.49
173146,"Snacks, Granola Bites, Mixed Flavors",5 ct,0.85,4.49
173147,"Snacks, Pita Chips, Salted",,7.33,4.99
173148,"Snacks, Granola Bars, Soft, Almond, Confectioners Coating",6 ct,1.2,3.49
173149,"Formulated Bar, High Fiber, Chewy, Oats and Chocolate",5 ct,,2.59
173150,"Snacks, Bagel Chips, Plain",,7,4.99
173151,"Snacks, Nutri-Grain Fruit and Nut Bar",4 ct,,3.99
173152,"Snacks, Yucca (Cassava) Chips, Salted",,5,4.19
173153,"Snacks, Granola Bar, General Mills, Nature Valley, Chewy Trail Mix",6 ct,1.2,3.49
173154,"Snacks, Granola Bar, Quaker, Dipps, All Flavors",6 ct,1.2,3.49
173155,"Snacks, Brown Rice Chips",,,
173156,"Snack, Pretzel, Hard Chocolate Coated",20 ct,0.92,11.99
173157,"Snacks, Peas, Roasted, Wasabi-Flavored",,3,2.69
173158,"Formulated Bar, South Beach Protein Bar",5 ct,,6.99
173159,"Snack, Balance, Original Bar",3 pk,1.5,4.49
173160,"Snacks, Shrimp Cracker",,2.5,3.99
173161,Rice Crackers,,4,4.49
173162,"Beverages, Monster Energy Drink, Low Carb",,16,3.29
173163,"Beverages, Whiskey Sour Mix, Powder",,12,4.99
173164,"Alcoholic Beverage, Whiskey Sour, Prepared with Water, Whiskey and Powder Mix",,12,4.99
173165,"Beverages, the Coca-Cola Company, Nos Energy Drink, Original, Grape, Loaded Cherry, Charged Citrus, Fortified with Vitamins B6 and B12",24 pk,12,15.99
173166,"Beverages, Water, Bottled, Yumberry, Pomegranate with Anti-Oxidants, Zero Calories",1 liter,,1.00
173167,"Beverages, Abbott, Eas Whey Protein Powder",8 pk,6,4.49
173168,"Alcoholic Beverage, Creme De Menthe, 72 Proof",28 pc,4.67,3.79
173169,"Beverages, Nestle, Boost Plus, Nutritional Drink, Ready-To-Drink",,28.2,20.99
173170,"Beverages, Slimfast, Meal Replacement, High Protein Shake, Ready-To-Drink, 3-2-1 Plan",4 pk,11,9.99
173171,"Beverages, Unilever, Slimfast, Meal Replacement, Regular, Ready-To-Drink, 3-2-1 Plan",,18,8.49
173172,"Beverages, Unilever, Slimfast Shake Mix, Powder, 3-2-1 Plan",,18,8.49
173173,"Beverages, Fuze, Orange Mango, Fortified with Vitamins A, C, E, B6",,16,2.99
173174,"Beverages, Unilever, Slimfast Shake Mix, High Protein, Whey Powder, 3-2-1 Plan",,18,8.49
173175,"Beverages, Acai Berry Drink, Fortified",3.24 fo,,6.99
173176,"Alcoholic Beverage, Wine, Dessert, Sweet",,16.9,3.99
173177,"Beverages, Whey Protein Powder Isolate",,24,29.99
173178,"Beverages, Orange Juice, Light, No Pulp",,46,4.79
173179,"Beverages, the Coca-Cola Company, Hi-C Flashin' Fruit Punch",,,
173180,"Beverages, Protein Powder Whey Based",,27.8,23.99
173181,"Beverages, Protein Powder Soy Based",,18.6,23.99
173182,"Beverages, Rich Chocolate, Powder",,18,9.49
173183,"Beverages, Gerolsteiner Brunnen Gmbh & Co. Kg (Gerolsteiner), Naturally Sparkling, Mineral Bottled Water",,,
173184,"Beverages, Chocolate Malt, Powder, Prepared with Fat Free Milk",,12,6.99
173185,"Alcoholic Beverage, Wine, Table, All",,16.9,3.99
173186,"Beverages, V8 Splash Smoothies, Peach Mango",,64,2.49
173187,"Beverages, Chocolate Almond Milk, Unsweetened, Shelf-Stable, Fortified with Vitamin D2 and E",,32,2.29
173188,"Beverages, the Coca-Cola Company, Glaceau Vitamin Water, Revive Fruit Punch, Fortified",24 pk,12,15.99
173189,"Beverages, Minute Maid, Lemonada, Limeade",,59,2.29
173190,"Alcoholic Beverage, Wine, Table, Red",,16.9,3.99
173191,"Alcoholic Beverage, Wine, Table, Red, Barbera",,16.9,3.99
173192,"Alcoholic Beverage, Wine, Table, Red, Zinfandel",,16.9,3.99
173193,"Alcoholic Beverage, Wine, Table, Red, Petite Sirah",,16.9,3.99
173194,"Alcoholic Beverage, Wine, Table, Red, Claret",,16.9,3.99
173195,"Alcoholic Beverage, Wine, Table, White, Chenin Blanc",,16.9,3.99
173196,"Alcoholic Beverage, Wine, Table, White, Fume Blanc",,16.9,3.99
173197,"Beverages, Mixed Vegetable and Fruit Juice Drink, with Added Nutrients",12 fo,,1.99
173198,"Alcoholic Beverage, Wine, Table, White, Muller Thurgau",,16.9,3.99
173199,"Carbonated Beverage, Cream Soda",,12,2.49
173200,"Alcoholic Beverage, Wine, Table, White, Riesling",,16.9,3.99
173201,"Alcoholic Beverage, Wine, Table, White, Sauvignon Blanc",,16.9,3.99
173202,"Alcoholic Beverage, Wine, Table, White, Late Harvest",,16.9,3.99
173203,"Beverages, Carbonated, Grape Soda",,16.9,3.29
173204,"Beverages, Carbonated, Low Calorie, Other Than Cola or Pepper, Without Caffeine",,16.9,3.29
173205,"Beverages, Carbonated, Lemon-Lime Soda, No Caffeine",,16.9,3.29
173206,"Beverages, Carbonated, Sprite, Lemon-Lime, Without Caffeine",,16.9,3.29
173207,"Beverages, Carbonated, Low Calorie, Other Than Cola or Pepper, with Aspartame, Contains Caffeine",,16.9,3.29
173208,"Alcoholic Beverage, Wine, Table, Red, Burgundy",,16.9,3.99
173209,"Beverages, Carbonated, Pepper-Type, Contains Caffeine",,16.9,3.29
173210,"Beverages, Energy Drink, Red Bull",,15.5,2.99
173211,"Beverages, Tea, Black, Ready To Drink, Decaffeinated, Diet",18 ct,,6.99
173212,"Beverages, Tea, Black, Ready To Drink, Decaffeinated",18 ct,,6.99
173213,"Beverages, Grape Juice Drink, Canned",,64,3.79
173214,"Beverages, Cranberry Juice Cocktail",,64,2.99
173215,"Beverages, Snapple, Tea, Black and Green, Ready To Drink, Peach, Diet",,16,1.79
173216,"Lemonade, Frozen Concentrate, White",,12,1.99
173217,"Lemonade, Frozen Concentrate, White, Prepared with Water",,12,1.99
173218,"Beverages, Snapple, Tea, Black and Green, Ready To Drink, Lemon, Diet",,16,1.79
173219,"Beverages, Malted Drink Mix, Natural, with Added Nutrients, Powder, Prepared with Whole Milk",4 cans,16.9,12.99
173220,"Beverages, Malted Drink Mix, Natural, Powder, Dairy Based",4 cans,16.9,12.99
173221,"Beverages, Malted Drink Mix, Natural, Powder, Prepared with Whole Milk",4 cans,16.9,12.99
173222,"Beverages, Ovaltine, Chocolate Malt Powder",,12,6.99
173223,"Beverages, Orange and Apricot Juice Drink, Canned",,,
173224,"Beverages, Pineapple and Grapefruit Juice Drink, Canned",,,
173225,"Beverages, Pineapple and Orange Juice Drink, Canned",,15.2,3.79
173226,"Shake, Fast Food, Vanilla",,15.2,3.79
173227,"Beverages, Tea, Black, Brewed, Prepared with Tap Water",18 ct,,6.99
173228,"Beverages, Tea, Instant, Decaffeinated, Lemon, Diet",18 ct,,6.99
173229,"Beverages, Tea, Instant, Decaffeinated, Lemon, Sweetened",18 ct,,6.99
173230,"Beverages, Tea, Instant, Unsweetened, Powder",18 ct,,6.99
173231,"Beverages, Tea, Instant, Lemon, Diet",18 ct,,6.99
173232,"Beverages, Tea, Herb, Other Than Chamomile, Brewed",18 ct,,6.99
173233,"Beverages, Water, Bottled, Perrier",1 liter,,1.00
173234,"Beverages, Water, Bottled, Poland Spring",1 liter,,1.00
173235,"Beverages, Orange-Flavor Drink, Breakfast Type, Powder",,16.9,2.29
173236,"Beverages, Orange-Flavor Drink, Breakfast Type, Powder, Prepared with Water",,16.9,2.29
173237,"Beverages, Orange-Flavor Drink, Breakfast Type, Low Calorie, Powder",,16.9,2.29
173238,"English Muffins, Plain, Unenriched, Without Calcium Propionate (Includes Sourdough)",6 ct,13,3.99
173239,"Pie, Apple, Commercially Prepared, Unenriched Flour",,4,1.25
173240,"Pie, Fried Pies, Cherry",,,
173241,"Tortillas, Ready-To-Bake or -Fry, Corn, Without Added Salt",,,
173242,"Tortillas, Ready-To-Bake or -Fry, Flour, Without Added Calcium",,6.25,4.99
173243,"Cake, Pound, Commercially Prepared, Fat-Free",,30,7.99
173244,"Cake, Yellow, Light, Dry Mix",,7.5,3.50
173245,"Archway Home Style Cookies, Coconut Macaroon",,9,4.79
173246,"Archway Home Style Cookies, Date Filled Oatmeal",,9,4.79
173247,"Archway Home Style Cookies, Dutch Cocoa",,9,4.79
173248,"Archway Home Style Cookies, Frosty Lemon",,9.25,4.79
173249,"Archway Home Style Cookies, Iced Molasses",,9,4.79
173250,"Archway Home Style Cookies, Old Fashioned Molasses",,9,4.79
173251,"Archway Home Style Cookies, Old Fashioned Windmill Cookies",,9,4.79
173252,"Archway Home Style Cookies, Peanut Butter",,,
173253,"Archway Home Style Cookies, Raspberry Filled",,6,5.79
173254,"George Weston Bakeries, Brownberry Sage and Onion Stuffing Mix, Dry",,,
173255,"Keebler, Keebler Chocolate Graham Selects",,,
173256,"Continental Mills, Krusteaz Almond Poppyseed Muffin Mix, Artificially Flavored, Dry",,,
173257,"Mckee Baking, Little Debbie Nutty Bars, Wafers with Peanut Butter, Chocolate Covered",24 ct,1,5.49
173258,"Nabisco, Nabisco Ritz Crackers",,13.7,4.69
173259,"Pillsbury, Buttermilk Biscuits, Artificial Flavor, Refrigerated Dough",20 ct,2.08,6.49
173260,"Pillsbury, Chocolate Chip Cookies, Refrigerated Dough",10 ct,1,5.99
173261,"Pillsbury, Crusty French Loaf, Refrigerated Dough",,11,3.99
173262,"Sorghum Flour, Refined, Unenriched",1 ct,,16.99
173263,"Rice, Brown, Parboiled, Cooked, Uncle Bens",,14,1.79
173264,"Pasta, Gluten-Free, Rice Flour and Rice Bran Extract, Cooked, De Boles",,12,2.99
173265,"Pasta, Gluten-Free, Corn and Rice Flour, Cooked",,12,2.99
173266,"Fast Foods, Biscuit, with Egg and Bacon",,24,2.69
173267,"Fast Foods, Biscuit, with Egg and Ham",,24,2.69
173268,"Fast Foods, Biscuit, with Crispy Chicken Fillet",,24,2.69
173269,"Fast Foods, Croissant, with Egg, Cheese, and Bacon",,,
173270,"Fast Foods, Croissant, with Egg, Cheese, and Ham",,24,2.69
173271,"Fast Foods, Croissant, with Egg, Cheese, and Sausage",,24,2.69
173272,"Fast Foods, Egg, Scrambled",,,
173273,"Fast Foods, Potatoes, Hash Browns, Round Pieces or Patty",4 lb,64,8.99
173274,"Fast Foods, Vanilla, Light, Soft-Serve Ice Cream, with Cone",,,
173275,"Fast Foods, Sundae, Caramel",,,
173276,"Fast Foods, Sundae, Hot Fudge",,,
173277,"Fast Foods, Burrito, with Beans and Beef",,,
173278,"Fast Foods, Burrito, with Beans, Cheese, and Beef",,9,5.29
173279,"Pizza Hut 12"" Pepperoni Pizza, Hand-Tossed Crust",,,
173280,"Pizza Hut 12"" Pepperoni Pizza, Pan Crust",,22.2,6.99
173281,"Pizza Hut 12"" Super Supreme Pizza, Hand-Tossed Crust",,28.4,9.49
173282,"Domino'S 14"" Cheese Pizza, Classic Hand-Tossed Crust",,28.4,9.49
173283,"Domino'S 14"" Cheese Pizza, Ultimate Deep Dish Crust",,26,8.49
173284,"Papa John'S 14"" Cheese Pizza, Original Crust",,,
173285,"Papa John'S 14"" Pepperoni Pizza, Original Crust",,7.2,1.25
173286,"Papa John'S 14"" the Works Pizza, Original Crust",,,
173287,"Papa John'S 14"" Cheese Pizza, Thin Crust",,,
173288,"Little Caesars 14"" Pepperoni Pizza, Large Deep Dish Crust",,,
173289,"Little Caesars 14"" Cheese Pizza, Thin Crust",,,
173290,"Pizza Hut 14"" Cheese Pizza, Hand-Tossed Crust",,28.4,9.49
173291,"Pizza Hut 14"" Cheese Pizza, Pan Crust",,17.7,6.99
173292,"Fast Food, Pizza Chain, 14"" Pizza, Cheese Topping, Regular Crust",,,
173293,"Fast Food, Pizza Chain, 14"" Pizza, Cheese Topping, Thick Crust",,,
173294,"Fast Food, Pizza Chain, 14"" Pizza, Cheese Topping, Thin Crust",,,
173295,"Fast Food, Pizza Chain, 14"" Pizza, Pepperoni Topping, Regular Crust",,,
173296,"Fast Food, Pizza Chain, 14"" Pizza, Pepperoni Topping, Thick Crust",,,
173297,"Mcdonald'S, Chicken Mcnuggets",,,
173298,"Mcdonald'S, Hash Brown",,,
173299,"Mcdonald'S, Hotcakes (Plain)",,,
173300,"Mcdonald'S, Bacon, Egg & Cheese Mcgriddles",,,
173301,"Mcdonald'S, Hot Caramel Sundae",8 ct,,6.49
173302,"Mcdonald'S, Hot Fudge Sundae",12 ct,,4.29
173303,"Mcdonald'S, Mcflurry with M&M'S Candies",,,
173304,"Mcdonald'S, Mcflurry with Oreo Cookies",,,
173305,"Mcdonald'S, Mcchicken Sandwich",,,
173306,"Mcdonald'S, Mcchicken Sandwich (Without Mayonnaise)",,,
173307,"Mcdonald'S, Egg Mcmuffin",$0.10 removed at pickup,,0.10
173308,"Mcdonald'S, Sausage Mcmuffin",$0.10 removed at pickup,,0.10
173309,"Mcdonald'S, Deluxe Breakfast, with Syrup and Margarine",$0.10 removed at pickup,,0.10
173310,"Mcdonald'S, Hotcakes and Sausage",,,
173311,"Mcdonald'S, Hotcakes (With 2 Pats Margarine & Syrup)",,,
173312,"Mcdonald'S, Bacon Ranch Salad with Grilled Chicken",,11,7.99
173313,"Mcdonald'S, Fruit 'N Yogurt Parfait (Without Granola)",,,
173314,"Mcdonald'S, Filet-O-Fish (Without Tartar Sauce)",,,
173315,"Burger King, Croissan'Wich with Sausage, Egg and Cheese",,,
173316,"Burger King, Croissan'Wich with Sausage and Cheese",2 ct,9.1,6.99
173317,"Fast Foods, Hamburger; Single, Large Patty; with Condiments, Vegetables and Mayonnaise",,24,2.69
173318,"Fast Foods, Hamburger; Single, Regular Patty; Double Decker Bun with Condiments and Special Sauce",,24,2.69
173319,"Fast Foods, Cheeseburger; Double, Regular Patty; with Condiments",,6.6,1.99
173320,"Fast Foods, Cheeseburger; Double, Large Patty; with Condiments",,6.6,1.99
173321,"Fast Foods, Chicken Tenders",6 lb,96,20.99
173322,"Fast Foods, Bagel, with Egg, Sausage Patty, Cheese, and Condiments",4 lb,64,8.99
173323,"Fast Foods, Bagel, with Breakfast Steak, Egg, Cheese, and Condiments",4 lb,64,8.99
173324,"Light Ice Cream, Soft Serve, Blended with Milk Chocolate Candies",,,
173325,"Macaroni and Cheese, Canned Entree",,28,10.99
173326,"Hot Pockets, Croissant Pockets Chicken, Broccoli, and Cheddar Stuffed Sandwich, Frozen",,,
173327,"Hot Pockets Ham 'N Cheese Stuffed Sandwich, Frozen",4 ct,17,5.49
173328,"Ravioli, Cheese-Filled, Canned",,19,4.79
173329,"Ravioli, Meat-Filled, with Tomato Sauce or Meat Sauce, Canned",,19,4.79
173330,"Beef Stew, Canned Entree",,15,3.29
173331,"Chicken Pot Pie, Frozen Entree, Prepared",,9.6,3.59
173332,"Beef, Corned Beef Hash, with Potato, Canned",,14,4.29
173333,"Lasagna, Cheese, Frozen, Prepared",2 lb 6 oz,,9.99
173334,"Lasagna with Meat & Sauce, Frozen Entree",,90,17.99
173335,"Burrito, Beef and Bean, Frozen",8 ct,32,5.49
173336,"Burrito, Bean and Cheese, Frozen",,5,2.49
173337,"Macaroni and Cheese, Canned, Microwavable",,15,1.25
173338,"Turkey, Stuffing, Mashed Potatoes W/Gravy, Assorted Vegetables, Frozen, Microwaved",,12,3.99
173339,"Rice Bowl with Chicken, Frozen Entree, Prepared (Includes Fried, Teriyaki, and Sweet and Sour Varieties)",,22,8.99
173340,"Macaroni and Cheese Dinner with Dry Sauce Mix, Boxed, Uncooked",,,
173341,"Macaroni and Cheese, Dry Mix, Prepared with 2% Milk and 80% Stick Margarine From Dry Mix",,,
173342,"Macaroni and Cheese, Frozen Entree",,18,13.99
173343,Potato Salad with Egg,1 lb,16,5.49
173344,Pulled Pork in Barbecue Sauce,,16,8.49
173345,"Corn Dogs, Frozen, Prepared",40 ct,,8.49
173346,"Chicken Tenders, Breaded, Frozen, Prepared",,29,6.29
173347,"Rice-A-Roni, Chicken Flavor, Unprepared",4 ct,1.97,5.99
173348,"Rice and Vermicelli Mix, Chicken Flavor, Prepared with 80% Margarine",,6.9,1.67
173349,"Beef, Shoulder Pot Roast or Steak, Boneless, Separable Lean and Fat, Trimmed To 0"" Fat, All Grades, Raw",1 lb,16,11.99
173350,"Beef, Short Loin, Porterhouse Steak, Separable Lean and Fat, Trimmed To 1/8"" Fat, All Grades, Raw",1 lb,16,11.99
173351,"Beef, Short Loin, T-Bone Steak, Separable Lean and Fat, Trimmed To 1/8"" Fat, All Grades, Cooked, Grilled",1 lb,16,11.99
173352,"Beef, Short Loin, T-Bone Steak, Separable Lean and Fat, Trimmed To 1/8"" Fat, Select, Raw",1 lb,16,11.99
173353,"Beef, Short Loin, T-Bone Steak, Separable Lean and Fat, Trimmed To 1/8"" Fat, Select, Cooked, Grilled",1 lb,16,11.99
173354,"Beef, Round, Knuckle, Tip Side, Steak, Separable Lean and Fat, Trimmed To 0"" Fat, Choice, Raw",1 lb,16,11.99
173355,"Beef, Chuck, Shoulder Clod, Shoulder Tender, Medallion, Separable Lean and Fat, Trimmed To 0"" Fat, Choice, Cooked, Grilled",1 lb,16,12.99
173356,"Beef, Chuck, Shoulder Clod, Shoulder Tender, Medallion, Separable Lean and Fat, Trimmed To 0"" Fat, Select, Raw",1 lb,16,12.99
173357,"Beef, Chuck, Shoulder Clod, Shoulder Top and Center Steaks, Separable Lean and Fat, Trimmed To 0"" Fat, Choice, Raw",1 lb,16,12.99
173358,"Beef, Chuck, Shoulder Clod, Shoulder Top and Center Steaks, Separable Lean and Fat, Trimmed To 0"" Fat, Choice, Cooked, Grilled",1 lb,16,12.99
173359,"Beef, Chuck, Shoulder Clod, Top Blade, Steak, Separable Lean and Fat, Trimmed To 0"" Fat, Select, Raw",1 lb,16,12.99
173360,"Beef, Chuck, Shoulder Clod, Top Blade, Steak, Separable Lean and Fat, Trimmed To 0"" Fat, Select, Cooked, Grilled",1 lb,16,12.99
173361,"Beef, Round, Knuckle, Tip Center, Steak, Separable Lean and Fat, Trimmed To 0"" Fat, Choice, Raw",1 lb,16,11.99
173362,"Beef, Round, Knuckle, Tip Center, Steak, Separable Lean and Fat, Trimmed To 0"" Fat, Choice, Cooked, Grilled",1 lb,16,11.99
173363,"Beef, Round, Knuckle, Tip Center, Steak, Separable Lean and Fat, Trimmed To 0"" Fat, Select, Raw",1 lb,16,11.99
173364,"Beef, Round, Outside Round, Bottom Round, Steak, Separable Lean and Fat, Trimmed To 0"" Fat, Select, Cooked, Grilled",1 lb,16,11.99
173365,"Beef, Chuck, Shoulder Clod, Shoulder Tender, Medallion, Separable Lean and Fat, Trimmed To 0"" Fat, All Grades, Raw",1 lb,16,12.99
173366,"Beef, Chuck, Shoulder Clod, Shoulder Tender, Medallion, Separable Lean and Fat, Trimmed To 0"" Fat, All Grades, Cooked, Grilled",1 lb,16,12.99
173367,"Beef, Round, Knuckle, Tip Side, Steak, Separable Lean and Fat, Trimmed To 0"" Fat, All Grades, Raw",1 lb,16,11.99
173368,"Beef, Chuck, Shoulder Clod, Top Blade, Steak, Separable Lean and Fat, Trimmed To 0"" Fat, All Grades, Cooked, Grilled",1 lb,16,12.99
173369,"Beef, Round, Knuckle, Tip Center, Steak, Separable Lean and Fat, Trimmed To 0"" Fat, All Grades, Raw",1 lb,16,11.99
173370,"Beef, Round, Knuckle, Tip Center, Steak, Separable Lean and Fat, Trimmed To 0"" Fat, All Grades, Cooked, Grilled",1 lb,16,11.99
173371,"Beef, Round, Outside Round, Bottom Round, Steak, Separable Lean and Fat, Trimmed To 0"" Fat, All Grades, Raw",1 lb,16,11.99
173372,"Beef, Rib Eye Roast, Boneless, Lip-On, Separable Lean Only, Trimmed To 1/8"" Fat, Select, Cooked, Roasted",,,
173373,"Beef, Plate Steak, Boneless, Inside Skirt, Separable Lean Only, Trimmed To 0"" Fat, All Grades, Cooked, Grilled",1 lb,16,12.99
173374,"Beef, Plate Steak, Boneless, Inside Skirt, Separable Lean Only, Trimmed To 0"" Fat, All Grades, Raw",1 lb,16,12.99
173375,"Beef, Plate Steak, Boneless, Inside Skirt, Separable Lean Only, Trimmed To 0"" Fat, Choice, Cooked, Grilled",1 lb,16,12.99
173376,"Beef, Plate Steak, Boneless, Outside Skirt, Separable Lean Only, Trimmed To 0"" Fat, All Grades, Raw",1 lb,16,12.99
173377,"Beef, Plate Steak, Boneless, Outside Skirt, Separable Lean Only, Trimmed To 0"" Fat, Choice, Cooked, Grilled",1 lb,16,12.99
173378,"Beef, Plate Steak, Boneless, Outside Skirt, Separable Lean Only, Trimmed To 0"" Fat, Choice, Raw",,,
173379,"Beef, Plate Steak, Boneless, Outside Skirt, Separable Lean Only, Trimmed To 0"" Fat, Select, Cooked, Grilled",,,
173380,"Beef, Rib Eye Steak, Boneless, Lip Off, Separable Lean Only, Trimmed To 0"" Fat, Choice, Raw",1 lb,16,21.99
173381,"Beef, Rib Eye Steak, Boneless, Lip Off, Separable Lean Only, Trimmed To 0"" Fat, Select, Cooked, Grilled",1 lb,16,21.99
173382,"Beef, Rib Eye Steak, Boneless, Lip Off, Separable Lean Only, Trimmed To 0"" Fat, Select, Raw",1 lb,16,21.99
173383,"Beef, Rib, Back Ribs, Bone-In, Separable Lean Only, Trimmed To 0"" Fat, All Grades, Cooked, Braised",1 lb,16,8.99
173384,"Beef, Rib, Back Ribs, Bone-In, Separable Lean Only, Trimmed To 0"" Fat, Select, Raw",1 lb,16,8.99
173385,"Beef, Rib Eye Steak, Bone-In, Lip-On, Separable Lean and Fat, Trimmed To 1/8"" Fat, Choice, Cooked, Grilled",1 lb,16,21.99
173386,"Beef, Rib Eye Steak, Bone-In, Lip-On, Separable Lean and Fat, Trimmed To 1/8"" Fat, Select, Cooked, Grilled",1 lb,16,21.99
173387,"Beef, Rib Eye Steak, Bone-In, Lip-On, Separable Lean and Fat, Trimmed To 1/8"" Fat, All Grades, Cooked, Grilled",1 lb,16,21.99
173388,"Beef, Rib Eye Roast, Bone-In, Lip-On, Separable Lean and Fat, Trimmed To 1/8"" Fat, Choice, Cooked, Roasted",1 lb,16,7.99
173389,"Beef, Rib Eye Steak/Roast, Bone-In, Lip-On, Separable Lean and Fat, Trimmed To 1/8"" Fat, Select, Raw",1 lb,16,18.99
173390,"Beef, Rib Eye Steak, Boneless, Lip-On, Separable Lean and Fat, Trimmed To 1/8"" Fat, Choice, Cooked, Grilled",1 lb,16,21.99
173391,"Beef, Rib Eye Steak, Boneless, Lip-On, Separable Lean and Fat, Trimmed To 1/8"" Fat, Select, Cooked, Grilled",1 lb,16,21.99
173392,"Beef, Rib Eye Steak, Boneless, Lip-On, Separable Lean and Fat, Trimmed To 1/8"" Fat, All Grades, Cooked, Grilled",1 lb,16,21.99
173393,"Beef, Rib Eye Steak/Roast, Boneless, Lip-On, Separable Lean and Fat, Trimmed To 1/8"" Fat, Choice, Raw",1 lb,16,18.99
173394,"Beef, Rib Eye Steak/Roast, Boneless, Lip-On, Separable Lean and Fat, Trimmed To 1/8"" Fat, Select, Raw",1 lb,16,18.99
173395,"Beef, Plate Steak, Boneless, Inside Skirt, Separable Lean and Fat, Trimmed To 0"" Fat, All Grades, Cooked, Grilled",1 lb,16,12.99
173396,"Beef, Plate Steak, Boneless, Inside Skirt, Separable Lean and Fat, Trimmed To 0"" Fat, Choice, Cooked, Grilled",1 lb,16,12.99
173397,"Beef, Plate Steak, Boneless, Outside Skirt, Separable Lean and Fat, Trimmed To 0"" Fat, All Grades, Cooked, Grilled",1 lb,16,12.99
173398,"Beef, Plate Steak, Boneless, Outside Skirt, Separable Lean and Fat, Trimmed To 0"" Fat, Choice, Cooked, Grilled",1 lb,16,12.99
173399,"Beef, Plate Steak, Boneless, Outside Skirt, Separable Lean and Fat, Trimmed To 0"" Fat, Select, Cooked, Grilled",1 lb,16,12.99
173400,"Beef, Plate Steak, Boneless, Outside Skirt, Separable Lean and Fat, Trimmed To 0"" Fat, All Grades, Raw",1 lb,16,12.99
173401,"Beef, Rib Eye Steak, Boneless, Lip Off, Separable Lean and Fat, Trimmed To 0"" Fat, Select, Cooked, Grilled",1 lb,16,21.99
173402,"Beef, Rib Eye Steak, Boneless, Lip Off, Separable Lean and Fat, Trimmed To 0"" Fat, All Grades, Raw",1 lb,16,21.99
173403,"Beef, Rib Eye Steak, Boneless, Lip Off, Separable Lean and Fat, Trimmed To 0"" Fat, Choice, Raw",1 lb,16,21.99
173404,"Beef, Rib Eye Steak, Boneless, Lip Off, Separable Lean and Fat, Trimmed To 0"" Fat, Select, Raw",1 lb,16,21.99
173405,"Beef, Rib, Back Ribs, Bone-In, Separable Lean and Fat, Trimmed To 0"" Fat, Choice, Raw",1 lb,16,8.99
173406,"Beef, Rib, Back Ribs, Bone-In, Separable Lean and Fat, Trimmed To 0"" Fat, Select, Raw",1 lb,16,8.99
173407,"Beef, Loin, Top Sirloin Petite Roast, Boneless, Separable Lean Only, Trimmed To 0"" Fat, Choice, Cooked, Roasted",,23,9.99
173408,"Beef, Loin, Top Sirloin Petite Roast/Filet, Boneless, Separable Lean Only, Trimmed To 0"" Fat, Choice, Raw",,23,9.99
173409,"Beef, Loin, Top Sirloin Cap Steak, Boneless, Separable Lean Only, Trimmed To 1/8"" Fat, Select, Raw",,23,9.99
173410,"Butter, Salted",1 lb,16,5.49
173411,"Butter, Whipped, with Salt",,30,5.99
173412,"Butter Oil, Anhydrous",,13.75,4.99
173413,"Cheese, Caraway",750 ml,,17.99
173414,"Cheese, Cheddar (Includes Foods for Usda'S Food Distribution Program)",,,
173415,"Cheese, Cheshire",,,
173416,"Cheese, Colby",8 slices,6,2.49
173417,"Cheese, Cottage, Lowfat, 1% Milkfat",,24,3.29
173418,"Cheese, Cream",2 ct,,5.79
173419,"Cheese, Edam",,8,7.99
173420,"Cheese, Feta",,6,4.99
173421,"Egg, Yolk, Raw, Frozen, Pasteurized",,12,2.99
173422,"Egg, Yolk, Raw, Frozen, Sugared, Pasteurized",,12,2.99
173423,"Egg, Whole, Cooked, Fried",1 / 2 gal,,5.99
173424,"Egg, Whole, Cooked, Hard-Boiled",1 / 2 gal,,5.99
173425,"Egg, Whole, Dried, Stabilized, Glucose Reduced",1 / 2 gal,,5.99
173426,"Egg, White, Dried, Flakes, Stabilized, Glucose Reduced",18 ct,,5.99
173427,"Egg, White, Dried, Powder, Stabilized, Glucose Reduced",,4.6,4.79
173428,"Egg, Yolk, Dried",,12,2.99
173429,"Egg Substitute, Powder",,16,2.29
173430,"Butter, Without Salt",4 ct,16,5.99
173431,"Cheese, Parmesan, Shredded",,8,5.99
173432,"Milk, Nonfat, Fluid, Without Added Vitamin a and Vitamin D (Fat Free or Skim)",,59,4.79
173433,"Cheese, Goat, Semisoft Type",,4,6.99
173434,"Yogurt, Greek, 2% Fat, Key Lime Blend, Chobani",,32,4.99
173435,"Cheese, Goat, Soft Type",,4,6.99
173436,"Egg, Yolk, Raw, Frozen, Salted, Pasteurized",,12,2.99
173437,"Cheese, Mexican, Queso Asadero",,8,3.79
173438,"Cheese, Mexican, Queso Chihuahua",,8,3.79
173439,"Cheese, Low Fat, Cheddar or Colby",,7,3.79
173440,"Cheese, Low-Sodium, Cheddar or Colby",,6,3.99
173441,"Milk, Fluid, 1% Fat, Without Added Vitamin a and Vitamin D",,3.5,3.49
173442,"Sour Cream, Reduced Fat",,16,3.99
173443,"Sour Cream, Light",,14,3.29
173444,"Sour Cream, Fat Free",,16,3.99
173445,"Yogurt, Vanilla or Lemon Flavor, Nonfat Milk, Sweetened with Low-Calorie Sweetener",,,
173446,Kraft Cheez Whiz Light Pasteurized Process Cheese Product,3 ct,,4.19
173447,Kraft Free Singles American Nonfat Pasteurized Process Cheese Product,,,
173448,Kraft Velveeta Pasteurized Process Cheese Spread,,16,5.99
173449,Kraft Velveeta Light Reduced Fat Pasteurized Process Cheese Product,,,
173450,"Milk, Chocolate, Fluid, Commercial, Reduced Fat, with Added Calcium",1 / 2 gal,,2.59
173451,"Yogurt, Fruit, Lowfat, with Low Calorie Sweetener",8 ct,0.7,3.29
173452,"Cheese, Parmesan, Dry Grated, Reduced Fat",,8,5.99
173453,"Cream Substitute, Flavored, Liquid",,,
173454,"Milk, Dry, Whole, Without Added Vitamin D",3 ct,3.2,3.79
173455,"Cheese Product, Pasteurized Process, American, Reduced Fat, Fortified with Vitamin D",,16,5.99
173456,"Yogurt, Fruit, Low Fat, 9 Grams Protein Per 8 Ounce, Fortified with Vitamin D",8 ct,0.7,3.29
173457,"Yogurt, Fruit, Low Fat, 10 Grams Protein Per 8 Ounce, Fortified with Vitamin D",8 ct,0.7,3.29
173458,"Yogurt, Fruit Variety, Nonfat, Fortified with Vitamin D",9 pack,3.5,11.99
173459,"Protein Supplement, Milk Based, Muscle Milk, Powder",6 ct,8,9.99
173460,"Protein Supplement, Milk Based, Muscle Milk Light, Powder",6 ct,8,9.99
173461,Dulce De Leche,,13.4,4.49
173462,"Egg Substitute, Liquid or Frozen, Fat Free",12 ct,24,4.29
173463,"Yogurt, Vanilla Flavor, Lowfat Milk, Sweetened with Low Calorie Sweetener",,32,3.39
173464,"Yogurt, Frozen, Flavors Not Chocolate, Nonfat Milk, with Low-Calorie Sweetener",4 ct,,4.49
173465,"Ice Cream, Soft Serve, Chocolate",,,
173466,"Ice Cream, Bar or Stick, Chocolate Covered",12 ct,24,9.99
173467,"Fat Free Ice Cream, No Sugar Added, Flavors Other Than Chocolate",6 ct,,5.99
173468,"Salt, Table",,26,1.79
173469,"Vinegar, Cider",,16,2.99
173470,"Thyme, Fresh",,0.52,6.99
173471,Vanilla Extract,,4,10.99
173472,"Horseradish, Prepared",,6.5,4.19
173473,"Rosemary, Fresh",1 ct,,2.99
173474,"Peppermint, Fresh",24 count,,6.99
173475,"Spearmint, Fresh",50 pc,,5.49
173476,"Seasoning Mix, Dry, Chili, Original",,6,6.99
173477,Clif Z Bar,12 ct,,12.99
173478,"Babyfood, Juice Treats, Fruit Medley, Toddler",,4,3.99
173479,"Babyfood, Meat, Beef, Strained",,6,2.79
173480,"Babyfood, Meat, Ham, Junior",,6,2.79
173481,"Babyfood, Meat, Lamb, Strained",,6,2.79
173482,"Babyfood, Meat, Lamb, Junior",,6.67,3.29
173483,"Babyfood, Meat, Chicken, Strained",,6.67,3.29
173484,"Babyfood, Meat, Turkey Sticks, Junior",,6,2.79
173485,"Babyfood, Snack, Gerber Graduate Fruit Strips, Real Fruit Bars",5 ct,,5.49
173486,"Babyfood, Meat, Meat Sticks, Junior",,6,2.79
173487,"Babyfood, Gerber, 2Nd Foods, Apple, Carrot and Squash, Organic",2 packs,4,1.89
173488,"Babyfood, Dinner, Vegetables and Dumplings and Beef, Junior",,0.75,4.59
173489,"Babyfood, Dinner, Beef Lasagna, Toddler",,0.75,4.59
173490,"Babyfood, Dinner, Macaroni and Tomato and Beef, Strained",,0.75,4.59
173491,"Babyfood, Dinner, Macaroni and Tomato and Beef, Junior",,0.75,4.59
173492,"Babyfood, Dinner, Spaghetti and Tomato and Meat, Junior",,0.75,4.59
173493,"Babyfood, Dinner, Spaghetti and Tomato and Meat, Toddler",,0.75,4.59
173494,"Babyfood, Dinner, Vegetables and Beef, Strained",,0.75,4.59
173495,"Babyfood, Dinner, Vegetables and Beef, Junior",,0.75,4.59
173496,"Babyfood, Dinner, Chicken Soup, Strained",,0.75,4.59
173497,"Babyfood, Dinner, Chicken Stew, Toddler",,0.75,4.59
173498,"Babyfood, Dinner, Vegetables Chicken, Strained",,0.75,4.59
173499,"Babyfood, Dinner, Vegetables, Noodles and Chicken, Strained",,0.75,4.59
173500,"Babyfood, Dinner, Turkey and Rice, Junior",,0.75,4.59
173501,"Babyfood, Dinner, Vegetables and Turkey, Strained",,0.75,4.59
173502,"Babyfood, Dinner, Vegetables and Turkey, Junior",,0.75,4.59
173503,"Babyfood, Dinner, Macaroni and Cheese, Strained",,0.75,4.59
173504,"Babyfood, Vegetable, Green Beans and Potatoes",16 ct,4,24.99
173505,"Babyfood, Vegetables, Beets, Strained",2 packs,4,1.89
173506,"Babyfood, Vegetables, Carrots, Strained",2 packs,4,1.89
173507,"Babyfood, Vegetables, Carrots, Junior",2 packs,4,1.89
173508,"Babyfood, Potatoes, Toddler",,4,1.89
173509,"Babyfood, Cereal, Oatmeal, Dry, Gerber, Single Grain, Fortified",,8,4.99
173510,"Babyfood, Vegetable, Butternut Squash and Corn",16 ct,4,24.99
173511,"Babyfood, Apples, Dices, Toddler",,4,1.59
173512,"Babyfood, Fruit, Applesauce, Strained",,3.5,1.79
173513,"Babyfood, Dinner, Vegetables and Chicken, Junior",,0.75,4.59
173514,"Babyfood, Dinner, Mixed Vegetable, Strained",,0.75,4.59
173515,"Babyfood, Vegetables, Mix Vegetables Strained",2 packs,4,1.89
173516,"Babyfood, Dinner, Beef Noodle, Junior",,0.75,4.59
173517,"Babyfood, Apples with Ham, Strained",,,
173518,"Babyfood, Carrots and Beef, Strained",,3.5,1.39
173519,"Babyfood, Beverage, Gerber, Graduates, Fruit Splashers",6 pk,8,13.99
173520,"Babyfood, Snack, Gerber, Graduates, Yogurt Melts",,1,3.19
173521,"Babyfood, Dinner, Sweet Potatoes and Chicken, Strained",,0.75,4.59
173522,"Infant Formula, Mead Johnson, Enfamil 24, Ready To Feed, with Ara and Dha",,,
173523,"Infant Formula, Mead Johnson, Enfamil Enspire Powder, with Ara and Dha, Not Reconstituted",,,
173524,"Infant Formula, Mead Johnson, Enfamil Reguline, Ready To Feed, with Ara and Dha",,,
173525,"Infant Formula, Mead Johnson, Gentlease, Ready To Feed, with Ara and Dha",,,
173526,"Toddler Formula, Mead Johnson, Nutramigen Toddler with Lgg Powder, with Ara and Dha, Not Reconstituted",,21,39.99
173527,"Infant Formula, Mead Johnson, Pregestimil 20 Calories, Ready To Feed, with Ara and Dha",,,
173528,"Babyfood, Cereal, High Protein, Prepared with Whole Milk",,8,4.99
173529,"Babyfood, Cereal, Mixed, Prepared with Whole Milk",,8,4.99
173530,"Babyfood, Cereal, Mixed, with Bananas, Prepared with Whole Milk",,8,4.99
173531,"Babyfood, Cereal, Oatmeal, Prepared with Whole Milk",,8,4.99
173532,"Babyfood, Cereal, Mixed, with Honey, Prepared with Whole Milk",,8,4.99
173533,"Babyfood, Cereal, High Protein, with Apple and Orange, Prepared with Whole Milk",,8,4.99
173534,"Babyfood, Cereal, Rice, with Bananas, Prepared with Whole Milk",,8,4.99
173535,"Infant Formula, Nestle, Good Start Supreme, with Iron, Liquid Concentrate, Not Reconstituted",,28.2,20.99
173536,"Infant Formula, Nestle, Good Start Supreme, with Iron, Powder",,28.2,20.99
173537,"Infant Formula, Mead Johnson, Enfamil, Lipil, Low Iron, Liquid Concentrate, with Ara and Dha",,,
173538,"Infant Formula, Mead Johnson, Pregestimil, with Iron, Powder, with Ara and Dha, Not Reconstituted",,,
173539,"Infant Formula, Mead Johnson, Pregestimil, with Iron, with Ara and Dha, Prepared From Powder",,,
173540,"Infant Formula, Mead Johnson, Prosobee, with Iron, Ready-To-Feed",,,
173541,"Infant Formula, Abbott Nutrition, Similac, Isomil, with Iron, Ready-To-Feed",,33.2,36.99
173542,"Infant Formula, Abbott Nutrition, Similac, Isomil, with Iron, Liquid Concentrate",,33.2,36.99
173543,"Infant Formula, Abbott Nutrition, Similac, Isomil, with Iron, Powder, Not Reconstituted",,33.2,36.99
173544,"Infant Formula, Mead Johnson, Enfamil, Nutramigen, with Iron, Liquid Concentrate Not Reconstituted, with Ara and Dha",,,
173545,"Infant Formula, Mead Johnson, Enfamil, Prosobee, with Iron, Powder, Not Reconstituted, with Ara and Dha",,,
173546,"Infant Formula, Abbott Nutrition, Similac, with Iron, Powder, Not Reconstituted",,33.2,36.99
173547,"Infant Formula, Mead Johnson, Enfamil, Prosobee, Liquid Concentrate, Reconstituted, with Ara and Dha",,,
173548,"Infant Formula, Mead Johnson, Prosobee, with Iron, Ready To Feed, with Ara and Dha",,,
173549,"Infant Formula, Nestle, Good Start Soy, with Dha and Ara, Ready-To-Feed",,28.2,20.99
173550,"Child Formula, Abbott Nutrition, Pediasure, Ready-To-Feed, with Iron and Fiber",,33.2,36.99
173551,"Infant Formula, Nestle, Good Start Essentials Soy, with Iron, Powder",,28.2,20.99
173552,"Infant Formula, Mead Johnson, Next Step Prosobee, Powder, Not Reconstituted",,,
173553,"Infant Formula, Mead Johnson,Next Step Prosobee, Prepared From Powder",,,
173554,"Infant Formula, Pbm Products, Store Brand, Powder",,33.2,36.99
173555,"Infant Formula, Pbm Products, Store Brand, Soy, Ready-To-Feed",,36.4,62.99
173556,"Infant Formula, Pbm Products, Store Brand, Soy, Liquid Concentrate, Not Reconstituted",,36.4,62.99
173557,"Infant Formula, Pbm Products, Store Brand, Soy, Powder",,36.4,62.99
173558,"Infant Formula, Abbott Nutrition, Similac, Sensitive, (Lactose Free), Liquid Concentrate, with Ara and Dha",,,
173559,"Infant Formula, Abbott Nutrition, Similac, Sensitive, (Lactose Free), Powder, with Ara and Dha",,33.2,36.99
173560,"Infant Formula, Abbott Nutrition, Similac, Advance, with Iron, Ready-To-Feed",,33.2,36.99
173561,"Infant Formula, Abbott Nutrition, Similac, Advance, with Iron, Powder, Not Reconstituted",,33.2,36.99
173562,"Salad Dressing, Blue or Roquefort Cheese Dressing, Commercial, Regular",,,
173563,"Oil, Cupu Assu",,,
173564,"Fat, Chicken",,19,2.79
173565,"Oil, Soybean, Salad or Cooking, (Partially Hydrogenated) and Cottonseed",,3.75,1.19
173566,"Shortening Industrial, Lard and Vegetable Oil",,48,6.99
173567,"Shortening Frying (Heavy Duty), Beef Tallow and Cottonseed",,,
173568,"Shortening Confectionery, Coconut (Hydrogenated) and or Palm Kernel (Hydrogenated)",,,
173569,"Shortening Industrial, Soybean (Hydrogenated) and Cottonseed",,,
173570,"Oil, Ucuhuba Butter",,,
173571,"Fat, Turkey",3 lbs,48,13.99
173572,"Fat, Goose",,,
173573,"Oil, Avocado",,16.9,12.49
173574,"Shortening, Special Purpose for Cakes and Frostings, Soybean (Hydrogenated)",,,
173575,"Shortening, Special Purpose for Baking, Soybean (Hydrogenated) Palm and Cottonseed",,48,6.99
173576,"Oil, Oat",,6.7,10.99
173577,"Fish Oil, Cod Liver",,,
173578,"Fish Oil, Sardine",5 cans,4.375,12.99
173579,"Shortening, Multipurpose, Soybean (Hydrogenated) and Palm (Hydrogenated)",,,
173580,"Margarine-Like, Vegetable Oil-Butter Spread, Tub, with Salt",,45,10.49
173581,"Butter, Light, Stick, with Salt",,15,5.29
173582,"Margarine-Like, Vegetable Oil Spread, 60% Fat, Tub, with Salt",,15,4.49
173583,"Margarine-Like, Vegetable Oil Spread, 60% Fat, Stick/Tub/Bottle, with Salt",,45,10.49
173584,"Shortening, Vegetable, Household, Composite",,48,6.99
173585,"Margarine, Regular, 80% Fat, Composite, Stick, Without Salt",,,
173586,"Margarine-Like Spread with Yogurt, Approximately 40% Fat, Tub, with Salt",,,
173587,"Margarine, 80% Fat, Stick, Includes Regular and Hydrogenated Corn and Soybean Oils",,12,3.19
173588,"Margarine, Margarine-Type Vegetable Oil Spread, 70% Fat, Soybean and Partially Hydrogenated Soybean, Stick",,12,3.19
173589,"Margarine Spread, 40-49% Fat, Tub",,12,3.19
173590,"Salad Dressing, Italian Dressing, Fat-Free",,8,2.29
173591,"Salad Dressing, Ranch Dressing, Fat-Free",,16,4.49
173592,"Salad Dressing, Ranch Dressing, Regular",,16,4.49
173593,"Salad Dressing, Ranch Dressing, Reduced Fat",,16,4.49
173594,"Salad Dressing, Mayonnaise, Light",30 fo,,6.49
173595,"Oil, Industrial, Coconut, Principal Uses Candy Coatings, Oil Sprays, Roasting Nuts",,11,6.99
173596,"Oil, Industrial, Soy (Partially Hydrogenated), Principal Uses Popcorn and Flavoring Vegetables",,11,6.99
173597,"Shortening, Industrial, Soy (Partially Hydrogenated), Pourable Liquid Fry Shortening",,,
173598,"Oil, Industrial, Soy, Refined, for Woks and Light Frying",,11,6.99
173599,"Margarine-Like Shortening, Industrial, Soy (Partially Hydrogenated), Cottonseed, and Soy, Principal Use Flaky Pastries",,12,3.19
173600,"Oil, Industrial, Palm Kernel, Confection Fat, Uses Similar To High Quality Cocoa Butter",,11,6.99
173601,"Oil, Industrial, Palm Kernel (Hydrogenated), Confection Fat, Uses Similar To 95 Degree Hard Butter",,11,6.99
173602,"Oil, Industrial, Palm Kernel (Hydrogenated), Confection Fat, Intermediate Grade Product",,11,6.99
173603,"Oil, Industrial, Palm Kernel (Hydrogenated), Filling Fat",,11,6.99
173604,"Oil, Industrial, Soy (Partially Hydrogenated ), Palm, Principal Uses Icings and Fillings",,11,6.99
173605,"Margarine, Industrial, Non-Dairy, Cottonseed, Soy Oil (Partially Hydrogenated ), for Flaky Pastries",,12,3.19
173606,"Shortening, Industrial, Soy (Partially Hydrogenated ) and Corn for Frying",,48,6.99
173607,"Shortening, Industrial, Soy (Partially Hydrogenated ) for Baking and Confections",,48,6.99
173608,"Margarine-Like Spread, Smart Beat Super Light Without Saturated Fat",,,
173609,"Margarine-Like Spread, Smart Beat Smart Squeeze",,12,3.19
173610,"Margarine-Like Spread, Smart Balance Omega Plus Spread (With Plant Sterols & Fish Oil)",,,
173611,"Chicken, Broilers or Fryers, Drumstick, Meat and Skin, Cooked, Fried, Flour",,,
173612,"Chicken, Broilers or Fryers, Drumstick, Meat and Skin, Cooked, Roasted",,22,8.99
173613,"Chicken, Broilers or Fryers, Drumstick, Meat and Skin, Cooked, Stewed",,22,8.99
173614,"Chicken, Broilers or Fryers, Dark Meat, Drumstick, Meat Only, Raw",,22,8.99
173615,"Chicken, Broilers or Fryers, Leg, Meat and Skin, Cooked, Fried, Batter",,22,8.99
173616,"Chicken, Broilers or Fryers, Leg, Meat and Skin, Cooked, Fried, Flour",,22,8.99
173617,"Chicken, Broilers or Fryers, Leg, Meat and Skin, Cooked, Roasted",,,
173618,"Chicken, Broilers or Fryers, Leg, Meat and Skin, Cooked, Stewed",,22,8.99
173619,"Chicken, Broilers or Fryers, Leg, Meat Only, Raw",,22,8.99
173620,"Chicken, Broilers or Fryers, Neck, Meat and Skin, Cooked, Fried, Batter",,22,8.99
173621,"Chicken, Broilers or Fryers, Neck, Meat and Skin, Cooked, Fried, Flour",,,
173622,"Chicken, Broilers or Fryers, Neck, Meat and Skin, Cooked Simmered",,22,8.99
173623,"Chicken, Broilers or Fryers, Neck, Meat Only, Raw",,22,8.99
173624,"Chicken, Broilers or Fryers, Thigh, Meat and Skin, Cooked, Fried, Flour",,22,8.99
173625,"Chicken, Broilers or Fryers, Thigh, Meat and Skin, Cooked, Roasted",,22,8.99
173626,"Chicken, Broilers or Fryers, Thigh, Meat and Skin, Cooked, Stewed",,,
173627,"Chicken, Broilers or Fryers, Dark Meat, Thigh, Meat Only, Raw",,22,8.99
173628,"Chicken, Broilers or Fryers, Wing, Meat and Skin, Cooked, Fried, Batter",,,
173629,"Chicken, Broilers or Fryers, Wing, Meat and Skin, Cooked, Fried, Flour",,22,8.99
173630,"Chicken, Broilers or Fryers, Wing, Meat and Skin, Cooked, Roasted",,22,8.99
173631,"Chicken, Broilers or Fryers, Wing, Meat and Skin, Cooked, Stewed",,22,8.99
173632,"Chicken, Broilers or Fryers, Wing, Meat Only, Raw",,22,8.99
173633,"Chicken, Roasting, Meat and Skin and Giblets and Neck, Cooked, Roasted",2 lb,32,9.99
173634,"Canada Goose, Breast Meat Only, Skinless, Raw",,,
173635,"Chicken, Roasting, Meat and Skin, Cooked, Roasted",2 lb,32,9.99
173636,"Chicken, Roasting, Meat Only, Raw",2 lb,32,9.99
173637,"Chicken, Roasting, Light Meat, Meat Only, Cooked, Roasted",2 lb,32,9.99
173638,"Chicken, Roasting, Dark Meat, Meat Only, Raw",,,
173639,"Chicken, Roasting, Dark Meat, Meat Only, Cooked, Roasted",2 lb,32,9.99
173640,"Chicken, Stewing, Meat and Skin, and Giblets and Neck, Raw",12 ct,3.5,15.99
173641,"Chicken, Stewing, Giblets, Raw",12 ct,3.5,15.99
173642,"Chicken, Stewing, Giblets, Cooked, Simmered",12 ct,3.5,15.99
173643,"Chicken, Stewing, Light Meat, Meat Only, Raw",12 ct,3.5,15.99
173644,"Chicken, Stewing, Light Meat, Meat Only, Cooked, Stewed",12 ct,3.5,15.99
173645,"Chicken, Capons, Meat and Skin, Raw",,32,3.49
173646,"Chicken, Capons, Meat and Skin, Cooked, Roasted",,32,3.49
173647,"Beverages, Water, Tap, Drinking",1 liter,,1.00
173648,"Beverages, Coffee Substitute, Cereal Grain Beverage, Powder, Prepared with Whole Milk",,10,9.99
173649,"Beverages, Dairy Drink Mix, Chocolate, Reduced Calorie, with Low-Calorie Sweeteners, Powder",8 ct,3.1,2.99
173650,"Beverages, Dairy Drink Mix, Chocolate, Reduced Calorie, with Aspartame, Powder, Prepared with Water and Ice",8 ct,3.1,2.99
173651,"Beverages, Orange-Flavor Drink, Breakfast Type, with Pulp, Frozen Concentrate",,16.9,2.29
173652,"Beverages, Orange-Flavor Drink, Breakfast Type, with Pulp, Frozen Concentrate, Prepared with Water",,16.9,2.29
173653,"Cranberry Juice Cocktail, Frozen Concentrate",,12,1.99
173654,"Cranberry Juice Cocktail, Frozen Concentrate, Prepared with Water",,12,1.99
173655,"Beverages, Water, Bottled, Non-Carbonated, Dannon",1 liter,,1.00
173656,"Beverages, Water, Bottled, Non-Carbonated, Pepsi, Aquafina",1 liter,,1.00
173657,"Water, Bottled, Non-Carbonated, Naya",,14,16.99
173658,"Beverages, Dannon, Water, Bottled, Non-Carbonated, with Fluoride",4 ct,5.3,4.49
173659,"Beverages, Drink Mix, Quaker Oats, Gatorade, Orange Flavor, Powder",,14.9,7.99
173660,"Beverages, Pepsico Quaker, Gatorade, G Performance O 2, Ready-To-Drink",,,
173661,"Whiskey Sour Mix, Bottled, with Added Potassium and Sodium",,12,4.99
173662,"Alcoholic Beverage, Whiskey Sour",,12,4.99
173663,"Alcoholic Beverage, Distilled, All (Gin, Rum, Vodka, Whiskey) 94 Proof",187 ml,,4.99
173664,"Alcoholic Beverage, Distilled, All (Gin, Rum, Vodka, Whiskey) 100 Proof",,,
173665,"Alcoholic Beverage, Liqueur, Coffee, 63 Proof",375 ml,,7.99
173666,"Lemonade, Frozen Concentrate, Pink",,12,1.99
173667,"Beverages, Lemonade, Frozen Concentrate, Pink, Prepared with Water",,15.5,2.99
173668,"Fish, Herring, Atlantic, Kippered",,3.75,1.19
173669,"Fish, Herring, Pacific, Raw",,3.75,1.19
173670,"Fish, Ling, Raw",750 ml,,19.99
173671,"Fish, Lingcod, Raw",,,
173672,"Fish, Mackerel, Pacific and Jack, Mixed Species, Raw",,15,4.99
173673,"Fish, Mackerel, Spanish, Raw",,15,4.99
173674,"Fish, Mackerel, Spanish, Cooked, Dry Heat",,15,4.99
173675,"Fish, Milkfish, Raw",1 ct,,10.99
173676,"Fish, Monkfish, Raw",1 ct,,10.99
173677,"Fish, Pout, Ocean, Raw",90 ct,,34.99
173678,"Fish, Perch, Mixed Species, Raw",1 lb,16,7.99
173679,"Fish, Perch, Mixed Species, Cooked, Dry Heat",1 lb,16,7.99
173680,"Fish, Pike, Northern, Raw",1 lb,16,7.99
173681,"Fish, Pollock, Alaska, Cooked, Dry Heat (May Contain Additives To Retain Moisture)",8 ct,15.2,7.99
173682,"Fish, Pompano, Florida, Raw",,,
173683,"Fish, Pompano, Florida, Cooked, Dry Heat",,,
173684,"Fish, Rockfish, Pacific, Mixed Species, Raw",1 lb,16,9.99
173685,"Fish, Sablefish, Smoked",,,
173686,"Fish, Salmon, Atlantic, Wild, Raw",11 ounces,,5.00
173687,"Fish, Salmon, Chinook, Smoked",11 ounces,,5.00
173688,"Fish, Salmon, Chinook, Raw",11 ounces,,5.00
173689,"Fish, Salmon, Chum, Raw",11 ounces,,5.00
173690,"Fish, Salmon, Pink, Canned, Total Can Contents",11 ounces,,5.00
173691,"Fish, Salmon, Sockeye, Raw",11 ounces,,5.00
173692,"Fish, Salmon, Sockeye, Cooked, Dry Heat",11 ounces,,5.00
173693,"Fish, Salmon, Sockeye, Canned, Drained Solids",11 ounces,,5.00
173694,"Fish, Sea Bass, Mixed Species, Cooked, Dry Heat",1 lb,16,9.99
173695,"Fish, Seatrout, Mixed Species, Raw",,,
173696,"Fish, Shad, American, Raw",8 ounces,,5.00
173697,"Fish, Shark, Mixed Species, Raw",,19,7.99
173698,"Fish, Snapper, Mixed Species, Raw",,12,12.99
173699,"Fish, Snapper, Mixed Species, Cooked, Dry Heat",,12,12.99
173700,"Fish, Spot, Raw",1 ct,,6.49
173701,"Fish, Sturgeon, Mixed Species, Raw",,,
173702,"Fish, Surimi",,12,4.99
173703,"Fish, Swordfish, Raw",1 lb,16,9.99
173704,"Fish, Swordfish, Cooked, Dry Heat",1 lb,16,9.99
173705,"Fish, Tilefish, Raw",,,
173706,"Fish, Tuna, Fresh, Bluefin, Raw",,5,1.29
173707,"Fish, Tuna, Fresh, Bluefin, Cooked, Dry Heat",,5,1.29
173708,"Fish, Tuna, Light, Canned in Oil, Drained Solids",,5,1.29
173709,"Fish, Tuna, Light, Canned in Water, Drained Solids (Includes Foods for Usda'S Food Distribution Program)",,5,1.29
173710,"Fish, Turbot, European, Raw",,,
173711,"Fish, Whitefish, Mixed Species, Raw",4 pk,11.6,8.99
173712,"Fish, Whitefish, Mixed Species, Smoked",4 pk,11.6,8.99
173713,"Fish, Whiting, Mixed Species, Raw",3 lb,48,9.99
173714,"Fish, Catfish, Channel, Wild, Cooked, Dry Heat",1 lb,16,8.99
173715,"Fish, Salmon, Coho, Farmed, Raw",11 ounces,,5.00
173716,"Fish, Salmon, Coho, Farmed, Cooked, Dry Heat",11 ounces,,5.00
173717,"Fish, Trout, Rainbow, Farmed, Raw",1 lb,16,10.99
173718,"Fish, Trout, Rainbow, Farmed, Cooked, Dry Heat",1 lb,16,10.99
173719,"Fish, Salmon, Coho, Wild, Cooked, Dry Heat",11 ounces,,5.00
173720,"Mollusks, Conch, Baked or Broiled",,,
173721,"Salmon Nuggets, Breaded, Frozen, Heated",,29,6.29
173722,"Salmon Nuggets, Cooked As Purchased, Unheated",,,
173723,"Salmon, Sockeye, Canned, Drained Solids, Without Skin and Bones",4 ounces,,10.99
173724,"Fish, Salmon, Pink, Canned, Drained Solids, Without Skin and Bones",11 ounces,,5.00
173725,"Fish, Pollock, Alaska, Raw",8 ct,15.2,7.99
173726,"Fish, Pollock, Alaska, Cooked",8 ct,15.2,7.99
173727,"Beans, Adzuki, Mature Seeds, Raw",,,
173728,"Beans, Adzuki, Mature Seeds, Cooked, Boiled, Without Salt",,,
173729,"Beans, Adzuki, Mature Seeds, Canned, Sweetened",,,
173730,"Yokan, Prepared From Adzuki Beans and Sugar",,,
173731,"Beans, Baked, Home Prepared",,8.3,1.69
173732,"Beans, Baked, Canned, with Pork and Sweet Sauce",,8.3,1.69
173733,"Beans, Baked, Canned, with Pork and Tomato Sauce",,8.3,1.69
173734,"Beans, Black, Mature Seeds, Raw",,15.25,1.00
173735,"Beans, Black, Mature Seeds, Cooked, Boiled, Without Salt",,15.25,1.00
173736,"Beans, Cranberry (Roman), Mature Seeds, Cooked, Boiled, Without Salt",,,
173737,"Beans, Cranberry (Roman), Mature Seeds, Canned",,,
173738,"Beans, French, Mature Seeds, Raw",,14.5,1.59
173739,"Beans, French, Mature Seeds, Cooked, Boiled, Without Salt",,14.5,1.59
173740,"Beans, Kidney, All Types, Mature Seeds, Cooked, Boiled, Without Salt",,15.5,1.00
173741,"Beans, Kidney, All Types, Mature Seeds, Canned",,15.5,1.00
173742,"Beans, Kidney, California Red, Mature Seeds, Raw",,15.5,1.00
173743,"Beans, Kidney, California Red, Mature Seeds, Cooked, Boiled, Without Salt",,15.5,1.00
173744,"Beans, Kidney, Red, Mature Seeds, Raw",,15.5,1.00
173745,"Beans, Navy, Mature Seeds, Raw",,16,1.59
173746,"Beans, Navy, Mature Seeds, Cooked, Boiled, Without Salt",,16,1.59
173747,"Beans, Navy, Mature Seeds, Canned",,16,1.59
173748,"Beans, Pink, Mature Seeds, Raw",,15.5,1.59
173749,"Beans, Small White, Mature Seeds, Raw",,15.25,1.00
173750,"Beans, Small White, Mature Seeds, Cooked, Boiled, Without Salt",,15.25,1.00
173751,"Beans, Yellow, Mature Seeds, Raw",,14,3.29
173752,"Beans, Yellow, Mature Seeds, Cooked, Boiled, Without Salt",,14,3.29
173753,"Broadbeans (Fava Beans), Mature Seeds, Cooked, Boiled, Without Salt",,,
173754,"Broadbeans (Fava Beans), Mature Seeds, Canned",,,
173755,Carob Flour,,8.89,4.49
173756,"Chickpeas (Garbanzo Beans, Bengal Gram), Mature Seeds, Raw",,27,2.69
173757,"Chickpeas (Garbanzo Beans, Bengal Gram), Mature Seeds, Cooked, Boiled, Without Salt",,27,2.69
173758,"Cowpeas, Common (Blackeyes, Crowder, Southern), Mature Seeds, Raw",,15.5,1.59
173759,"Cowpeas, Common (Blackeyes, Crowder, Southern), Mature Seeds, Cooked, Boiled, Without Salt",,15.5,1.59
173760,"Cowpeas, Common (Blackeyes, Crowder, Southern), Mature Seeds, Canned, Plain",,15.5,1.59
173761,"Cowpeas, Common (Blackeyes, Crowder, Southern), Mature Seeds, Canned with Pork",,15.5,1.59
173762,"Vitasoy Usa, Organic Nasoya Extra Firm Tofu",,7,4.59
173763,"Vitasoy Usa, Organic Nasoya Firm Tofu",,,
173764,"Vitasoy Usa, Organic Nasoya Silken Tofu",2 ct,,1.99
173765,"Soymilk (All Flavors), Enhanced",,,
173766,"Soymilk, Original and Vanilla, Light, with Added Calcium, Vitamins a and D",,,
173767,"Soymilk, Chocolate and Other Flavors, Light, with Added Calcium, Vitamins a and D",6 ct,8,8.49
173768,"Soymilk, Original and Vanilla, Light, Unsweetened, with Added Calcium, Vitamins a and D",1 / 2 gal,,2.59
173769,"Soymilk (All Flavors), Lowfat, with Added Calcium, Vitamins a and D",1 / 2 gal,,2.59
173770,"Silk Chocolate, Soymilk",6 ct,8,8.49
173771,"Silk Light Plain, Soymilk",1 / 2 gal,,4.29
173772,"Silk Light Vanilla, Soymilk",,,
173773,"Silk Light Chocolate, Soymilk",6 ct,8,8.49
173774,"Silk Very Vanilla, Soymilk",6 ct,8,8.49
173775,"Silk Nog, Soymilk",,,
173776,"Silk Chai, Soymilk",1 / 2 gal,,3.69
173777,"Silk Mocha, Soymilk",1 / 2 gal,,3.69
173778,Silk Raspberry Soy Yogurt,24 oz.,,6.79
173779,Silk Peach Soy Yogurt,5.3 oz.,,1.59
173780,Silk Black Cherry Soy Yogurt,24 oz.,,6.79
173781,Silk Blueberry Soy Yogurt,5.3 oz.,,1.59
173782,Silk Hazelnut Creamer,,32,5.49
173783,"Vitasoy Usa Organic Nasoya, Soft Tofu",,8,4.59
173784,"Vitasoy Usa Nasoya, Lite Silken Tofu",,7,4.49
173785,"Vitasoy Usa Organic Nasoya, Tofu Plus Extra Firm",2 ct,,1.99
173786,"Vitasoy Usa Azumaya, Silken Tofu",2 ct,,1.99
173787,House Foods Premium Soft Tofu,2 ct,,1.99
173788,House Foods Premium Firm Tofu,10 slices,7.8,4.49
173789,"Beans, Adzuki, Mature Seed, Cooked, Boiled, with Salt",4 ct,15,4.79
173790,"Beans, Great Northern, Mature Seeds, Cooked, Boiled, with Salt",,16,2.19
173791,"Beans, Great Northern, Mature Seeds, Canned, Low Sodium",,16,2.19
173792,"Beans, Kidney, All Types, Mature Seeds, Cooked, Boiled, with Salt",,15.5,1.00
173793,"Beans, Kidney, California Red, Mature Seeds, Cooked, Boiled, with Salt",,15.5,1.00
173794,"Beans, Navy, Mature Seeds, Cooked, Boiled, with Salt",,16,1.59
173795,"Beans, Pink, Mature Seeds, Cooked, Boiled, with Salt",,15.5,1.59
173796,"Beans, Pinto, Mature Seeds, Cooked, Boiled, with Salt",,16,1.79
173797,"Beans, Pinto, Mature Seeds, Canned, Drained Solids, Rinsed in Tap Water",,16,1.79
173798,"Broadbeans (Fava Beans), Mature Seeds, Cooked, Boiled, with Salt",,,
173799,"Chickpeas (Garbanzo Beans, Bengal Gram), Mature Seeds, Cooked, Boiled, with Salt",,27,2.69
173800,"Chickpeas (Garbanzo Beans, Bengal Gram), Mature Seeds, Canned, Drained Solids",,,
173801,"Chickpeas (Garbanzo Beans, Bengal Gram), Mature Seeds, Canned, Drained, Rinsed in Tap Water",,,
173802,"Lima Beans, Large, Mature Seeds, Cooked, Boiled, with Salt",,16,2.49
173803,"Lima Beans, Thin Seeded (Baby), Mature Seeds, Cooked, Boiled, with Salt",,,
173804,"Lupins, Mature Seeds, Cooked, Boiled, with Salt",,,
173805,"Mothbeans, Mature Seeds, Cooked, Boiled, with Salt",,,
173806,"Peanuts, All Types, Dry-Roasted, Without Salt",,3,15.99
173807,"Peanuts, Spanish, Oil-Roasted, Without Salt",,12,1.99
173808,"Peanuts, Valencia, Oil-Roasted, Without Salt",,12,1.99
173809,"Peanuts, Virginia, Oil-Roasted, Without Salt",,14,4.29
173810,"Lamb, New Zealand, Imported, Loin Chop, Separable Lean Only, Raw",750 ml,,17.99
173811,"Lamb, New Zealand, Imported, Frozen, Loin, Separable Lean Only, Cooked, Broiled",750 ml,,17.99
173812,"Lamb, New Zealand, Imported, Rack - Partly Frenched, Separable Lean and Fat, Raw",750 ml,,17.99
173813,"Lamb, New Zealand, Imported, Rack - Partly Frenched, Separable Lean and Fat, Cooked, Fast Roasted",750 ml,,17.99
173814,"Lamb, New Zealand, Imported, Frozen, Shoulder, Whole (Arm and Blade), Separable Lean Only, Cooked, Braised",750 ml,,17.99
173815,"Veal, Composite of Trimmed Retail Cuts, Separable Lean and Fat, Raw",,,
173816,"Veal, Composite of Trimmed Retail Cuts, Separable Lean and Fat, Cooked",,,
173817,"Veal, Composite of Trimmed Retail Cuts, Separable Lean Only, Raw",,,
173818,"Veal, Leg (Top Round), Separable Lean and Fat, Cooked, Braised",,,
173819,"Veal, Leg (Top Round), Separable Lean and Fat, Cooked, Pan-Fried, Breaded",,,
173820,"Veal, Leg (Top Round), Separable Lean and Fat, Cooked, Pan-Fried, Not Breaded",,,
173821,"Veal, Leg (Top Round), Separable Lean and Fat, Cooked, Roasted",,,
173822,"Veal, Leg (Top Round), Separable Lean Only, Cooked, Roasted",,,
173823,"Veal, Loin, Separable Lean and Fat, Raw",1 lb,16,15.99
173824,"Veal, Loin, Separable Lean and Fat, Cooked, Braised",1 lb,16,15.99
173825,"Veal, Loin, Separable Lean and Fat, Cooked, Roasted",1 lb,16,15.99
173826,"Veal, Loin, Separable Lean Only, Raw",1 lb,16,15.99
173827,"Veal, Rib, Separable Lean and Fat, Cooked, Roasted",1 lb,16,23.99
173828,"Veal, Rib, Separable Lean Only, Raw",1 lb,16,23.99
173829,"Veal, Rib, Separable Lean Only, Cooked, Braised",1 lb,16,23.99
173830,"Veal, Rib, Separable Lean Only, Cooked, Roasted",1 lb,16,23.99
173831,"Veal, Shoulder, Whole (Arm and Blade), Separable Lean Only, Cooked, Braised",1 lb,16,12.99
173832,"Veal, Shoulder, Whole (Arm and Blade), Separable Lean Only, Cooked, Roasted",1 lb,16,12.99
173833,"Veal, Shoulder, Arm, Separable Lean and Fat, Raw",1 lb,16,12.99
173834,"Veal, Shoulder, Arm, Separable Lean and Fat, Cooked, Braised",1 lb,16,12.99
173835,"Veal, Shoulder, Blade Chop, Separable Lean and Fat, Raw",1 lb,16,12.99
173836,"Veal, Shoulder, Blade, Separable Lean and Fat, Cooked, Braised",1 lb,16,12.99
173837,"Veal, Shoulder, Blade, Separable Lean and Fat, Cooked, Roasted",1 lb,16,12.99
173838,"Veal, Shoulder, Blade Chop, Separable Lean Only, Raw",1 lb,16,12.99
173839,"Veal, Shoulder, Blade, Separable Lean Only, Cooked, Braised",1 lb,16,12.99
173840,"Veal, Sirloin, Separable Lean Only, Raw",,14.58,12.99
173841,"Veal, Sirloin, Separable Lean Only, Cooked, Braised",,14.58,12.99
173842,"Veal, Sirloin, Separable Lean Only, Cooked, Roasted",,14.58,12.99
173843,"Veal, Cubed for Stew (Leg and Shoulder), Separable Lean Only, Raw",1 lb,16,12.99
173844,"Game Meat, Antelope, Cooked, Roasted",,,
173845,"Game Meat, Bear, Raw",12 ct,0.7,9.99
173846,"Game Meat, Bear, Cooked, Simmered",12 ct,0.7,9.99
173847,"Bison, Ground, Grass-Fed, Cooked",1 lb,16,11.49
173848,"Game Meat, Beefalo, Composite of Cuts, Cooked, Roasted",1 lb,16,10.99
173849,"Veal, Australian, Separable Fat, Raw",750 ml,,8.99
173850,"Veal, Australian, Rib, Rib Roast, Separable Lean and Fat, Raw",750 ml,,8.99
173851,"Game Meat, Bison, Separable Lean Only, Raw",,16,11.99
173852,"Game Meat, Bison, Separable Lean Only, Cooked, Roasted",,16,11.99
173853,"Game Meat, Caribou, Raw",,,
173854,"Game Meat, Caribou, Cooked, Roasted",,,
173855,"Game Meat, Deer, Raw",,9,7.99
173856,"Bologna, Pork",,,
173857,"Bologna, Turkey",,16,3.79
173858,Chicken Spread,,10,6.99
173859,"Sausage, Pork, Chorizo, Link or Ground, Raw",,16,4.99
173860,"Corned Beef Loaf, Jellied",,12,6.99
173861,"Dutch Brand Loaf, Chicken, Pork and Beef",,,
173862,"Frankfurter, Beef, Unheated",,12,5.99
173863,"Ham, Sliced, Pre-Packaged, Deli Meat (96%Fat Free, Water Added)",,8,6.99
173864,"Ham, Sliced, Regular (Approximately 11% Fat)",,8,6.99
173865,"Ham, Minced",,8,4.19
173866,Ham Salad Spread,,12,6.99
173867,"Knackwurst, Knockwurst, Pork, Beef",,7,6.99
173868,"Lebanon Bologna, Beef",1 lb,16,9.99
173869,"Liver Cheese, Pork",,8.8,11.99
173870,"Liver Sausage, Liverwurst, Pork",,16,3.29
173871,"Sausage, Turkey, Fresh, Cooked",,13,3.29
173872,"Bologna, Chicken, Pork, Beef",8 ct,,6.49
173873,"Bologna, Chicken, Pork",8 ct,,6.49
173874,"Chicken Breast, Deli, Rotisserie Seasoned, Sliced, Prepackaged",1 lb,16,11.99
173875,"Frankfurter, Meat and Poultry, Unheated",5 ct,12,4.99
173876,"Pork Sausage, Link/Patty, Fully Cooked, Unheated",,12,4.59
173877,"Kielbasa, Fully Cooked, Grilled",,13.5,5.49
173878,"Kielbasa, Fully Cooked, Pan-Fried",,13.5,5.49
173879,"Kielbasa, Fully Cooked, Unheated",,13.5,5.49
173880,"Sausage, Chicken or Turkey, Italian Style, Lower Sodium",,13,3.29
173881,"Ham, Smoked, Extra Lean, Low Sodium",,8,3.49
173882,"Pork Sausage, Reduced Sodium, Cooked",,,
173883,"Sausage, Pork, Turkey, and Beef, Reduced Sodium",,16,4.99
173884,"Cereals Ready-To-Eat, General Mills, Cheerios",,11.7,5.29
173885,"Cereals Ready-To-Eat, Post, Cocoa Pebbles",,,
173886,"Cereals Ready-To-Eat, Quaker, Quaker Crunchy Bran",,16,4.49
173887,"Cereals Ready-To-Eat, Ralston Crisp Rice",,24,4.29
173888,"Cereals Ready-To-Eat, Post Bran Flakes",16.6 ounces,,3.99
173889,"Cereals Ready-To-Eat, Post, Honeycomb Cereal",,12.25,3.99
173890,"Cereals Ready-To-Eat, Quaker, King Vitaman",,16,4.49
173891,"Cereals Ready-To-Eat, Quaker, Quaker Oat Life, Plain",,16,4.49
173892,"Cereals Ready-To-Eat, Quaker, 100% Natural Granola, Oats, Wheat and Honey",,16,4.49
173893,"Cereals Ready-To-Eat, Ralston Tasteeos",,,
173894,"Cereals Ready-To-Eat, Post, Honey Nut Shredded Wheat",,28,6.99
173895,"Cereals Ready-To-Eat, Malt-O-Meal, Corn Bursts",,,
173896,"Cereals Ready-To-Eat, Wheat Germ, Toasted, Plain",,,
173897,"Cereals, Quaker, Corn Grits, Instant, Plain, Prepared (Microwaved or Boiling Water Added), Without Salt",,24.1,6.99
173898,"Cereals, Quaker, Corn Grits, Instant, Cheddar Cheese Flavor, Dry",,24.1,6.99
173899,"Cereals, Quaker, Instant Grits, Country Bacon Flavor, Dry",,24.1,6.99
173900,"Cereals, Cream of Rice, Dry",,14,4.59
173901,"Cereals, Cream of Wheat, Regular, 10 Minute Cooking, Dry",,18,4.59
173902,"Cereals, Cream of Wheat, Instant, Prepared with Water, Without Salt",,18,4.59
173903,"Cereals, Malt-O-Meal, Original, Plain, Dry",30 ounces,,5.99
173904,"Cereals, Oats, Regular and Quick, Not Fortified, Dry",18 ounces,,5.79
173905,"Cereals, Oats, Regular and Quick, Unenriched, Cooked with Water (Includes Boiling and Microwaving), Without Salt",18 ounces,,5.79
173906,"Cereals, Oats, Instant, Fortified, with Cinnamon and Spice, Prepared with Water",18 ounces,,5.79
173907,"Cereals, Quaker, Instant Oatmeal, Maple and Brown Sugar, Dry",,24.1,6.99
173908,"Cereals, Oats, Instant, Fortified, with Raisins and Spice, Prepared with Water",18 ounces,,5.79
173909,"Cereals Ready-To-Eat, Malt-O-Meal, Marshmallow Mateys",15 ounces,,4.29
173910,"Cereals Ready-To-Eat, Post, Shredded Wheat, Original Big Biscuit",,12.25,3.99
173911,"Cereals Ready-To-Eat, Post, Shredded Wheat, Original Spoon-Size",,28,6.99
173912,"Cereals Ready-To-Eat, Rice, Puffed, Fortified",,,
173913,"Cereals Ready-To-Eat, Wheat, Puffed, Fortified",,12.6,7.00
173914,"Cereals, Cream of Rice, Cooked with Water, with Salt",,14,4.59
173915,"Cereals, Cream of Wheat, Regular (10 Minute), Cooked with Water, with Salt",,18,4.59
173916,"Cereals, Farina, Unenriched, Dry",,,
173917,"Cereals, Farina, Enriched, Cooked with Water, with Salt",,,
173918,"Cereals Ready-To-Eat, Post, Shredded Wheat, Lightly Frosted, Spoon-Size",,,
173919,"Cereals Ready-To-Eat, Post Selects Blueberry Morning",,,
173920,"Cereals, Oats, Instant, Fortified, Maple and Brown Sugar, Dry",18 ounces,,5.79
173921,"Cereals Ready-To-Eat, Quaker Whole Hearts Oat Cereal",,24.1,6.99
173922,"Cereals, Quaker, Weight Control Instant Oatmeal, Maple and Brown Sugar",,24.1,6.99
173923,"Cereals, Quaker, Weight Control Instant Oatmeal, Banana Bread",,24.1,6.99
173924,"Cereals, Quaker, Oatmeal, Real Medleys, Peach Almond, Dry",,24.1,6.99
173925,"Cereals, Quaker, Oatmeal, Real Medleys, Cherry Pistachio, Dry",,24.1,6.99
173926,"Cereals, Quaker, Instant Oatmeal, Weight Control, Cinnamon",,24.1,6.99
173927,"Cereals Ready-To-Eat, Mom'S Best, Sweetened Wheat-Fuls",11.5 ounces,,3.99
173928,"Apples, Raw, Without Skin, Cooked, Boiled",,16,2.99
173929,"Apples, Raw, Without Skin, Cooked, Microwave",,16,2.99
173930,"Apples, Canned, Sweetened, Sliced, Drained, Heated",,14.5,1.79
173931,"Apples, Dehydrated (Low Moisture), Sulfured, Uncooked",,2.7,5.79
173932,"Apples, Frozen, Unsweetened, Heated (Includes Foods for Usda'S Food Distribution Program)",,7,1.49
173933,"Apple Juice, Canned or Bottled, Unsweetened, Without Added Ascorbic Acid",6 bottles,8,5.49
173934,"Apple Juice, Frozen Concentrate, Unsweetened, Undiluted, Without Added Ascorbic Acid",,12,1.99
173935,"Apple Juice, Frozen Concentrate, Unsweetened, Diluted with 3 Volume Water Without Added Ascorbic Acid",,12,1.99
173936,"Apricots, Canned, Water Pack, Without Skin, Solids and Liquids",,15.25,2.19
173937,"Apricots, Canned, Juice Pack, with Skin, Solids and Liquids",,15.25,2.19
173938,"Apricots, Canned, Extra Light Syrup Pack, with Skin, Solids and Liquids (Includes Foods for Usda'S Food Distribution Program)",,11.3,0.79
173939,"Apricots, Canned, Light Syrup Pack, with Skin, Solids and Liquids",,15.25,2.19
173940,"Apricots, Dehydrated (Low-Moisture), Sulfured, Stewed",,16,8.99
173941,"Apricots, Dried, Sulfured, Uncooked",,6,4.79
173942,"Apricots, Dried, Sulfured, Stewed, Without Added Sugar",,6,4.79
173943,"Apricots, Dried, Sulfured, Stewed, with Added Sugar",,6,4.79
173944,"Bananas, Raw",2 lb,32,5.99
173945,"Bananas, Dehydrated, or Banana Powder",,1.2,5.99
173946,"Blackberries, Raw",,12,7.29
173947,"Blackberry Juice, Canned",,64,3.79
173948,"Blueberries, Canned, Heavy Syrup, Solids and Liquids",,8,1.29
173949,"Blueberries, Wild, Frozen (Includes Foods for Usda'S Food Distribution Program)",10 ct,,9.99
173950,"Blueberries, Frozen, Unsweetened (Includes Foods for Usda'S Food Distribution Program)",,48,9.99
173951,"Blueberries, Frozen, Sweetened",,48,9.99
173952,"Carissa, (Natal-Plum), Raw",,,
173953,"Cherimoya, Raw",,,
173954,"Cherries, Sour, Red, Raw",30 ct,,17.99
173955,"Cherries, Sour, Red, Canned, Water Pack, Solids and Liquids",30 ct,,17.99
173956,"Cherries, Sour, Red, Canned, Light Syrup Pack, Solids and Liquids",30 ct,,17.99
173957,"Cherries, Sweet, Canned, Water Pack, Solids and Liquids",,16,3.49
173958,"Cherries, Sweet, Canned, Juice Pack, Solids and Liquids",,16,3.49
173959,"Cherries, Sweet, Canned, Light Syrup Pack, Solids and Liquids",,16,3.49
173960,"Cherries, Sweet, Canned, Pitted, Heavy Syrup Pack, Solids and Liquids",,16,3.49
173961,"Cranberry Sauce, Canned, Sweetened",,14,2.99
173962,"Cranberry-Orange Relish, Canned",,,
173963,"Currants, European Black, Raw",,33,9.99
173964,"Currants, Red and White, Raw",,10,3.79
173965,"Beef, Australian, Imported, Grass-Fed, Loin, Tenderloin Steak/Roast, Boneless, Separable Lean Only, Raw",750 ml,,8.99
173966,"Beef, Australian, Imported, Wagyu, Loin, Tenderloin Steak/Roast, Boneless, Separable Lean Only, Aust. Marble Score 4/5, Raw",750 ml,,8.99
173967,"Beef, Australian, Imported, Wagyu, External Fat, Aust. Marble Score 9, Raw",750 ml,,8.99
173968,"Beef, Australian, Imported, Wagyu, Seam Fat, Aust. Marble Score 9, Raw",,,
173969,"Beef, Australian, Imported, Grass-Fed, Loin, Tenderloin Steak/Roast, Boneless, Separable Lean and Fat, Raw",750 ml,,8.99
173970,"Beef, Australian, Imported, Grass-Fed, Loin, Top Loin Steak/Roast, Boneless, Separable Lean Only, Raw",750 ml,,8.99
173971,"Beef, Australian, Imported, Grass-Fed, Round, Bottom Round Steak/Roast, Boneless, Separable Lean Only, Raw",750 ml,,8.99
173972,"Beef, Australian, Imported, Grass-Fed, Round, Top Round Cap-Off Steak/Roast, Boneless, Separable Lean Only, Raw",750 ml,,8.99
173973,"Beef, Australian, Imported, Wagyu, Loin, Tenderloin Steak/Roast, Boneless, Separable Lean Only, Aust. Marble Score 9, Raw",750 ml,,8.99
173974,"Beef, Australian, Imported, Wagyu, Loin, Top Loin Steak/Roast, Boneless, Separable Lean Only, Aust. Marble Score 4/5, Raw",750 ml,,8.99
173975,"Beef, Australian, Imported, Grass-Fed, Rib, Ribeye Steak/Roast Lip-On, Boneless, Separable Lean and Fat, Raw",750 ml,,8.99
173976,"Beef, Australian, Imported, Grass-Fed, Round, Bottom Round Steak/Roast, Boneless, Separable Lean and Fat, Raw",750 ml,,8.99
173977,"Beef, Australian, Imported, Grass-Fed, Round, Top Round Cap-Off Steak/Roast, Boneless, Separable Lean and Fat, Raw",750 ml,,8.99
173978,"Beef, Australian, Imported, Wagyu, Loin, Top Loin Steak/Roast, Boneless, Separable Lean and Fat, Aust. Marble Score 4/5, Raw",750 ml,,8.99
173979,"Beef, Australian, Imported, Wagyu, Loin, Top Loin Steak/Roast, Separable Lean and Fat, Aust. Marble Score 9, Raw",750 ml,,8.99
173980,"Beef, Round, Top Round Steak, Boneless, Separable Lean and Fat, Trimmed To 0"" Fat, Choice, Raw",1 lb,16,11.99
173981,"Beef, Round, Top Round Steak, Boneless, Separable Lean and Fat, Trimmed To 0"" Fat, Select, Raw",1 lb,16,11.99
173982,"Beef, Round, Top Round Roast, Boneless, Separable Lean and Fat, Trimmed To 0"" Fat, All Grades, Raw",1 lb,16,11.99
173983,"Beef, Round, Top Round Roast, Boneless, Separable Lean and Fat, Trimmed To 0"" Fat, Choice, Raw",1 lb,16,11.99
173984,"Beef, Round, Eye of Round Steak, Boneless, Separable Lean and Fat, Trimmed To 0"" Fat, All Grades, Raw",1 lb,16,11.99
173985,"Beef, Round, Eye of Round Steak, Boneless Separable Lean and Fat, Trimmed To 0"" Fat, Choice, Raw",1 lb,16,11.99
173986,"Beef, Round, Eye of Round Steak, Boneless, Separable Lean and Fat, Trimmed To 0"" Fat, Select, Raw",1 lb,16,11.99
173987,"Beef, Loin, Tenderloin Roast, Boneless, Separable Lean and Fat, Trimmed To 0"" Fat, All Grades, Raw",,23,9.99
173988,"Beef, Loin, Tenderloin Steak, Boneless, Separable Lean and Fat, Trimmed To 0"" Fat, All Grades, Raw",,23,9.99
173989,"Beef, Loin, Tenderloin Steak, Boneless, Separable Lean and Fat, Trimmed To 0"" Fat, Choice, Raw",,23,9.99
173990,"Beef, Loin, Tenderloin Steak, Boneless, Separable Lean and Fat, Trimmed To 0"" Fat, Select, Raw",,23,9.99
173991,"Beef, Loin, Tenderloin Roast, Boneless, Separable Lean and Fat, Trimmed To 0"" Fat, All Grades, Cooked, Roasted",,23,9.99
173992,"Beef, Round, Top Round Roast, Boneless, Separable Lean and Fat, Trimmed To 0"" Fat, Select, Cooked, Roasted",1 lb,16,11.99
173993,"Beef, Round, Eye of Round Steak, Boneless, Separable Lean and Fat, Trimmed To 0"" Fat, All Grades, Cooked, Grilled",1 lb,16,11.99
173994,"Beef, Round, Eye of Round Steak, Boneless, Separable Lean and Fat, Trimmed To 0"" Fat, Choice, Cooked, Grilled",1 lb,16,11.99
173995,"Beef, Round, Eye of Round Steak, Boneless, Separable Lean and Fat, Trimmed To 0"" Fat, Select, Cooked, Grilled",1 lb,16,11.99
173996,"Beef, Round, Top Round Roast, Boneless, Separable Lean Only, Trimmed To 0"" Fat, Choice, Raw",1 lb,16,11.99
173997,"Beef, Round, Top Round Roast, Boneless, Separable Lean Only, Trimmed To 0"" Fat, Select, Raw",1 lb,16,11.99
173998,"Beef, Round, Eye of Round Roast, Boneless, Separable Lean Only, Trimmed To 0"" Fat, All Grades, Raw",1 lb,16,11.99
173999,"Beef, Round, Eye of Round Roast, Boneless, Separable Lean Only, Trimmed To 0"" Fat, Choice, Raw",1 lb,16,11.99
174000,"Beef, Loin, Tenderloin Roast, Boneless, Separable Lean Only, Trimmed To 0"" Fat, Choice, Raw",,23,9.99
174001,"Beef, Loin, Tenderloin Roast, Boneless, Separable Lean Only, Trimmed To 0"" Fat, Select, Raw",,23,9.99
174002,"Beef, Loin, Top Loin Steak, Boneless, Lip Off, Separable Lean Only, Trimmed To 0"" Fat, All Grades, Raw",,23,9.99
174003,"Beef, Loin, Top Loin Steak, Boneless, Lip Off, Separable Lean Only, Trimmed To 0"" Fat, Choice, Raw",,23,9.99
174004,"Beef, Loin, Tenderloin Roast, Boneless, Separable Lean Only, Trimmed To 0"" Fat, All Grades, Cooked, Roasted",,23,9.99
174005,"Beef, Loin, Tenderloin Roast, Boneless, Separable Lean Only, Trimmed To 0"" Fat, Choice, Cooked, Roasted",,23,9.99
174006,"Beef, Loin, Tenderloin Roast, Separable Lean Only, Boneless, Trimmed To 0"" Fat, Select, Cooked, Roasted",,23,9.99
174007,"Beef, Round, Top Round Roast, Boneless, Separable Lean Only, Trimmed To 0"" Fat, All Grades, Cooked, Roasted",1 lb,16,11.99
174008,"Beef, Round, Eye of Round Steak, Boneless, Separable Lean Only, Trimmed To 0"" Fat, Select, Cooked, Grilled",1 lb,16,11.99
174009,"Beef, Loin, Top Loin Steak, Boneless, Lip-On, Separable Lean Only, Trimmed To 1/8"" Fat, Select, Raw",,23,9.99
174010,"Beef, Loin, Top Loin Steak, Boneless, Lip-On, Separable Lean Only, Trimmed To 1/8"" Fat, Choice, Raw",,23,9.99
174011,"Beef, Loin, Top Loin Steak, Boneless, Lip-On, Separable Lean Only, Trimmed To 1/8"" Fat, All Grades, Raw",,23,9.99
174012,"Beef, Composite of Trimmed Retail Cuts, Separable Lean Only, Trimmed To 1/8"" Fat, Choice, Raw",,,
174013,"Beef Composite, Separable Lean Only, Trimmed To 1/8"" Fat, Choice, Cooked",,,
174014,"Beef, Composite of Trimmed Retail Cuts, Separable Lean and Fat, Trimmed To 0"" Fat, Choice, Raw",,,
174015,"Beef, Composite of Trimmed Retail Cuts, Separable Lean Only, Trimmed To 0"" Fat, Choice, Raw",,,
174016,"Beef, Chuck, Mock Tender Steak, Separable Lean Only, Trimmed To 0"" Fat, All Grades, Cooked, Broiled",1 lb,16,12.99
174017,"Beef, Chuck, Top Blade, Separable Lean Only, Trimmed To 0"" Fat, All Grades, Cooked, Broiled",1 lb,16,12.99
174018,"Beef, Chuck, Clod Roast, Separable Lean Only, Trimmed To 1/4"" Fat, All Grades, Raw",1 lb,16,12.99
174019,"Beef, Chuck, Clod Roast, Separable Lean Only, Trimmed To 0"" Fat, All Grades, Cooked, Roasted",1 lb,16,12.99
174020,"Beef, Chuck, Mock Tender Steak, Separable Lean and Fat, Trimmed To 0"" Fat, Usda Select, Cooked, Broiled",1 lb,16,12.99
174021,"Beef, Chuck, Top Blade, Separable Lean and Fat, Trimmed To 0"" Fat, Choice, Cooked, Broiled",1 lb,16,12.99
174022,"Beef, Chuck, Top Blade, Separable Lean and Fat, Trimmed To 0"" Fat, Select, Cooked, Broiled",1 lb,16,12.99
174023,"Beef, Chuck, Clod Roast, Separable Lean and Fat, Trimmed To 0"" Fat, Choice, Cooked, Roasted",1 lb,16,12.99
174024,"Beef, Loin, Bottom Sirloin Butt, Tri-Tip Steak, Separable Lean and Fat, Trimmed To 0"" Fat, All Grades, Cooked, Broiled",,23,9.99
174025,"Beef, Chuck, Mock Tender Steak, Separable Lean and Fat, Trimmed To 0"" Fat, All Grades, Cooked, Broiled",1 lb,16,12.99
174026,"Beef, Chuck, Top Blade, Separable Lean and Fat, Trimmed To 0"" Fat, All Grades, Cooked, Broiled",1 lb,16,12.99
174027,"Beef, Chuck, Clod Roast, Separable Lean and Fat, Trimmed To 0"" Fat, All Grades, Cooked, Roasted",1 lb,16,12.99
174028,"Beef, Ground, 95% Lean Meat / 5% Fat, Crumbles, Cooked, Pan-Browned",1 lb,16,9.49
174029,"Beef, Ground, 95% Lean Meat / 5% Fat, Loaf, Cooked, Baked",1 lb,16,9.49
174030,"Beef, Ground, 90% Lean Meat / 10% Fat, Raw",1 lb,16,9.49
174031,"Beef, Ground, 90% Lean Meat / 10% Fat, Patty, Cooked, Broiled",1 lb,16,9.49
174032,"Beef, Ground, 85% Lean Meat / 15% Fat, Patty, Cooked, Broiled",1 lb,16,9.49
174033,"Beef, Ground, 85% Lean Meat / 15% Fat, Patty, Cooked, Pan-Broiled",1 lb,16,9.49
174034,"Beef, Ground, 85% Lean Meat / 15% Fat, Crumbles, Cooked, Pan-Browned",1 lb,16,9.49
174035,"Beef, Ground, 85% Lean Meat / 15% Fat, Loaf, Cooked, Baked",1 lb,16,9.49
174036,"Beef, Ground, 80% Lean Meat / 20% Fat, Raw",1 lb,16,9.49
174037,"Beef, Ground, 75% Lean Meat / 25% Fat, Raw",1 lb,16,9.49
174038,"Beef, Ground, 75% Lean Meat / 25% Fat, Patty, Cooked, Broiled",1 lb,16,9.49
174039,"Beef, Ground, 75% Lean Meat / 25% Fat, Patty, Cooked, Pan-Broiled",1 lb,16,9.49
174040,"Beef, Ground, 75% Lean Meat / 25% Fat, Crumbles, Cooked, Pan-Browned",1 lb,16,9.49
174041,"Beef, Short Loin, Top Loin, Steak, Separable Lean Only, Trimmed To 1/8"" Fat, Select, Raw",,,
174042,"Beef, Rib, Small End (Ribs 10-12), Separable Lean Only, Trimmed To 1/8"" Fat, Select, Cooked, Broiled",1 lb,16,8.99
174043,"Beef, Tenderloin, Steak, Separable Lean Only, Trimmed To 1/8"" Fat, Select, Cooked, Broiled",,6,7.00
174044,"Beef, Top Sirloin, Steak, Separable Lean Only, Trimmed To 1/8"" Fat, Select, Cooked, Broiled",,8,9.99
174045,"Beef, Round, Bottom Round, Steak, Separable Lean Only, Trimmed To 1/8"" Fat, Select, Cooked, Braised",1 lb,16,11.99
174046,"Beef, Round, Bottom Round, Roast, Separable Lean Only, Trimmed To 1/8"" Fat, All Grades, Raw",1 lb,16,11.99
174047,"Beef, Brisket, Flat Half, Separable Lean Only, Trimmed To 1/8"" Fat, All Grades, Cooked, Braised",1 lb,16,6.99
174048,"Beef, Brisket, Flat Half, Separable Lean Only, Trimmed To 1/8"" Fat, All Grades, Raw",1 lb,16,6.99
174049,"Beef, Round, Eye of Round, Roast, Separable Lean Only, Trimmed To 1/8"" Fat, All Grades, Raw",1 lb,16,11.99
174050,"Beef, Chuck, Arm Pot Roast, Separable Lean Only, Trimmed To 1/8"" Fat, All Grades, Cooked, Braised",1 lb,16,12.99
174051,"Beef, Chuck, Arm Pot Roast, Separable Lean Only, Trimmed To 1/8"" Fat, All Grades, Raw",1 lb,16,12.99
174052,"Beef, Round, Bottom Round, Roast, Separable Lean Only, Trimmed To 1/8"" Fat, All Grades, Cooked",1 lb,16,11.99
174053,"Beef, Round, Bottom Round, Steak, Separable Lean Only, Trimmed To 1/8"" Fat, All Grades, Cooked, Braised",1 lb,16,11.99
174054,"Beef, Top Sirloin, Steak, Separable Lean Only, Trimmed To 1/8"" Fat, All Grades, Cooked, Broiled",,8,9.99
174055,"Beef, Top Sirloin, Steak, Separable Lean Only, Trimmed To 1/8"" Fat, All Grades, Raw",,8,9.99
174056,"Beef, Chuck, Arm Pot Roast, Separable Lean Only, Trimmed To 1/8"" Fat, Choice, Raw",1 lb,16,12.99
174057,"Beef, Brisket, Flat Half, Separable Lean Only, Trimmed To 1/8"" Fat, Choice, Raw",1 lb,16,6.99
174058,"Beef, Round, Bottom Round, Roast, Separable Lean Only, Trimmed To 1/8"" Fat, Choice, Raw",1 lb,16,11.99
174059,"Beef, Round, Bottom Round, Roast, Separable Lean Only, Trimmed To 1/8"" Fat, Choice, Cooked, Roasted",1 lb,16,11.99
174060,"Beef, Round, Eye of Round, Roast, Separable Lean Only, Trimmed To 1/8"" Fat, Choice, Cooked, Roasted",1 lb,16,11.99
174061,"Beef, Round, Top Round, Steak, Separable Lean Only, Trimmed To 1/8"" Fat, Choice, Cooked, Broiled",1 lb,16,11.99
174062,"Soup, Clam Chowder, New England, Canned, Ready-To-Serve",,18.5,2.79
174063,"Soup, Clam Chowder, New England, Reduced Sodium, Canned, Ready-To-Serve",,18.5,2.79
174064,"Soup, Chicken Noodle, Reduced Sodium, Canned, Ready-To-Serve",,10.5,1.99
174065,"Soup, Beef and Vegetables, Reduced Sodium, Canned, Ready-To-Serve",,18.8,2.99
174066,"Sauce, Sweet and Sour, Ready-To-Serve",,10,1.99
174067,"Sauce, Cocktail, Ready-To-Serve",,12,1.99
174068,"Dip, Salsa Con Queso, Cheese and Salsa- Medium",,11,4.59
174069,"Dip, Tostitos, Salsa Con Queso, Medium",,15.5,4.99
174070,"Sauce, Peanut, Made From Peanut Butter, Water, Soy Sauce",,11.5,4.79
174071,"Soup, Chunky Vegetable, Reduced Sodium, Canned, Ready-To-Serve",,18.8,2.99
174072,"Gravy, Heinz Home Style, Classic Chicken",,,
174073,"Soup, Beef Barley, Ready To Serve",,19,2.79
174074,"Sauce, Enchilada, Red, Mild, Ready To Serve",,28,3.19
174075,"Bread, Chapati or Roti, Whole Wheat, Commercially Prepared, Frozen",,,
174076,"Bread, Paratha, Whole Wheat, Commercially Prepared, Frozen",,,
174077,"Bread, Naan, Whole Wheat, Commercially Prepared, Refrigerated",,10.6,6.49
174078,"Bread, Roll, Mexican, Bollilo",12 ct,1,5.00
174079,"Cookie, Butter or Sugar, with Chocolate Icing or Filling",,4.2,6.49
174080,"Cookie, Chocolate, with Icing or Coating",12 count,,3.99
174081,"Tortillas, Ready-To-Bake or -Fry, Whole Wheat",,6.25,4.99
174082,"Cake, Snack Cakes, Creme-Filled, Chocolate with Frosting, Low-Fat, with Added Fiber",8 count,,3.69
174083,"Cookies, Graham Crackers, Plain or Honey, Lowfat",20 ct,1,10.99
174084,"Crackers, Cheese, Whole Grain",,12.4,2.99
174085,"Waffles, Whole Wheat, Lowfat, Frozen, Ready-To-Heat",40 ct,,4.99
174086,"Pancakes, Plain, Reduced Fat",,,
174087,"Cookies, Shortbread, Reduced Fat",,11.3,4.19
174088,"Cookies, Sugar Wafer, Chocolate-Covered",,8,1.99
174089,"Rolls, Hamburger or Hot Dog, Wheat/Cracked Wheat",,14.3,6.99
174090,"Rolls, Hamburger or Hot Dog, Whole Wheat",,14.3,6.99
174091,"Bread, French or Vienna, Whole Wheat",,,
174092,"Bagels, Whole Grain White",4 ct,,7.99
174093,"English Muffins, Whole Grain White",6 ct,13,3.99
174094,"Rolls, Hamburger, Whole Grain White, Calcium-Fortified",4 ct,10.4,4.99
174095,"Cookies, Chocolate Chip Sandwich, with Creme Filling",20 ct,1,10.99
174096,"Cookies, Chocolate, Made with Rice Cereal",12 count,,3.99
174097,"Cookies, Marshmallow, with Rice Cereal and Chocolate Chips",,1.95,2.19
174098,"Crackers, Flavored, Fish-Shaped",8 ct,1.38,3.99
174099,"Bread, Gluten-Free, White, Made with Potato Extract, Rice Starch, and Rice Flour",,18,5.99
174100,"Bread, Gluten-Free, White, Made with Rice Flour, Corn Starch, And/Or Tapioca",,18,5.99
174101,"Bread, Gluten-Free, White, Made with Tapioca Starch and Brown Rice Flour",,18,5.99
174102,"Bread, Gluten-Free, Whole Grain, Made with Tapioca Starch and Brown Rice Flour",,18,5.99
174103,"Crackers, Gluten-Free, Multigrain and Vegetable, Made with Corn Starch and White Rice Flour",,3.5,4.29
174104,"Crackers, Gluten-Free, Multi-Seeded and Multigrain",,3.5,4.29
174105,"Waffles, Gluten-Free, Frozen, Ready-To-Heat",,16,6.29
174106,"Pancakes, Gluten-Free, Frozen, Ready-To-Heat",,16,6.29
174107,"Rolls, Dinner, Sweet",7 ct,14,2.49
174108,"Beverages, Energy Drink, Citrus",,15.5,2.99
174109,"Alcoholic Beverage, Wine, Table, Red, Mouvedre",,16.9,3.99
174110,"Alcoholic Beverage, Wine, Table, White, Chardonnay",,16.9,3.99
174111,"Beverages, Kiwi Strawberry Juice Drink",,16,1.79
174112,"Beverages, Apple Juice Drink, Light, Fortified with Vitamin C",8 pk,6,4.49
174113,"Beverages, Powerade, Zero, Mixed Berry",,28,1.50
174114,"Beverages, Carob-Flavor Beverage Mix, Powder",,,
174115,"Beverages, Carob-Flavor Beverage Mix, Powder, Prepared with Whole Milk",,,
174116,"Beverages, Coconut Milk, Sweetened, Fortified with Calcium, Vitamins A, B12, D2",,9.8,2.69
174117,"Beverages, Chocolate Syrup",,16.5,6.49
174118,"Beverages, Chocolate Syrup, Prepared with Whole Milk",,16.5,6.49
174119,"Beverages, Coffee, Ready To Drink, Iced, Mocha, Milk Based",10 ct,,9.99
174120,"Beverages, Tea, Oolong, Brewed",18 ct,,6.99
174121,"Beverages, Tea, Green, Ready-To-Drink, Citrus, Diet, Fortified with Vitamin C",18 ct,,6.99
174122,"Beverages, Cocoa Mix, Powder",,1.38,8.99
174123,"Beverages, Cocoa Mix, Powder, Prepared with Water",,1.38,8.99
174124,"Beverages, Cocoa Mix, Nestle, Hot Cocoa Mix Rich Chocolate with Marshmallows",,1.38,8.99
174125,"Beverages, Coffee, Brewed, Espresso, Restaurant-Prepared, Decaffeinated",10 ct,,9.99
174126,"Beverages, Coffee, Instant, Regular, Half the Caffeine",10 ct,,9.99
174127,"Beverages, Coffee and Cocoa, Instant, Decaffeinated, with Whitener and Low Calorie Sweetener",10 ct,,12.49
174128,"Beverages, Tea, Green, Ready-To-Drink, Sweetened",18 ct,,6.99
174129,"Beverages, Tea, Ready-To-Drink, Lemon, Diet",18 ct,,6.99
174130,"Beverages, Coffee, Instant, Regular, Prepared with Water",10 ct,,9.99
174131,"Beverages, Aloe Vera Juice Drink, Fortified with Vitamin C",,33.8,5.99
174132,"Beverages, Ocean Spray, Cran Grape",,64,3.79
174133,"Beverages, Coffee, Instant, Decaffeinated, Powder",10 ct,,9.99
174134,"Beverages, Coffee, Instant, Chicory",10 ct,,9.99
174135,"Beverages, Coffee, Instant, Mocha, Sweetened",10 ct,,9.99
174136,"Beverages, Ocean Spray, Light Cranberry and Raspberry Flavored Juice",,64,3.79
174137,"Beverages, Ocean Spray, White Cranberry Strawberry Flavored Juice Drink",,64,3.79
174138,"Beverages, Coffee Substitute, Cereal Grain Beverage, Powder",,10,9.99
174139,"Beverages, Coffee Substitute, Cereal Grain Beverage, Prepared with Water",,10,9.99
174140,"Beverages, Cranberry-Apple Juice Drink, Bottled",,64,3.79
174141,"Alcoholic Beverage, Malt Beer, Hard Lemonade",4 bottles,11.2,7.99
174142,"Beverages, Cranberry-Apricot Juice Drink, Bottled",,64,3.79
174143,"Beverages, Tea, Green, Instant, Decaffeinated, Lemon, Unsweetened, Fortified with Vitamin C",18 ct,,6.99
174144,"Beverages, Tea, Black, Ready To Drink",18 ct,,6.99
174145,"Alcoholic Beverage, Beer, Light, Higher Alcohol",6 bottles,12,12.99
174146,"Beverages, Amber, Hard Cider",4 pk,8.4,7.99
174147,"Beverages, Ocean Spray, Cran Cherry",,64,3.79
174148,"Beverages, Ocean Spray, Light Cranberry",,64,3.79
174149,"Beverages, Ocean Spray, White Cranberry Peach",,64,3.79
174150,"Beverages, Ocean Spray, Light Cranberry, Concord Grape",,64,3.79
174151,"Beverages, Fruit Punch Drink, with Added Nutrients, Canned",8 pk,6,4.49
174152,"Beverages, Fruit Punch Drink, Frozen Concentrate",8 pk,6,4.49
174153,"Beverages, Fruit Punch Drink, Frozen Concentrate, Prepared with Water",8 pk,6,4.49
174154,"Beverages, Coffee, Instant, Vanilla, Sweetened, Decaffeinated, with Non Dairy Creamer",10 ct,,9.99
174155,"Beverages, Tea, Black, Brewed, Prepared with Distilled Water",18 ct,,6.99
174156,"Beverages, Tea, Herb, Brewed, Chamomile",18 ct,,6.99
174157,"Beverages, Wine, Non-Alcoholic",6 bottles,12,12.99
174158,"Water, Bottled, Generic",,14,16.99
174159,"Beverages, Chocolate-Flavor Beverage Mix for Milk, Powder, with Added Nutrients",,11.04,3.69
174160,"Beverages, Chocolate-Flavor Beverage Mix for Milk, Powder, with Added Nutrients, Prepared with Whole Milk",,11.04,3.69
174161,"Beverages, Water with Added Vitamins and Minerals, Bottles, Sweetened, Assorted Fruit Flavors",6 pk,8.4,7.99
174162,"Beverages, V8 Splash Juice Drinks, Diet Berry Blend",,,
174163,"Beverages, V8 Splash Juice Drinks, Diet Fruit Medley",,,
174164,"Beverages, V8 Splash Juice Drinks, Diet Strawberry Kiwi",,64,2.49
174165,"Beverages, V8 Splash Juice Drinks, Mango Peach",,,
174166,"Beverages, V8 Splash Juice Drinks, Orange Pineapple",,,
174167,"Beverages, V8 Splash Juice Drinks, Orchard Blend",,64,2.49
174168,"Beverages, V8 Splash Juice Drinks, Strawberry Banana",,64,2.49
174169,"Beverages, V8 V-Fusion Juices, Tropical",,64,2.49
174170,"Beverages, V8 V- Fusion Juices, Acai Berry",,64,2.49
174171,"Beverages, Energy Drink, Amp",,15.5,2.99
174172,"Beverages, Energy Drink, Full Throttle",,15.5,2.99
174173,"Beverages, Vegetable and Fruit Juice Drink, Reduced Calorie, with Low-Calorie Sweetener, Added Vitamin C",,12,3.99
174174,"Beverages, Milk Beverage, Reduced Fat, Flavored and Sweetened, Ready-To-Drink, Added Calcium, Vitamin a and Vitamin D",,9.8,2.69
174175,"Beverages, Vegetable and Fruit Juice Blend, 100% Juice, with Added Vitamins A, C, E",,46,4.49
174176,"Beverages, Fruit Juice Drink, Reduced Sugar, with Vitamin E Added",8 pk,6,4.49
174177,"Beverages, Energy Drink, Vault Zero, Sugar-Free, Citrus Flavor",,15.5,2.99
174178,"Beverages, Pepsico Quaker, Gatorade G2, Low Calorie",,,
174179,"Beverages, Fruit Flavored Drink, Less Than 3% Juice, Not Fortified with Vitamin C",10 ct,,3.79
174180,"Beverages, Fruit Flavored Drink Containing Less Than 3% Fruit Juice, with High Vitamin C",,,
174181,"Beverages, Nutritional Shake Mix, High Protein, Powder",4 bottles,10,13.79
174182,"Fish, Anchovy, European, Raw",,3.75,1.19
174183,"Fish, Anchovy, European, Canned in Oil, Drained Solids",,3.75,1.19
174184,"Fish, Bass, Fresh Water, Mixed Species, Raw",1 lb,16,9.99
174185,"Fish, Carp, Cooked, Dry Heat",60 ct,,22.99
174186,"Fish, Catfish, Channel, Wild, Raw",1 lb,16,8.99
174187,"Fish, Catfish, Channel, Cooked, Breaded and Fried",1 lb,16,8.99
174188,"Fish, Caviar, Black and Red, Granular",1.5l,,20.99
174189,"Fish, Cod, Atlantic, Canned, Solids and Liquid",4 pk,11.6,8.99
174190,"Fish, Cod, Atlantic, Dried and Salted",4 pk,11.6,8.99
174191,"Fish, Cod, Pacific, Raw (May Have Been Previously Frozen)",4 pk,11.6,8.99
174192,"Fish, Croaker, Atlantic, Raw",,10,3.49
174193,"Fish, Eel, Mixed Species, Raw",90 ct,,37.99
174194,"Fish, Eel, Mixed Species, Cooked, Dry Heat",90 ct,,37.99
174195,"Fish, Fish Sticks, Frozen, Prepared",44 ct,24.5,7.99
174196,"Fish, Flatfish (Flounder and Sole Species), Raw",,,
174197,"Fish, Flatfish (Flounder and Sole Species), Cooked, Dry Heat",32 ounces,,14.49
174198,"Fish, Haddock, Cooked, Dry Heat",32 ounces,,14.49
174199,"Fish, Haddock, Smoked",32 ounces,,14.49
174200,"Fish, Halibut, Atlantic and Pacific, Raw",12 ounces,,17.99
174201,"Fish, Halibut, Atlantic and Pacific, Cooked, Dry Heat",12 ounces,,17.99
174202,"Crustaceans, Crab, Alaska King, Cooked, Moist Heat",8 ounces,,3.79
174203,"Crustaceans, Crab, Alaska King, Imitation, Made From Surimi",8 ounces,,3.79
174204,"Crustaceans, Crab, Blue, Raw",8 ounces,,3.79
174205,"Crustaceans, Crab, Blue, Cooked, Moist Heat",8 ounces,,3.79
174206,"Crustaceans, Crayfish, Mixed Species, Wild, Raw",1 ct,,6.99
174207,"Crustaceans, Crayfish, Mixed Species, Wild, Cooked, Moist Heat",,,
174208,"Crustaceans, Lobster, Northern, Raw",4 pk,11.6,8.99
174209,"Crustaceans, Lobster, Northern, Cooked, Moist Heat",4 pk,11.6,8.99
174210,"Crustaceans, Shrimp, Mixed Species, Raw (May Contain Additives To Retain Moisture)",,,
174211,"Crustaceans, Spiny Lobster, Mixed Species, Raw",1 ct,,6.99
174212,"Mollusks, Abalone, Mixed Species, Raw",,,
174213,"Mollusks, Abalone, Mixed Species, Cooked, Fried",,,
174214,"Mollusks, Clam, Mixed Species, Raw",1 ct,,20.99
174215,"Mollusks, Cuttlefish, Mixed Species, Raw",,,
174216,"Mollusks, Mussel, Blue, Raw",,,
174217,"Mollusks, Mussel, Blue, Cooked, Moist Heat",,,
174218,"Mollusks, Octopus, Common, Raw",8in,,20.99
174219,"Mollusks, Oyster, Pacific, Raw",,,
174220,"Mollusks, Scallop, Mixed Species, Raw",,,
174221,"Mollusks, Scallop, Mixed Species, Cooked, Breaded and Fried",,,
174222,"Mollusks, Scallop, Mixed Species, Imitation, Made From Surimi",,,
174223,"Mollusks, Squid, Mixed Species, Raw",16 ounces,,19.99
174224,"Fish, Salmon, Chum, Canned, Without Salt, Drained Solids with Bone",11 ounces,,5.00
174225,"Fish, Salmon, Pink, Canned, Without Salt, Solids with Bone and Liquid",11 ounces,,5.00
174226,"Fish, Salmon, Sockeye, Canned, Without Salt, Drained Solids with Bone",11 ounces,,5.00
174227,"Fish, Tuna, Light, Canned in Oil, Without Salt, Drained Solids",,5,1.29
174228,"Fish, Bass, Striped, Cooked, Dry Heat",1 lb,16,9.99
174229,"Fish, Bluefish, Cooked, Dry Heat",,4,8.99
174230,"Fish, Burbot, Cooked, Dry Heat",10 ounces,,7.99
174231,"Fish, Butterfish, Cooked, Dry Heat",4 pk,11.6,8.99
174232,"Fish, Halibut, Greenland, Cooked, Dry Heat",,12,12.99
174233,"Fish, Herring, Pacific, Cooked, Dry Heat",,3.75,1.19
174234,"Fish, Ling, Cooked, Dry Heat",750 ml,,19.99
174235,"Fish, Lingcod, Cooked, Dry Heat",,,
174236,"Fish, Mackerel, King, Cooked, Dry Heat",,15,4.99
174237,"Fish, Pollock, Atlantic, Cooked, Dry Heat",8 ct,15.2,7.99
174238,"Fish, Pout, Ocean, Cooked, Dry Heat",90 ct,,34.99
174239,"Fish, Roe, Mixed Species, Cooked, Dry Heat",750 ml,,15.99
174240,"Fish, Sablefish, Cooked, Dry Heat",1 ct,,10.99
174241,"Fish, Scup, Cooked, Dry Heat",1 ct,,10.99
174242,"Fish, Seatrout, Mixed Species, Cooked, Dry Heat",,,
174243,"Fish, Shad, American, Cooked, Dry Heat",8 ounces,,5.00
174244,"Fish, Spot, Cooked, Dry Heat",1 ct,,6.49
174245,"Fish, Turbot, European, Cooked, Dry Heat",,,
174246,"Fish, Whitefish, Mixed Species, Cooked, Dry Heat",4 pk,11.6,8.99
174247,"Fish, Wolffish, Atlantic, Cooked, Dry Heat",1 ct,,10.99
174248,"Fish, Yellowtail, Mixed Species, Cooked, Dry Heat",750 ml,,8.99
174249,"Mollusks, Octopus, Common, Cooked, Moist Heat",8in,,20.99
174250,"Mollusks, Oyster, Pacific, Cooked, Moist Heat",,8,10.99
174251,"Fish, Roughy, Orange, Cooked, Dry Heat",1 lb,16,8.99
174252,"Lima Beans, Large, Mature Seeds, Raw",,16,2.49
174253,"Lima Beans, Large, Mature Seeds, Cooked, Boiled, Without Salt",,16,2.49
174254,"Lima Beans, Large, Mature Seeds, Canned",,16,2.49
174255,"Lima Beans, Thin Seeded (Baby), Mature Seeds, Raw",,,
174256,"Mung Beans, Mature Seeds, Raw",4 ct,15,4.79
174257,"Mung Beans, Mature Seeds, Cooked, Boiled, Without Salt",4 ct,15,4.79
174258,"Noodles, Chinese, Cellophane or Long Rice (Mung Beans), Dehydrated",,8.5,3.39
174259,"Mungo Beans, Mature Seeds, Raw",,,
174260,"Peanuts, All Types, Cooked, Boiled, with Salt",,,
174261,"Peanuts, All Types, Oil-Roasted, with Salt",,3,15.99
174262,"Peanuts, All Types, Dry-Roasted, with Salt",,8.5,5.99
174263,"Peanuts, Spanish, Raw",,12,1.99
174264,"Peanuts, Virginia, Oil-Roasted, with Salt",,14,4.29
174265,"Peanut Butter, Chunk Style, with Salt",,40,7.49
174266,"Peanut Butter, Smooth Style, with Salt (Includes Foods for Usda'S Food Distribution Program)",,16,4.99
174267,"Peanut Flour, Defatted",,16,7.79
174268,Meat Extender,,,
174269,"Sausage, Meatless",8 ct,12.8,7.49
174270,"Soybeans, Mature Seeds, Raw",,10,2.49
174271,"Soybeans, Mature Cooked, Boiled, Without Salt",,3.75,1.19
174272,Tempeh,,7,4.59
174273,"Soy Flour, Full-Fat, Raw",,,
174274,"Soy Flour, Full-Fat, Roasted",,,
174275,"Soy Flour, Defatted",,,
174276,Soy Protein Isolate,,24,29.99
174277,Soy Sauce Made From Soy and Wheat (Shoyu),,10,2.99
174278,Soy Sauce Made From Soy (Tamari),,10,2.99
174279,Soy Sauce Made From Hydrolyzed Vegetable Protein,1 / 2 gal,,3.69
174280,"Tofu, Salted and Fermented (Fuyu)",2 ct,,1.99
174281,"Yardlong Beans, Mature Seeds, Raw",,,
174282,"Yardlong Beans, Mature Seeds, Cooked, Boiled, Without Salt",,,
174283,"Winged Beans, Mature Seeds, Raw",,,
174284,"Lentils, Pink or Red, Raw",,,
174285,"Beans, Kidney, Red, Mature Seeds, Canned, Drained Solids",,15.5,1.00
174286,"Beans, Pinto, Canned, Drained Solids",,16,1.79
174287,"Veggie Burgers or Soyburgers, Unprepared",,,
174288,Chickpea Flour (Besan),,16,7.79
174289,"Hummus, Commercial",,10,3.99
174290,"Tofu, Extra Firm, Prepared with Nigari",,10.9,2.69
174291,"Tofu, Hard, Prepared with Nigari",2 ct,,1.99
174292,"Mori-Nu, Tofu, Silken, Soft",,10.9,2.69
174293,"Soymilk, Chocolate, Unfortified",6 ct,8,8.49
174294,"Peanut Butter, Smooth (Includes Foods for Usda'S Food Distribution Program)",,,
174295,"Soymilk, Chocolate, with Added Calcium, Vitamins a and D",6 ct,8,8.49
174296,"Refried Beans, Canned, Vegetarian",,16,2.19
174297,"Vitasoy Usa, Organic Nasoya Super Firm Cubed Tofu",,7,4.59
174298,"Refried Beans, Canned, Traditional, Reduced Sodium",,16,2.19
174299,"Soybeans, Mature Seeds, Cooked, Boiled, with Salt",,10,2.49
174300,"Soybeans, Mature Seeds, Roasted, No Salt Added",,10,2.49
174301,"Soy Protein Concentrate, Produced By Acid Wash",1.32 lb,21.12,28.99
174302,"Soy Protein Isolate, Potassium Type",1.32 lb,21.12,28.99
174303,"Tofu, Dried-Frozen (Koyadofu), Prepared with Calcium Sulfate",,,
174304,"Tofu, Fried, Prepared with Calcium Sulfate",2 ct,,1.99
174305,"Tofu, Salted and Fermented (Fuyu), Prepared with Calcium Sulfate",2 ct,,1.99
174306,"Yardlong Beans, Mature Seeds, Cooked, Boiled, with Salt",,,
174307,"Lamb, Composite of Trimmed Retail Cuts, Separable Lean Only, Trimmed To 1/4"" Fat, Choice, Raw",,,
174308,"Lamb, Composite of Trimmed Retail Cuts, Separable Lean Only, Trimmed To 1/4"" Fat, Choice, Cooked",1 lb,16,12.99
174309,"Lamb, Composite of Trimmed Retail Cuts, Separable Fat, Trimmed To 1/4"" Fat, Choice, Raw",,,
174310,"Lamb, Composite of Trimmed Retail Cuts, Separable Fat, Trimmed To 1/4"" Fat, Choice, Cooked",,,
174311,"Lamb, Leg, Whole (Shank and Sirloin), Separable Lean and Fat, Trimmed To 1/4"" Fat, Choice, Raw",16.4 ft,,22.29
174312,"Lamb, Leg, Whole (Shank and Sirloin), Separable Lean and Fat, Trimmed To 1/4"" Fat, Choice, Cooked, Roasted",16.4 ft,,22.29
174313,"Lamb, Leg, Whole (Shank and Sirloin), Separable Lean Only, Trimmed To 1/4"" Fat, Choice, Raw",16.4 ft,,22.29
174314,"Lamb, Leg, Whole (Shank and Sirloin), Separable Lean Only, Trimmed To 1/4"" Fat, Choice, Cooked, Roasted",16.4 ft,,22.29
174315,"Lamb, Leg, Shank Half, Separable Lean and Fat, Trimmed To 1/4"" Fat, Choice, Raw",16.4 ft,,22.29
174316,"Lamb, Leg, Sirloin Half, Separable Lean and Fat, Trimmed To 1/4"" Fat, Choice, Cooked, Roasted",16.4 ft,,22.29
174317,"Lamb, Leg, Sirloin Half, Separable Lean Only, Trimmed To 1/4"" Fat, Choice, Raw",16.4 ft,,22.29
174318,"Lamb, Leg, Sirloin Half, Separable Lean Only, Trimmed To 1/4"" Fat, Choice, Cooked, Roasted",16.4 ft,,22.29
174319,"Lamb, Loin, Separable Lean and Fat, Trimmed To 1/4"" Fat, Choice, Raw",1 lb,16,15.99
174320,"Lamb, Loin, Separable Lean Only, Trimmed To 1/4"" Fat, Choice, Cooked, Roasted",1 lb,16,15.99
174321,"Lamb, Rib, Separable Lean and Fat, Trimmed To 1/4"" Fat, Choice, Raw",1 lb,16,23.99
174322,"Lamb, Rib, Separable Lean and Fat, Trimmed To 1/4"" Fat, Choice, Cooked, Broiled",1 lb,16,23.99
174323,"Lamb, Rib, Separable Lean and Fat, Trimmed To 1/4"" Fat, Choice, Cooked, Roasted",1 lb,16,23.99
174324,"Lamb, Shoulder, Whole (Arm and Blade), Separable Lean and Fat, Trimmed To 1/4"" Fat, Choice, Cooked, Broiled",1 lb,16,12.99
174325,"Lamb, Shoulder, Whole (Arm and Blade), Separable Lean and Fat, Trimmed To 1/4"" Fat, Choice, Cooked, Roasted",1 lb,16,12.99
174326,"Lamb, Shoulder, Whole (Arm and Blade), Separable Lean Only, Trimmed To 1/4"" Fat, Choice, Raw",1 lb,16,12.99
174327,"Lamb, Shoulder, Whole (Arm and Blade), Separable Lean Only, Trimmed To 1/4"" Fat, Choice, Cooked, Braised",1 lb,16,12.99
174328,"Lamb, Shoulder, Arm, Separable Lean and Fat, Trimmed To 1/4"" Fat, Choice, Cooked, Broiled",1 lb,16,12.99
174329,"Lamb, Shoulder, Arm, Separable Lean and Fat, Trimmed To 1/4"" Fat, Choice, Cooked, Roasted",1 lb,16,12.99
174330,"Lamb, Shoulder, Arm, Separable Lean Only, Trimmed To 1/4"" Fat, Choice, Raw",1 lb,16,12.99
174331,"Lamb, Shoulder, Arm, Separable Lean Only, Trimmed To 1/4"" Fat, Choice, Cooked, Braised",1 lb,16,12.99
174332,"Lamb, Shoulder, Blade, Separable Lean and Fat, Trimmed To 1/4"" Fat, Choice, Cooked, Broiled",1 lb,16,12.99
174333,"Lamb, Shoulder, Blade, Separable Lean and Fat, Trimmed To 1/4"" Fat, Choice, Cooked, Roasted",1 lb,16,12.99
174334,"Lamb, Shoulder, Blade, Separable Lean Only, Trimmed To 1/4"" Fat, Choice, Raw",1 lb,16,12.99
174335,"Lamb, Shoulder, Blade, Separable Lean Only, Trimmed To 1/4"" Fat, Choice, Cooked, Braised",1 lb,16,12.99
174336,"Lamb, New Zealand, Imported, Frozen, Composite of Trimmed Retail Cuts, Separable Lean and Fat, Raw",750 ml,,17.99
174337,"Lamb, New Zealand, Imported, Frozen, Composite of Trimmed Retail Cuts, Separable Lean and Fat, Cooked",,,
174338,"Lamb, New Zealand, Imported, Frozen, Composite of Trimmed Retail Cuts, Separable Lean Only, Raw",750 ml,,17.99
174339,"Lamb, New Zealand, Imported, Frozen, Composite of Trimmed Retail Cuts, Separable Lean Only, Cooked",750 ml,,17.99
174340,"Lamb, New Zealand, Imported, Fore-Shank, Separable Lean Only, Raw",,,
174341,"Lamb, New Zealand, Imported, Fore-Shank, Separable Lean Only, Cooked, Braised",750 ml,,17.99
174342,"Lamb, New Zealand, Imported, Leg Chop/Steak, Bone-In, Separable Lean and Fat, Raw",750 ml,,17.99
174343,"Lamb, New Zealand, Imported, Frozen, Leg, Whole (Shank and Sirloin), Separable Lean and Fat, Cooked, Roasted",,,
174344,"Game Meat, Moose, Raw",,48,5.99
174345,"Game Meat, Moose, Cooked, Roasted",,48,5.99
174346,"Game Meat, Rabbit, Domesticated, Composite of Cuts, Cooked, Stewed",,,
174347,"Game Meat, Rabbit, Wild, Raw",,,
174348,"Game Meat, Rabbit, Wild, Cooked, Stewed",5 lb,80,25.99
174349,"Game Meat, Raccoon, Cooked, Roasted",,,
174350,"Lamb, Variety Meats and By-Products, Brain, Cooked, Pan-Fried",,,
174351,"Veal, Variety Meats and By-Products, Brain, Raw",,,
174352,"Veal, Variety Meats and By-Products, Brain, Cooked, Braised",,,
174353,"Veal, Variety Meats and By-Products, Brain, Cooked, Pan-Fried",,,
174354,"Lamb, Variety Meats and By-Products, Kidneys, Raw",,,
174355,"Lamb, Variety Meats and By-Products, Kidneys, Cooked, Braised",1 lb,16,12.99
174356,"Veal, Variety Meats and By-Products, Kidneys, Raw",,,
174357,"Veal, Variety Meats and By-Products, Kidneys, Cooked, Braised",,,
174358,"Veal, Variety Meats and By-Products, Liver, Cooked, Pan-Fried",,,
174359,"Lamb, Variety Meats and By-Products, Lungs, Raw",1 lb,16,12.99
174360,"Lamb, Variety Meats and By-Products, Lungs, Cooked, Braised",1 lb,16,12.99
174361,"Veal, Variety Meats and By-Products, Lungs, Raw",,,
174362,"Veal, Variety Meats and By-Products, Pancreas, Raw",,,
174363,"Veal, Variety Meats and By-Products, Pancreas, Cooked, Braised",,,
174364,"Lamb, Variety Meats and By-Products, Spleen, Raw",1 lb,16,12.99
174365,"Lamb, Variety Meats and By-Products, Spleen, Cooked, Braised",1 lb,16,12.99
174366,"Lamb, Variety Meats and By-Products, Tongue, Raw",1 lb,16,12.99
174367,"Lamb, Variety Meats and By-Products, Tongue, Cooked, Braised",1 lb,16,12.99
174368,"Veal, Variety Meats and By-Products, Tongue, Raw",,,
174369,"Veal, Variety Meats and By-Products, Tongue, Cooked, Braised",,,
174370,"Lamb, Ground, Raw",,13,2.50
174371,"Lamb, Foreshank, Separable Lean and Fat, Trimmed To 1/8"" Fat, Cooked, Braised",1 lb,16,12.99
174372,"Lamb, Leg, Whole (Shank and Sirloin), Separable Lean and Fat, Trimmed To 1/8"" Fat, Choice, Raw",16.4 ft,,22.29
174373,"Lamb, Leg, Whole (Shank and Sirloin), Separable Lean and Fat, Trimmed To 1/8"" Fat, Choice, Cooked, Roasted",16.4 ft,,22.29
174374,"Lamb, Leg, Shank Half, Separable Lean and Fat, Trimmed To 1/8"" Fat, Choice, Raw",16.4 ft,,22.29
174375,"Lamb, Loin, Separable Lean and Fat, Trimmed To 1/8"" Fat, Choice, Cooked, Broiled",1 lb,16,15.99
174376,"Lamb, Loin, Separable Lean and Fat, Trimmed To 1/8"" Fat, Choice, Cooked, Roasted",1 lb,16,15.99
174377,"Lamb, Rib, Separable Lean and Fat, Trimmed To 1/8"" Fat, Choice, Raw",1 lb,16,23.99
174378,"Lamb, Rib, Separable Lean and Fat, Trimmed To 1/8"" Fat, Choice, Cooked, Broiled",1 lb,16,23.99
174379,"Lamb, Shoulder, Whole (Arm and Blade), Separable Lean and Fat, Trimmed To 1/8"" Fat, Choice, Cooked, Roasted",1 lb,16,12.99
174380,"Lamb, Shoulder, Arm, Separable Lean and Fat, Trimmed To 1/8"" Fat, Choice, Raw",1 lb,16,12.99
174381,"Lamb, Shoulder, Arm, Separable Lean and Fat, Trimmed To 1/8"" Fat, Choice, Cooked, Braised",1 lb,16,12.99
174382,"Lamb, Shoulder, Arm, Separable Lean and Fat, Trimmed To 1/8"" Fat, Cooked, Broiled",1 lb,16,12.99
174383,"Lamb, Shoulder, Arm, Separable Lean and Fat, Trimmed To 1/8"" Fat, Choice, Roasted",1 lb,16,12.99
174384,"Lamb, New Zealand, Imported, Frozen, Composite of Trimmed Retail Cuts, Separable Lean and Fat, Trimmed To 1/8"" Fat, Raw",750 ml,,17.99
174385,"Lamb, New Zealand, Imported, Frozen, Composite of Trimmed Retail Cuts, Separable Lean and Fat, Trimmed To 1/8"" Fat, Cooked",750 ml,,17.99
174386,"Lamb, New Zealand, Imported, Frozen, Foreshank, Separable Lean and Fat, Trimmed To 1/8"" Fat, Raw",750 ml,,17.99
174387,"Lamb, New Zealand, Imported, Frozen, Foreshank, Separable Lean and Fat, Trimmed To 1/8"" Fat, Cooked, Braised",750 ml,,17.99
174388,"Lamb, New Zealand, Imported, Frozen, Rib, Separable Lean and Fat, Trimmed To 1/8"" Fat, Raw",,,
174389,"Lamb, New Zealand, Imported, Frozen, Rib, Separable Lean and Fat, Trimmed To 1/8"" Fat, Cooked, Roasted",750 ml,,17.99
174390,"Lamb, New Zealand, Imported, Frozen, Shoulder, Whole (Arm and Blade), Separable Lean and Fat, Trimmed To 1/8"" Fat, Raw",750 ml,,17.99
174391,"Lamb, New Zealand, Imported, Frozen, Shoulder, Whole (Arm and Blade), Separable Lean and Fat, Trimmed To 1/8"" Fat, Cooked, Braised",750 ml,,17.99
174392,"Veal, Breast, Whole, Boneless, Separable Lean and Fat, Raw",,16,3.49
174393,"Veal, Breast, Whole, Boneless, Separable Lean and Fat, Cooked, Braised",,16,3.49
174394,"Veal, Breast, Plate Half, Boneless, Separable Lean and Fat, Cooked, Braised",,16,3.49
174395,"Veal, Breast, Point Half, Boneless, Separable Lean and Fat, Cooked, Braised",,16,3.49
174396,"Veal, Breast, Whole, Boneless, Separable Lean Only, Cooked, Braised",,16,3.49
174397,"Lamb, Australian, Imported, Fresh, Composite of Trimmed Retail Cuts, Separable Lean and Fat, Trimmed To 1/8"" Fat, Raw",1 lb,16,12.99
174398,"Lamb, Australian, Imported, Fresh, Composite of Trimmed Retail Cuts, Separable Lean and Fat, Trimmed To 1/8"" Fat, Cooked",1 lb,16,12.99
174399,"Lamb, Australian, Imported, Fresh, Composite of Trimmed Retail Cuts, Separable Lean Only, Trimmed To 1/8"" Fat, Raw",1 lb,16,12.99
174400,"Lamb, Australian, Imported, Fresh, Composite of Trimmed Retail Cuts, Separable Lean Only, Trimmed To 1/8"" Fat, Cooked",1 lb,16,12.99
174401,"Lamb, Australian, Imported, Fresh, Foreshank, Separable Lean Only, Trimmed To 1/8"" Fat, Raw",1 lb,16,12.99
174402,"Lamb, Australian, Imported, Fresh, Foreshank, Separable Lean Only, Trimmed To 1/8"" Fat, Cooked, Braised",1 lb,16,12.99
174403,"Lamb, Australian, Imported, Fresh, Leg, Whole (Shank and Sirloin), Separable Lean and Fat, Trimmed To 1/8"" Fat, Raw",1 lb,16,12.99
174404,"Lamb, Australian, Imported, Fresh, Leg, Whole (Shank and Sirloin), Separable Lean and Fat, Trimmed To 1/8"" Fat, Cooked, Roasted",1 lb,16,12.99
174405,"Lamb, Australian, Imported, Fresh, Leg, Shank Half, Separable Lean Only, Trimmed To 1/8"" Fat, Cooked, Roasted",1 lb,16,12.99
174406,"Lamb, Australian, Imported, Fresh, Leg, Sirloin Half, Boneless, Separable Lean and Fat, Trimmed To 1/8"" Fat, Raw",1 lb,16,12.99
174407,"Lamb, Australian, Imported, Fresh, Leg, Sirloin Half, Boneless, Separable Lean and Fat, Trimmed To 1/8"" Fat, Cooked, Roasted",1 lb,16,12.99
174408,"Lamb, Australian, Imported, Fresh, Leg, Sirloin Half, Boneless, Separable Lean Only, Trimmed To 1/8"" Fat, Raw",1 lb,16,12.99
174409,"Lamb, Australian, Imported, Fresh, Leg, Sirloin Chops, Boneless, Separable Lean Only, Trimmed To 1/8"" Fat, Cooked, Broiled",1 lb,16,12.99
174410,"Lamb, Australian, Imported, Fresh, Leg, Center Slice, Bone-In, Separable Lean and Fat, Trimmed To 1/8"" Fat, Raw",1 lb,16,12.99
174411,"Lamb, Australian, Imported, Fresh, Leg, Center Slice, Bone-In, Separable Lean and Fat, Trimmed To 1/8"" Fat, Cooked, Broiled",1 lb,16,12.99
174412,"Lamb, Australian, Imported, Fresh, Leg, Center Slice, Bone-In, Separable Lean Only, Trimmed To 1/8"" Fat, Raw",1 lb,16,12.99
174413,"Lamb, Australian, Imported, Fresh, Loin, Separable Lean Only, Trimmed To 1/8"" Fat, Cooked, Broiled",1 lb,16,12.99
174414,"Lamb, Australian, Imported, Fresh, Rib Chop/Rack Roast, Frenched, Bone-In, Separable Lean and Fat, Trimmed To 1/8"" Fat, Raw",1 lb,16,12.99
174415,"Lamb, Australian, Imported, Fresh, Rib Chop, Frenched, Bone-In, Separable Lean and Fat, Trimmed To 1/8"" Fat, Cooked, Grilled",1 lb,16,12.99
174416,"Lamb, Australian, Imported, Fresh, Rib Chop/Rack Roast, Frenched, Bone-In, Separable Lean Only, Trimmed To 1/8"" Fat, Raw",1 lb,16,12.99
174417,"Lamb, Australian, Imported, Fresh, Shoulder, Arm, Separable Lean and Fat, Trimmed To 1/8"" Fat, Raw",1 lb,16,12.99
174418,"Lamb, Australian, Imported, Fresh, Shoulder, Arm, Separable Lean and Fat, Trimmed To 1/8"" Fat, Cooked, Braised",1 lb,16,12.99
174419,"Lamb, Australian, Imported, Fresh, Shoulder, Arm, Separable Lean Only, Trimmed To 1/8"" Fat, Raw",1 lb,16,12.99
174420,"Lamb, Australian, Imported, Fresh, Shoulder, Arm, Separable Lean Only, Trimmed To 1/8"" Fat, Cooked, Braised",1 lb,16,12.99
174421,"Game Meat , Bison, Ground, Raw",,16,11.99
174422,"Game Meat, Bison, Ground, Cooked, Pan-Broiled",,16,11.99
174423,"Game Meat , Bison, Top Sirloin, Separable Lean Only, 1"" Steak, Cooked, Broiled",,16,11.99
174424,"Game Meat, Bison, Chuck, Shoulder Clod, Separable Lean Only, Cooked, Braised",,16,11.99
174425,"Game Meat, Elk, Ground, Raw",1 lb,16,12.99
174426,"Game Meat, Elk, Ground, Cooked, Pan-Broiled",1 lb,16,12.99
174427,"Game Meat, Elk, Loin, Separable Lean Only, Cooked, Broiled",,,
174428,"Game Meat, Elk, Round, Separable Lean Only, Cooked, Broiled",,,
174429,"Game Meat, Elk, Tenderloin, Separable Lean Only, Cooked, Broiled",,,
174430,"Game Meat, Deer, Tenderloin, Separable Lean Only, Cooked, Broiled",,9,7.99
174431,"Game Meat, Deer, Top Round, Separable Lean Only, 1"" Steak, Cooked, Broiled",,9,7.99
174432,"Veal, Australian, Shank, Fore, Bone-In, Separable Lean Only, Raw",750 ml,,8.99
174433,"Veal, Australian, Shank, Fore, Bone-In, Separable Lean and Fat, Raw",750 ml,,8.99
174434,"Lamb, New Zealand, Imported, Intermuscular Fat, Raw",,,
174435,"Lamb, New Zealand, Imported, Subcutaneous Fat, Raw",750 ml,,17.99
174436,"Lamb, New Zealand, Imported, Brains, Cooked, Soaked and Fried",750 ml,,17.99
174437,"Lamb, New Zealand, Imported, Brains, Raw",750 ml,,17.99
174438,"Lamb, New Zealand, Imported, Chump, Boneless, Separable Lean Only, Raw",,,
174439,"Lamb, New Zealand, Imported, Kidney, Cooked, Soaked and Fried",750 ml,,17.99
174440,"Lamb, New Zealand, Imported, Flap, Boneless, Separable Lean Only, Cooked, Braised",750 ml,,17.99
174441,"Lamb, New Zealand, Imported, Flap, Boneless, Separable Lean Only, Raw",,,
174442,"Lamb, New Zealand, Imported, Kidney, Raw",750 ml,,17.99
174443,"Lamb, New Zealand, Imported, Heart, Cooked, Soaked and Simmered",750 ml,,17.99
174444,"Lamb, New Zealand, Imported, Heart, Raw",750 ml,,17.99
174445,"Lamb, New Zealand, Imported, Sweetbread, Cooked, Soaked and Simmered",750 ml,,17.99
174446,"Lamb, New Zealand, Imported, Sweetbread, Raw",750 ml,,17.99
174447,"Lamb, New Zealand, Imported, Tunnel-Boned Leg, Chump Off, Shank Off, Separable Lean Only, Cooked, Slow Roasted",750 ml,,17.99
174448,"Lamb, New Zealand, Imported, Tunnel-Boned Leg, Chump Off, Shank Off, Separable Lean Only, Raw",750 ml,,17.99
174449,"Lamb, New Zealand, Imported, Square-Cut Shoulder Chops, Separable Lean Only, Cooked, Braised",750 ml,,17.99
174450,"Lamb, New Zealand, Imported, Square-Cut Shoulder Chops, Separable Lean Only, Raw",750 ml,,17.99
174451,"Lamb, New Zealand, Imported, Loin, Boneless, Separable Lean Only, Cooked, Fast Roasted",750 ml,,17.99
174452,"Lamb, New Zealand, Imported, Loin, Boneless, Separable Lean Only, Raw",750 ml,,17.99
174453,"Lamb, New Zealand, Imported, Hind-Shank, Separable Lean Only, Cooked, Braised",750 ml,,17.99
174454,"Lamb, New Zealand, Imported, Hind-Shank, Separable Lean Only, Raw",750 ml,,17.99
174455,"Lamb, New Zealand, Imported, Neck Chops, Separable Lean Only, Raw",750 ml,,17.99
174456,"Lamb, New Zealand, Imported, Rack - Fully Frenched, Separable Lean Only, Raw",750 ml,,17.99
174457,"Lamb, New Zealand, Imported, Loin Chop, Separable Lean Only, Cooked, Fast Fried",750 ml,,17.99
174458,"Lamb, New Zealand, Imported, Square-Cut Shoulder, Separable Lean Only, Cooked, Slow Roasted",750 ml,,17.99
174459,"Lamb, New Zealand, Imported, Leg Chop/Steak, Bone-In, Separable Lean Only, Cooked, Fast Fried",750 ml,,17.99
174460,"Lamb, New Zealand, Imported, Leg Chop/Steak, Bone-In, Separable Lean and Fat, Cooked, Fast Fried",750 ml,,17.99
174461,"Lamb, New Zealand, Imported, Loin Chop, Separable Lean and Fat, Cooked, Fast Fried",,,
174462,"Lamb, New Zealand, Imported, Loin Saddle, Separable Lean and Fat, Cooked, Fast Roasted",750 ml,,17.99
174463,"Lamb, New Zealand, Imported, Loin Saddle, Separable Lean and Fat, Raw",750 ml,,17.99
174464,"Lamb, New Zealand, Imported, Netted Shoulder, Rolled, Boneless, Separable Lean and Fat, Raw",750 ml,,17.99
174465,"Chicken, Capons, Giblets, Raw",,32,3.49
174466,"Chicken, Capons, Giblets, Cooked, Simmered",,32,3.49
174467,"Duck, Domesticated, Liver, Raw",,,
174468,"Duck, Wild, Meat and Skin, Raw",,12.5,3.49
174469,"Duck, Wild, Breast, Meat Only, Raw",,12.5,3.49
174470,"Goose, Domesticated, Meat and Skin, Raw",,,
174471,"Guinea Hen, Meat Only, Raw",,,
174472,"Pheasant, Raw, Meat and Skin",,,
174473,"Pheasant, Raw, Meat Only",,,
174474,"Pheasant, Breast, Meat Only, Raw",,,
174475,"Squab, (Pigeon), Meat and Skin, Raw",,,
174476,"Emu, Fan Fillet, Raw",,,
174477,"Emu, Fan Fillet, Cooked, Broiled",,,
174478,"Emu, Flat Fillet, Raw",,,
174479,"Emu, Full Rump, Raw",,,
174480,"Emu, Top Loin, Cooked, Broiled",,,
174481,"Ostrich, Ground, Raw",,,
174482,"Ostrich, Ground, Cooked, Pan-Broiled",,,
174483,"Ostrich, Fan, Raw",,,
174484,"Ostrich, Outside Leg, Raw",,,
174485,"Ostrich, Outside Strip, Raw",,,
174486,"Ostrich, Outside Strip, Cooked",,,
174487,"Ostrich, Oyster, Raw",,8,10.99
174488,"Ostrich, Tip Trimmed, Cooked",,,
174489,"Ostrich, Top Loin, Raw",,,
174490,"Ostrich, Top Loin, Cooked",,,
174491,"Chicken, Liver, All Classes, Cooked, Pan-Fried",,6,4.19
174492,"Turkey, Ground, 93% Lean, 7% Fat, Patties, Broiled",1 lb,16,4.49
174493,"Turkey, Ground, 85% Lean, 15% Fat, Raw",1 lb,16,4.49
174494,"Turkey, Ground, 85% Lean, 15% Fat, Pan-Broiled Crumbles",1 lb,16,4.49
174495,"Turkey, Ground, 85% Lean, 15% Fat, Patties, Broiled",1 lb,16,4.49
174496,"Chicken, Skin (Drumsticks and Thighs), Cooked, Roasted",1 lb,16,1.49
174497,"Chicken, Broilers or Fryers, Dark Meat, Drumstick, Meat and Skin, Cooked, Braised",,,
174498,"Chicken, Broilers or Fryers, Dark Meat, Thigh, Meat and Skin, Cooked, Braised",,22,8.99
174499,"Chicken, Dark Meat, Drumstick, Meat Only, with Added Solution, Raw",,9.75,4.49
174500,"Chicken, Dark Meat, Thigh, Meat Only, with Added Solution, Cooked, Roasted",,9.75,4.49
174501,"Chicken, Skin (Drumsticks and Thighs), with Added Solution, Cooked, Braised",1 lb,16,1.49
174502,"Chicken, Skin (Drumsticks and Thighs), with Added Solution, Raw",1 lb,16,1.49
174503,"Chicken, Skin (Drumsticks and Thighs), with Added Solution, Cooked, Roasted",1 lb,16,1.49
174504,"Chicken, Dark Meat, Drumstick, Meat and Skin, with Added Solution, Cooked, Braised",,9.75,4.49
174505,"Chicken, Dark Meat, Thigh, Meat and Skin, with Added Solution, Cooked, Roasted",,9.75,4.49
174506,"Chicken, Broiler, Rotisserie, Bbq, Back Meat Only",,26,9.49
174507,"Turkey, Dark Meat From Whole, Meat Only, with Added Solution, Raw",,,
174508,"Turkey, Dark Meat, Meat Only, with Added Solution, Cooked, Roasted",3 l,,27.99
174509,"Turkey, Dark Meat From Whole, Meat and Skin, with Added Solution, Raw",,9,4.29
174510,"Turkey, Dark Meat From Whole, Meat and Skin, with Added Solution, Cooked, Roasted",,9,4.29
174511,"Turkey From Whole, Light Meat, Meat and Skin, with Added Solution, Raw",,,
174512,"Turkey From Whole, Light Meat, Meat and Skin, with Added Solution, Cooked, Roasted",,28,11.99
174513,"Turkey, Retail Parts, Breast, Meat Only, with Added Solution, Raw",2 lb,32,4.99
174514,"Turkey, Retail Parts, Breast, Meat Only, with Added Solution, Cooked, Roasted",2 lb,32,4.99
174515,"Turkey, Retail Parts, Breast, Meat Only, Raw",2 lb,32,4.99
174516,"Turkey, Retail Parts, Breast, Meat Only, Cooked, Roasted",2 lb,32,4.99
174517,"Turkey, Retail Parts, Wing, Meat Only, Raw",2 lb,32,4.99
174518,"Turkey, Retail Parts, Thigh, Meat Only, Raw",2 lb,32,4.99
174519,"Turkey, Breast, From Whole Bird, Meat Only, with Added Solution, Roasted",3 lbs,48,13.99
174520,"Turkey, Back, From Whole Bird, Meat Only, with Added Solution, Raw",,28,11.49
174521,"Turkey, Back, From Whole Bird, Meat Only, with Added Solution, Roasted",,28,11.49
174522,"Soup, Chicken Mushroom, Canned, Condensed",,18.5,2.79
174523,"Sauce, Barbecue",,18,4.99
174524,"Sauce, Salsa, Ready-To-Serve",,15.5,4.99
174525,"Sauce, Homemade, White, Medium",,32,9.99
174526,"Sauce, Homemade, White, Thick",,32,9.99
174527,"Sauce, Ready-To-Serve, Pepper or Hot",,19,4.99
174528,"Sauce, Ready-To-Serve, Pepper, Tabasco",,19,4.99
174529,"Sauce, Oyster, Ready-To-Serve",,9,3.49
174530,"Soup, Minestrone, Canned, Reduced Sodium, Ready-To-Serve",,16,5.29
174531,"Sauce, Fish, Ready-To-Serve",,12,3.29
174532,"Soup, Shark Fin, Restaurant-Prepared",,18.5,2.79
174533,"Soup, Bean & Ham, Canned, Reduced Sodium, Prepared with Water or Ready-To-Serve",,19,2.99
174534,"Split Pea Soup, Canned, Reduced Sodium, Prepared with Water or Ready-To Serve",,14.1,3.79
174535,"Split Pea with Ham Soup, Canned, Reduced Sodium, Prepared with Water or Ready-To-Serve",,19,2.79
174536,"Soup, Chicken Broth, Ready-To-Serve",,32,1.49
174537,"Soup, Cream of Chicken, Canned, Prepared with Equal Volume Milk",4 ct,10.5,5.29
174538,"Soup, Vegetable, Canned, Low Sodium, Condensed",,12,1.79
174539,"Soup, Clam Chowder, New England, Canned, Prepared with Equal Volume Low Fat (2%) Milk",,18.5,2.79
174540,"Soup, Cream of Mushroom, Canned, Prepared with Equal Volume Low Fat (2%) Milk",,26,1.89
174541,"Soup, Cream of Onion, Canned, Prepared with Equal Volume Milk",,10.5,1.99
174542,"Sauce, White, Thin, Prepared-From-Recipe, with Butter",,16,4.79
174543,"Sauce, Sweet and Sour, Prepared-From-Recipe",,10,1.99
174544,"Sauce, Barbecue, Kraft, Original",,18,4.99
174545,"Soup, Healthy Choice Chicken Noodle Soup, Canned",,,
174546,"Soup, Tomato, Canned, Prepared with Equal Volume Low Fat (2%) Milk",,19,2.79
174547,"Campbell'S, Tomato Soup, Condensed",,10.75,1.99
174548,"Campbell'S Chunky, Classic Chicken Noodle Soup",,18.6,2.99
174549,"Soup, Cream of Asparagus, Canned, Prepared with Equal Volume Water",,26,1.89
174550,"Soup, Cheese, Canned, Prepared with Equal Volume Water",,10.5,1.99
174551,"Soup, Chicken Broth, Canned, Prepared with Equal Volume Water",,32,1.49
174552,"Campbell'S Chunky, Hearty Beef Barley Soup",,18.8,2.99
174553,"Soup, Cream of Chicken, Canned, Prepared with Equal Volume Water",,26,1.89
174554,"Soup, Clam Chowder, Manhattan, Canned, Prepared with Equal Volume Water",,18.5,2.79
174555,"Soup, Clam Chowder, New England, Canned, Prepared with Equal Volume Water",,18.5,2.79
174556,"Campbell'S Chunky, New England Clam Chowder",,18.8,2.99
174557,"Soup, Beef Broth, Bouillon, Consomme, Prepared with Equal Volume Water",,32,1.49
174558,"Soup, Mushroom with Beef Stock, Canned, Prepared with Equal Volume Water",,,
174559,"Soup, Cream of Onion, Canned, Prepared with Equal Volume Water",,10.5,1.99
174560,"Soup, Oyster Stew, Canned, Prepared with Equal Volume Water",,10.5,1.99
174561,"Soup, Pea, Green, Canned, Prepared with Equal Volume Water",,14.1,3.79
174562,"Soup, Turkey Noodle, Canned, Prepared with Equal Volume Water",,16,5.29
174563,"Soup, Turkey Vegetable, Canned, Prepared with Equal Volume Water",,,
174564,"Soup, Vegetarian Vegetable, Canned, Prepared with Equal Volume Water",,19,2.79
174565,"Soup, Vegetable Beef, Canned, Prepared with Equal Volume Water",,18.8,2.99
174566,"Soup, Chicken Broth Cubes, Dry, Prepared with Water",8 ct,3.1,1.19
174567,"Soup, Cream of Chicken, Dry, Mix, Prepared with Water",,26,1.89
174568,"Soup, Onion, Dry, Mix, Prepared with Water",,2,2.39
174569,"Soup, Tomato, Dry, Mix, Prepared with Water",,19,2.79
174570,"Roast Beef, Deli Style, Prepackaged, Sliced",,28,9.29
174571,"Luncheon Meat, Pork, Canned",,12,4.19
174572,"Turkey Breast, Low Salt, Prepackaged or Deli, Luncheon Meat",,6,7.99
174573,"Mortadella, Beef, Pork",1 lb,16,11.99
174574,"Peppered Loaf, Pork, Beef",1.7 lb,27.2,7.00
174575,"Pepperoni, Beef and Pork, Sliced",,5,6.49
174576,"Pickle and Pimiento Loaf, Pork",1 lb,16,6.49
174577,"Polish Sausage, Pork",,13.5,5.49
174578,"Pork Sausage, Link/Patty, Cooked, Pan-Fried",,12,4.59
174579,"Sausage, Pork and Beef, Fresh, Cooked",,12,6.99
174580,"Sausage, Turkey, Reduced Fat, Brown and Serve, Cooked",,13,3.29
174581,Poultry Salad Sandwich Spread,4 ct,2,4.79
174582,"Salami, Dry or Hard, Pork, Beef",,5,4.99
174583,"Sandwich Spread, Pork, Beef",4 count,,4.79
174584,"Sausage, Smoked Link Sausage, Pork",,14,5.49
174585,"Sausage, Smoked Link Sausage, Pork and Beef",,14,5.49
174586,"Sausage, Italian, Pork, Mild, Cooked, Pan-Fried",,16,4.29
174587,"Luncheon Sausage, Pork and Beef",,14,3.29
174588,"Sausage, New England Brand, Pork, Beef",,18.5,2.79
174589,"Oscar Mayer, Bologna (Beef)",,16,8.99
174590,"Oscar Mayer, Smokies Sausage Little Cheese (Pork, Turkey)",,14,5.49
174591,"Oscar Mayer, Wieners (Beef Franks)",10 ct,,3.49
174592,"Bacon, Turkey, Unprepared",,12,5.99
174593,Hormel Pillow Pak Sliced Turkey Pepperoni,,5,4.59
174594,"Luncheon Meat, Pork and Chicken, Minced, Canned, Includes Spam Lite",,12,4.19
174595,"Bratwurst, Veal, Cooked",,19,5.99
174596,Liverwurst Spread,,9,5.99
174597,Roast Beef Spread,16.3 ounces,,2.79
174598,"Salami, Pork, Beef, Less Sodium",,4,3.99
174599,"Sausage, Summer, Pork and Beef, Sticks, with Cheddar Cheese",,14,7.99
174600,"Sausage, Turkey, Breakfast Links, Mild, Raw",,13,3.29
174601,"Swisswurst, Pork and Beef, with Swiss Cheese, Smoked",,,
174602,Bacon and Beef Sticks,,9.2,12.79
174603,"Salami, Italian, Pork",,2.76,3.99
174604,"Sausage, Italian, Turkey, Smoked",,16,4.29
174605,"Sausage, Chicken, Beef, Pork, Skinless, Smoked",,12,5.99
174606,"Sausage, Turkey, Hot, Smoked",,13,3.29
174607,"Kielbasa, Polish, Turkey and Beef, Smoked",,14,3.99
174608,"Chicken Breast, Roll, Oven-Roasted",,5.6,4.59
174609,"Bologna, Pork and Turkey, Lite",,12,2.79
174610,"Bologna, Pork, Turkey and Beef",,,
174611,"Ham, Honey, Smoked, Cooked",,9,4.99
174612,"Turkey, Breast, Smoked, Lemon Pepper Flavor, 97% Fat-Free",3 lbs,48,13.99
174613,"Turkey, White, Rotisserie, Deli Cut",,16,5.49
174614,"Frankfurter, Beef, Heated",,12,5.99
174615,"Frankfurter, Meat, Heated",10 ct,,3.49
174616,"Sausage, Breakfast Sausage, Beef, Pre-Cooked, Unprepared",,12,3.79
174617,"Sausage, Turkey, Fresh, Raw",,13,3.29
174618,"Sausage, Beef, Fresh, Cooked",,12,3.29
174619,"Cereals Ready-To-Eat, Malt-O-Meal, Coco-Roos",15 ounces,,4.29
174620,"Cereals Ready-To-Eat, Quaker, Quaker Oat Cinnamon Life",,16,4.49
174621,"Cereals Ready-To-Eat, Quaker, Honey Graham Oh!S",,16,4.49
174622,"Cereals Ready-To-Eat, Quaker, Oatmeal Squares",,16,4.49
174623,"Cereals Ready-To-Eat, Quaker, Oatmeal Squares, Cinnamon",,16,4.49
174624,"Cereals, Quaker, Instant Oatmeal, Fruit and Cream Variety, Dry",,24.1,6.99
174625,"Cereals, Quaker, Instant Oatmeal, Raisins, Dates and Walnuts, Dry",,24.1,6.99
174626,"Cereals, Quaker, Oat Bran, Quaker/Mother'S Oat Bran, Dry",,24.1,6.99
174627,"Cereals, Quaker, Oat Bran, Quaker/Mother'S Oat Bran, Prepared with Water, No Salt",,24.1,6.99
174628,"Cereals Ready-To-Eat, Post, Waffle Crisp",,12.25,3.99
174629,"Cereals, Quaker, Hominy Grits, White, Quick, Dry",,24.1,6.99
174630,"Cereals, Quaker, Hominy Grits, White, Regular, Dry",,24.1,6.99
174631,"Cereals Ready-To-Eat, Malt-O-Meal, Colossal Crunch",15 ounces,,4.29
174632,"Cereals Ready-To-Eat, Quaker, Mother'S Cinnamon Oat Crunch",,16,4.49
174633,"Cereals Ready-To-Eat, Quaker, Mother'S Graham Bumpers",,16,4.49
174634,"Cereals Ready-To-Eat, Quaker, Mother'S Cocoa Bumpers",,16,4.49
174635,"Cereals Ready-To-Eat, Sun Country, Kretschmer Toasted Wheat Bran",,,
174636,"Cereals, Quaker, Instant Oatmeal, Cinnamon-Spice, Dry",,24.1,6.99
174637,"Cereals, Quaker, Instant Oatmeal, Dinosaur Eggs, Brown Sugar, Dry",,24.1,6.99
174638,"Cereals, Quaker, Instant Oatmeal, Banana Bread, Dry",,24.1,6.99
174639,"Cereals Ready-To-Eat, Uncle Sam Cereal",,17.5,5.99
174640,"Cereals, Quaker, Quick Oats with Iron, Dry",,24.1,6.99
174641,"Cereals, Quaker, Whole Wheat Natural Cereal, Dry",,24.1,6.99
174642,"Cereals Ready-To-Eat, Malt-O-Meal, Honey Buzzers",15 ounces,,4.29
174643,"Cereals Ready-To-Eat, Malt-O-Meal, Golden Puffs",15 ounces,,4.29
174644,"Cereals Ready-To-Eat, Mom'S Best, Honey Nut Toasty O'S",,,
174645,"Cereals Ready-To-Eat, Malt-O-Meal, Apple Zings",15 ounces,,4.29
174646,"Cereals Ready-To-Eat, Malt-O-Meal, Cinnamon Toasters",15 ounces,,4.29
174647,"Cereals Ready-To-Eat, Malt-O-Meal, Cocoa Dyno-Bites",15 ounces,,4.29
174648,"Cereals Ready-To-Eat, Ralston Corn Flakes",,5.6,5.49
174649,"Cereals Ready-To-Eat, Ralston Crispy Hexagons",,,
174650,Milk and Cereal Bar,1 pk,2.4,2.69
174651,"Cereals, Malt-O-Meal, Original, Plain, Prepared with Water, Without Salt",30 ounces,,5.99
174652,"Cereals Ready-To-Eat, Quaker, Christmas Crunch",,16,4.49
174653,"Cereals Ready-To-Eat, Post Selects Maple Pecan Crunch",,16,5.29
174654,"Cereals Ready-To-Eat, Nature'S Path, Organic Flax Plus, Pumpkin Granola",,,
174655,"Cereals, Cream of Wheat, 2 1/2 Minute Cook Time, Dry",,18,4.59
174656,"Incaparina, Dry Mix (Corn and Soy Flours), Unprepared",4 lb,64,4.29
174657,"Cereals Ready-To-Eat, Quaker, Cap'N Crunch'S Halloween Crunch",,16,4.49
174658,"Cereals Ready-To-Eat, Quaker, Natural Granola Apple Cranberry Almond",,,
174659,"Cereals Ready-To-Eat, Quaker, Maple Brown Sugar Life Cereal",,,
174660,"Cereals, Quaker, Instant Oatmeal Organic, Regular",,24.1,6.99
174661,"Cereals, Quaker, Instant Oatmeal, Fruit and Cream, Variety of Flavors, Reduced Sugar",,24.1,6.99
174662,"Cereals, Quaker, Instant Oatmeal, Apple and Cinnamon, Reduced Sugar",,24.1,6.99
174663,"Cereals Ready-To-Eat, Post, Honey Bunches of Oats, Pecan Bunches",,,
174664,"Cereals Ready-To-Eat, Malt-O-Meal, Chocolate Marshmallow Mateys",15 ounces,,4.29
174665,"Figs, Dried, Uncooked",,4,12.99
174666,"Figs, Dried, Stewed",,4,12.99
174667,"Fruit Cocktail, (Peach and Pineapple and Pear and Grape and Cherry), Canned, Water Pack, Solids and Liquids",,,
174668,"Fruit Cocktail, (Peach and Pineapple and Pear and Grape and Cherry), Canned, Juice Pack, Solids and Liquids",,,
174669,"Fruit Salad, (Peach and Pear and Apricot and Pineapple and Cherry), Canned, Water Pack, Solids and Liquids",,,
174670,"Fruit Salad, (Peach and Pear and Apricot and Pineapple and Cherry), Canned, Juice Pack, Solids and Liquids",,,
174671,"Fruit Salad, (Peach and Pear and Apricot and Pineapple and Cherry), Canned, Light Syrup, Solids and Liquids",,,
174672,"Fruit Salad, (Peach and Pear and Apricot and Pineapple and Cherry), Canned, Extra Heavy Syrup, Solids and Liquids",,,
174673,"Grapefruit, Raw, Pink and Red, All Areas",1 each,,1.50
174674,"Grapefruit, Raw, Pink and Red, California and Arizona",,,
174675,"Grapefruit, Raw, Pink and Red, Florida",,,
174676,"Grapefruit, Raw, White, All Areas",,,
174677,"Grapefruit, Raw, White, California",,,
174678,"Grapefruit Juice, White, Canned or Bottled, Unsweetened",,32,5.99
174679,"Grapefruit Juice, White, Canned, Sweetened",,32,5.99
174680,"Grapefruit Juice, White, Frozen Concentrate, Unsweetened, Undiluted",,32,5.99
174681,"Grapefruit Juice, White, Frozen Concentrate, Unsweetened, Diluted with 3 Volume Water",,32,5.99
174682,"Grapes, American Type (Slip Skin), Raw",,,
174683,"Grapes, Red or Green (European Type, Such As Thompson Seedless), Raw",1 lb,16,4.99
174684,"Grapes, Canned, Thompson Seedless, Water Pack, Solids and Liquids",4 pk,12,9.99
174685,"Grapes, Canned, Thompson Seedless, Heavy Syrup Pack, Solids and Liquids",4 pk,12,9.99
174686,"Guava Sauce, Cooked",,,
174687,"Jackfruit, Raw",,,
174688,"Beef, Top Loin Filet, Boneless, Separable Lean Only, Trimmed To 1/8"" Fat, All Grades, Cooked, Grilled",1.7 lb,27.2,7.00
174689,"Beef, Top Loin Filet, Boneless, Separable Lean Only, Trimmed To 1/8"" Fat, Choice, Cooked, Grilled",1.7 lb,27.2,7.00
174690,"Beef, Top Loin Filet, Boneless, Separable Lean Only, Trimmed To 1/8"" Fat, Select, Cooked, Grilled",1.7 lb,27.2,7.00
174691,"Beef, Top Loin Petite Roast/Filet, Boneless, Separable Lean Only, Trimmed To 1/8"" Fat, Choice, Raw",,,
174692,"Beef, Top Loin Petite Roast/Filet, Boneless, Separable Lean Only, Trimmed To 1/8"" Fat, Select, Raw",1 lb,16,15.99
174693,"Beef, Loin, Top Sirloin Filet, Boneless, Separable Lean Only, Trimmed To 0"" Fat, All Grades, Cooked, Grilled",,23,9.99
174694,"Beef, Loin, Top Sirloin Filet, Boneless, Separable Lean Only, Trimmed To 0"" Fat, Choice, Cooked, Grilled",,23,9.99
174695,"Beef, Loin, Top Sirloin Petite Roast/Filet, Boneless, Separable Lean Only, Trimmed To 0"" Fat, Select, Raw",,23,9.99
174696,"Beef, Ribeye Petite Roast/Filet, Boneless, Separable Lean Only, Trimmed To 0"" Fat, All Grades, Raw",1 lb,16,12.99
174697,"Beef, Ribeye Petite Roast/Filet, Boneless, Separable Lean Only, Trimmed To 0"" Fat, Choice, Raw",1 lb,16,12.99
174698,"Beef, Ribeye Petite Roast/Filet, Boneless, Separable Lean Only, Trimmed To 0"" Fat, Select, Raw",1 lb,16,12.99
174699,"Beef, Ribeye Cap Steak, Boneless, Separable Lean Only, Trimmed To 0"" Fat, Choice, Raw",1 lb,16,21.99
174700,"Beef, Ribeye Cap Steak, Boneless, Separable Lean Only, Trimmed To 0"" Fat, Select, Raw",1 lb,16,21.99
174701,"Beef, Ribeye Filet, Boneless, Separable Lean Only, Trimmed To 0"" Fat, All Grades, Cooked, Grilled",,,
174702,"Beef, Ribeye Filet, Boneless, Separable Lean Only, Trimmed To 0"" Fat, Choice, Cooked, Grilled",1 lb,16,21.99
174703,"Beef, Ribeye Filet, Boneless, Separable Lean Only, Trimmed To 0"" Fat, Select, Cooked, Grilled",1 lb,16,21.99
174704,"Beef, Loin, Top Sirloin Cap Steak, Boneless, Separable Lean and Fat, Trimmed To 1/8"" Fat, Choice, Cooked, Grilled",,23,9.99
174705,"Beef, Loin, Top Sirloin Cap Steak, Boneless, Separable Lean and Fat, Trimmed To 1/8"" Fat, Select, Cooked, Grilled",,23,9.99
174706,"Beef, Loin, Top Sirloin Cap Steak, Boneless, Separable Lean and Fat, Trimmed To 1/8"" Fat, All Grades, Raw",,23,9.99
174707,"Beef, Loin, Top Sirloin Cap Steak, Boneless, Separable Lean and Fat, Trimmed To 1/8"" Fat, Choice, Raw",,23,9.99
174708,"Beef, Top Loin Petite Roast, Boneless, Separable Lean and Fat, Trimmed To 1/8"" Fat, All Grades, Cooked, Roasted",1 lb,16,11.99
173047,"Beef, Top Loin Petite Roast, Boneless, Separable Lean Only, Trimmed To 1/8"" Fat, Choice, Cooked, Roasted",,,
173048,"Beef, Top Loin Petite Roast, Boneless, Separable Lean Only, Trimmed To 1/8"" Fat, Select, Cooked, Roasted",,,
173049,"Beef, Top Loin Petite Roast/Filet, Boneless, Separable Lean Only, Trimmed To 1/8"" Fat, All Grades, Raw",,,
173050,"Beef, Loin, Top Sirloin Filet, Boneless, Separable Lean Only, Trimmed To 0"" Fat, Select, Cooked, Grilled",,,
173051,"Beef, Loin, Top Sirloin Petite Roast, Boneless, Separable Lean Only, Trimmed To 0"" Fat, All Grades, Cooked, Roasted",,,
173052,"Beef, Loin, Top Sirloin Petite Roast, Boneless, Separable Lean Only, Trimmed To 0"" Fat, Select, Cooked, Roasted",,,
173053,"Beef, Loin, Top Sirloin Petite Roast/Filet, Boneless, Separable Lean Only, Trimmed To 0"" Fat, All Grades, Raw",,,
173054,"Beef, Ribeye Cap Steak, Boneless, Separable Lean Only, Trimmed To 0"" Fat, All Grades, Cooked, Grilled",,,
173055,"Beef, Ribeye Cap Steak, Boneless, Separable Lean Only, Trimmed To 0"" Fat, Choice, Cooked, Grilled",,,
173056,"Beef, Ribeye Cap Steak, Boneless, Separable Lean Only, Trimmed To 0"" Fat, Select, Cooked, Grilled",,,
173057,"Beef, Ribeye Cap Steak, Boneless, Separable Lean Only, Trimmed To 0"" Fat, All Grades, Raw",,,
173058,"Beef, Ribeye Petite Roast, Boneless, Separable Lean Only, Trimmed To 0"" Fat, All Grades, Cooked, Roasted",,,
173059,"Beef, Ribeye Petite Roast, Boneless, Separable Lean Only, Trimmed To 0"" Fat, Choice, Cooked, Roasted",,,
173060,"Beef, Ribeye Petite Roast, Boneless, Separable Lean Only, Trimmed To 0"" Fat, Select, Cooked, Roasted",,,
173061,"Beef, Loin, Top Sirloin Cap Steak, Boneless, Separable Lean and Fat, Trimmed To 1/8"" Fat, All Grades, Cooked, Grilled",,,
173062,"Beef, Loin, Top Sirloin Cap Steak, Boneless, Separable Lean and Fat, Trimmed To 1/8"" Fat, Select, Raw",,,
173063,"Beef, Top Loin Filet, Boneless, Separable Lean and Fat, Trimmed To 1/8"" Fat, All Grades, Cooked, Grilled",,,
173064,"Beef, Top Loin Filet, Boneless, Separable Lean and Fat, Trimmed To 1/8"" Fat, Choice, Cooked, Grilled",,,
173065,"Beef, Top Loin Filet, Boneless, Separable Lean and Fat, Trimmed To 1/8"" Fat, Select, Cooked, Grilled",,,
173066,"Beef, Top Loin Petite Roast/Filet, Boneless, Separable Lean and Fat, Trimmed To 1/8"" Fat, Choice, Raw",,,
173067,"Beef, Top Loin Petite Roast/Filet, Boneless, Separable Lean and Fat, Trimmed To 1/8"" Fat, Select, Raw",,,
173068,"Beef, Australian, Imported, Grass-Fed, Ground, 85% Lean / 15% Fat, Raw",,,
173069,"Beef, Loin, Top Loin Steak, Boneless, Lip-On, Separable Lean Only, Trimmed To 1/8"" Fat, Choice, Cooked, Grilled",,,
173070,"Beef, Loin, Top Loin Steak, Boneless, Lip-On, Separable Lean Only, Trimmed To 1/8"" Fat, Select, Cooked, Grilled",,,
173071,"Beef, Loin, Top Loin Steak, Boneless, Lip-On, Separable Lean Only, Trimmed To 1/8"" Fat, All Grades, Cooked, Grilled",,,
173072,"Beef, Loin, Top Loin Steak, Boneless, Lip-On, Separable Lean and Fat, Trimmed To 1/8"" Fat, Choice, Raw",,,
173073,"Beef, New Zealand, Imported, Brisket Point End, Separable Lean Only, Cooked, Braised",,,
173074,"Beef, New Zealand, Imported, Brisket Point End, Separable Lean Only, Raw",,,
173075,"Beef, New Zealand, Imported, Chuck Eye Roll, Separable Lean Only, Raw",,,
173076,"Beef, New Zealand, Imported, Chuck Eye Roll, Separable Lean Only, Cooked, Braised",,,
173077,"Beef, New Zealand, Imported, Flank, Separable Lean Only, Cooked, Braised",,,
173078,"Beef, New Zealand, Imported, Flank, Separable Lean Only, Raw",,,
173079,"Beef, New Zealand, Imported, Flat, Separable Lean Only, Cooked, Braised",,,
173080,"Beef, New Zealand, Imported, Flat, Separable Lean Only, Raw",,,
173081,"Beef, New Zealand, Imported, Variety Meats and By-Products, Heart, Cooked, Boiled",,,
173082,"Beef, New Zealand, Imported, Intermuscular Fat, Cooked",,,
173083,"Beef, New Zealand, Imported, Intermuscular Fat, Raw",,,
173084,"Beef, New Zealand, Imported, Variety Meats and By-Products, Kidney, Cooked, Boiled",,,
173085,"Beef, New Zealand, Imported, Knuckle, Cooked, Fast Fried",,,
173086,"Beef, New Zealand, Imported, Manufacturing Beef, Raw",,,
173087,"Beef, New Zealand, Imported, Oyster Blade, Separable Lean Only, Cooked, Braised",,,
173088,"Beef, New Zealand, Imported, Oyster Blade, Separable Lean Only, Raw",,,
173089,"Beef, New Zealand, Imported, Ribs Prepared, Cooked, Fast Roasted",,,
173090,"Beef, New Zealand, Imported, Subcutaneous Fat, Cooked",,,
173091,"Beef, New Zealand, Imported, Subcutaneous Fat, Raw",,,
173092,"Beef, New Zealand, Imported, Sweetbread, Cooked, Boiled",,,
173093,"Beef, New Zealand, Imported, Sweetbread, Raw",,,
173094,"Beef, New Zealand, Imported, Tenderloin, Separable Lean Only, Cooked, Fast Fried",,,
173095,"Beef, New Zealand, Imported, Variety Meats and By-Products, Tripe Cooked, Boiled",,,
173096,"Beef, New Zealand, Imported, Variety Meats and By-Products, Tripe Uncooked, Raw",,,
173097,"Beef, New Zealand, Imported, Bolar Blade, Separable Lean and Fat, Cooked, Fast Roasted",,,
173098,"Beef, New Zealand, Imported, Bolar Blade, Separable Lean and Fat, Raw",,,
173099,"Beef, New Zealand, Imported, Chuck Eye Roll, Separable Lean and Fat, Cooked, Braised",,,
173100,"Beef, New Zealand, Imported, Chuck Eye Roll, Separable Lean and Fat, Raw",,,
173101,"Beef, New Zealand, Imported, Cube Roll, Separable Lean and Fat, Cooked, Fast Roasted",,,
173102,"Beef, New Zealand, Imported, Cube Roll, Separable Lean and Fat, Raw",,,
173103,"Beef, New Zealand, Imported, Flat, Separable Lean and Fat, Raw",,,
173104,"Beef, New Zealand, Imported, Hind Shin, Separable Lean and Fat, Cooked, Braised",,,
173105,"Beef, New Zealand, Imported, Hind Shin, Separable Lean and Fat, Raw",,,
173106,"Beef, New Zealand, Imported, Oyster Blade, Separable Lean and Fat, Cooked, Braised",,,
173107,"Beef, New Zealand, Imported, Striploin, Separable Lean and Fat, Raw",,,
173108,"Beef, New Zealand, Imported, Tenderloin, Separable Lean and Fat, Cooked, Fast Fried",,,
173109,"Beef, New Zealand, Imported, Tenderloin, Separable Lean and Fat, Raw",,,
173110,"Beef, Ground, 93% Lean Meat / 7% Fat, Raw",,,
173111,"Beef, Ground, 97% Lean Meat / 3% Fat, Raw",,,
173112,"Beef, Ground, 97% Lean Meat / 3% Fat, Patty, Cooked, Broiled",,,
173113,"Beef, Ground, 97% Lean Meat /3% Fat, Patty, Cooked, Pan-Broiled",,,
173114,"Beef, Ground, 97% Lean Meat / 3% Fat, Loaf, Cooked, Baked",,,
173115,"Beef, Round, Bottom Round, Steak, Separable Lean Only, Trimmed To 1/8"" Fat, Choice, Cooked, Braised",,,
173116,"Beef, Short Loin, Top Loin, Steak, Separable Lean Only, Trimmed To 1/8"" Fat, Choice, Raw",,,
173117,"Beef, Tenderloin, Steak, Separable Lean Only, Trimmed To 1/8"" Fat, Choice, Cooked, Broiled",,,
173118,"Beef, Top Sirloin, Steak, Separable Lean Only, Trimmed To 1/8"" Fat, Choice, Cooked, Broiled",,,
173119,"Beef, Short Loin, Top Loin, Steak, Separable Lean Only, Trimmed To 1/8"" Fat, Choice, Cooked, Broiled",,,
173120,"Beef, Round, Eye of Round, Roast, Separable Lean Only, Trimmed To 1/8"" Fat, Select, Raw",,,
173121,"Beef, Round, Top Round, Steak, Separable Lean Only, Trimmed To 1/8"" Fat, Select, Raw",,,
173122,"Beef, Round, Bottom Round, Roast, Separable Lean Only, Trimmed To 1/8"" Fat, Select, Raw",,,
173123,"Beef, Rib, Small End (Ribs 10-12), Separable Lean Only, Trimmed To 1/8"" Fat, All Grades, Cooked, Broiled",,,
173124,"Beef, Bottom Sirloin, Tri-Tip Roast, Separable Lean Only, Trimmed To 0"" Fat, Select, Raw",,,
173125,"Beef, Round, Tip Round, Roast, Separable Lean Only, Trimmed To 0"" Fat, All Grades, Raw",,,
173126,"Beef, Round, Tip Round, Roast, Separable Lean Only, Trimmed To 0"" Fat, Choice, Raw",,,
173127,"Beef, Round, Tip Round, Roast, Separable Lean Only, Trimmed To 0"" Fat, Select, Raw",,,
173128,"Beef, Brisket, Flat Half, Separable Lean and Fat, Trimmed To 1/8"" Fat, Choice, Raw",,,
173129,"Beef, Brisket, Flat Half, Separable Lean and Fat, Trimmed To 1/8"" Fat, Select, Raw",,,
173130,"Beef, Brisket, Flat Half, Separable Lean and Fat, Trimmed To 1/8"" Fat, Choice, Cooked, Braised",,,
173131,"Snacks, Popcorn, Microwave, 94% Fat Free",,,
173132,"Formulated Bar, Mars Snackfood Us, Snickers Marathon Double Chocolate Nut Bar",,,
173133,"Snacks, M&M Mars, Kudos Whole Grain Bars, Peanut Butter",,,
173134,"Formulated Bar, Mars Snackfood Us, Snickers Marathon Honey Nut Oat Bar",,,
173135,"Snacks, M&M Mars, Kudos Whole Grain Bar, M&M'S Milk Chocolate",,,
173136,"Formulated Bar, Mars Snackfood Us, Snickers Marathon Energy Bar, All Flavors",,,
173137,"Formulated Bar, Power Bar, Chocolate",,,
173138,"Formulated Bar, Mars Snackfood Us, Cocoavia, Chocolate Blueberry Snack Bar",,,
173139,"Formulated Bar, Slim-Fast Optima Meal Bar, Milk Chocolate Peanut",,,
173140,"Snacks, Soy Chips or Crisps, Salted",,,
173141,"Popcorn, Microwave, Regular (Butter) Flavor, Made with Palm Oil",,,
173142,"Snacks, Plantain Chips, Salted",,,
173143,"Tortilla Chips, Yellow, Plain, Salted",,,
173144,"Snacks, Granola Bar, Kashi Golean, Crunchy, Mixed Flavors",,,
173145,"Snacks, Granola Bar, Chewy, Reduced Sugar, All Flavors",,,
173146,"Snacks, Granola Bites, Mixed Flavors",,,
173147,"Snacks, Pita Chips, Salted",,,
173148,"Snacks, Granola Bars, Soft, Almond, Confectioners Coating",,,
173149,"Formulated Bar, High Fiber, Chewy, Oats and Chocolate",,,
173150,"Snacks, Bagel Chips, Plain",,,
173151,"Snacks, Nutri-Grain Fruit and Nut Bar",,,
173152,"Snacks, Yucca (Cassava) Chips, Salted",,,
173153,"Snacks, Granola Bar, General Mills, Nature Valley, Chewy Trail Mix",,,
173154,"Snacks, Granola Bar, Quaker, Dipps, All Flavors",,,
173155,"Snacks, Brown Rice Chips",,,
173156,"Snack, Pretzel, Hard Chocolate Coated",,,
173157,"Snacks, Peas, Roasted, Wasabi-Flavored",,,
173158,"Formulated Bar, South Beach Protein Bar",,,
173159,"Snack, Balance, Original Bar",,,
173160,"Snacks, Shrimp Cracker",,,
173161,Rice Crackers,,,
173162,"Beverages, Monster Energy Drink, Low Carb",,,
173163,"Beverages, Whiskey Sour Mix, Powder",,,
173164,"Alcoholic Beverage, Whiskey Sour, Prepared with Water, Whiskey and Powder Mix",,,
173165,"Beverages, the Coca-Cola Company, Nos Energy Drink, Original, Grape, Loaded Cherry, Charged Citrus, Fortified with Vitamins B6 and B12",,,
173166,"Beverages, Water, Bottled, Yumberry, Pomegranate with Anti-Oxidants, Zero Calories",,,
173167,"Beverages, Abbott, Eas Whey Protein Powder",,,
173168,"Alcoholic Beverage, Creme De Menthe, 72 Proof",,,
173169,"Beverages, Nestle, Boost Plus, Nutritional Drink, Ready-To-Drink",,,
173170,"Beverages, Slimfast, Meal Replacement, High Protein Shake, Ready-To-Drink, 3-2-1 Plan",,,
173171,"Beverages, Unilever, Slimfast, Meal Replacement, Regular, Ready-To-Drink, 3-2-1 Plan",,,
173172,"Beverages, Unilever, Slimfast Shake Mix, Powder, 3-2-1 Plan",,,
173173,"Beverages, Fuze, Orange Mango, Fortified with Vitamins A, C, E, B6",,,
173174,"Beverages, Unilever, Slimfast Shake Mix, High Protein, Whey Powder, 3-2-1 Plan",,,
173175,"Beverages, Acai Berry Drink, Fortified",,,
173176,"Alcoholic Beverage, Wine, Dessert, Sweet",,,
173177,"Beverages, Whey Protein Powder Isolate",,,
173178,"Beverages, Orange Juice, Light, No Pulp",,,
173179,"Beverages, the Coca-Cola Company, Hi-C Flashin' Fruit Punch",,,
173180,"Beverages, Protein Powder Whey Based",,,
173181,"Beverages, Protein Powder Soy Based",,,
173182,"Beverages, Rich Chocolate, Powder",,,
173183,"Beverages, Gerolsteiner Brunnen Gmbh & Co. Kg (Gerolsteiner), Naturally Sparkling, Mineral Bottled Water",,,
173184,"Beverages, Chocolate Malt, Powder, Prepared with Fat Free Milk",,,
173185,"Alcoholic Beverage, Wine, Table, All",,,
173186,"Beverages, V8 Splash Smoothies, Peach Mango",,,
173187,"Beverages, Chocolate Almond Milk, Unsweetened, Shelf-Stable, Fortified with Vitamin D2 and E",,,
173188,"Beverages, the Coca-Cola Company, Glaceau Vitamin Water, Revive Fruit Punch, Fortified",,,
173189,"Beverages, Minute Maid, Lemonada, Limeade",,,
173190,"Alcoholic Beverage, Wine, Table, Red",,,
173191,"Alcoholic Beverage, Wine, Table, Red, Barbera",,,
173192,"Alcoholic Beverage, Wine, Table, Red, Zinfandel",,,
173193,"Alcoholic Beverage, Wine, Table, Red, Petite Sirah",,,
173194,"Alcoholic Beverage, Wine, Table, Red, Claret",,,
173195,"Alcoholic Beverage, Wine, Table, White, Chenin Blanc",,,
173196,"Alcoholic Beverage, Wine, Table, White, Fume Blanc",,,
173197,"Beverages, Mixed Vegetable and Fruit Juice Drink, with Added Nutrients",,,
173198,"Alcoholic Beverage, Wine, Table, White, Muller Thurgau",,,
173199,"Carbonated Beverage, Cream Soda",,,
173200,"Alcoholic Beverage, Wine, Table, White, Riesling",,,
173201,"Alcoholic Beverage, Wine, Table, White, Sauvignon Blanc",,,
173202,"Alcoholic Beverage, Wine, Table, White, Late Harvest",,,
173203,"Beverages, Carbonated, Grape Soda",,,
173204,"Beverages, Carbonated, Low Calorie, Other Than Cola or Pepper, Without Caffeine",,,
173205,"Beverages, Carbonated, Lemon-Lime Soda, No Caffeine",,,
173206,"Beverages, Carbonated, Sprite, Lemon-Lime, Without Caffeine",,,
173207,"Beverages, Carbonated, Low Calorie, Other Than Cola or Pepper, with Aspartame, Contains Caffeine",,,
173208,"Alcoholic Beverage, Wine, Table, Red, Burgundy",,,
173209,"Beverages, Carbonated, Pepper-Type, Contains Caffeine",,,
173210,"Beverages, Energy Drink, Red Bull",,,
173211,"Beverages, Tea, Black, Ready To Drink, Decaffeinated, Diet",,,
173212,"Beverages, Tea, Black, Ready To Drink, Decaffeinated",,,
173213,"Beverages, Grape Juice Drink, Canned",,,
173214,"Beverages, Cranberry Juice Cocktail",,,
173215,"Beverages, Snapple, Tea, Black and Green, Ready To Drink, Peach, Diet",,,
173216,"Lemonade, Frozen Concentrate, White",,,
173217,"Lemonade, Frozen Concentrate, White, Prepared with Water",,,
173218,"Beverages, Snapple, Tea, Black and Green, Ready To Drink, Lemon, Diet",,,
173219,"Beverages, Malted Drink Mix, Natural, with Added Nutrients, Powder, Prepared with Whole Milk",,,
173220,"Beverages, Malted Drink Mix, Natural, Powder, Dairy Based",,,
173221,"Beverages, Malted Drink Mix, Natural, Powder, Prepared with Whole Milk",,,
173222,"Beverages, Ovaltine, Chocolate Malt Powder",,,
173223,"Beverages, Orange and Apricot Juice Drink, Canned",,,
173224,"Beverages, Pineapple and Grapefruit Juice Drink, Canned",,,
173225,"Beverages, Pineapple and Orange Juice Drink, Canned",,,
173226,"Shake, Fast Food, Vanilla",,,
173227,"Beverages, Tea, Black, Brewed, Prepared with Tap Water",,,
173228,"Beverages, Tea, Instant, Decaffeinated, Lemon, Diet",,,
173229,"Beverages, Tea, Instant, Decaffeinated, Lemon, Sweetened",,,
173230,"Beverages, Tea, Instant, Unsweetened, Powder",,,
173231,"Beverages, Tea, Instant, Lemon, Diet",,,
173232,"Beverages, Tea, Herb, Other Than Chamomile, Brewed",,,
173233,"Beverages, Water, Bottled, Perrier",,,
173234,"Beverages, Water, Bottled, Poland Spring",,,
173235,"Beverages, Orange-Flavor Drink, Breakfast Type, Powder",,,
173236,"Beverages, Orange-Flavor Drink, Breakfast Type, Powder, Prepared with Water",,,
173237,"Beverages, Orange-Flavor Drink, Breakfast Type, Low Calorie, Powder",,,
173238,"English Muffins, Plain, Unenriched, Without Calcium Propionate (Includes Sourdough)",,,
173239,"Pie, Apple, Commercially Prepared, Unenriched Flour",,,
173240,"Pie, Fried Pies, Cherry",,,
173241,"Tortillas, Ready-To-Bake or -Fry, Corn, Without Added Salt",,,
173242,"Tortillas, Ready-To-Bake or -Fry, Flour, Without Added Calcium",,,
173243,"Cake, Pound, Commercially Prepared, Fat-Free",,,
173244,"Cake, Yellow, Light, Dry Mix",,,
173245,"Archway Home Style Cookies, Coconut Macaroon",,,
173246,"Archway Home Style Cookies, Date Filled Oatmeal",,,
173247,"Archway Home Style Cookies, Dutch Cocoa",,,
173248,"Archway Home Style Cookies, Frosty Lemon",,,
173249,"Archway Home Style Cookies, Iced Molasses",,,
173250,"Archway Home Style Cookies, Old Fashioned Molasses",,,
173251,"Archway Home Style Cookies, Old Fashioned Windmill Cookies",,,
173252,"Archway Home Style Cookies, Peanut Butter",,,
173253,"Archway Home Style Cookies, Raspberry Filled",,,
173254,"George Weston Bakeries, Brownberry Sage and Onion Stuffing Mix, Dry",,,
173255,"Keebler, Keebler Chocolate Graham Selects",,,
173256,"Continental Mills, Krusteaz Almond Poppyseed Muffin Mix, Artificially Flavored, Dry",,,
173257,"Mckee Baking, Little Debbie Nutty Bars, Wafers with Peanut Butter, Chocolate Covered",,,
173258,"Nabisco, Nabisco Ritz Crackers",,,
173259,"Pillsbury, Buttermilk Biscuits, Artificial Flavor, Refrigerated Dough",,,
173260,"Pillsbury, Chocolate Chip Cookies, Refrigerated Dough",,,
173261,"Pillsbury, Crusty French Loaf, Refrigerated Dough",,,
173262,"Sorghum Flour, Refined, Unenriched",,,
173263,"Rice, Brown, Parboiled, Cooked, Uncle Bens",,,
173264,"Pasta, Gluten-Free, Rice Flour and Rice Bran Extract, Cooked, De Boles",,,
173265,"Pasta, Gluten-Free, Corn and Rice Flour, Cooked",,,
173266,"Fast Foods, Biscuit, with Egg and Bacon",,,
173267,"Fast Foods, Biscuit, with Egg and Ham",,,
173268,"Fast Foods, Biscuit, with Crispy Chicken Fillet",,,
173269,"Fast Foods, Croissant, with Egg, Cheese, and Bacon",,,
173270,"Fast Foods, Croissant, with Egg, Cheese, and Ham",,,
173271,"Fast Foods, Croissant, with Egg, Cheese, and Sausage",,,
173272,"Fast Foods, Egg, Scrambled",,,
173273,"Fast Foods, Potatoes, Hash Browns, Round Pieces or Patty",,,
173274,"Fast Foods, Vanilla, Light, Soft-Serve Ice Cream, with Cone",,,
173275,"Fast Foods, Sundae, Caramel",,,
173276,"Fast Foods, Sundae, Hot Fudge",,,
173277,"Fast Foods, Burrito, with Beans and Beef",,,
173278,"Fast Foods, Burrito, with Beans, Cheese, and Beef",,,
173279,"Pizza Hut 12"" Pepperoni Pizza, Hand-Tossed Crust",,,
173280,"Pizza Hut 12"" Pepperoni Pizza, Pan Crust",,,
173281,"Pizza Hut 12"" Super Supreme Pizza, Hand-Tossed Crust",,,
173282,"Domino'S 14"" Cheese Pizza, Classic Hand-Tossed Crust",,,
173283,"Domino'S 14"" Cheese Pizza, Ultimate Deep Dish Crust",,,
173284,"Papa John'S 14"" Cheese Pizza, Original Crust",,,
173285,"Papa John'S 14"" Pepperoni Pizza, Original Crust",,,
173286,"Papa John'S 14"" the Works Pizza, Original Crust",,,
173287,"Papa John'S 14"" Cheese Pizza, Thin Crust",,,
173288,"Little Caesars 14"" Pepperoni Pizza, Large Deep Dish Crust",,,
173289,"Little Caesars 14"" Cheese Pizza, Thin Crust",,,
173290,"Pizza Hut 14"" Cheese Pizza, Hand-Tossed Crust",,,
173291,"Pizza Hut 14"" Cheese Pizza, Pan Crust",,,
173292,"Fast Food, Pizza Chain, 14"" Pizza, Cheese Topping, Regular Crust",,,
173293,"Fast Food, Pizza Chain, 14"" Pizza, Cheese Topping, Thick Crust",,,
173294,"Fast Food, Pizza Chain, 14"" Pizza, Cheese Topping, Thin Crust",,,
173295,"Fast Food, Pizza Chain, 14"" Pizza, Pepperoni Topping, Regular Crust",,,
173296,"Fast Food, Pizza Chain, 14"" Pizza, Pepperoni Topping, Thick Crust",,,
173297,"Mcdonald'S, Chicken Mcnuggets",,,
173298,"Mcdonald'S, Hash Brown",,,
173299,"Mcdonald'S, Hotcakes (Plain)",,,
173300,"Mcdonald'S, Bacon, Egg & Cheese Mcgriddles",,,
173301,"Mcdonald'S, Hot Caramel Sundae",,,
173302,"Mcdonald'S, Hot Fudge Sundae",,,
173303,"Mcdonald'S, Mcflurry with M&M'S Candies",,,
173304,"Mcdonald'S, Mcflurry with Oreo Cookies",,,
173305,"Mcdonald'S, Mcchicken Sandwich",,,
173306,"Mcdonald'S, Mcchicken Sandwich (Without Mayonnaise)",,,
173307,"Mcdonald'S, Egg Mcmuffin",,,
173308,"Mcdonald'S, Sausage Mcmuffin",,,
173309,"Mcdonald'S, Deluxe Breakfast, with Syrup and Margarine",,,
173310,"Mcdonald'S, Hotcakes and Sausage",,,
173311,"Mcdonald'S, Hotcakes (With 2 Pats Margarine & Syrup)",,,
173312,"Mcdonald'S, Bacon Ranch Salad with Grilled Chicken",,,
173313,"Mcdonald'S, Fruit 'N Yogurt Parfait (Without Granola)",,,
173314,"Mcdonald'S, Filet-O-Fish (Without Tartar Sauce)",,,
173315,"Burger King, Croissan'Wich with Sausage, Egg and Cheese",,,
173316,"Burger King, Croissan'Wich with Sausage and Cheese",,,
173317,"Fast Foods, Hamburger; Single, Large Patty; with Condiments, Vegetables and Mayonnaise",,,
173318,"Fast Foods, Hamburger; Single, Regular Patty; Double Decker Bun with Condiments and Special Sauce",,,
173319,"Fast Foods, Cheeseburger; Double, Regular Patty; with Condiments",,,
173320,"Fast Foods, Cheeseburger; Double, Large Patty; with Condiments",,,
173321,"Fast Foods, Chicken Tenders",,,
173322,"Fast Foods, Bagel, with Egg, Sausage Patty, Cheese, and Condiments",,,
173323,"Fast Foods, Bagel, with Breakfast Steak, Egg, Cheese, and Condiments",,,
173324,"Light Ice Cream, Soft Serve, Blended with Milk Chocolate Candies",,,
173325,"Macaroni and Cheese, Canned Entree",,,
173326,"Hot Pockets, Croissant Pockets Chicken, Broccoli, and Cheddar Stuffed Sandwich, Frozen",,,
173327,"Hot Pockets Ham 'N Cheese Stuffed Sandwich, Frozen",,,
173328,"Ravioli, Cheese-Filled, Canned",,,
173329,"Ravioli, Meat-Filled, with Tomato Sauce or Meat Sauce, Canned",,,
173330,"Beef Stew, Canned Entree",,,
173331,"Chicken Pot Pie, Frozen Entree, Prepared",,,
173332,"Beef, Corned Beef Hash, with Potato, Canned",,,
173333,"Lasagna, Cheese, Frozen, Prepared",,,
173334,"Lasagna with Meat & Sauce, Frozen Entree",,,
173335,"Burrito, Beef and Bean, Frozen",,,
173336,"Burrito, Bean and Cheese, Frozen",,,
173337,"Macaroni and Cheese, Canned, Microwavable",,,
173338,"Turkey, Stuffing, Mashed Potatoes W/Gravy, Assorted Vegetables, Frozen, Microwaved",,,
173339,"Rice Bowl with Chicken, Frozen Entree, Prepared (Includes Fried, Teriyaki, and Sweet and Sour Varieties)",,,
173340,"Macaroni and Cheese Dinner with Dry Sauce Mix, Boxed, Uncooked",,,
173341,"Macaroni and Cheese, Dry Mix, Prepared with 2% Milk and 80% Stick Margarine From Dry Mix",,,
173342,"Macaroni and Cheese, Frozen Entree",,,
173343,Potato Salad with Egg,,,
173344,Pulled Pork in Barbecue Sauce,,,
173345,"Corn Dogs, Frozen, Prepared",,,
173346,"Chicken Tenders, Breaded, Frozen, Prepared",,,
173347,"Rice-A-Roni, Chicken Flavor, Unprepared",,,
173348,"Rice and Vermicelli Mix, Chicken Flavor, Prepared with 80% Margarine",,,
173349,"Beef, Shoulder Pot Roast or Steak, Boneless, Separable Lean and Fat, Trimmed To 0"" Fat, All Grades, Raw",,,
173350,"Beef, Short Loin, Porterhouse Steak, Separable Lean and Fat, Trimmed To 1/8"" Fat, All Grades, Raw",,,
173351,"Beef, Short Loin, T-Bone Steak, Separable Lean and Fat, Trimmed To 1/8"" Fat, All Grades, Cooked, Grilled",,,
173352,"Beef, Short Loin, T-Bone Steak, Separable Lean and Fat, Trimmed To 1/8"" Fat, Select, Raw",,,
173353,"Beef, Short Loin, T-Bone Steak, Separable Lean and Fat, Trimmed To 1/8"" Fat, Select, Cooked, Grilled",,,
173354,"Beef, Round, Knuckle, Tip Side, Steak, Separable Lean and Fat, Trimmed To 0"" Fat, Choice, Raw",,,
173355,"Beef, Chuck, Shoulder Clod, Shoulder Tender, Medallion, Separable Lean and Fat, Trimmed To 0"" Fat, Choice, Cooked, Grilled",,,
173356,"Beef, Chuck, Shoulder Clod, Shoulder Tender, Medallion, Separable Lean and Fat, Trimmed To 0"" Fat, Select, Raw",,,
173357,"Beef, Chuck, Shoulder Clod, Shoulder Top and Center Steaks, Separable Lean and Fat, Trimmed To 0"" Fat, Choice, Raw",,,
173358,"Beef, Chuck, Shoulder Clod, Shoulder Top and Center Steaks, Separable Lean and Fat, Trimmed To 0"" Fat, Choice, Cooked, Grilled",,,
173359,"Beef, Chuck, Shoulder Clod, Top Blade, Steak, Separable Lean and Fat, Trimmed To 0"" Fat, Select, Raw",,,
173360,"Beef, Chuck, Shoulder Clod, Top Blade, Steak, Separable Lean and Fat, Trimmed To 0"" Fat, Select, Cooked, Grilled",,,
173361,"Beef, Round, Knuckle, Tip Center, Steak, Separable Lean and Fat, Trimmed To 0"" Fat, Choice, Raw",,,
173362,"Beef, Round, Knuckle, Tip Center, Steak, Separable Lean and Fat, Trimmed To 0"" Fat, Choice, Cooked, Grilled",,,
173363,"Beef, Round, Knuckle, Tip Center, Steak, Separable Lean and Fat, Trimmed To 0"" Fat, Select, Raw",,,
173364,"Beef, Round, Outside Round, Bottom Round, Steak, Separable Lean and Fat, Trimmed To 0"" Fat, Select, Cooked, Grilled",,,
173365,"Beef, Chuck, Shoulder Clod, Shoulder Tender, Medallion, Separable Lean and Fat, Trimmed To 0"" Fat, All Grades, Raw",,,
173366,"Beef, Chuck, Shoulder Clod, Shoulder Tender, Medallion, Separable Lean and Fat, Trimmed To 0"" Fat, All Grades, Cooked, Grilled",,,
173367,"Beef, Round, Knuckle, Tip Side, Steak, Separable Lean and Fat, Trimmed To 0"" Fat, All Grades, Raw",,,
173368,"Beef, Chuck, Shoulder Clod, Top Blade, Steak, Separable Lean and Fat, Trimmed To 0"" Fat, All Grades, Cooked, Grilled",,,
173369,"Beef, Round, Knuckle, Tip Center, Steak, Separable Lean and Fat, Trimmed To 0"" Fat, All Grades, Raw",,,
173370,"Beef, Round, Knuckle, Tip Center, Steak, Separable Lean and Fat, Trimmed To 0"" Fat, All Grades, Cooked, Grilled",,,
173371,"Beef, Round, Outside Round, Bottom Round, Steak, Separable Lean and Fat, Trimmed To 0"" Fat, All Grades, Raw",,,
173372,"Beef, Rib Eye Roast, Boneless, Lip-On, Separable Lean Only, Trimmed To 1/8"" Fat, Select, Cooked, Roasted",,,
173373,"Beef, Plate Steak, Boneless, Inside Skirt, Separable Lean Only, Trimmed To 0"" Fat, All Grades, Cooked, Grilled",,,
173374,"Beef, Plate Steak, Boneless, Inside Skirt, Separable Lean Only, Trimmed To 0"" Fat, All Grades, Raw",,,
173375,"Beef, Plate Steak, Boneless, Inside Skirt, Separable Lean Only, Trimmed To 0"" Fat, Choice, Cooked, Grilled",,,
173376,"Beef, Plate Steak, Boneless, Outside Skirt, Separable Lean Only, Trimmed To 0"" Fat, All Grades, Raw",,,
173377,"Beef, Plate Steak, Boneless, Outside Skirt, Separable Lean Only, Trimmed To 0"" Fat, Choice, Cooked, Grilled",,,
173378,"Beef, Plate Steak, Boneless, Outside Skirt, Separable Lean Only, Trimmed To 0"" Fat, Choice, Raw",,,
173379,"Beef, Plate Steak, Boneless, Outside Skirt, Separable Lean Only, Trimmed To 0"" Fat, Select, Cooked, Grilled",,,
173380,"Beef, Rib Eye Steak, Boneless, Lip Off, Separable Lean Only, Trimmed To 0"" Fat, Choice, Raw",,,
173381,"Beef, Rib Eye Steak, Boneless, Lip Off, Separable Lean Only, Trimmed To 0"" Fat, Select, Cooked, Grilled",,,
173382,"Beef, Rib Eye Steak, Boneless, Lip Off, Separable Lean Only, Trimmed To 0"" Fat, Select, Raw",,,
173383,"Beef, Rib, Back Ribs, Bone-In, Separable Lean Only, Trimmed To 0"" Fat, All Grades, Cooked, Braised",,,
173384,"Beef, Rib, Back Ribs, Bone-In, Separable Lean Only, Trimmed To 0"" Fat, Select, Raw",,,
173385,"Beef, Rib Eye Steak, Bone-In, Lip-On, Separable Lean and Fat, Trimmed To 1/8"" Fat, Choice, Cooked, Grilled",,,
173386,"Beef, Rib Eye Steak, Bone-In, Lip-On, Separable Lean and Fat, Trimmed To 1/8"" Fat, Select, Cooked, Grilled",,,
173387,"Beef, Rib Eye Steak, Bone-In, Lip-On, Separable Lean and Fat, Trimmed To 1/8"" Fat, All Grades, Cooked, Grilled",,,
173388,"Beef, Rib Eye Roast, Bone-In, Lip-On, Separable Lean and Fat, Trimmed To 1/8"" Fat, Choice, Cooked, Roasted",,,
173389,"Beef, Rib Eye Steak/Roast, Bone-In, Lip-On, Separable Lean and Fat, Trimmed To 1/8"" Fat, Select, Raw",,,
173390,"Beef, Rib Eye Steak, Boneless, Lip-On, Separable Lean and Fat, Trimmed To 1/8"" Fat, Choice, Cooked, Grilled",,,
173391,"Beef, Rib Eye Steak, Boneless, Lip-On, Separable Lean and Fat, Trimmed To 1/8"" Fat, Select, Cooked, Grilled",,,
173392,"Beef, Rib Eye Steak, Boneless, Lip-On, Separable Lean and Fat, Trimmed To 1/8"" Fat, All Grades, Cooked, Grilled",,,
173393,"Beef, Rib Eye Steak/Roast, Boneless, Lip-On, Separable Lean and Fat, Trimmed To 1/8"" Fat, Choice, Raw",,,
173394,"Beef, Rib Eye Steak/Roast, Boneless, Lip-On, Separable Lean and Fat, Trimmed To 1/8"" Fat, Select, Raw",,,
173395,"Beef, Plate Steak, Boneless, Inside Skirt, Separable Lean and Fat, Trimmed To 0"" Fat, All Grades, Cooked, Grilled",,,
173396,"Beef, Plate Steak, Boneless, Inside Skirt, Separable Lean and Fat, Trimmed To 0"" Fat, Choice, Cooked, Grilled",,,
173397,"Beef, Plate Steak, Boneless, Outside Skirt, Separable Lean and Fat, Trimmed To 0"" Fat, All Grades, Cooked, Grilled",,,
173398,"Beef, Plate Steak, Boneless, Outside Skirt, Separable Lean and Fat, Trimmed To 0"" Fat, Choice, Cooked, Grilled",,,
173399,"Beef, Plate Steak, Boneless, Outside Skirt, Separable Lean and Fat, Trimmed To 0"" Fat, Select, Cooked, Grilled",,,
173400,"Beef, Plate Steak, Boneless, Outside Skirt, Separable Lean and Fat, Trimmed To 0"" Fat, All Grades, Raw",,,
173401,"Beef, Rib Eye Steak, Boneless, Lip Off, Separable Lean and Fat, Trimmed To 0"" Fat, Select, Cooked, Grilled",,,
173402,"Beef, Rib Eye Steak, Boneless, Lip Off, Separable Lean and Fat, Trimmed To 0"" Fat, All Grades, Raw",,,
173403,"Beef, Rib Eye Steak, Boneless, Lip Off, Separable Lean and Fat, Trimmed To 0"" Fat, Choice, Raw",,,
173404,"Beef, Rib Eye Steak, Boneless, Lip Off, Separable Lean and Fat, Trimmed To 0"" Fat, Select, Raw",,,
173405,"Beef, Rib, Back Ribs, Bone-In, Separable Lean and Fat, Trimmed To 0"" Fat, Choice, Raw",,,
173406,"Beef, Rib, Back Ribs, Bone-In, Separable Lean and Fat, Trimmed To 0"" Fat, Select, Raw",,,
173407,"Beef, Loin, Top Sirloin Petite Roast, Boneless, Separable Lean Only, Trimmed To 0"" Fat, Choice, Cooked, Roasted",,,
173408,"Beef, Loin, Top Sirloin Petite Roast/Filet, Boneless, Separable Lean Only, Trimmed To 0"" Fat, Choice, Raw",,,
173409,"Beef, Loin, Top Sirloin Cap Steak, Boneless, Separable Lean Only, Trimmed To 1/8"" Fat, Select, Raw",,,
173410,"Butter, Salted",,,
173411,"Butter, Whipped, with Salt",,,
173412,"Butter Oil, Anhydrous",,,
173413,"Cheese, Caraway",,,
173414,"Cheese, Cheddar (Includes Foods for Usda'S Food Distribution Program)",,,
173415,"Cheese, Cheshire",,,
173416,"Cheese, Colby",,,
173417,"Cheese, Cottage, Lowfat, 1% Milkfat",,,
173418,"Cheese, Cream",,,
173419,"Cheese, Edam",,,
173420,"Cheese, Feta",,,
173421,"Egg, Yolk, Raw, Frozen, Pasteurized",,,
173422,"Egg, Yolk, Raw, Frozen, Sugared, Pasteurized",,,
173423,"Egg, Whole, Cooked, Fried",,,
173424,"Egg, Whole, Cooked, Hard-Boiled",,,
173425,"Egg, Whole, Dried, Stabilized, Glucose Reduced",,,
173426,"Egg, White, Dried, Flakes, Stabilized, Glucose Reduced",,,
173427,"Egg, White, Dried, Powder, Stabilized, Glucose Reduced",,,
173428,"Egg, Yolk, Dried",,,
173429,"Egg Substitute, Powder",,,
173430,"Butter, Without Salt",,,
173431,"Cheese, Parmesan, Shredded",,,
173432,"Milk, Nonfat, Fluid, Without Added Vitamin a and Vitamin D (Fat Free or Skim)",,,
173433,"Cheese, Goat, Semisoft Type",,,
173434,"Yogurt, Greek, 2% Fat, Key Lime Blend, Chobani",,,
173435,"Cheese, Goat, Soft Type",,,
173436,"Egg, Yolk, Raw, Frozen, Salted, Pasteurized",,,
173437,"Cheese, Mexican, Queso Asadero",,,
173438,"Cheese, Mexican, Queso Chihuahua",,,
173439,"Cheese, Low Fat, Cheddar or Colby",,,
173440,"Cheese, Low-Sodium, Cheddar or Colby",,,
173441,"Milk, Fluid, 1% Fat, Without Added Vitamin a and Vitamin D",,,
173442,"Sour Cream, Reduced Fat",,,
173443,"Sour Cream, Light",,,
173444,"Sour Cream, Fat Free",,,
173445,"Yogurt, Vanilla or Lemon Flavor, Nonfat Milk, Sweetened with Low-Calorie Sweetener",,,
173446,Kraft Cheez Whiz Light Pasteurized Process Cheese Product,,,
173447,Kraft Free Singles American Nonfat Pasteurized Process Cheese Product,,,
173448,Kraft Velveeta Pasteurized Process Cheese Spread,,,
173449,Kraft Velveeta Light Reduced Fat Pasteurized Process Cheese Product,,,
173450,"Milk, Chocolate, Fluid, Commercial, Reduced Fat, with Added Calcium",,,
173451,"Yogurt, Fruit, Lowfat, with Low Calorie Sweetener",,,
173452,"Cheese, Parmesan, Dry Grated, Reduced Fat",,,
173453,"Cream Substitute, Flavored, Liquid",,,
173454,"Milk, Dry, Whole, Without Added Vitamin D",,,
173455,"Cheese Product, Pasteurized Process, American, Reduced Fat, Fortified with Vitamin D",,,
173456,"Yogurt, Fruit, Low Fat, 9 Grams Protein Per 8 Ounce, Fortified with Vitamin D",,,
173457,"Yogurt, Fruit, Low Fat, 10 Grams Protein Per 8 Ounce, Fortified with Vitamin D",,,
173458,"Yogurt, Fruit Variety, Nonfat, Fortified with Vitamin D",,,
173459,"Protein Supplement, Milk Based, Muscle Milk, Powder",,,
173460,"Protein Supplement, Milk Based, Muscle Milk Light, Powder",,,
173461,Dulce De Leche,,,
173462,"Egg Substitute, Liquid or Frozen, Fat Free",,,
173463,"Yogurt, Vanilla Flavor, Lowfat Milk, Sweetened with Low Calorie Sweetener",,,
173464,"Yogurt, Frozen, Flavors Not Chocolate, Nonfat Milk, with Low-Calorie Sweetener",,,
173465,"Ice Cream, Soft Serve, Chocolate",,,
173466,"Ice Cream, Bar or Stick, Chocolate Covered",,,
173467,"Fat Free Ice Cream, No Sugar Added, Flavors Other Than Chocolate",,,
173468,"Salt, Table",,,
173469,"Vinegar, Cider",,,
173470,"Thyme, Fresh",,,
173471,Vanilla Extract,,,
173472,"Horseradish, Prepared",,,
173473,"Rosemary, Fresh",,,
173474,"Peppermint, Fresh",,,
173475,"Spearmint, Fresh",,,
173476,"Seasoning Mix, Dry, Chili, Original",,,
173477,Clif Z Bar,,,
173478,"Babyfood, Juice Treats, Fruit Medley, Toddler",,,
173479,"Babyfood, Meat, Beef, Strained",,,
173480,"Babyfood, Meat, Ham, Junior",,,
173481,"Babyfood, Meat, Lamb, Strained",,,
173482,"Babyfood, Meat, Lamb, Junior",,,
173483,"Babyfood, Meat, Chicken, Strained",,,
173484,"Babyfood, Meat, Turkey Sticks, Junior",,,
173485,"Babyfood, Snack, Gerber Graduate Fruit Strips, Real Fruit Bars",,,
173486,"Babyfood, Meat, Meat Sticks, Junior",,,
173487,"Babyfood, Gerber, 2Nd Foods, Apple, Carrot and Squash, Organic",,,
173488,"Babyfood, Dinner, Vegetables and Dumplings and Beef, Junior",,,
173489,"Babyfood, Dinner, Beef Lasagna, Toddler",,,
173490,"Babyfood, Dinner, Macaroni and Tomato and Beef, Strained",,,
173491,"Babyfood, Dinner, Macaroni and Tomato and Beef, Junior",,,
173492,"Babyfood, Dinner, Spaghetti and Tomato and Meat, Junior",,,
173493,"Babyfood, Dinner, Spaghetti and Tomato and Meat, Toddler",,,
173494,"Babyfood, Dinner, Vegetables and Beef, Strained",,,
173495,"Babyfood, Dinner, Vegetables and Beef, Junior",,,
173496,"Babyfood, Dinner, Chicken Soup, Strained",,,
173497,"Babyfood, Dinner, Chicken Stew, Toddler",,,
173498,"Babyfood, Dinner, Vegetables Chicken, Strained",,,
173499,"Babyfood, Dinner, Vegetables, Noodles and Chicken, Strained",,,
173500,"Babyfood, Dinner, Turkey and Rice, Junior",,,
173501,"Babyfood, Dinner, Vegetables and Turkey, Strained",,,
173502,"Babyfood, Dinner, Vegetables and Turkey, Junior",,,
173503,"Babyfood, Dinner, Macaroni and Cheese, Strained",,,
173504,"Babyfood, Vegetable, Green Beans and Potatoes",,,
173505,"Babyfood, Vegetables, Beets, Strained",,,
173506,"Babyfood, Vegetables, Carrots, Strained",,,
173507,"Babyfood, Vegetables, Carrots, Junior",,,
173508,"Babyfood, Potatoes, Toddler",,,
173509,"Babyfood, Cereal, Oatmeal, Dry, Gerber, Single Grain, Fortified",,,
173510,"Babyfood, Vegetable, Butternut Squash and Corn",,,
173511,"Babyfood, Apples, Dices, Toddler",,,
173512,"Babyfood, Fruit, Applesauce, Strained",,,
173513,"Babyfood, Dinner, Vegetables and Chicken, Junior",,,
173514,"Babyfood, Dinner, Mixed Vegetable, Strained",,,
173515,"Babyfood, Vegetables, Mix Vegetables Strained",,,
173516,"Babyfood, Dinner, Beef Noodle, Junior",,,
173517,"Babyfood, Apples with Ham, Strained",,,
173518,"Babyfood, Carrots and Beef, Strained",,,
173519,"Babyfood, Beverage, Gerber, Graduates, Fruit Splashers",,,
173520,"Babyfood, Snack, Gerber, Graduates, Yogurt Melts",,,
173521,"Babyfood, Dinner, Sweet Potatoes and Chicken, Strained",,,
173522,"Infant Formula, Mead Johnson, Enfamil 24, Ready To Feed, with Ara and Dha",,,
173523,"Infant Formula, Mead Johnson, Enfamil Enspire Powder, with Ara and Dha, Not Reconstituted",,,
173524,"Infant Formula, Mead Johnson, Enfamil Reguline, Ready To Feed, with Ara and Dha",,,
173525,"Infant Formula, Mead Johnson, Gentlease, Ready To Feed, with Ara and Dha",,,
173526,"Toddler Formula, Mead Johnson, Nutramigen Toddler with Lgg Powder, with Ara and Dha, Not Reconstituted",,,
173527,"Infant Formula, Mead Johnson, Pregestimil 20 Calories, Ready To Feed, with Ara and Dha",,,
173528,"Babyfood, Cereal, High Protein, Prepared with Whole Milk",,,
173529,"Babyfood, Cereal, Mixed, Prepared with Whole Milk",,,
173530,"Babyfood, Cereal, Mixed, with Bananas, Prepared with Whole Milk",,,
173531,"Babyfood, Cereal, Oatmeal, Prepared with Whole Milk",,,
173532,"Babyfood, Cereal, Mixed, with Honey, Prepared with Whole Milk",,,
173533,"Babyfood, Cereal, High Protein, with Apple and Orange, Prepared with Whole Milk",,,
173534,"Babyfood, Cereal, Rice, with Bananas, Prepared with Whole Milk",,,
173535,"Infant Formula, Nestle, Good Start Supreme, with Iron, Liquid Concentrate, Not Reconstituted",,,
173536,"Infant Formula, Nestle, Good Start Supreme, with Iron, Powder",,,
173537,"Infant Formula, Mead Johnson, Enfamil, Lipil, Low Iron, Liquid Concentrate, with Ara and Dha",,,
173538,"Infant Formula, Mead Johnson, Pregestimil, with Iron, Powder, with Ara and Dha, Not Reconstituted",,,
173539,"Infant Formula, Mead Johnson, Pregestimil, with Iron, with Ara and Dha, Prepared From Powder",,,
173540,"Infant Formula, Mead Johnson, Prosobee, with Iron, Ready-To-Feed",,,
173541,"Infant Formula, Abbott Nutrition, Similac, Isomil, with Iron, Ready-To-Feed",,,
173542,"Infant Formula, Abbott Nutrition, Similac, Isomil, with Iron, Liquid Concentrate",,,
173543,"Infant Formula, Abbott Nutrition, Similac, Isomil, with Iron, Powder, Not Reconstituted",,,
173544,"Infant Formula, Mead Johnson, Enfamil, Nutramigen, with Iron, Liquid Concentrate Not Reconstituted, with Ara and Dha",,,
173545,"Infant Formula, Mead Johnson, Enfamil, Prosobee, with Iron, Powder, Not Reconstituted, with Ara and Dha",,,
173546,"Infant Formula, Abbott Nutrition, Similac, with Iron, Powder, Not Reconstituted",,,
173547,"Infant Formula, Mead Johnson, Enfamil, Prosobee, Liquid Concentrate, Reconstituted, with Ara and Dha",,,
173548,"Infant Formula, Mead Johnson, Prosobee, with Iron, Ready To Feed, with Ara and Dha",,,
173549,"Infant Formula, Nestle, Good Start Soy, with Dha and Ara, Ready-To-Feed",,,
173550,"Child Formula, Abbott Nutrition, Pediasure, Ready-To-Feed, with Iron and Fiber",,,
173551,"Infant Formula, Nestle, Good Start Essentials Soy, with Iron, Powder",,,
173552,"Infant Formula, Mead Johnson, Next Step Prosobee, Powder, Not Reconstituted",,,
173553,"Infant Formula, Mead Johnson,Next Step Prosobee, Prepared From Powder",,,
173554,"Infant Formula, Pbm Products, Store Brand, Powder",,,
173555,"Infant Formula, Pbm Products, Store Brand, Soy, Ready-To-Feed",,,
173556,"Infant Formula, Pbm Products, Store Brand, Soy, Liquid Concentrate, Not Reconstituted",,,
173557,"Infant Formula, Pbm Products, Store Brand, Soy, Powder",,,
173558,"Infant Formula, Abbott Nutrition, Similac, Sensitive, (Lactose Free), Liquid Concentrate, with Ara and Dha",,,
173559,"Infant Formula, Abbott Nutrition, Similac, Sensitive, (Lactose Free), Powder, with Ara and Dha",,,
173560,"Infant Formula, Abbott Nutrition, Similac, Advance, with Iron, Ready-To-Feed",,,
173561,"Infant Formula, Abbott Nutrition, Similac, Advance, with Iron, Powder, Not Reconstituted",,,
173562,"Salad Dressing, Blue or Roquefort Cheese Dressing, Commercial, Regular",,,
173563,"Oil, Cupu Assu",,,
173564,"Fat, Chicken",,,
173565,"Oil, Soybean, Salad or Cooking, (Partially Hydrogenated) and Cottonseed",,,
173566,"Shortening Industrial, Lard and Vegetable Oil",,,
173567,"Shortening Frying (Heavy Duty), Beef Tallow and Cottonseed",,,
173568,"Shortening Confectionery, Coconut (Hydrogenated) and or Palm Kernel (Hydrogenated)",,,
173569,"Shortening Industrial, Soybean (Hydrogenated) and Cottonseed",,,
173570,"Oil, Ucuhuba Butter",,,
173571,"Fat, Turkey",,,
173572,"Fat, Goose",,,
173573,"Oil, Avocado",,,
173574,"Shortening, Special Purpose for Cakes and Frostings, Soybean (Hydrogenated)",,,
173575,"Shortening, Special Purpose for Baking, Soybean (Hydrogenated) Palm and Cottonseed",,,
173576,"Oil, Oat",,,
173577,"Fish Oil, Cod Liver",,,
173578,"Fish Oil, Sardine",,,
173579,"Shortening, Multipurpose, Soybean (Hydrogenated) and Palm (Hydrogenated)",,,
173580,"Margarine-Like, Vegetable Oil-Butter Spread, Tub, with Salt",,,
173581,"Butter, Light, Stick, with Salt",,,
173582,"Margarine-Like, Vegetable Oil Spread, 60% Fat, Tub, with Salt",,,
173583,"Margarine-Like, Vegetable Oil Spread, 60% Fat, Stick/Tub/Bottle, with Salt",,,
173584,"Shortening, Vegetable, Household, Composite",,,
173585,"Margarine, Regular, 80% Fat, Composite, Stick, Without Salt",,,
173586,"Margarine-Like Spread with Yogurt, Approximately 40% Fat, Tub, with Salt",,,
173587,"Margarine, 80% Fat, Stick, Includes Regular and Hydrogenated Corn and Soybean Oils",,,
173588,"Margarine, Margarine-Type Vegetable Oil Spread, 70% Fat, Soybean and Partially Hydrogenated Soybean, Stick",,,
173589,"Margarine Spread, 40-49% Fat, Tub",,,
173590,"Salad Dressing, Italian Dressing, Fat-Free",,,
173591,"Salad Dressing, Ranch Dressing, Fat-Free",,,
173592,"Salad Dressing, Ranch Dressing, Regular",,,
173593,"Salad Dressing, Ranch Dressing, Reduced Fat",,,
173594,"Salad Dressing, Mayonnaise, Light",,,
173595,"Oil, Industrial, Coconut, Principal Uses Candy Coatings, Oil Sprays, Roasting Nuts",,,
173596,"Oil, Industrial, Soy (Partially Hydrogenated), Principal Uses Popcorn and Flavoring Vegetables",,,
173597,"Shortening, Industrial, Soy (Partially Hydrogenated), Pourable Liquid Fry Shortening",,,
173598,"Oil, Industrial, Soy, Refined, for Woks and Light Frying",,,
173599,"Margarine-Like Shortening, Industrial, Soy (Partially Hydrogenated), Cottonseed, and Soy, Principal Use Flaky Pastries",,,
173600,"Oil, Industrial, Palm Kernel, Confection Fat, Uses Similar To High Quality Cocoa Butter",,,
173601,"Oil, Industrial, Palm Kernel (Hydrogenated), Confection Fat, Uses Similar To 95 Degree Hard Butter",,,
173602,"Oil, Industrial, Palm Kernel (Hydrogenated), Confection Fat, Intermediate Grade Product",,,
173603,"Oil, Industrial, Palm Kernel (Hydrogenated), Filling Fat",,,
173604,"Oil, Industrial, Soy (Partially Hydrogenated ), Palm, Principal Uses Icings and Fillings",,,
173605,"Margarine, Industrial, Non-Dairy, Cottonseed, Soy Oil (Partially Hydrogenated ), for Flaky Pastries",,,
173606,"Shortening, Industrial, Soy (Partially Hydrogenated ) and Corn for Frying",,,
173607,"Shortening, Industrial, Soy (Partially Hydrogenated ) for Baking and Confections",,,
173608,"Margarine-Like Spread, Smart Beat Super Light Without Saturated Fat",,,
173609,"Margarine-Like Spread, Smart Beat Smart Squeeze",,,
173610,"Margarine-Like Spread, Smart Balance Omega Plus Spread (With Plant Sterols & Fish Oil)",,,
173611,"Chicken, Broilers or Fryers, Drumstick, Meat and Skin, Cooked, Fried, Flour",,,
173612,"Chicken, Broilers or Fryers, Drumstick, Meat and Skin, Cooked, Roasted",,,
173613,"Chicken, Broilers or Fryers, Drumstick, Meat and Skin, Cooked, Stewed",,,
173614,"Chicken, Broilers or Fryers, Dark Meat, Drumstick, Meat Only, Raw",,,
173615,"Chicken, Broilers or Fryers, Leg, Meat and Skin, Cooked, Fried, Batter",,,
173616,"Chicken, Broilers or Fryers, Leg, Meat and Skin, Cooked, Fried, Flour",,,
173617,"Chicken, Broilers or Fryers, Leg, Meat and Skin, Cooked, Roasted",,,
173618,"Chicken, Broilers or Fryers, Leg, Meat and Skin, Cooked, Stewed",,,
173619,"Chicken, Broilers or Fryers, Leg, Meat Only, Raw",,,
173620,"Chicken, Broilers or Fryers, Neck, Meat and Skin, Cooked, Fried, Batter",,,
173621,"Chicken, Broilers or Fryers, Neck, Meat and Skin, Cooked, Fried, Flour",,,
173622,"Chicken, Broilers or Fryers, Neck, Meat and Skin, Cooked Simmered",,,
173623,"Chicken, Broilers or Fryers, Neck, Meat Only, Raw",,,
173624,"Chicken, Broilers or Fryers, Thigh, Meat and Skin, Cooked, Fried, Flour",,,
173625,"Chicken, Broilers or Fryers, Thigh, Meat and Skin, Cooked, Roasted",,,
173626,"Chicken, Broilers or Fryers, Thigh, Meat and Skin, Cooked, Stewed",,,
173627,"Chicken, Broilers or Fryers, Dark Meat, Thigh, Meat Only, Raw",,,
173628,"Chicken, Broilers or Fryers, Wing, Meat and Skin, Cooked, Fried, Batter",,,
173629,"Chicken, Broilers or Fryers, Wing, Meat and Skin, Cooked, Fried, Flour",,,
173630,"Chicken, Broilers or Fryers, Wing, Meat and Skin, Cooked, Roasted",,,
173631,"Chicken, Broilers or Fryers, Wing, Meat and Skin, Cooked, Stewed",,,
173632,"Chicken, Broilers or Fryers, Wing, Meat Only, Raw",,,
173633,"Chicken, Roasting, Meat and Skin and Giblets and Neck, Cooked, Roasted",,,
173634,"Canada Goose, Breast Meat Only, Skinless, Raw",,,
173635,"Chicken, Roasting, Meat and Skin, Cooked, Roasted",,,
173636,"Chicken, Roasting, Meat Only, Raw",,,
173637,"Chicken, Roasting, Light Meat, Meat Only, Cooked, Roasted",,,
173638,"Chicken, Roasting, Dark Meat, Meat Only, Raw",,,
173639,"Chicken, Roasting, Dark Meat, Meat Only, Cooked, Roasted",,,
173640,"Chicken, Stewing, Meat and Skin, and Giblets and Neck, Raw",,,
173641,"Chicken, Stewing, Giblets, Raw",,,
173642,"Chicken, Stewing, Giblets, Cooked, Simmered",,,
173643,"Chicken, Stewing, Light Meat, Meat Only, Raw",,,
173644,"Chicken, Stewing, Light Meat, Meat Only, Cooked, Stewed",,,
173645,"Chicken, Capons, Meat and Skin, Raw",,,
173646,"Chicken, Capons, Meat and Skin, Cooked, Roasted",,,
173647,"Beverages, Water, Tap, Drinking",,,
173648,"Beverages, Coffee Substitute, Cereal Grain Beverage, Powder, Prepared with Whole Milk",,,
173649,"Beverages, Dairy Drink Mix, Chocolate, Reduced Calorie, with Low-Calorie Sweeteners, Powder",,,
173650,"Beverages, Dairy Drink Mix, Chocolate, Reduced Calorie, with Aspartame, Powder, Prepared with Water and Ice",,,
173651,"Beverages, Orange-Flavor Drink, Breakfast Type, with Pulp, Frozen Concentrate",,,
173652,"Beverages, Orange-Flavor Drink, Breakfast Type, with Pulp, Frozen Concentrate, Prepared with Water",,,
173653,"Cranberry Juice Cocktail, Frozen Concentrate",,,
173654,"Cranberry Juice Cocktail, Frozen Concentrate, Prepared with Water",,,
173655,"Beverages, Water, Bottled, Non-Carbonated, Dannon",,,
173656,"Beverages, Water, Bottled, Non-Carbonated, Pepsi, Aquafina",,,
173657,"Water, Bottled, Non-Carbonated, Naya",,,
173658,"Beverages, Dannon, Water, Bottled, Non-Carbonated, with Fluoride",,,
173659,"Beverages, Drink Mix, Quaker Oats, Gatorade, Orange Flavor, Powder",,,
173660,"Beverages, Pepsico Quaker, Gatorade, G Performance O 2, Ready-To-Drink",,,
173661,"Whiskey Sour Mix, Bottled, with Added Potassium and Sodium",,,
173662,"Alcoholic Beverage, Whiskey Sour",,,
173663,"Alcoholic Beverage, Distilled, All (Gin, Rum, Vodka, Whiskey) 94 Proof",,,
173664,"Alcoholic Beverage, Distilled, All (Gin, Rum, Vodka, Whiskey) 100 Proof",,,
173665,"Alcoholic Beverage, Liqueur, Coffee, 63 Proof",,,
173666,"Lemonade, Frozen Concentrate, Pink",,,
173667,"Beverages, Lemonade, Frozen Concentrate, Pink, Prepared with Water",,,
173668,"Fish, Herring, Atlantic, Kippered",,,
173669,"Fish, Herring, Pacific, Raw",,,
173670,"Fish, Ling, Raw",,,
173671,"Fish, Lingcod, Raw",,,
173672,"Fish, Mackerel, Pacific and Jack, Mixed Species, Raw",,,
173673,"Fish, Mackerel, Spanish, Raw",,,
173674,"Fish, Mackerel, Spanish, Cooked, Dry Heat",,,
173675,"Fish, Milkfish, Raw",,,
173676,"Fish, Monkfish, Raw",,,
173677,"Fish, Pout, Ocean, Raw",,,
173678,"Fish, Perch, Mixed Species, Raw",,,
173679,"Fish, Perch, Mixed Species, Cooked, Dry Heat",,,
173680,"Fish, Pike, Northern, Raw",,,
173681,"Fish, Pollock, Alaska, Cooked, Dry Heat (May Contain Additives To Retain Moisture)",,,
173682,"Fish, Pompano, Florida, Raw",,,
173683,"Fish, Pompano, Florida, Cooked, Dry Heat",,,
173684,"Fish, Rockfish, Pacific, Mixed Species, Raw",,,
173685,"Fish, Sablefish, Smoked",,,
173686,"Fish, Salmon, Atlantic, Wild, Raw",,,
173687,"Fish, Salmon, Chinook, Smoked",,,
173688,"Fish, Salmon, Chinook, Raw",,,
173689,"Fish, Salmon, Chum, Raw",,,
173690,"Fish, Salmon, Pink, Canned, Total Can Contents",,,
173691,"Fish, Salmon, Sockeye, Raw",,,
173692,"Fish, Salmon, Sockeye, Cooked, Dry Heat",,,
173693,"Fish, Salmon, Sockeye, Canned, Drained Solids",,,
173694,"Fish, Sea Bass, Mixed Species, Cooked, Dry Heat",,,
173695,"Fish, Seatrout, Mixed Species, Raw",,,
173696,"Fish, Shad, American, Raw",,,
173697,"Fish, Shark, Mixed Species, Raw",,,
173698,"Fish, Snapper, Mixed Species, Raw",,,
173699,"Fish, Snapper, Mixed Species, Cooked, Dry Heat",,,
173700,"Fish, Spot, Raw",,,
173701,"Fish, Sturgeon, Mixed Species, Raw",,,
173702,"Fish, Surimi",,,
173703,"Fish, Swordfish, Raw",,,
173704,"Fish, Swordfish, Cooked, Dry Heat",,,
173705,"Fish, Tilefish, Raw",,,
173706,"Fish, Tuna, Fresh, Bluefin, Raw",,,
173707,"Fish, Tuna, Fresh, Bluefin, Cooked, Dry Heat",,,
173708,"Fish, Tuna, Light, Canned in Oil, Drained Solids",,,
173709,"Fish, Tuna, Light, Canned in Water, Drained Solids (Includes Foods for Usda'S Food Distribution Program)",,,
173710,"Fish, Turbot, European, Raw",,,
173711,"Fish, Whitefish, Mixed Species, Raw",,,
173712,"Fish, Whitefish, Mixed Species, Smoked",,,
173713,"Fish, Whiting, Mixed Species, Raw",,,
173714,"Fish, Catfish, Channel, Wild, Cooked, Dry Heat",,,
173715,"Fish, Salmon, Coho, Farmed, Raw",,,
173716,"Fish, Salmon, Coho, Farmed, Cooked, Dry Heat",,,
173717,"Fish, Trout, Rainbow, Farmed, Raw",,,
173718,"Fish, Trout, Rainbow, Farmed, Cooked, Dry Heat",,,
173719,"Fish, Salmon, Coho, Wild, Cooked, Dry Heat",,,
173720,"Mollusks, Conch, Baked or Broiled",,,
173721,"Salmon Nuggets, Breaded, Frozen, Heated",,,
173722,"Salmon Nuggets, Cooked As Purchased, Unheated",,,
173723,"Salmon, Sockeye, Canned, Drained Solids, Without Skin and Bones",,,
173724,"Fish, Salmon, Pink, Canned, Drained Solids, Without Skin and Bones",,,
173725,"Fish, Pollock, Alaska, Raw",,,
173726,"Fish, Pollock, Alaska, Cooked",,,
173727,"Beans, Adzuki, Mature Seeds, Raw",,,
173728,"Beans, Adzuki, Mature Seeds, Cooked, Boiled, Without Salt",,,
173729,"Beans, Adzuki, Mature Seeds, Canned, Sweetened",,,
173730,"Yokan, Prepared From Adzuki Beans and Sugar",,,
173731,"Beans, Baked, Home Prepared",,,
173732,"Beans, Baked, Canned, with Pork and Sweet Sauce",,,
173733,"Beans, Baked, Canned, with Pork and Tomato Sauce",,,
173734,"Beans, Black, Mature Seeds, Raw",,,
173735,"Beans, Black, Mature Seeds, Cooked, Boiled, Without Salt",,,
173736,"Beans, Cranberry (Roman), Mature Seeds, Cooked, Boiled, Without Salt",,,
173737,"Beans, Cranberry (Roman), Mature Seeds, Canned",,,
173738,"Beans, French, Mature Seeds, Raw",,,
173739,"Beans, French, Mature Seeds, Cooked, Boiled, Without Salt",,,
173740,"Beans, Kidney, All Types, Mature Seeds, Cooked, Boiled, Without Salt",,,
173741,"Beans, Kidney, All Types, Mature Seeds, Canned",,,
173742,"Beans, Kidney, California Red, Mature Seeds, Raw",,,
173743,"Beans, Kidney, California Red, Mature Seeds, Cooked, Boiled, Without Salt",,,
173744,"Beans, Kidney, Red, Mature Seeds, Raw",,,
173745,"Beans, Navy, Mature Seeds, Raw",,,
173746,"Beans, Navy, Mature Seeds, Cooked, Boiled, Without Salt",,,
173747,"Beans, Navy, Mature Seeds, Canned",,,
173748,"Beans, Pink, Mature Seeds, Raw",,,
173749,"Beans, Small White, Mature Seeds, Raw",,,
173750,"Beans, Small White, Mature Seeds, Cooked, Boiled, Without Salt",,,
173751,"Beans, Yellow, Mature Seeds, Raw",,,
173752,"Beans, Yellow, Mature Seeds, Cooked, Boiled, Without Salt",,,
173753,"Broadbeans (Fava Beans), Mature Seeds, Cooked, Boiled, Without Salt",,,
173754,"Broadbeans (Fava Beans), Mature Seeds, Canned",,,
173755,Carob Flour,,,
173756,"Chickpeas (Garbanzo Beans, Bengal Gram), Mature Seeds, Raw",,,
173757,"Chickpeas (Garbanzo Beans, Bengal Gram), Mature Seeds, Cooked, Boiled, Without Salt",,,
173758,"Cowpeas, Common (Blackeyes, Crowder, Southern), Mature Seeds, Raw",,,
173759,"Cowpeas, Common (Blackeyes, Crowder, Southern), Mature Seeds, Cooked, Boiled, Without Salt",,,
173760,"Cowpeas, Common (Blackeyes, Crowder, Southern), Mature Seeds, Canned, Plain",,,
173761,"Cowpeas, Common (Blackeyes, Crowder, Southern), Mature Seeds, Canned with Pork",,,
173762,"Vitasoy Usa, Organic Nasoya Extra Firm Tofu",,,
173763,"Vitasoy Usa, Organic Nasoya Firm Tofu",,,
173764,"Vitasoy Usa, Organic Nasoya Silken Tofu",,,
173765,"Soymilk (All Flavors), Enhanced",,,
173766,"Soymilk, Original and Vanilla, Light, with Added Calcium, Vitamins a and D",,,
173767,"Soymilk, Chocolate and Other Flavors, Light, with Added Calcium, Vitamins a and D",,,
173768,"Soymilk, Original and Vanilla, Light, Unsweetened, with Added Calcium, Vitamins a and D",,,
173769,"Soymilk (All Flavors), Lowfat, with Added Calcium, Vitamins a and D",,,
173770,"Silk Chocolate, Soymilk",,,
173771,"Silk Light Plain, Soymilk",,,
173772,"Silk Light Vanilla, Soymilk",,,
173773,"Silk Light Chocolate, Soymilk",,,
173774,"Silk Very Vanilla, Soymilk",,,
173775,"Silk Nog, Soymilk",,,
173776,"Silk Chai, Soymilk",,,
173777,"Silk Mocha, Soymilk",,,
173778,Silk Raspberry Soy Yogurt,,,
173779,Silk Peach Soy Yogurt,,,
173780,Silk Black Cherry Soy Yogurt,,,
173781,Silk Blueberry Soy Yogurt,,,
173782,Silk Hazelnut Creamer,,,
173783,"Vitasoy Usa Organic Nasoya, Soft Tofu",,,
173784,"Vitasoy Usa Nasoya, Lite Silken Tofu",,,
173785,"Vitasoy Usa Organic Nasoya, Tofu Plus Extra Firm",,,
173786,"Vitasoy Usa Azumaya, Silken Tofu",,,
173787,House Foods Premium Soft Tofu,,,
173788,House Foods Premium Firm Tofu,,,
173789,"Beans, Adzuki, Mature Seed, Cooked, Boiled, with Salt",,,
173790,"Beans, Great Northern, Mature Seeds, Cooked, Boiled, with Salt",,,
173791,"Beans, Great Northern, Mature Seeds, Canned, Low Sodium",,,
173792,"Beans, Kidney, All Types, Mature Seeds, Cooked, Boiled, with Salt",,,
173793,"Beans, Kidney, California Red, Mature Seeds, Cooked, Boiled, with Salt",,,
173794,"Beans, Navy, Mature Seeds, Cooked, Boiled, with Salt",,,
173795,"Beans, Pink, Mature Seeds, Cooked, Boiled, with Salt",,,
173796,"Beans, Pinto, Mature Seeds, Cooked, Boiled, with Salt",,,
173797,"Beans, Pinto, Mature Seeds, Canned, Drained Solids, Rinsed in Tap Water",,,
173798,"Broadbeans (Fava Beans), Mature Seeds, Cooked, Boiled, with Salt",,,
173799,"Chickpeas (Garbanzo Beans, Bengal Gram), Mature Seeds, Cooked, Boiled, with Salt",,,
173800,"Chickpeas (Garbanzo Beans, Bengal Gram), Mature Seeds, Canned, Drained Solids",,,
173801,"Chickpeas (Garbanzo Beans, Bengal Gram), Mature Seeds, Canned, Drained, Rinsed in Tap Water",,,
173802,"Lima Beans, Large, Mature Seeds, Cooked, Boiled, with Salt",,,
173803,"Lima Beans, Thin Seeded (Baby), Mature Seeds, Cooked, Boiled, with Salt",,,
173804,"Lupins, Mature Seeds, Cooked, Boiled, with Salt",,,
173805,"Mothbeans, Mature Seeds, Cooked, Boiled, with Salt",,,
173806,"Peanuts, All Types, Dry-Roasted, Without Salt",,,
173807,"Peanuts, Spanish, Oil-Roasted, Without Salt",,,
173808,"Peanuts, Valencia, Oil-Roasted, Without Salt",,,
173809,"Peanuts, Virginia, Oil-Roasted, Without Salt",,,
173810,"Lamb, New Zealand, Imported, Loin Chop, Separable Lean Only, Raw",,,
173811,"Lamb, New Zealand, Imported, Frozen, Loin, Separable Lean Only, Cooked, Broiled",,,
173812,"Lamb, New Zealand, Imported, Rack - Partly Frenched, Separable Lean and Fat, Raw",,,
173813,"Lamb, New Zealand, Imported, Rack - Partly Frenched, Separable Lean and Fat, Cooked, Fast Roasted",,,
173814,"Lamb, New Zealand, Imported, Frozen, Shoulder, Whole (Arm and Blade), Separable Lean Only, Cooked, Braised",,,
173815,"Veal, Composite of Trimmed Retail Cuts, Separable Lean and Fat, Raw",,,
173816,"Veal, Composite of Trimmed Retail Cuts, Separable Lean and Fat, Cooked",,,
173817,"Veal, Composite of Trimmed Retail Cuts, Separable Lean Only, Raw",,,
173818,"Veal, Leg (Top Round), Separable Lean and Fat, Cooked, Braised",,,
173819,"Veal, Leg (Top Round), Separable Lean and Fat, Cooked, Pan-Fried, Breaded",,,
173820,"Veal, Leg (Top Round), Separable Lean and Fat, Cooked, Pan-Fried, Not Breaded",,,
173821,"Veal, Leg (Top Round), Separable Lean and Fat, Cooked, Roasted",,,
173822,"Veal, Leg (Top Round), Separable Lean Only, Cooked, Roasted",,,
173823,"Veal, Loin, Separable Lean and Fat, Raw",,,
173824,"Veal, Loin, Separable Lean and Fat, Cooked, Braised",,,
173825,"Veal, Loin, Separable Lean and Fat, Cooked, Roasted",,,
173826,"Veal, Loin, Separable Lean Only, Raw",,,
173827,"Veal, Rib, Separable Lean and Fat, Cooked, Roasted",,,
173828,"Veal, Rib, Separable Lean Only, Raw",,,
173829,"Veal, Rib, Separable Lean Only, Cooked, Braised",,,
173830,"Veal, Rib, Separable Lean Only, Cooked, Roasted",,,
173831,"Veal, Shoulder, Whole (Arm and Blade), Separable Lean Only, Cooked, Braised",,,
173832,"Veal, Shoulder, Whole (Arm and Blade), Separable Lean Only, Cooked, Roasted",,,
173833,"Veal, Shoulder, Arm, Separable Lean and Fat, Raw",,,
173834,"Veal, Shoulder, Arm, Separable Lean and Fat, Cooked, Braised",,,
173835,"Veal, Shoulder, Blade Chop, Separable Lean and Fat, Raw",,,
173836,"Veal, Shoulder, Blade, Separable Lean and Fat, Cooked, Braised",,,
173837,"Veal, Shoulder, Blade, Separable Lean and Fat, Cooked, Roasted",,,
173838,"Veal, Shoulder, Blade Chop, Separable Lean Only, Raw",,,
173839,"Veal, Shoulder, Blade, Separable Lean Only, Cooked, Braised",,,
173840,"Veal, Sirloin, Separable Lean Only, Raw",,,
173841,"Veal, Sirloin, Separable Lean Only, Cooked, Braised",,,
173842,"Veal, Sirloin, Separable Lean Only, Cooked, Roasted",,,
173843,"Veal, Cubed for Stew (Leg and Shoulder), Separable Lean Only, Raw",,,
173844,"Game Meat, Antelope, Cooked, Roasted",,,
173845,"Game Meat, Bear, Raw",,,
173846,"Game Meat, Bear, Cooked, Simmered",,,
173847,"Bison, Ground, Grass-Fed, Cooked",,,
173848,"Game Meat, Beefalo, Composite of Cuts, Cooked, Roasted",,,
173849,"Veal, Australian, Separable Fat, Raw",,,
173850,"Veal, Australian, Rib, Rib Roast, Separable Lean and Fat, Raw",,,
173851,"Game Meat, Bison, Separable Lean Only, Raw",,,
173852,"Game Meat, Bison, Separable Lean Only, Cooked, Roasted",,,
173853,"Game Meat, Caribou, Raw",,,
173854,"Game Meat, Caribou, Cooked, Roasted",,,
173855,"Game Meat, Deer, Raw",,,
173856,"Bologna, Pork",,,
173857,"Bologna, Turkey",,,
173858,Chicken Spread,,,
173859,"Sausage, Pork, Chorizo, Link or Ground, Raw",,,
173860,"Corned Beef Loaf, Jellied",,,
173861,"Dutch Brand Loaf, Chicken, Pork and Beef",,,
173862,"Frankfurter, Beef, Unheated",,,
173863,"Ham, Sliced, Pre-Packaged, Deli Meat (96%Fat Free, Water Added)",,,
173864,"Ham, Sliced, Regular (Approximately 11% Fat)",,,
173865,"Ham, Minced",,,
173866,Ham Salad Spread,,,
173867,"Knackwurst, Knockwurst, Pork, Beef",,,
173868,"Lebanon Bologna, Beef",,,
173869,"Liver Cheese, Pork",,,
173870,"Liver Sausage, Liverwurst, Pork",,,
173871,"Sausage, Turkey, Fresh, Cooked",,,
173872,"Bologna, Chicken, Pork, Beef",,,
173873,"Bologna, Chicken, Pork",,,
173874,"Chicken Breast, Deli, Rotisserie Seasoned, Sliced, Prepackaged",,,
173875,"Frankfurter, Meat and Poultry, Unheated",,,
173876,"Pork Sausage, Link/Patty, Fully Cooked, Unheated",,,
173877,"Kielbasa, Fully Cooked, Grilled",,,
173878,"Kielbasa, Fully Cooked, Pan-Fried",,,
173879,"Kielbasa, Fully Cooked, Unheated",,,
173880,"Sausage, Chicken or Turkey, Italian Style, Lower Sodium",,,
173881,"Ham, Smoked, Extra Lean, Low Sodium",,,
173882,"Pork Sausage, Reduced Sodium, Cooked",,,
173883,"Sausage, Pork, Turkey, and Beef, Reduced Sodium",,,
173884,"Cereals Ready-To-Eat, General Mills, Cheerios",,,
173885,"Cereals Ready-To-Eat, Post, Cocoa Pebbles",,,
173886,"Cereals Ready-To-Eat, Quaker, Quaker Crunchy Bran",,,
173887,"Cereals Ready-To-Eat, Ralston Crisp Rice",,,
173888,"Cereals Ready-To-Eat, Post Bran Flakes",,,
173889,"Cereals Ready-To-Eat, Post, Honeycomb Cereal",,,
173890,"Cereals Ready-To-Eat, Quaker, King Vitaman",,,
173891,"Cereals Ready-To-Eat, Quaker, Quaker Oat Life, Plain",,,
173892,"Cereals Ready-To-Eat, Quaker, 100% Natural Granola, Oats, Wheat and Honey",,,
173893,"Cereals Ready-To-Eat, Ralston Tasteeos",,,
173894,"Cereals Ready-To-Eat, Post, Honey Nut Shredded Wheat",,,
173895,"Cereals Ready-To-Eat, Malt-O-Meal, Corn Bursts",,,
173896,"Cereals Ready-To-Eat, Wheat Germ, Toasted, Plain",,,
173897,"Cereals, Quaker, Corn Grits, Instant, Plain, Prepared (Microwaved or Boiling Water Added), Without Salt",,,
173898,"Cereals, Quaker, Corn Grits, Instant, Cheddar Cheese Flavor, Dry",,,
173899,"Cereals, Quaker, Instant Grits, Country Bacon Flavor, Dry",,,
173900,"Cereals, Cream of Rice, Dry",,,
173901,"Cereals, Cream of Wheat, Regular, 10 Minute Cooking, Dry",,,
173902,"Cereals, Cream of Wheat, Instant, Prepared with Water, Without Salt",,,
173903,"Cereals, Malt-O-Meal, Original, Plain, Dry",,,
173904,"Cereals, Oats, Regular and Quick, Not Fortified, Dry",,,
173905,"Cereals, Oats, Regular and Quick, Unenriched, Cooked with Water (Includes Boiling and Microwaving), Without Salt",,,
173906,"Cereals, Oats, Instant, Fortified, with Cinnamon and Spice, Prepared with Water",,,
173907,"Cereals, Quaker, Instant Oatmeal, Maple and Brown Sugar, Dry",,,
173908,"Cereals, Oats, Instant, Fortified, with Raisins and Spice, Prepared with Water",,,
173909,"Cereals Ready-To-Eat, Malt-O-Meal, Marshmallow Mateys",,,
173910,"Cereals Ready-To-Eat, Post, Shredded Wheat, Original Big Biscuit",,,
173911,"Cereals Ready-To-Eat, Post, Shredded Wheat, Original Spoon-Size",,,
173912,"Cereals Ready-To-Eat, Rice, Puffed, Fortified",,,
173913,"Cereals Ready-To-Eat, Wheat, Puffed, Fortified",,,
173914,"Cereals, Cream of Rice, Cooked with Water, with Salt",,,
173915,"Cereals, Cream of Wheat, Regular (10 Minute), Cooked with Water, with Salt",,,
173916,"Cereals, Farina, Unenriched, Dry",,,
173917,"Cereals, Farina, Enriched, Cooked with Water, with Salt",,,
173918,"Cereals Ready-To-Eat, Post, Shredded Wheat, Lightly Frosted, Spoon-Size",,,
173919,"Cereals Ready-To-Eat, Post Selects Blueberry Morning",,,
173920,"Cereals, Oats, Instant, Fortified, Maple and Brown Sugar, Dry",,,
173921,"Cereals Ready-To-Eat, Quaker Whole Hearts Oat Cereal",,,
173922,"Cereals, Quaker, Weight Control Instant Oatmeal, Maple and Brown Sugar",,,
173923,"Cereals, Quaker, Weight Control Instant Oatmeal, Banana Bread",,,
173924,"Cereals, Quaker, Oatmeal, Real Medleys, Peach Almond, Dry",,,
173925,"Cereals, Quaker, Oatmeal, Real Medleys, Cherry Pistachio, Dry",,,
173926,"Cereals, Quaker, Instant Oatmeal, Weight Control, Cinnamon",,,
173927,"Cereals Ready-To-Eat, Mom'S Best, Sweetened Wheat-Fuls",,,
173928,"Apples, Raw, Without Skin, Cooked, Boiled",,,
173929,"Apples, Raw, Without Skin, Cooked, Microwave",,,
173930,"Apples, Canned, Sweetened, Sliced, Drained, Heated",,,
173931,"Apples, Dehydrated (Low Moisture), Sulfured, Uncooked",,,
173932,"Apples, Frozen, Unsweetened, Heated (Includes Foods for Usda'S Food Distribution Program)",,,
173933,"Apple Juice, Canned or Bottled, Unsweetened, Without Added Ascorbic Acid",,,
173934,"Apple Juice, Frozen Concentrate, Unsweetened, Undiluted, Without Added Ascorbic Acid",,,
173935,"Apple Juice, Frozen Concentrate, Unsweetened, Diluted with 3 Volume Water Without Added Ascorbic Acid",,,
173936,"Apricots, Canned, Water Pack, Without Skin, Solids and Liquids",,,
173937,"Apricots, Canned, Juice Pack, with Skin, Solids and Liquids",,,
173938,"Apricots, Canned, Extra Light Syrup Pack, with Skin, Solids and Liquids (Includes Foods for Usda'S Food Distribution Program)",,,
173939,"Apricots, Canned, Light Syrup Pack, with Skin, Solids and Liquids",,,
173940,"Apricots, Dehydrated (Low-Moisture), Sulfured, Stewed",,,
173941,"Apricots, Dried, Sulfured, Uncooked",,,
173942,"Apricots, Dried, Sulfured, Stewed, Without Added Sugar",,,
173943,"Apricots, Dried, Sulfured, Stewed, with Added Sugar",,,
173944,"Bananas, Raw",,,
173945,"Bananas, Dehydrated, or Banana Powder",,,
173946,"Blackberries, Raw",,,
173947,"Blackberry Juice, Canned",,,
173948,"Blueberries, Canned, Heavy Syrup, Solids and Liquids",,,
173949,"Blueberries, Wild, Frozen (Includes Foods for Usda'S Food Distribution Program)",,,
173950,"Blueberries, Frozen, Unsweetened (Includes Foods for Usda'S Food Distribution Program)",,,
173951,"Blueberries, Frozen, Sweetened",,,
173952,"Carissa, (Natal-Plum), Raw",,,
173953,"Cherimoya, Raw",,,
173954,"Cherries, Sour, Red, Raw",,,
173955,"Cherries, Sour, Red, Canned, Water Pack, Solids and Liquids",,,
173956,"Cherries, Sour, Red, Canned, Light Syrup Pack, Solids and Liquids",,,
173957,"Cherries, Sweet, Canned, Water Pack, Solids and Liquids",,,
173958,"Cherries, Sweet, Canned, Juice Pack, Solids and Liquids",,,
173959,"Cherries, Sweet, Canned, Light Syrup Pack, Solids and Liquids",,,
173960,"Cherries, Sweet, Canned, Pitted, Heavy Syrup Pack, Solids and Liquids",,,
173961,"Cranberry Sauce, Canned, Sweetened",,,
173962,"Cranberry-Orange Relish, Canned",,,
173963,"Currants, European Black, Raw",,,
173964,"Currants, Red and White, Raw",,,
173965,"Beef, Australian, Imported, Grass-Fed, Loin, Tenderloin Steak/Roast, Boneless, Separable Lean Only, Raw",,,
173966,"Beef, Australian, Imported, Wagyu, Loin, Tenderloin Steak/Roast, Boneless, Separable Lean Only, Aust. Marble Score 4/5, Raw",,,
173967,"Beef, Australian, Imported, Wagyu, External Fat, Aust. Marble Score 9, Raw",,,
173968,"Beef, Australian, Imported, Wagyu, Seam Fat, Aust. Marble Score 9, Raw",,,
173969,"Beef, Australian, Imported, Grass-Fed, Loin, Tenderloin Steak/Roast, Boneless, Separable Lean and Fat, Raw",,,
173970,"Beef, Australian, Imported, Grass-Fed, Loin, Top Loin Steak/Roast, Boneless, Separable Lean Only, Raw",,,
173971,"Beef, Australian, Imported, Grass-Fed, Round, Bottom Round Steak/Roast, Boneless, Separable Lean Only, Raw",,,
173972,"Beef, Australian, Imported, Grass-Fed, Round, Top Round Cap-Off Steak/Roast, Boneless, Separable Lean Only, Raw",,,
173973,"Beef, Australian, Imported, Wagyu, Loin, Tenderloin Steak/Roast, Boneless, Separable Lean Only, Aust. Marble Score 9, Raw",,,
173974,"Beef, Australian, Imported, Wagyu, Loin, Top Loin Steak/Roast, Boneless, Separable Lean Only, Aust. Marble Score 4/5, Raw",,,
173975,"Beef, Australian, Imported, Grass-Fed, Rib, Ribeye Steak/Roast Lip-On, Boneless, Separable Lean and Fat, Raw",,,
173976,"Beef, Australian, Imported, Grass-Fed, Round, Bottom Round Steak/Roast, Boneless, Separable Lean and Fat, Raw",,,
173977,"Beef, Australian, Imported, Grass-Fed, Round, Top Round Cap-Off Steak/Roast, Boneless, Separable Lean and Fat, Raw",,,
173978,"Beef, Australian, Imported, Wagyu, Loin, Top Loin Steak/Roast, Boneless, Separable Lean and Fat, Aust. Marble Score 4/5, Raw",,,
173979,"Beef, Australian, Imported, Wagyu, Loin, Top Loin Steak/Roast, Separable Lean and Fat, Aust. Marble Score 9, Raw",,,
173980,"Beef, Round, Top Round Steak, Boneless, Separable Lean and Fat, Trimmed To 0"" Fat, Choice, Raw",,,
173981,"Beef, Round, Top Round Steak, Boneless, Separable Lean and Fat, Trimmed To 0"" Fat, Select, Raw",,,
173982,"Beef, Round, Top Round Roast, Boneless, Separable Lean and Fat, Trimmed To 0"" Fat, All Grades, Raw",,,
173983,"Beef, Round, Top Round Roast, Boneless, Separable Lean and Fat, Trimmed To 0"" Fat, Choice, Raw",,,
173984,"Beef, Round, Eye of Round Steak, Boneless, Separable Lean and Fat, Trimmed To 0"" Fat, All Grades, Raw",,,
173985,"Beef, Round, Eye of Round Steak, Boneless Separable Lean and Fat, Trimmed To 0"" Fat, Choice, Raw",,,
173986,"Beef, Round, Eye of Round Steak, Boneless, Separable Lean and Fat, Trimmed To 0"" Fat, Select, Raw",,,
173987,"Beef, Loin, Tenderloin Roast, Boneless, Separable Lean and Fat, Trimmed To 0"" Fat, All Grades, Raw",,,
173988,"Beef, Loin, Tenderloin Steak, Boneless, Separable Lean and Fat, Trimmed To 0"" Fat, All Grades, Raw",,,
173989,"Beef, Loin, Tenderloin Steak, Boneless, Separable Lean and Fat, Trimmed To 0"" Fat, Choice, Raw",,,
173990,"Beef, Loin, Tenderloin Steak, Boneless, Separable Lean and Fat, Trimmed To 0"" Fat, Select, Raw",,,
173991,"Beef, Loin, Tenderloin Roast, Boneless, Separable Lean and Fat, Trimmed To 0"" Fat, All Grades, Cooked, Roasted",,,
173992,"Beef, Round, Top Round Roast, Boneless, Separable Lean and Fat, Trimmed To 0"" Fat, Select, Cooked, Roasted",,,
173993,"Beef, Round, Eye of Round Steak, Boneless, Separable Lean and Fat, Trimmed To 0"" Fat, All Grades, Cooked, Grilled",,,
173994,"Beef, Round, Eye of Round Steak, Boneless, Separable Lean and Fat, Trimmed To 0"" Fat, Choice, Cooked, Grilled",,,
173995,"Beef, Round, Eye of Round Steak, Boneless, Separable Lean and Fat, Trimmed To 0"" Fat, Select, Cooked, Grilled",,,
173996,"Beef, Round, Top Round Roast, Boneless, Separable Lean Only, Trimmed To 0"" Fat, Choice, Raw",,,
173997,"Beef, Round, Top Round Roast, Boneless, Separable Lean Only, Trimmed To 0"" Fat, Select, Raw",,,
173998,"Beef, Round, Eye of Round Roast, Boneless, Separable Lean Only, Trimmed To 0"" Fat, All Grades, Raw",,,
173999,"Beef, Round, Eye of Round Roast, Boneless, Separable Lean Only, Trimmed To 0"" Fat, Choice, Raw",,,
174000,"Beef, Loin, Tenderloin Roast, Boneless, Separable Lean Only, Trimmed To 0"" Fat, Choice, Raw",,,
174001,"Beef, Loin, Tenderloin Roast, Boneless, Separable Lean Only, Trimmed To 0"" Fat, Select, Raw",,,
174002,"Beef, Loin, Top Loin Steak, Boneless, Lip Off, Separable Lean Only, Trimmed To 0"" Fat, All Grades, Raw",,,
174003,"Beef, Loin, Top Loin Steak, Boneless, Lip Off, Separable Lean Only, Trimmed To 0"" Fat, Choice, Raw",,,
174004,"Beef, Loin, Tenderloin Roast, Boneless, Separable Lean Only, Trimmed To 0"" Fat, All Grades, Cooked, Roasted",,,
174005,"Beef, Loin, Tenderloin Roast, Boneless, Separable Lean Only, Trimmed To 0"" Fat, Choice, Cooked, Roasted",,,
174006,"Beef, Loin, Tenderloin Roast, Separable Lean Only, Boneless, Trimmed To 0"" Fat, Select, Cooked, Roasted",,,
174007,"Beef, Round, Top Round Roast, Boneless, Separable Lean Only, Trimmed To 0"" Fat, All Grades, Cooked, Roasted",,,
174008,"Beef, Round, Eye of Round Steak, Boneless, Separable Lean Only, Trimmed To 0"" Fat, Select, Cooked, Grilled",,,
174009,"Beef, Loin, Top Loin Steak, Boneless, Lip-On, Separable Lean Only, Trimmed To 1/8"" Fat, Select, Raw",,,
174010,"Beef, Loin, Top Loin Steak, Boneless, Lip-On, Separable Lean Only, Trimmed To 1/8"" Fat, Choice, Raw",,,
174011,"Beef, Loin, Top Loin Steak, Boneless, Lip-On, Separable Lean Only, Trimmed To 1/8"" Fat, All Grades, Raw",,,
174012,"Beef, Composite of Trimmed Retail Cuts, Separable Lean Only, Trimmed To 1/8"" Fat, Choice, Raw",,,
174013,"Beef Composite, Separable Lean Only, Trimmed To 1/8"" Fat, Choice, Cooked",,,
174014,"Beef, Composite of Trimmed Retail Cuts, Separable Lean and Fat, Trimmed To 0"" Fat, Choice, Raw",,,
174015,"Beef, Composite of Trimmed Retail Cuts, Separable Lean Only, Trimmed To 0"" Fat, Choice, Raw",,,
174016,"Beef, Chuck, Mock Tender Steak, Separable Lean Only, Trimmed To 0"" Fat, All Grades, Cooked, Broiled",,,
174017,"Beef, Chuck, Top Blade, Separable Lean Only, Trimmed To 0"" Fat, All Grades, Cooked, Broiled",,,
174018,"Beef, Chuck, Clod Roast, Separable Lean Only, Trimmed To 1/4"" Fat, All Grades, Raw",,,
174019,"Beef, Chuck, Clod Roast, Separable Lean Only, Trimmed To 0"" Fat, All Grades, Cooked, Roasted",,,
174020,"Beef, Chuck, Mock Tender Steak, Separable Lean and Fat, Trimmed To 0"" Fat, Usda Select, Cooked, Broiled",,,
174021,"Beef, Chuck, Top Blade, Separable Lean and Fat, Trimmed To 0"" Fat, Choice, Cooked, Broiled",,,
174022,"Beef, Chuck, Top Blade, Separable Lean and Fat, Trimmed To 0"" Fat, Select, Cooked, Broiled",,,
174023,"Beef, Chuck, Clod Roast, Separable Lean and Fat, Trimmed To 0"" Fat, Choice, Cooked, Roasted",,,
174024,"Beef, Loin, Bottom Sirloin Butt, Tri-Tip Steak, Separable Lean and Fat, Trimmed To 0"" Fat, All Grades, Cooked, Broiled",,,
174025,"Beef, Chuck, Mock Tender Steak, Separable Lean and Fat, Trimmed To 0"" Fat, All Grades, Cooked, Broiled",,,
174026,"Beef, Chuck, Top Blade, Separable Lean and Fat, Trimmed To 0"" Fat, All Grades, Cooked, Broiled",,,
174027,"Beef, Chuck, Clod Roast, Separable Lean and Fat, Trimmed To 0"" Fat, All Grades, Cooked, Roasted",,,
174028,"Beef, Ground, 95% Lean Meat / 5% Fat, Crumbles, Cooked, Pan-Browned",,,
174029,"Beef, Ground, 95% Lean Meat / 5% Fat, Loaf, Cooked, Baked",,,
174030,"Beef, Ground, 90% Lean Meat / 10% Fat, Raw",,,
174031,"Beef, Ground, 90% Lean Meat / 10% Fat, Patty, Cooked, Broiled",,,
174032,"Beef, Ground, 85% Lean Meat / 15% Fat, Patty, Cooked, Broiled",,,
174033,"Beef, Ground, 85% Lean Meat / 15% Fat, Patty, Cooked, Pan-Broiled",,,
174034,"Beef, Ground, 85% Lean Meat / 15% Fat, Crumbles, Cooked, Pan-Browned",,,
174035,"Beef, Ground, 85% Lean Meat / 15% Fat, Loaf, Cooked, Baked",,,
174036,"Beef, Ground, 80% Lean Meat / 20% Fat, Raw",,,
174037,"Beef, Ground, 75% Lean Meat / 25% Fat, Raw",,,
174038,"Beef, Ground, 75% Lean Meat / 25% Fat, Patty, Cooked, Broiled",,,
174039,"Beef, Ground, 75% Lean Meat / 25% Fat, Patty, Cooked, Pan-Broiled",,,
174040,"Beef, Ground, 75% Lean Meat / 25% Fat, Crumbles, Cooked, Pan-Browned",,,
174041,"Beef, Short Loin, Top Loin, Steak, Separable Lean Only, Trimmed To 1/8"" Fat, Select, Raw",,,
174042,"Beef, Rib, Small End (Ribs 10-12), Separable Lean Only, Trimmed To 1/8"" Fat, Select, Cooked, Broiled",,,
174043,"Beef, Tenderloin, Steak, Separable Lean Only, Trimmed To 1/8"" Fat, Select, Cooked, Broiled",,,
174044,"Beef, Top Sirloin, Steak, Separable Lean Only, Trimmed To 1/8"" Fat, Select, Cooked, Broiled",,,
174045,"Beef, Round, Bottom Round, Steak, Separable Lean Only, Trimmed To 1/8"" Fat, Select, Cooked, Braised",,,
174046,"Beef, Round, Bottom Round, Roast, Separable Lean Only, Trimmed To 1/8"" Fat, All Grades, Raw",,,
174047,"Beef, Brisket, Flat Half, Separable Lean Only, Trimmed To 1/8"" Fat, All Grades, Cooked, Braised",,,
174048,"Beef, Brisket, Flat Half, Separable Lean Only, Trimmed To 1/8"" Fat, All Grades, Raw",,,
174049,"Beef, Round, Eye of Round, Roast, Separable Lean Only, Trimmed To 1/8"" Fat, All Grades, Raw",,,
174050,"Beef, Chuck, Arm Pot Roast, Separable Lean Only, Trimmed To 1/8"" Fat, All Grades, Cooked, Braised",,,
174051,"Beef, Chuck, Arm Pot Roast, Separable Lean Only, Trimmed To 1/8"" Fat, All Grades, Raw",,,
174052,"Beef, Round, Bottom Round, Roast, Separable Lean Only, Trimmed To 1/8"" Fat, All Grades, Cooked",,,
174053,"Beef, Round, Bottom Round, Steak, Separable Lean Only, Trimmed To 1/8"" Fat, All Grades, Cooked, Braised",,,
174054,"Beef, Top Sirloin, Steak, Separable Lean Only, Trimmed To 1/8"" Fat, All Grades, Cooked, Broiled",,,
174055,"Beef, Top Sirloin, Steak, Separable Lean Only, Trimmed To 1/8"" Fat, All Grades, Raw",,,
174056,"Beef, Chuck, Arm Pot Roast, Separable Lean Only, Trimmed To 1/8"" Fat, Choice, Raw",,,
174057,"Beef, Brisket, Flat Half, Separable Lean Only, Trimmed To 1/8"" Fat, Choice, Raw",,,
174058,"Beef, Round, Bottom Round, Roast, Separable Lean Only, Trimmed To 1/8"" Fat, Choice, Raw",,,
174059,"Beef, Round, Bottom Round, Roast, Separable Lean Only, Trimmed To 1/8"" Fat, Choice, Cooked, Roasted",,,
174060,"Beef, Round, Eye of Round, Roast, Separable Lean Only, Trimmed To 1/8"" Fat, Choice, Cooked, Roasted",,,
174061,"Beef, Round, Top Round, Steak, Separable Lean Only, Trimmed To 1/8"" Fat, Choice, Cooked, Broiled",,,
174062,"Soup, Clam Chowder, New England, Canned, Ready-To-Serve",,,
174063,"Soup, Clam Chowder, New England, Reduced Sodium, Canned, Ready-To-Serve",,,
174064,"Soup, Chicken Noodle, Reduced Sodium, Canned, Ready-To-Serve",,,
174065,"Soup, Beef and Vegetables, Reduced Sodium, Canned, Ready-To-Serve",,,
174066,"Sauce, Sweet and Sour, Ready-To-Serve",,,
174067,"Sauce, Cocktail, Ready-To-Serve",,,
174068,"Dip, Salsa Con Queso, Cheese and Salsa- Medium",,,
174069,"Dip, Tostitos, Salsa Con Queso, Medium",,,
174070,"Sauce, Peanut, Made From Peanut Butter, Water, Soy Sauce",,,
174071,"Soup, Chunky Vegetable, Reduced Sodium, Canned, Ready-To-Serve",,,
174072,"Gravy, Heinz Home Style, Classic Chicken",,,
174073,"Soup, Beef Barley, Ready To Serve",,,
174074,"Sauce, Enchilada, Red, Mild, Ready To Serve",,,
174075,"Bread, Chapati or Roti, Whole Wheat, Commercially Prepared, Frozen",,,
174076,"Bread, Paratha, Whole Wheat, Commercially Prepared, Frozen",,,
174077,"Bread, Naan, Whole Wheat, Commercially Prepared, Refrigerated",,,
174078,"Bread, Roll, Mexican, Bollilo",,,
174079,"Cookie, Butter or Sugar, with Chocolate Icing or Filling",,,
174080,"Cookie, Chocolate, with Icing or Coating",,,
174081,"Tortillas, Ready-To-Bake or -Fry, Whole Wheat",,,
174082,"Cake, Snack Cakes, Creme-Filled, Chocolate with Frosting, Low-Fat, with Added Fiber",,,
174083,"Cookies, Graham Crackers, Plain or Honey, Lowfat",,,
174084,"Crackers, Cheese, Whole Grain",,,
174085,"Waffles, Whole Wheat, Lowfat, Frozen, Ready-To-Heat",,,
174086,"Pancakes, Plain, Reduced Fat",,,
174087,"Cookies, Shortbread, Reduced Fat",,,
174088,"Cookies, Sugar Wafer, Chocolate-Covered",,,
174089,"Rolls, Hamburger or Hot Dog, Wheat/Cracked Wheat",,,
174090,"Rolls, Hamburger or Hot Dog, Whole Wheat",,,
174091,"Bread, French or Vienna, Whole Wheat",,,
174092,"Bagels, Whole Grain White",,,
174093,"English Muffins, Whole Grain White",,,
174094,"Rolls, Hamburger, Whole Grain White, Calcium-Fortified",,,
174095,"Cookies, Chocolate Chip Sandwich, with Creme Filling",,,
174096,"Cookies, Chocolate, Made with Rice Cereal",,,
174097,"Cookies, Marshmallow, with Rice Cereal and Chocolate Chips",,,
174098,"Crackers, Flavored, Fish-Shaped",,,
174099,"Bread, Gluten-Free, White, Made with Potato Extract, Rice Starch, and Rice Flour",,,
174100,"Bread, Gluten-Free, White, Made with Rice Flour, Corn Starch, And/Or Tapioca",,,
174101,"Bread, Gluten-Free, White, Made with Tapioca Starch and Brown Rice Flour",,,
174102,"Bread, Gluten-Free, Whole Grain, Made with Tapioca Starch and Brown Rice Flour",,,
174103,"Crackers, Gluten-Free, Multigrain and Vegetable, Made with Corn Starch and White Rice Flour",,,
174104,"Crackers, Gluten-Free, Multi-Seeded and Multigrain",,,
174105,"Waffles, Gluten-Free, Frozen, Ready-To-Heat",,,
174106,"Pancakes, Gluten-Free, Frozen, Ready-To-Heat",,,
174107,"Rolls, Dinner, Sweet",,,
174108,"Beverages, Energy Drink, Citrus",,,
174109,"Alcoholic Beverage, Wine, Table, Red, Mouvedre",,,
174110,"Alcoholic Beverage, Wine, Table, White, Chardonnay",,,
174111,"Beverages, Kiwi Strawberry Juice Drink",,,
174112,"Beverages, Apple Juice Drink, Light, Fortified with Vitamin C",,,
174113,"Beverages, Powerade, Zero, Mixed Berry",,,
174114,"Beverages, Carob-Flavor Beverage Mix, Powder",,,
174115,"Beverages, Carob-Flavor Beverage Mix, Powder, Prepared with Whole Milk",,,
174116,"Beverages, Coconut Milk, Sweetened, Fortified with Calcium, Vitamins A, B12, D2",,,
174117,"Beverages, Chocolate Syrup",,,
174118,"Beverages, Chocolate Syrup, Prepared with Whole Milk",,,
174119,"Beverages, Coffee, Ready To Drink, Iced, Mocha, Milk Based",,,
174120,"Beverages, Tea, Oolong, Brewed",,,
174121,"Beverages, Tea, Green, Ready-To-Drink, Citrus, Diet, Fortified with Vitamin C",,,
174122,"Beverages, Cocoa Mix, Powder",,,
174123,"Beverages, Cocoa Mix, Powder, Prepared with Water",,,
174124,"Beverages, Cocoa Mix, Nestle, Hot Cocoa Mix Rich Chocolate with Marshmallows",,,
174125,"Beverages, Coffee, Brewed, Espresso, Restaurant-Prepared, Decaffeinated",,,
174126,"Beverages, Coffee, Instant, Regular, Half the Caffeine",,,
174127,"Beverages, Coffee and Cocoa, Instant, Decaffeinated, with Whitener and Low Calorie Sweetener",,,
174128,"Beverages, Tea, Green, Ready-To-Drink, Sweetened",,,
174129,"Beverages, Tea, Ready-To-Drink, Lemon, Diet",,,
174130,"Beverages, Coffee, Instant, Regular, Prepared with Water",,,
174131,"Beverages, Aloe Vera Juice Drink, Fortified with Vitamin C",,,
174132,"Beverages, Ocean Spray, Cran Grape",,,
174133,"Beverages, Coffee, Instant, Decaffeinated, Powder",,,
174134,"Beverages, Coffee, Instant, Chicory",,,
174135,"Beverages, Coffee, Instant, Mocha, Sweetened",,,
174136,"Beverages, Ocean Spray, Light Cranberry and Raspberry Flavored Juice",,,
174137,"Beverages, Ocean Spray, White Cranberry Strawberry Flavored Juice Drink",,,
174138,"Beverages, Coffee Substitute, Cereal Grain Beverage, Powder",,,
174139,"Beverages, Coffee Substitute, Cereal Grain Beverage, Prepared with Water",,,
174140,"Beverages, Cranberry-Apple Juice Drink, Bottled",,,
174141,"Alcoholic Beverage, Malt Beer, Hard Lemonade",,,
174142,"Beverages, Cranberry-Apricot Juice Drink, Bottled",,,
174143,"Beverages, Tea, Green, Instant, Decaffeinated, Lemon, Unsweetened, Fortified with Vitamin C",,,
174144,"Beverages, Tea, Black, Ready To Drink",,,
174145,"Alcoholic Beverage, Beer, Light, Higher Alcohol",,,
174146,"Beverages, Amber, Hard Cider",,,
174147,"Beverages, Ocean Spray, Cran Cherry",,,
174148,"Beverages, Ocean Spray, Light Cranberry",,,
174149,"Beverages, Ocean Spray, White Cranberry Peach",,,
174150,"Beverages, Ocean Spray, Light Cranberry, Concord Grape",,,
174151,"Beverages, Fruit Punch Drink, with Added Nutrients, Canned",,,
174152,"Beverages, Fruit Punch Drink, Frozen Concentrate",,,
174153,"Beverages, Fruit Punch Drink, Frozen Concentrate, Prepared with Water",,,
174154,"Beverages, Coffee, Instant, Vanilla, Sweetened, Decaffeinated, with Non Dairy Creamer",,,
174155,"Beverages, Tea, Black, Brewed, Prepared with Distilled Water",,,
174156,"Beverages, Tea, Herb, Brewed, Chamomile",,,
174157,"Beverages, Wine, Non-Alcoholic",,,
174158,"Water, Bottled, Generic",,,
174159,"Beverages, Chocolate-Flavor Beverage Mix for Milk, Powder, with Added Nutrients",,,
174160,"Beverages, Chocolate-Flavor Beverage Mix for Milk, Powder, with Added Nutrients, Prepared with Whole Milk",,,
174161,"Beverages, Water with Added Vitamins and Minerals, Bottles, Sweetened, Assorted Fruit Flavors",,,
174162,"Beverages, V8 Splash Juice Drinks, Diet Berry Blend",,,
174163,"Beverages, V8 Splash Juice Drinks, Diet Fruit Medley",,,
174164,"Beverages, V8 Splash Juice Drinks, Diet Strawberry Kiwi",,,
174165,"Beverages, V8 Splash Juice Drinks, Mango Peach",,,
174166,"Beverages, V8 Splash Juice Drinks, Orange Pineapple",,,
174167,"Beverages, V8 Splash Juice Drinks, Orchard Blend",,,
174168,"Beverages, V8 Splash Juice Drinks, Strawberry Banana",,,
174169,"Beverages, V8 V-Fusion Juices, Tropical",,,
174170,"Beverages, V8 V- Fusion Juices, Acai Berry",,,
174171,"Beverages, Energy Drink, Amp",,,
174172,"Beverages, Energy Drink, Full Throttle",,,
174173,"Beverages, Vegetable and Fruit Juice Drink, Reduced Calorie, with Low-Calorie Sweetener, Added Vitamin C",,,
174174,"Beverages, Milk Beverage, Reduced Fat, Flavored and Sweetened, Ready-To-Drink, Added Calcium, Vitamin a and Vitamin D",,,
174175,"Beverages, Vegetable and Fruit Juice Blend, 100% Juice, with Added Vitamins A, C, E",,,
174176,"Beverages, Fruit Juice Drink, Reduced Sugar, with Vitamin E Added",,,
174177,"Beverages, Energy Drink, Vault Zero, Sugar-Free, Citrus Flavor",,,
174178,"Beverages, Pepsico Quaker, Gatorade G2, Low Calorie",,,
174179,"Beverages, Fruit Flavored Drink, Less Than 3% Juice, Not Fortified with Vitamin C",,,
174180,"Beverages, Fruit Flavored Drink Containing Less Than 3% Fruit Juice, with High Vitamin C",,,
174181,"Beverages, Nutritional Shake Mix, High Protein, Powder",,,
174182,"Fish, Anchovy, European, Raw",,,
174183,"Fish, Anchovy, European, Canned in Oil, Drained Solids",,,
174184,"Fish, Bass, Fresh Water, Mixed Species, Raw",,,
174185,"Fish, Carp, Cooked, Dry Heat",,,
174186,"Fish, Catfish, Channel, Wild, Raw",,,
174187,"Fish, Catfish, Channel, Cooked, Breaded and Fried",,,
174188,"Fish, Caviar, Black and Red, Granular",,,
174189,"Fish, Cod, Atlantic, Canned, Solids and Liquid",,,
174190,"Fish, Cod, Atlantic, Dried and Salted",,,
174191,"Fish, Cod, Pacific, Raw (May Have Been Previously Frozen)",,,
174192,"Fish, Croaker, Atlantic, Raw",,,
174193,"Fish, Eel, Mixed Species, Raw",,,
174194,"Fish, Eel, Mixed Species, Cooked, Dry Heat",,,
174195,"Fish, Fish Sticks, Frozen, Prepared",,,
174196,"Fish, Flatfish (Flounder and Sole Species), Raw",,,
174197,"Fish, Flatfish (Flounder and Sole Species), Cooked, Dry Heat",,,
174198,"Fish, Haddock, Cooked, Dry Heat",,,
174199,"Fish, Haddock, Smoked",,,
174200,"Fish, Halibut, Atlantic and Pacific, Raw",,,
174201,"Fish, Halibut, Atlantic and Pacific, Cooked, Dry Heat",,,
174202,"Crustaceans, Crab, Alaska King, Cooked, Moist Heat",,,
174203,"Crustaceans, Crab, Alaska King, Imitation, Made From Surimi",,,
174204,"Crustaceans, Crab, Blue, Raw",,,
174205,"Crustaceans, Crab, Blue, Cooked, Moist Heat",,,
174206,"Crustaceans, Crayfish, Mixed Species, Wild, Raw",,,
174207,"Crustaceans, Crayfish, Mixed Species, Wild, Cooked, Moist Heat",,,
174208,"Crustaceans, Lobster, Northern, Raw",,,
174209,"Crustaceans, Lobster, Northern, Cooked, Moist Heat",,,
174210,"Crustaceans, Shrimp, Mixed Species, Raw (May Contain Additives To Retain Moisture)",,,
174211,"Crustaceans, Spiny Lobster, Mixed Species, Raw",,,
174212,"Mollusks, Abalone, Mixed Species, Raw",,,
174213,"Mollusks, Abalone, Mixed Species, Cooked, Fried",,,
174214,"Mollusks, Clam, Mixed Species, Raw",,,
174215,"Mollusks, Cuttlefish, Mixed Species, Raw",,,
174216,"Mollusks, Mussel, Blue, Raw",,,
174217,"Mollusks, Mussel, Blue, Cooked, Moist Heat",,,
174218,"Mollusks, Octopus, Common, Raw",,,
174219,"Mollusks, Oyster, Pacific, Raw",,,
174220,"Mollusks, Scallop, Mixed Species, Raw",,,
174221,"Mollusks, Scallop, Mixed Species, Cooked, Breaded and Fried",,,
174222,"Mollusks, Scallop, Mixed Species, Imitation, Made From Surimi",,,
174223,"Mollusks, Squid, Mixed Species, Raw",,,
174224,"Fish, Salmon, Chum, Canned, Without Salt, Drained Solids with Bone",,,
174225,"Fish, Salmon, Pink, Canned, Without Salt, Solids with Bone and Liquid",,,
174226,"Fish, Salmon, Sockeye, Canned, Without Salt, Drained Solids with Bone",,,
174227,"Fish, Tuna, Light, Canned in Oil, Without Salt, Drained Solids",,,
174228,"Fish, Bass, Striped, Cooked, Dry Heat",,,
174229,"Fish, Bluefish, Cooked, Dry Heat",,,
174230,"Fish, Burbot, Cooked, Dry Heat",,,
174231,"Fish, Butterfish, Cooked, Dry Heat",,,
174232,"Fish, Halibut, Greenland, Cooked, Dry Heat",,,
174233,"Fish, Herring, Pacific, Cooked, Dry Heat",,,
174234,"Fish, Ling, Cooked, Dry Heat",,,
174235,"Fish, Lingcod, Cooked, Dry Heat",,,
174236,"Fish, Mackerel, King, Cooked, Dry Heat",,,
174237,"Fish, Pollock, Atlantic, Cooked, Dry Heat",,,
174238,"Fish, Pout, Ocean, Cooked, Dry Heat",,,
174239,"Fish, Roe, Mixed Species, Cooked, Dry Heat",,,
174240,"Fish, Sablefish, Cooked, Dry Heat",,,
174241,"Fish, Scup, Cooked, Dry Heat",,,
174242,"Fish, Seatrout, Mixed Species, Cooked, Dry Heat",,,
174243,"Fish, Shad, American, Cooked, Dry Heat",,,
174244,"Fish, Spot, Cooked, Dry Heat",,,
174245,"Fish, Turbot, European, Cooked, Dry Heat",,,
174246,"Fish, Whitefish, Mixed Species, Cooked, Dry Heat",,,
174247,"Fish, Wolffish, Atlantic, Cooked, Dry Heat",,,
174248,"Fish, Yellowtail, Mixed Species, Cooked, Dry Heat",,,
174249,"Mollusks, Octopus, Common, Cooked, Moist Heat",,,
174250,"Mollusks, Oyster, Pacific, Cooked, Moist Heat",,,
174251,"Fish, Roughy, Orange, Cooked, Dry Heat",,,
174252,"Lima Beans, Large, Mature Seeds, Raw",,,
174253,"Lima Beans, Large, Mature Seeds, Cooked, Boiled, Without Salt",,,
174254,"Lima Beans, Large, Mature Seeds, Canned",,,
174255,"Lima Beans, Thin Seeded (Baby), Mature Seeds, Raw",,,
174256,"Mung Beans, Mature Seeds, Raw",,,
174257,"Mung Beans, Mature Seeds, Cooked, Boiled, Without Salt",,,
174258,"Noodles, Chinese, Cellophane or Long Rice (Mung Beans), Dehydrated",,,
174259,"Mungo Beans, Mature Seeds, Raw",,,
174260,"Peanuts, All Types, Cooked, Boiled, with Salt",,,
174261,"Peanuts, All Types, Oil-Roasted, with Salt",,,
174262,"Peanuts, All Types, Dry-Roasted, with Salt",,,
174263,"Peanuts, Spanish, Raw",,,
174264,"Peanuts, Virginia, Oil-Roasted, with Salt",,,
174265,"Peanut Butter, Chunk Style, with Salt",,,
174266,"Peanut Butter, Smooth Style, with Salt (Includes Foods for Usda'S Food Distribution Program)",,,
174267,"Peanut Flour, Defatted",,,
174268,Meat Extender,,,
174269,"Sausage, Meatless",,,
174270,"Soybeans, Mature Seeds, Raw",,,
174271,"Soybeans, Mature Cooked, Boiled, Without Salt",,,
174272,Tempeh,,,
174273,"Soy Flour, Full-Fat, Raw",,,
174274,"Soy Flour, Full-Fat, Roasted",,,
174275,"Soy Flour, Defatted",,,
174276,Soy Protein Isolate,,,
174277,Soy Sauce Made From Soy and Wheat (Shoyu),,,
174278,Soy Sauce Made From Soy (Tamari),,,
174279,Soy Sauce Made From Hydrolyzed Vegetable Protein,,,
174280,"Tofu, Salted and Fermented (Fuyu)",,,
174281,"Yardlong Beans, Mature Seeds, Raw",,,
174282,"Yardlong Beans, Mature Seeds, Cooked, Boiled, Without Salt",,,
174283,"Winged Beans, Mature Seeds, Raw",,,
174284,"Lentils, Pink or Red, Raw",,,
174285,"Beans, Kidney, Red, Mature Seeds, Canned, Drained Solids",,,
174286,"Beans, Pinto, Canned, Drained Solids",,,
174287,"Veggie Burgers or Soyburgers, Unprepared",,,
174288,Chickpea Flour (Besan),,,
174289,"Hummus, Commercial",,,
174290,"Tofu, Extra Firm, Prepared with Nigari",,,
174291,"Tofu, Hard, Prepared with Nigari",,,
174292,"Mori-Nu, Tofu, Silken, Soft",,,
174293,"Soymilk, Chocolate, Unfortified",,,
174294,"Peanut Butter, Smooth (Includes Foods for Usda'S Food Distribution Program)",,,
174295,"Soymilk, Chocolate, with Added Calcium, Vitamins a and D",,,
174296,"Refried Beans, Canned, Vegetarian",,,
174297,"Vitasoy Usa, Organic Nasoya Super Firm Cubed Tofu",,,
174298,"Refried Beans, Canned, Traditional, Reduced Sodium",,,
174299,"Soybeans, Mature Seeds, Cooked, Boiled, with Salt",,,
174300,"Soybeans, Mature Seeds, Roasted, No Salt Added",,,
174301,"Soy Protein Concentrate, Produced By Acid Wash",,,
174302,"Soy Protein Isolate, Potassium Type",,,
174303,"Tofu, Dried-Frozen (Koyadofu), Prepared with Calcium Sulfate",,,
174304,"Tofu, Fried, Prepared with Calcium Sulfate",,,
174305,"Tofu, Salted and Fermented (Fuyu), Prepared with Calcium Sulfate",,,
174306,"Yardlong Beans, Mature Seeds, Cooked, Boiled, with Salt",,,
174307,"Lamb, Composite of Trimmed Retail Cuts, Separable Lean Only, Trimmed To 1/4"" Fat, Choice, Raw",,,
174308,"Lamb, Composite of Trimmed Retail Cuts, Separable Lean Only, Trimmed To 1/4"" Fat, Choice, Cooked",,,
174309,"Lamb, Composite of Trimmed Retail Cuts, Separable Fat, Trimmed To 1/4"" Fat, Choice, Raw",,,
174310,"Lamb, Composite of Trimmed Retail Cuts, Separable Fat, Trimmed To 1/4"" Fat, Choice, Cooked",,,
174311,"Lamb, Leg, Whole (Shank and Sirloin), Separable Lean and Fat, Trimmed To 1/4"" Fat, Choice, Raw",,,
174312,"Lamb, Leg, Whole (Shank and Sirloin), Separable Lean and Fat, Trimmed To 1/4"" Fat, Choice, Cooked, Roasted",,,
174313,"Lamb, Leg, Whole (Shank and Sirloin), Separable Lean Only, Trimmed To 1/4"" Fat, Choice, Raw",,,
174314,"Lamb, Leg, Whole (Shank and Sirloin), Separable Lean Only, Trimmed To 1/4"" Fat, Choice, Cooked, Roasted",,,
174315,"Lamb, Leg, Shank Half, Separable Lean and Fat, Trimmed To 1/4"" Fat, Choice, Raw",,,
174316,"Lamb, Leg, Sirloin Half, Separable Lean and Fat, Trimmed To 1/4"" Fat, Choice, Cooked, Roasted",,,
174317,"Lamb, Leg, Sirloin Half, Separable Lean Only, Trimmed To 1/4"" Fat, Choice, Raw",,,
174318,"Lamb, Leg, Sirloin Half, Separable Lean Only, Trimmed To 1/4"" Fat, Choice, Cooked, Roasted",,,
174319,"Lamb, Loin, Separable Lean and Fat, Trimmed To 1/4"" Fat, Choice, Raw",,,
174320,"Lamb, Loin, Separable Lean Only, Trimmed To 1/4"" Fat, Choice, Cooked, Roasted",,,
174321,"Lamb, Rib, Separable Lean and Fat, Trimmed To 1/4"" Fat, Choice, Raw",,,
174322,"Lamb, Rib, Separable Lean and Fat, Trimmed To 1/4"" Fat, Choice, Cooked, Broiled",,,
174323,"Lamb, Rib, Separable Lean and Fat, Trimmed To 1/4"" Fat, Choice, Cooked, Roasted",,,
174324,"Lamb, Shoulder, Whole (Arm and Blade), Separable Lean and Fat, Trimmed To 1/4"" Fat, Choice, Cooked, Broiled",,,
174325,"Lamb, Shoulder, Whole (Arm and Blade), Separable Lean and Fat, Trimmed To 1/4"" Fat, Choice, Cooked, Roasted",,,
174326,"Lamb, Shoulder, Whole (Arm and Blade), Separable Lean Only, Trimmed To 1/4"" Fat, Choice, Raw",,,
174327,"Lamb, Shoulder, Whole (Arm and Blade), Separable Lean Only, Trimmed To 1/4"" Fat, Choice, Cooked, Braised",,,
174328,"Lamb, Shoulder, Arm, Separable Lean and Fat, Trimmed To 1/4"" Fat, Choice, Cooked, Broiled",,,
174329,"Lamb, Shoulder, Arm, Separable Lean and Fat, Trimmed To 1/4"" Fat, Choice, Cooked, Roasted",,,
174330,"Lamb, Shoulder, Arm, Separable Lean Only, Trimmed To 1/4"" Fat, Choice, Raw",,,
174331,"Lamb, Shoulder, Arm, Separable Lean Only, Trimmed To 1/4"" Fat, Choice, Cooked, Braised",,,
174332,"Lamb, Shoulder, Blade, Separable Lean and Fat, Trimmed To 1/4"" Fat, Choice, Cooked, Broiled",,,
174333,"Lamb, Shoulder, Blade, Separable Lean and Fat, Trimmed To 1/4"" Fat, Choice, Cooked, Roasted",,,
174334,"Lamb, Shoulder, Blade, Separable Lean Only, Trimmed To 1/4"" Fat, Choice, Raw",,,
174335,"Lamb, Shoulder, Blade, Separable Lean Only, Trimmed To 1/4"" Fat, Choice, Cooked, Braised",,,
174336,"Lamb, New Zealand, Imported, Frozen, Composite of Trimmed Retail Cuts, Separable Lean and Fat, Raw",,,
174337,"Lamb, New Zealand, Imported, Frozen, Composite of Trimmed Retail Cuts, Separable Lean and Fat, Cooked",,,
174338,"Lamb, New Zealand, Imported, Frozen, Composite of Trimmed Retail Cuts, Separable Lean Only, Raw",,,
174339,"Lamb, New Zealand, Imported, Frozen, Composite of Trimmed Retail Cuts, Separable Lean Only, Cooked",,,
174340,"Lamb, New Zealand, Imported, Fore-Shank, Separable Lean Only, Raw",,,
174341,"Lamb, New Zealand, Imported, Fore-Shank, Separable Lean Only, Cooked, Braised",,,
174342,"Lamb, New Zealand, Imported, Leg Chop/Steak, Bone-In, Separable Lean and Fat, Raw",,,
174343,"Lamb, New Zealand, Imported, Frozen, Leg, Whole (Shank and Sirloin), Separable Lean and Fat, Cooked, Roasted",,,
174344,"Game Meat, Moose, Raw",,,
174345,"Game Meat, Moose, Cooked, Roasted",,,
174346,"Game Meat, Rabbit, Domesticated, Composite of Cuts, Cooked, Stewed",,,
174347,"Game Meat, Rabbit, Wild, Raw",,,
174348,"Game Meat, Rabbit, Wild, Cooked, Stewed",,,
174349,"Game Meat, Raccoon, Cooked, Roasted",,,
174350,"Lamb, Variety Meats and By-Products, Brain, Cooked, Pan-Fried",,,
174351,"Veal, Variety Meats and By-Products, Brain, Raw",,,
174352,"Veal, Variety Meats and By-Products, Brain, Cooked, Braised",,,
174353,"Veal, Variety Meats and By-Products, Brain, Cooked, Pan-Fried",,,
174354,"Lamb, Variety Meats and By-Products, Kidneys, Raw",,,
174355,"Lamb, Variety Meats and By-Products, Kidneys, Cooked, Braised",,,
174356,"Veal, Variety Meats and By-Products, Kidneys, Raw",,,
174357,"Veal, Variety Meats and By-Products, Kidneys, Cooked, Braised",,,
174358,"Veal, Variety Meats and By-Products, Liver, Cooked, Pan-Fried",,,
174359,"Lamb, Variety Meats and By-Products, Lungs, Raw",,,
174360,"Lamb, Variety Meats and By-Products, Lungs, Cooked, Braised",,,
174361,"Veal, Variety Meats and By-Products, Lungs, Raw",,,
174362,"Veal, Variety Meats and By-Products, Pancreas, Raw",,,
174363,"Veal, Variety Meats and By-Products, Pancreas, Cooked, Braised",,,
174364,"Lamb, Variety Meats and By-Products, Spleen, Raw",,,
174365,"Lamb, Variety Meats and By-Products, Spleen, Cooked, Braised",,,
174366,"Lamb, Variety Meats and By-Products, Tongue, Raw",,,
174367,"Lamb, Variety Meats and By-Products, Tongue, Cooked, Braised",,,
174368,"Veal, Variety Meats and By-Products, Tongue, Raw",,,
174369,"Veal, Variety Meats and By-Products, Tongue, Cooked, Braised",,,
174370,"Lamb, Ground, Raw",,,
174371,"Lamb, Foreshank, Separable Lean and Fat, Trimmed To 1/8"" Fat, Cooked, Braised",,,
174372,"Lamb, Leg, Whole (Shank and Sirloin), Separable Lean and Fat, Trimmed To 1/8"" Fat, Choice, Raw",,,
174373,"Lamb, Leg, Whole (Shank and Sirloin), Separable Lean and Fat, Trimmed To 1/8"" Fat, Choice, Cooked, Roasted",,,
174374,"Lamb, Leg, Shank Half, Separable Lean and Fat, Trimmed To 1/8"" Fat, Choice, Raw",,,
174375,"Lamb, Loin, Separable Lean and Fat, Trimmed To 1/8"" Fat, Choice, Cooked, Broiled",,,
174376,"Lamb, Loin, Separable Lean and Fat, Trimmed To 1/8"" Fat, Choice, Cooked, Roasted",,,
174377,"Lamb, Rib, Separable Lean and Fat, Trimmed To 1/8"" Fat, Choice, Raw",,,
174378,"Lamb, Rib, Separable Lean and Fat, Trimmed To 1/8"" Fat, Choice, Cooked, Broiled",,,
174379,"Lamb, Shoulder, Whole (Arm and Blade), Separable Lean and Fat, Trimmed To 1/8"" Fat, Choice, Cooked, Roasted",,,
174380,"Lamb, Shoulder, Arm, Separable Lean and Fat, Trimmed To 1/8"" Fat, Choice, Raw",,,
174381,"Lamb, Shoulder, Arm, Separable Lean and Fat, Trimmed To 1/8"" Fat, Choice, Cooked, Braised",,,
174382,"Lamb, Shoulder, Arm, Separable Lean and Fat, Trimmed To 1/8"" Fat, Cooked, Broiled",,,
174383,"Lamb, Shoulder, Arm, Separable Lean and Fat, Trimmed To 1/8"" Fat, Choice, Roasted",,,
174384,"Lamb, New Zealand, Imported, Frozen, Composite of Trimmed Retail Cuts, Separable Lean and Fat, Trimmed To 1/8"" Fat, Raw",,,
174385,"Lamb, New Zealand, Imported, Frozen, Composite of Trimmed Retail Cuts, Separable Lean and Fat, Trimmed To 1/8"" Fat, Cooked",,,
174386,"Lamb, New Zealand, Imported, Frozen, Foreshank, Separable Lean and Fat, Trimmed To 1/8"" Fat, Raw",,,
174387,"Lamb, New Zealand, Imported, Frozen, Foreshank, Separable Lean and Fat, Trimmed To 1/8"" Fat, Cooked, Braised",,,
174388,"Lamb, New Zealand, Imported, Frozen, Rib, Separable Lean and Fat, Trimmed To 1/8"" Fat, Raw",,,
174389,"Lamb, New Zealand, Imported, Frozen, Rib, Separable Lean and Fat, Trimmed To 1/8"" Fat, Cooked, Roasted",,,
174390,"Lamb, New Zealand, Imported, Frozen, Shoulder, Whole (Arm and Blade), Separable Lean and Fat, Trimmed To 1/8"" Fat, Raw",,,
174391,"Lamb, New Zealand, Imported, Frozen, Shoulder, Whole (Arm and Blade), Separable Lean and Fat, Trimmed To 1/8"" Fat, Cooked, Braised",,,
174392,"Veal, Breast, Whole, Boneless, Separable Lean and Fat, Raw",,,
174393,"Veal, Breast, Whole, Boneless, Separable Lean and Fat, Cooked, Braised",,,
174394,"Veal, Breast, Plate Half, Boneless, Separable Lean and Fat, Cooked, Braised",,,
174395,"Veal, Breast, Point Half, Boneless, Separable Lean and Fat, Cooked, Braised",,,
174396,"Veal, Breast, Whole, Boneless, Separable Lean Only, Cooked, Braised",,,
174397,"Lamb, Australian, Imported, Fresh, Composite of Trimmed Retail Cuts, Separable Lean and Fat, Trimmed To 1/8"" Fat, Raw",,,
174398,"Lamb, Australian, Imported, Fresh, Composite of Trimmed Retail Cuts, Separable Lean and Fat, Trimmed To 1/8"" Fat, Cooked",,,
174399,"Lamb, Australian, Imported, Fresh, Composite of Trimmed Retail Cuts, Separable Lean Only, Trimmed To 1/8"" Fat, Raw",,,
174400,"Lamb, Australian, Imported, Fresh, Composite of Trimmed Retail Cuts, Separable Lean Only, Trimmed To 1/8"" Fat, Cooked",,,
174401,"Lamb, Australian, Imported, Fresh, Foreshank, Separable Lean Only, Trimmed To 1/8"" Fat, Raw",,,
174402,"Lamb, Australian, Imported, Fresh, Foreshank, Separable Lean Only, Trimmed To 1/8"" Fat, Cooked, Braised",,,
174403,"Lamb, Australian, Imported, Fresh, Leg, Whole (Shank and Sirloin), Separable Lean and Fat, Trimmed To 1/8"" Fat, Raw",,,
174404,"Lamb, Australian, Imported, Fresh, Leg, Whole (Shank and Sirloin), Separable Lean and Fat, Trimmed To 1/8"" Fat, Cooked, Roasted",,,
174405,"Lamb, Australian, Imported, Fresh, Leg, Shank Half, Separable Lean Only, Trimmed To 1/8"" Fat, Cooked, Roasted",,,
174406,"Lamb, Australian, Imported, Fresh, Leg, Sirloin Half, Boneless, Separable Lean and Fat, Trimmed To 1/8"" Fat, Raw",,,
174407,"Lamb, Australian, Imported, Fresh, Leg, Sirloin Half, Boneless, Separable Lean and Fat, Trimmed To 1/8"" Fat, Cooked, Roasted",,,
174408,"Lamb, Australian, Imported, Fresh, Leg, Sirloin Half, Boneless, Separable Lean Only, Trimmed To 1/8"" Fat, Raw",,,
174409,"Lamb, Australian, Imported, Fresh, Leg, Sirloin Chops, Boneless, Separable Lean Only, Trimmed To 1/8"" Fat, Cooked, Broiled",,,
174410,"Lamb, Australian, Imported, Fresh, Leg, Center Slice, Bone-In, Separable Lean and Fat, Trimmed To 1/8"" Fat, Raw",,,
174411,"Lamb, Australian, Imported, Fresh, Leg, Center Slice, Bone-In, Separable Lean and Fat, Trimmed To 1/8"" Fat, Cooked, Broiled",,,
174412,"Lamb, Australian, Imported, Fresh, Leg, Center Slice, Bone-In, Separable Lean Only, Trimmed To 1/8"" Fat, Raw",,,
174413,"Lamb, Australian, Imported, Fresh, Loin, Separable Lean Only, Trimmed To 1/8"" Fat, Cooked, Broiled",,,
174414,"Lamb, Australian, Imported, Fresh, Rib Chop/Rack Roast, Frenched, Bone-In, Separable Lean and Fat, Trimmed To 1/8"" Fat, Raw",,,
174415,"Lamb, Australian, Imported, Fresh, Rib Chop, Frenched, Bone-In, Separable Lean and Fat, Trimmed To 1/8"" Fat, Cooked, Grilled",,,
174416,"Lamb, Australian, Imported, Fresh, Rib Chop/Rack Roast, Frenched, Bone-In, Separable Lean Only, Trimmed To 1/8"" Fat, Raw",,,
174417,"Lamb, Australian, Imported, Fresh, Shoulder, Arm, Separable Lean and Fat, Trimmed To 1/8"" Fat, Raw",,,
174418,"Lamb, Australian, Imported, Fresh, Shoulder, Arm, Separable Lean and Fat, Trimmed To 1/8"" Fat, Cooked, Braised",,,
174419,"Lamb, Australian, Imported, Fresh, Shoulder, Arm, Separable Lean Only, Trimmed To 1/8"" Fat, Raw",,,
174420,"Lamb, Australian, Imported, Fresh, Shoulder, Arm, Separable Lean Only, Trimmed To 1/8"" Fat, Cooked, Braised",,,
174421,"Game Meat , Bison, Ground, Raw",,,
174422,"Game Meat, Bison, Ground, Cooked, Pan-Broiled",,,
174423,"Game Meat , Bison, Top Sirloin, Separable Lean Only, 1"" Steak, Cooked, Broiled",,,
174424,"Game Meat, Bison, Chuck, Shoulder Clod, Separable Lean Only, Cooked, Braised",,,
174425,"Game Meat, Elk, Ground, Raw",,,
174426,"Game Meat, Elk, Ground, Cooked, Pan-Broiled",,,
174427,"Game Meat, Elk, Loin, Separable Lean Only, Cooked, Broiled",,,
174428,"Game Meat, Elk, Round, Separable Lean Only, Cooked, Broiled",,,
174429,"Game Meat, Elk, Tenderloin, Separable Lean Only, Cooked, Broiled",,,
174430,"Game Meat, Deer, Tenderloin, Separable Lean Only, Cooked, Broiled",,,
174431,"Game Meat, Deer, Top Round, Separable Lean Only, 1"" Steak, Cooked, Broiled",,,
174432,"Veal, Australian, Shank, Fore, Bone-In, Separable Lean Only, Raw",,,
174433,"Veal, Australian, Shank, Fore, Bone-In, Separable Lean and Fat, Raw",,,
174434,"Lamb, New Zealand, Imported, Intermuscular Fat, Raw",,,
174435,"Lamb, New Zealand, Imported, Subcutaneous Fat, Raw",,,
174436,"Lamb, New Zealand, Imported, Brains, Cooked, Soaked and Fried",,,
174437,"Lamb, New Zealand, Imported, Brains, Raw",,,
174438,"Lamb, New Zealand, Imported, Chump, Boneless, Separable Lean Only, Raw",,,
174439,"Lamb, New Zealand, Imported, Kidney, Cooked, Soaked and Fried",,,
174440,"Lamb, New Zealand, Imported, Flap, Boneless, Separable Lean Only, Cooked, Braised",,,
174441,"Lamb, New Zealand, Imported, Flap, Boneless, Separable Lean Only, Raw",,,
174442,"Lamb, New Zealand, Imported, Kidney, Raw",,,
174443,"Lamb, New Zealand, Imported, Heart, Cooked, Soaked and Simmered",,,
174444,"Lamb, New Zealand, Imported, Heart, Raw",,,
174445,"Lamb, New Zealand, Imported, Sweetbread, Cooked, Soaked and Simmered",,,
174446,"Lamb, New Zealand, Imported, Sweetbread, Raw",,,
174447,"Lamb, New Zealand, Imported, Tunnel-Boned Leg, Chump Off, Shank Off, Separable Lean Only, Cooked, Slow Roasted",,,
174448,"Lamb, New Zealand, Imported, Tunnel-Boned Leg, Chump Off, Shank Off, Separable Lean Only, Raw",,,
174449,"Lamb, New Zealand, Imported, Square-Cut Shoulder Chops, Separable Lean Only, Cooked, Braised",,,
174450,"Lamb, New Zealand, Imported, Square-Cut Shoulder Chops, Separable Lean Only, Raw",,,
174451,"Lamb, New Zealand, Imported, Loin, Boneless, Separable Lean Only, Cooked, Fast Roasted",,,
174452,"Lamb, New Zealand, Imported, Loin, Boneless, Separable Lean Only, Raw",,,
174453,"Lamb, New Zealand, Imported, Hind-Shank, Separable Lean Only, Cooked, Braised",,,
174454,"Lamb, New Zealand, Imported, Hind-Shank, Separable Lean Only, Raw",,,
174455,"Lamb, New Zealand, Imported, Neck Chops, Separable Lean Only, Raw",,,
174456,"Lamb, New Zealand, Imported, Rack - Fully Frenched, Separable Lean Only, Raw",,,
174457,"Lamb, New Zealand, Imported, Loin Chop, Separable Lean Only, Cooked, Fast Fried",,,
174458,"Lamb, New Zealand, Imported, Square-Cut Shoulder, Separable Lean Only, Cooked, Slow Roasted",,,
174459,"Lamb, New Zealand, Imported, Leg Chop/Steak, Bone-In, Separable Lean Only, Cooked, Fast Fried",,,
174460,"Lamb, New Zealand, Imported, Leg Chop/Steak, Bone-In, Separable Lean and Fat, Cooked, Fast Fried",,,
174461,"Lamb, New Zealand, Imported, Loin Chop, Separable Lean and Fat, Cooked, Fast Fried",,,
174462,"Lamb, New Zealand, Imported, Loin Saddle, Separable Lean and Fat, Cooked, Fast Roasted",,,
174463,"Lamb, New Zealand, Imported, Loin Saddle, Separable Lean and Fat, Raw",,,
174464,"Lamb, New Zealand, Imported, Netted Shoulder, Rolled, Boneless, Separable Lean and Fat, Raw",,,
174465,"Chicken, Capons, Giblets, Raw",,,
174466,"Chicken, Capons, Giblets, Cooked, Simmered",,,
174467,"Duck, Domesticated, Liver, Raw",,,
174468,"Duck, Wild, Meat and Skin, Raw",,,
174469,"Duck, Wild, Breast, Meat Only, Raw",,,
174470,"Goose, Domesticated, Meat and Skin, Raw",,,
174471,"Guinea Hen, Meat Only, Raw",,,
174472,"Pheasant, Raw, Meat and Skin",,,
174473,"Pheasant, Raw, Meat Only",,,
174474,"Pheasant, Breast, Meat Only, Raw",,,
174475,"Squab, (Pigeon), Meat and Skin, Raw",,,
174476,"Emu, Fan Fillet, Raw",,,
174477,"Emu, Fan Fillet, Cooked, Broiled",,,
174478,"Emu, Flat Fillet, Raw",,,
174479,"Emu, Full Rump, Raw",,,
174480,"Emu, Top Loin, Cooked, Broiled",,,
174481,"Ostrich, Ground, Raw",,,
174482,"Ostrich, Ground, Cooked, Pan-Broiled",,,
174483,"Ostrich, Fan, Raw",,,
174484,"Ostrich, Outside Leg, Raw",,,
174485,"Ostrich, Outside Strip, Raw",,,
174486,"Ostrich, Outside Strip, Cooked",,,
174487,"Ostrich, Oyster, Raw",,,
174488,"Ostrich, Tip Trimmed, Cooked",,,
174489,"Ostrich, Top Loin, Raw",,,
174490,"Ostrich, Top Loin, Cooked",,,
174491,"Chicken, Liver, All Classes, Cooked, Pan-Fried",,,
174492,"Turkey, Ground, 93% Lean, 7% Fat, Patties, Broiled",,,
174493,"Turkey, Ground, 85% Lean, 15% Fat, Raw",,,
174494,"Turkey, Ground, 85% Lean, 15% Fat, Pan-Broiled Crumbles",,,
174495,"Turkey, Ground, 85% Lean, 15% Fat, Patties, Broiled",,,
174496,"Chicken, Skin (Drumsticks and Thighs), Cooked, Roasted",,,
174497,"Chicken, Broilers or Fryers, Dark Meat, Drumstick, Meat and Skin, Cooked, Braised",,,
174498,"Chicken, Broilers or Fryers, Dark Meat, Thigh, Meat and Skin, Cooked, Braised",,,
174499,"Chicken, Dark Meat, Drumstick, Meat Only, with Added Solution, Raw",,,
174500,"Chicken, Dark Meat, Thigh, Meat Only, with Added Solution, Cooked, Roasted",,,
174501,"Chicken, Skin (Drumsticks and Thighs), with Added Solution, Cooked, Braised",,,
174502,"Chicken, Skin (Drumsticks and Thighs), with Added Solution, Raw",,,
174503,"Chicken, Skin (Drumsticks and Thighs), with Added Solution, Cooked, Roasted",,,
174504,"Chicken, Dark Meat, Drumstick, Meat and Skin, with Added Solution, Cooked, Braised",,,
174505,"Chicken, Dark Meat, Thigh, Meat and Skin, with Added Solution, Cooked, Roasted",,,
174506,"Chicken, Broiler, Rotisserie, Bbq, Back Meat Only",,,
174507,"Turkey, Dark Meat From Whole, Meat Only, with Added Solution, Raw",,,
174508,"Turkey, Dark Meat, Meat Only, with Added Solution, Cooked, Roasted",,,
174509,"Turkey, Dark Meat From Whole, Meat and Skin, with Added Solution, Raw",,,
174510,"Turkey, Dark Meat From Whole, Meat and Skin, with Added Solution, Cooked, Roasted",,,
174511,"Turkey From Whole, Light Meat, Meat and Skin, with Added Solution, Raw",,,
174512,"Turkey From Whole, Light Meat, Meat and Skin, with Added Solution, Cooked, Roasted",,,
174513,"Turkey, Retail Parts, Breast, Meat Only, with Added Solution, Raw",,,
174514,"Turkey, Retail Parts, Breast, Meat Only, with Added Solution, Cooked, Roasted",,,
174515,"Turkey, Retail Parts, Breast, Meat Only, Raw",,,
174516,"Turkey, Retail Parts, Breast, Meat Only, Cooked, Roasted",,,
174517,"Turkey, Retail Parts, Wing, Meat Only, Raw",,,
174518,"Turkey, Retail Parts, Thigh, Meat Only, Raw",,,
174519,"Turkey, Breast, From Whole Bird, Meat Only, with Added Solution, Roasted",,,
174520,"Turkey, Back, From Whole Bird, Meat Only, with Added Solution, Raw",,,
174521,"Turkey, Back, From Whole Bird, Meat Only, with Added Solution, Roasted",,,
174522,"Soup, Chicken Mushroom, Canned, Condensed",,,
174523,"Sauce, Barbecue",,,
174524,"Sauce, Salsa, Ready-To-Serve",,,
174525,"Sauce, Homemade, White, Medium",,,
174526,"Sauce, Homemade, White, Thick",,,
174527,"Sauce, Ready-To-Serve, Pepper or Hot",,,
174528,"Sauce, Ready-To-Serve, Pepper, Tabasco",,,
174529,"Sauce, Oyster, Ready-To-Serve",,,
174530,"Soup, Minestrone, Canned, Reduced Sodium, Ready-To-Serve",,,
174531,"Sauce, Fish, Ready-To-Serve",,,
174532,"Soup, Shark Fin, Restaurant-Prepared",,,
174533,"Soup, Bean & Ham, Canned, Reduced Sodium, Prepared with Water or Ready-To-Serve",,,
174534,"Split Pea Soup, Canned, Reduced Sodium, Prepared with Water or Ready-To Serve",,,
174535,"Split Pea with Ham Soup, Canned, Reduced Sodium, Prepared with Water or Ready-To-Serve",,,
174536,"Soup, Chicken Broth, Ready-To-Serve",,,
174537,"Soup, Cream of Chicken, Canned, Prepared with Equal Volume Milk",,,
174538,"Soup, Vegetable, Canned, Low Sodium, Condensed",,,
174539,"Soup, Clam Chowder, New England, Canned, Prepared with Equal Volume Low Fat (2%) Milk",,,
174540,"Soup, Cream of Mushroom, Canned, Prepared with Equal Volume Low Fat (2%) Milk",,,
174541,"Soup, Cream of Onion, Canned, Prepared with Equal Volume Milk",,,
174542,"Sauce, White, Thin, Prepared-From-Recipe, with Butter",,,
174543,"Sauce, Sweet and Sour, Prepared-From-Recipe",,,
174544,"Sauce, Barbecue, Kraft, Original",,,
174545,"Soup, Healthy Choice Chicken Noodle Soup, Canned",,,
174546,"Soup, Tomato, Canned, Prepared with Equal Volume Low Fat (2%) Milk",,,
174547,"Campbell'S, Tomato Soup, Condensed",,,
174548,"Campbell'S Chunky, Classic Chicken Noodle Soup",,,
174549,"Soup, Cream of Asparagus, Canned, Prepared with Equal Volume Water",,,
174550,"Soup, Cheese, Canned, Prepared with Equal Volume Water",,,
174551,"Soup, Chicken Broth, Canned, Prepared with Equal Volume Water",,,
174552,"Campbell'S Chunky, Hearty Beef Barley Soup",,,
174553,"Soup, Cream of Chicken, Canned, Prepared with Equal Volume Water",,,
174554,"Soup, Clam Chowder, Manhattan, Canned, Prepared with Equal Volume Water",,,
174555,"Soup, Clam Chowder, New England, Canned, Prepared with Equal Volume Water",,,
174556,"Campbell'S Chunky, New England Clam Chowder",,,
174557,"Soup, Beef Broth, Bouillon, Consomme, Prepared with Equal Volume Water",,,
174558,"Soup, Mushroom with Beef Stock, Canned, Prepared with Equal Volume Water",,,
174559,"Soup, Cream of Onion, Canned, Prepared with Equal Volume Water",,,
174560,"Soup, Oyster Stew, Canned, Prepared with Equal Volume Water",,,
174561,"Soup, Pea, Green, Canned, Prepared with Equal Volume Water",,,
174562,"Soup, Turkey Noodle, Canned, Prepared with Equal Volume Water",,,
174563,"Soup, Turkey Vegetable, Canned, Prepared with Equal Volume Water",,,
174564,"Soup, Vegetarian Vegetable, Canned, Prepared with Equal Volume Water",,,
174565,"Soup, Vegetable Beef, Canned, Prepared with Equal Volume Water",,,
174566,"Soup, Chicken Broth Cubes, Dry, Prepared with Water",,,
174567,"Soup, Cream of Chicken, Dry, Mix, Prepared with Water",,,
174568,"Soup, Onion, Dry, Mix, Prepared with Water",,,
174569,"Soup, Tomato, Dry, Mix, Prepared with Water",,,
174570,"Roast Beef, Deli Style, Prepackaged, Sliced",,,
174571,"Luncheon Meat, Pork, Canned",,,
174572,"Turkey Breast, Low Salt, Prepackaged or Deli, Luncheon Meat",,,
174573,"Mortadella, Beef, Pork",,,
174574,"Peppered Loaf, Pork, Beef",,,
174575,"Pepperoni, Beef and Pork, Sliced",,,
174576,"Pickle and Pimiento Loaf, Pork",,,
174577,"Polish Sausage, Pork",,,
174578,"Pork Sausage, Link/Patty, Cooked, Pan-Fried",,,
174579,"Sausage, Pork and Beef, Fresh, Cooked",,,
174580,"Sausage, Turkey, Reduced Fat, Brown and Serve, Cooked",,,
174581,Poultry Salad Sandwich Spread,,,
174582,"Salami, Dry or Hard, Pork, Beef",,,
174583,"Sandwich Spread, Pork, Beef",,,
174584,"Sausage, Smoked Link Sausage, Pork",,,
174585,"Sausage, Smoked Link Sausage, Pork and Beef",,,
174586,"Sausage, Italian, Pork, Mild, Cooked, Pan-Fried",,,
174587,"Luncheon Sausage, Pork and Beef",,,
174588,"Sausage, New England Brand, Pork, Beef",,,
174589,"Oscar Mayer, Bologna (Beef)",,,
174590,"Oscar Mayer, Smokies Sausage Little Cheese (Pork, Turkey)",,,
174591,"Oscar Mayer, Wieners (Beef Franks)",,,
174592,"Bacon, Turkey, Unprepared",,,
174593,Hormel Pillow Pak Sliced Turkey Pepperoni,,,
174594,"Luncheon Meat, Pork and Chicken, Minced, Canned, Includes Spam Lite",,,
174595,"Bratwurst, Veal, Cooked",,,
174596,Liverwurst Spread,,,
174597,Roast Beef Spread,,,
174598,"Salami, Pork, Beef, Less Sodium",,,
174599,"Sausage, Summer, Pork and Beef, Sticks, with Cheddar Cheese",,,
174600,"Sausage, Turkey, Breakfast Links, Mild, Raw",,,
174601,"Swisswurst, Pork and Beef, with Swiss Cheese, Smoked",,,
174602,Bacon and Beef Sticks,,,
174603,"Salami, Italian, Pork",,,
174604,"Sausage, Italian, Turkey, Smoked",,,
174605,"Sausage, Chicken, Beef, Pork, Skinless, Smoked",,,
174606,"Sausage, Turkey, Hot, Smoked",,,
174607,"Kielbasa, Polish, Turkey and Beef, Smoked",,,
174608,"Chicken Breast, Roll, Oven-Roasted",,,
174609,"Bologna, Pork and Turkey, Lite",,,
174610,"Bologna, Pork, Turkey and Beef",,,
174611,"Ham, Honey, Smoked, Cooked",,,
174612,"Turkey, Breast, Smoked, Lemon Pepper Flavor, 97% Fat-Free",,,
174613,"Turkey, White, Rotisserie, Deli Cut",,,
174614,"Frankfurter, Beef, Heated",,,
174615,"Frankfurter, Meat, Heated",,,
174616,"Sausage, Breakfast Sausage, Beef, Pre-Cooked, Unprepared",,,
174617,"Sausage, Turkey, Fresh, Raw",,,
174618,"Sausage, Beef, Fresh, Cooked",,,
174619,"Cereals Ready-To-Eat, Malt-O-Meal, Coco-Roos",,,
174620,"Cereals Ready-To-Eat, Quaker, Quaker Oat Cinnamon Life",,,
174621,"Cereals Ready-To-Eat, Quaker, Honey Graham Oh!S",,,
174622,"Cereals Ready-To-Eat, Quaker, Oatmeal Squares",,,
174623,"Cereals Ready-To-Eat, Quaker, Oatmeal Squares, Cinnamon",,,
174624,"Cereals, Quaker, Instant Oatmeal, Fruit and Cream Variety, Dry",,,
174625,"Cereals, Quaker, Instant Oatmeal, Raisins, Dates and Walnuts, Dry",,,
174626,"Cereals, Quaker, Oat Bran, Quaker/Mother'S Oat Bran, Dry",,,
174627,"Cereals, Quaker, Oat Bran, Quaker/Mother'S Oat Bran, Prepared with Water, No Salt",,,
174628,"Cereals Ready-To-Eat, Post, Waffle Crisp",,,
174629,"Cereals, Quaker, Hominy Grits, White, Quick, Dry",,,
174630,"Cereals, Quaker, Hominy Grits, White, Regular, Dry",,,
174631,"Cereals Ready-To-Eat, Malt-O-Meal, Colossal Crunch",,,
174632,"Cereals Ready-To-Eat, Quaker, Mother'S Cinnamon Oat Crunch",,,
174633,"Cereals Ready-To-Eat, Quaker, Mother'S Graham Bumpers",,,
174634,"Cereals Ready-To-Eat, Quaker, Mother'S Cocoa Bumpers",,,
174635,"Cereals Ready-To-Eat, Sun Country, Kretschmer Toasted Wheat Bran",,,
174636,"Cereals, Quaker, Instant Oatmeal, Cinnamon-Spice, Dry",,,
174637,"Cereals, Quaker, Instant Oatmeal, Dinosaur Eggs, Brown Sugar, Dry",,,
174638,"Cereals, Quaker, Instant Oatmeal, Banana Bread, Dry",,,
174639,"Cereals Ready-To-Eat, Uncle Sam Cereal",,,
174640,"Cereals, Quaker, Quick Oats with Iron, Dry",,,
174641,"Cereals, Quaker, Whole Wheat Natural Cereal, Dry",,,
174642,"Cereals Ready-To-Eat, Malt-O-Meal, Honey Buzzers",,,
174643,"Cereals Ready-To-Eat, Malt-O-Meal, Golden Puffs",,,
174644,"Cereals Ready-To-Eat, Mom'S Best, Honey Nut Toasty O'S",,,
174645,"Cereals Ready-To-Eat, Malt-O-Meal, Apple Zings",,,
174646,"Cereals Ready-To-Eat, Malt-O-Meal, Cinnamon Toasters",,,
174647,"Cereals Ready-To-Eat, Malt-O-Meal, Cocoa Dyno-Bites",,,
174648,"Cereals Ready-To-Eat, Ralston Corn Flakes",,,
174649,"Cereals Ready-To-Eat, Ralston Crispy Hexagons",,,
174650,Milk and Cereal Bar,,,
174651,"Cereals, Malt-O-Meal, Original, Plain, Prepared with Water, Without Salt",,,
174652,"Cereals Ready-To-Eat, Quaker, Christmas Crunch",,,
174653,"Cereals Ready-To-Eat, Post Selects Maple Pecan Crunch",,,
174654,"Cereals Ready-To-Eat, Nature'S Path, Organic Flax Plus, Pumpkin Granola",,,
174655,"Cereals, Cream of Wheat, 2 1/2 Minute Cook Time, Dry",,,
174656,"Incaparina, Dry Mix (Corn and Soy Flours), Unprepared",,,
174657,"Cereals Ready-To-Eat, Quaker, Cap'N Crunch'S Halloween Crunch",,,
174658,"Cereals Ready-To-Eat, Quaker, Natural Granola Apple Cranberry Almond",,,
174659,"Cereals Ready-To-Eat, Quaker, Maple Brown Sugar Life Cereal",,,
174660,"Cereals, Quaker, Instant Oatmeal Organic, Regular",,,
174661,"Cereals, Quaker, Instant Oatmeal, Fruit and Cream, Variety of Flavors, Reduced Sugar",,,
174662,"Cereals, Quaker, Instant Oatmeal, Apple and Cinnamon, Reduced Sugar",,,
174663,"Cereals Ready-To-Eat, Post, Honey Bunches of Oats, Pecan Bunches",,,
174664,"Cereals Ready-To-Eat, Malt-O-Meal, Chocolate Marshmallow Mateys",,,
174665,"Figs, Dried, Uncooked",,,
174666,"Figs, Dried, Stewed",,,
174667,"Fruit Cocktail, (Peach and Pineapple and Pear and Grape and Cherry), Canned, Water Pack, Solids and Liquids",,,
174668,"Fruit Cocktail, (Peach and Pineapple and Pear and Grape and Cherry), Canned, Juice Pack, Solids and Liquids",,,
174669,"Fruit Salad, (Peach and Pear and Apricot and Pineapple and Cherry), Canned, Water Pack, Solids and Liquids",,,
174670,"Fruit Salad, (Peach and Pear and Apricot and Pineapple and Cherry), Canned, Juice Pack, Solids and Liquids",,,
174671,"Fruit Salad, (Peach and Pear and Apricot and Pineapple and Cherry), Canned, Light Syrup, Solids and Liquids",,,
174672,"Fruit Salad, (Peach and Pear and Apricot and Pineapple and Cherry), Canned, Extra Heavy Syrup, Solids and Liquids",,,
174673,"Grapefruit, Raw, Pink and Red, All Areas",,,
174674,"Grapefruit, Raw, Pink and Red, California and Arizona",,,
174675,"Grapefruit, Raw, Pink and Red, Florida",,,
174676,"Grapefruit, Raw, White, All Areas",,,
174677,"Grapefruit, Raw, White, California",,,
174678,"Grapefruit Juice, White, Canned or Bottled, Unsweetened",,,
174679,"Grapefruit Juice, White, Canned, Sweetened",,,
174680,"Grapefruit Juice, White, Frozen Concentrate, Unsweetened, Undiluted",,,
174681,"Grapefruit Juice, White, Frozen Concentrate, Unsweetened, Diluted with 3 Volume Water",,,
174682,"Grapes, American Type (Slip Skin), Raw",,,
174683,"Grapes, Red or Green (European Type, Such As Thompson Seedless), Raw",,,
174684,"Grapes, Canned, Thompson Seedless, Water Pack, Solids and Liquids",,,
174685,"Grapes, Canned, Thompson Seedless, Heavy Syrup Pack, Solids and Liquids",,,
174686,"Guava Sauce, Cooked",,,
174687,"Jackfruit, Raw",,,
174688,"Beef, Top Loin Filet, Boneless, Separable Lean Only, Trimmed To 1/8"" Fat, All Grades, Cooked, Grilled",,,
174689,"Beef, Top Loin Filet, Boneless, Separable Lean Only, Trimmed To 1/8"" Fat, Choice, Cooked, Grilled",,,
174690,"Beef, Top Loin Filet, Boneless, Separable Lean Only, Trimmed To 1/8"" Fat, Select, Cooked, Grilled",,,
174691,"Beef, Top Loin Petite Roast/Filet, Boneless, Separable Lean Only, Trimmed To 1/8"" Fat, Choice, Raw",,,
174692,"Beef, Top Loin Petite Roast/Filet, Boneless, Separable Lean Only, Trimmed To 1/8"" Fat, Select, Raw",,,
174693,"Beef, Loin, Top Sirloin Filet, Boneless, Separable Lean Only, Trimmed To 0"" Fat, All Grades, Cooked, Grilled",,,
174694,"Beef, Loin, Top Sirloin Filet, Boneless, Separable Lean Only, Trimmed To 0"" Fat, Choice, Cooked, Grilled",,,
174695,"Beef, Loin, Top Sirloin Petite Roast/Filet, Boneless, Separable Lean Only, Trimmed To 0"" Fat, Select, Raw",,,
174696,"Beef, Ribeye Petite Roast/Filet, Boneless, Separable Lean Only, Trimmed To 0"" Fat, All Grades, Raw",,,
174697,"Beef, Ribeye Petite Roast/Filet, Boneless, Separable Lean Only, Trimmed To 0"" Fat, Choice, Raw",,,
174698,"Beef, Ribeye Petite Roast/Filet, Boneless, Separable Lean Only, Trimmed To 0"" Fat, Select, Raw",,,
174699,"Beef, Ribeye Cap Steak, Boneless, Separable Lean Only, Trimmed To 0"" Fat, Choice, Raw",,,
174700,"Beef, Ribeye Cap Steak, Boneless, Separable Lean Only, Trimmed To 0"" Fat, Select, Raw",,,
174701,"Beef, Ribeye Filet, Boneless, Separable Lean Only, Trimmed To 0"" Fat, All Grades, Cooked, Grilled",,,
174702,"Beef, Ribeye Filet, Boneless, Separable Lean Only, Trimmed To 0"" Fat, Choice, Cooked, Grilled",,,
174703,"Beef, Ribeye Filet, Boneless, Separable Lean Only, Trimmed To 0"" Fat, Select, Cooked, Grilled",,,
174704,"Beef, Loin, Top Sirloin Cap Steak, Boneless, Separable Lean and Fat, Trimmed To 1/8"" Fat, Choice, Cooked, Grilled",,,
174705,"Beef, Loin, Top Sirloin Cap Steak, Boneless, Separable Lean and Fat, Trimmed To 1/8"" Fat, Select, Cooked, Grilled",,,
174706,"Beef, Loin, Top Sirloin Cap Steak, Boneless, Separable Lean and Fat, Trimmed To 1/8"" Fat, All Grades, Raw",,,
174707,"Beef, Loin, Top Sirloin Cap Steak, Boneless, Separable Lean and Fat, Trimmed To 1/8"" Fat, Choice, Raw",,,
174708,"Beef, Top Loin Petite Roast, Boneless, Separable Lean and Fat, Trimmed To 1/8"" Fat, All Grades, Cooked, Roasted",,,
174709,"Beef, Top Loin Petite Roast, Boneless, Separable Lean and Fat, Trimmed To 1/8"" Fat, Choice, Cooked, Roasted",1 lb,16,11.99
174710,"Beef, Top Loin Petite Roast, Boneless, Separable Lean and Fat, Trimmed To 1/8"" Fat, Select, Cooked, Roasted",1 lb,16,11.99
174711,"Beef, Top Loin Petite Roast/Filet, Boneless, Separable Lean and Fat, Trimmed To 1/8"" Fat, All Grades, Raw",1 lb,16,15.99
174712,"Beef, Loin, Top Loin Steak, Boneless, Lip-On, Separable Lean and Fat, Trimmed To 1/8"" Fat, Choice, Cooked, Grilled",,23,9.99
174713,"Beef, Loin, Top Loin Steak, Boneless, Lip-On, Separable Lean and Fat, Trimmed To 1/8"" Fat, Select, Cooked, Grilled",,23,9.99
174714,"Beef, Loin, Top Loin Steak, Boneless, Lip-On, Separable Lean and Fat, Trimmed To 1/8"" Fat, All Grades, Cooked, Grilled",,23,9.99
174715,"Beef, New Zealand, Imported, Bolar Blade, Separable Lean Only, Cooked, Fast Roasted",750 ml,,15.99
174716,"Beef, New Zealand, Imported, Bolar Blade, Separable Lean Only, Raw",750 ml,,15.99
174717,"Beef, New Zealand, Imported, Brisket Navel End, Separable Lean Only, Cooked, Braised",750 ml,,15.99
174718,"Beef, New Zealand, Imported, Brisket Navel End, Separable Lean Only, Raw",750 ml,,15.99
174719,"Beef, New Zealand, Imported, Cube Roll, Separable Lean Only, Cooked, Fast Roasted",750 ml,,15.99
174720,"Beef, New Zealand, Imported, Cube Roll, Separable Lean Only, Raw",750 ml,,15.99
174721,"Beef, New Zealand, Imported, Eye Round, Separable Lean Only, Cooked, Slow Roasted",,,
174722,"Beef, New Zealand, Imported, Eye Round, Separable Lean Only, Raw",750 ml,,15.99
174723,"Beef, New Zealand, Imported, Variety Meats and By-Products, Heart, Raw",750 ml,,15.99
174724,"Beef, New Zealand, Imported, Hind Shin, Separable Lean Only, Cooked, Braised",750 ml,,15.99
174725,"Beef, New Zealand, Imported, Hind Shin, Separable Lean Only, Raw",750 ml,,15.99
174726,"Beef, New Zealand, Imported, Inside, Raw",750 ml,,15.99
174727,"Beef, New Zealand, Imported, Variety Meats and By-Products, Kidney, Raw",750 ml,,15.99
174728,"Beef, New Zealand, Imported, Variety Meats and By-Products Liver, Cooked, Boiled",750 ml,,15.99
174729,"Beef, New Zealand, Imported, Variety Meats and By-Products, Liver, Raw",750 ml,,15.99
174730,"Beef, New Zealand, Imported, Manufacturing Beef, Cooked, Boiled",750 ml,,15.99
174731,"Beef, New Zealand, Imported, Ribs Prepared, Raw",750 ml,,15.99
174732,"Beef, New Zealand, Imported, Rump Centre, Separable Lean Only, Cooked, Fast Fried",750 ml,,15.99
174733,"Beef, New Zealand, Imported, Striploin, Separable Lean Only, Cooked, Fast Fried",750 ml,,15.99
174734,"Beef, New Zealand, Imported, Striploin, Separable Lean Only, Raw",750 ml,,15.99
174735,"Beef, New Zealand, Imported, Oyster Blade, Separable Lean and Fat, Raw",750 ml,,15.99
174736,"Beef, New Zealand, Imported, Tenderloin, Separable Lean Only, Raw",750 ml,,15.99
174737,"Beef, New Zealand, Imported, Variety Meats and By-Products, Tongue, Cooked, Boiled",750 ml,,15.99
174738,"Beef, New Zealand, Imported, Variety Meats and By-Products, Tongue, Raw",750 ml,,15.99
174739,"Beef, New Zealand, Imported, Brisket Navel End, Separable Lean and Fat, Cooked, Braised",,,
174740,"Beef, New Zealand, Imported, Brisket Navel End, Separable Lean and Fat, Raw",750 ml,,15.99
174741,"Beef, New Zealand, Imported, Brisket Point End, Separable Lean and Fat, Cooked, Braised",,,
174742,"Beef, New Zealand, Imported, Brisket Point End, Separable Lean and Fat, Raw",750 ml,,15.99
174743,"Beef, New Zealand, Imported, Eye Round, Separable Lean and Fat, Cooked, Slow Roasted",750 ml,,15.99
174744,"Beef, New Zealand, Imported, Eye Round, Separable Lean and Fat, Raw",750 ml,,15.99
174745,"Beef, New Zealand, Imported, Flank, Separable Lean and Fat, Cooked, Braised",,,
174746,"Beef, New Zealand, Imported, Flank, Separable Lean and Fat, Raw",750 ml,,15.99
174747,"Beef, New Zealand, Imported, Flat, Separable Lean and Fat, Cooked, Braised",750 ml,,15.99
174748,"Beef, New Zealand, Imported, Rump Centre, Separable Lean and Fat, Cooked, Fast Fried",750 ml,,15.99
174749,"Beef, New Zealand, Imported, Rump Centre, Separable Lean Only, Raw",750 ml,,15.99
174750,"Beef, New Zealand, Imported, Rump Centre, Separable Lean and Fat, Raw",750 ml,,15.99
174751,"Beef, New Zealand, Imported, Striploin, Separable Lean and Fat, Cooked, Fast Fried",750 ml,,15.99
174752,"Beef, Ground, 93% Lean Meat / 7% Fat, Patty, Cooked, Broiled",1 lb,16,9.49
174753,"Beef, Ground, 93% Lean Meat /7% Fat, Patty, Cooked, Pan-Broiled",1 lb,16,9.49
174754,"Beef, Ground, 93% Lean Meat / 7% Fat, Loaf, Cooked, Baked",1 lb,16,9.49
174755,"Beef, Ground, 93% Lean Meat / 7% Fat, Crumbles, Cooked, Pan-Browned",1 lb,16,9.49
174756,"Beef, Ground, 97% Lean Meat / 3% Fat, Crumbles, Cooked, Pan-Browned",1 lb,16,9.49
174757,"Beef, Composite of Trimmed Retail Cuts, Separable Lean and Fat, Trimmed To 0"" Fat, All Grades, Raw",,,
174758,"Beef, Composite of Trimmed Retail Cuts, Separable Lean Only, Trimmed To 1/8"" Fat, All Grades, Raw",,,
174759,"Beef, Composite of Trimmed Retail Cuts, Separable Lean Only, Trimmed To 1/8"" Fat, All Grades, Cooked",,,
174760,"Beef, Composite of Trimmed Retail Cuts, Separable Lean Only, Trimmed To 0"" Fat, All Grades, Raw",,,
174761,"Beef, Rib, Small End (Ribs 10-12), Separable Lean Only, Trimmed To 1/8"" Fat, Choice, Raw",1 lb,16,8.99
174762,"Beef, Tenderloin, Steak, Separable Lean Only, Trimmed To 1/8"" Fat, Choice, Raw",,6,7.00
174763,"Beef, Top Sirloin, Steak, Separable Lean Only, Trimmed To 1/8"" Fat, Choice, Raw",,8,9.99
174764,"Beef, Rib, Small End (Ribs 10-12), Separable Lean Only, Trimmed To 1/8""Fat, Choice, Cooked, Broiled",1 lb,16,8.99
174765,"Beef, Chuck, Arm Pot Roast, Separable Lean Only, Trimmed To 1/8"" Fat, Select, Raw",1 lb,16,12.99
174766,"Beef, Brisket, Flat Half, Separable Lean Only, Trimmed To 1/8"" Fat, Select, Raw",1 lb,16,6.99
174767,"Beef, Chuck, Arm Pot Roast, Separable Lean Only, Trimmed To 1/8"" Fat, Select, Cooked, Braised",1 lb,16,12.99
174768,"Beef, Brisket, Flat Half, Separable Lean Only, Trimmed To 1/8"" Fat, Select, Cooked, Braised",1 lb,16,6.99
174769,"Beef, Variety Meats and By-Products, Tripe, Cooked, Simmered",,,
174770,"Beef, Bottom Sirloin, Tri-Tip Roast, Separable Lean Only, Trimmed To 0"" Fat, All Grades, Raw",1 lb,16,15.99
174771,"Beef, Bottom Sirloin, Tri-Tip Roast, Separable Lean Only, Trimmed To 0"" Fat, Choice, Cooked, Roasted",1 lb,16,15.99
174772,"Beef, Bottom Sirloin, Tri-Tip Roast, Separable Lean Only, Trimmed To 0"" Fat, Choice, Raw",1 lb,16,15.99
174773,"Beef, Bottom Sirloin, Tri-Tip Roast, Separable Lean Only, Trimmed To 0"" Fat, Select, Cooked, Roasted",1 lb,16,15.99
174774,"Beef, Flank, Steak, Separable Lean Only, Trimmed To 0"" Fat, All Grades, Cooked, Broiled",1 lb,16,13.99
174775,"Beef, Flank, Steak, Separable Lean Only, Trimmed To 0"" Fat, Select, Cooked, Broiled",1 lb,16,13.99
174776,"Beef, Flank, Steak, Separable Lean Only, Trimmed To 0"" Fat, All Grades, Raw",1 lb,16,13.99
174777,"Beef, Flank, Steak, Separable Lean Only, Trimmed To 0"" Fat, Select, Raw",1 lb,16,13.99
174778,"Snacks, Popcorn, Microwave, Low Fat",18 ct,,14.49
174779,"Snacks, Candy Rolls, Yogurt-Covered, Fruit Flavored with High Vitamin C",,2.5,3.29
174780,"Formulated Bar, Mars Snackfood Us, Snickers Marathon Chewy Chocolate Peanut Bar",,,
174781,"Formulated Bar, Mars Snackfood Us, Snickers Marathon Multigrain Crunch Bar",,,
174782,"Formulated Bar, Mars Snackfood Us, Cocoavia, Chocolate Almond Snack Bar",,,
174783,"Snacks, Sweet Potato Chips, Unsalted",,6,3.19
174784,"Snacks, Fritolay, Sunchips, Multigrain Snack, Original Flavor",18 ct,1,10.99
174785,"Snacks, Popcorn, Microwave, Regular (Butter) Flavor, Made with Partially Hydrogenated Oil",18 ct,,14.49
174786,"Formulated Bar, Mars Snackfood Us, Snickers Marathon Protein Performance Bar, Caramel Nut Rush",,,
174787,"Formulated Bar, Luna Bar, Nutz Over Chocolate",,,
174788,"Snacks, Fritolay, Sunchips, Multigrain, French Onion Flavor",18 ct,1,10.99
174789,"Snacks, Fritolay, Sunchips, Multigrain Snack, Harvest Cheddar Flavor",18 ct,1,10.99
174790,"Pretzels, Soft, Unsalted",,16,5.99
174791,"Snacks, Vegetable Chips, Hain Celestial Group, Terra Chips",,6,3.19
174792,"Formulated Bar, Zone Perfect Classic Crunch Bar, Mixed Flavors",4 ct,,10.49
174793,"Snacks, Granola Bar, Kashi Golean, Chewy, Mixed Flavors",6 ct,1.2,3.49
174794,"Snacks, Granola Bar, Kashi Tlc Bar, Chewy, Mixed Flavors",6 ct,1.2,3.49
174795,"Snacks, Granola Bars, Quaker Oatmeal To Go, All Flavors",6 ct,1.2,3.49
174796,"Snacks, Vegetable Chips, Made From Garden Vegetables",,6,3.19
174797,"Snacks, Granola Bar, Kashi Tlc Bar, Crunchy, Mixed Flavors",6 ct,1.2,3.49
174798,"Snacks, Candy Bits, Yogurt Covered with Vitamin C",,,
174799,"Snacks, Clif Bar, Mixed Flavors",10 ct,,8.49
174800,"Snacks, Granola Bar, Quaker, Chewy, 90 Calorie Bar",6 ct,1.2,3.49
174801,"Snacks, Granola Bar, General Mills Nature Valley, Sweet&Salty Nut, Peanut",6 ct,1.2,3.49
174802,"Snacks, Granola Bar, General Mills, Nature Valley, with Yogurt Coating",6 ct,1.2,3.49
174803,"Snack, Mixed Berry Bar",4 ct,,6.49
174804,"Snacks, Potato Chips, Made From Dried Potatoes (Preformed), Multigrain",,5.5,2.49
174805,"Snacks, Potato Chips, Lightly Salted",,5.5,2.49
174806,"Snacks, Pretzels, Gluten- Free Made with Cornstarch and Potato Flour",,9,5.49
174807,"Soup, Egg Drop, Chinese Restaurant",,1,1.49
174808,"Soup, Hot and Sour, Chinese Restaurant",,1.34,1.49
174809,"Beverages, the Coca-Cola Company, Nos Zero, Energy Drink, Sugar-Free with Guarana, Fortified with Vitamins B6 and B12",24 pk,12,15.99
174810,"Alcoholic Beverage, Whiskey Sour, Canned",,,
174811,"Beverages, Whiskey Sour Mix, Bottled",,59.2,9.99
174812,"Alcoholic Beverage, Whiskey Sour, Prepared From Item 14028",,12,4.99
174813,"Beverages, Abbott, Eas Soy Protein Powder",8 pk,6,4.49
174814,"Beverages, Cytosport, Muscle Milk, Ready-To-Drink",,,
174815,"Alcoholic Beverage, Distilled, All (Gin, Rum, Vodka, Whiskey) 80 Proof",,,
174816,"Beverages, Ocean Spray, Cran-Energy, Cranberry Energy Juice Drink",,64,3.79
174817,"Alcoholic Beverage, Distilled, Rum, 80 Proof",,,
174818,"Alcoholic Beverage, Distilled, Vodka, 80 Proof",187 ml,,4.99
174819,"Alcoholic Beverage, Distilled, Whiskey, 86 Proof",,,
174820,"Beverages, Almond Milk, Chocolate, Ready-To-Drink",,25.4,6.49
174821,"Beverages, Energy Drink with Carbonated Water and High Fructose Corn Syrup",,,
174822,"Beverages, Energy Drink, Sugar Free",,15.5,2.99
174823,"Beverages, Abbott, Ensure, Nutritional Shake, Ready-To-Drink",8 pk,6,4.49
174824,"Beverages, Chocolate Powder, No Sugar Added",,14.1,4.99
174825,"Beverages, Zevia, Cola",6 pk,12,6.49
174826,"Beverages, Zevia, Cola, Caffeine Free",6 pk,12,6.49
174827,"Beverages, Gerolsteiner Brunnen Gmbh & Co. Kg,Gerolsteiner Naturally Sparkling Mineral Water",,,
174828,"Beverages, Yellow Green Colored Citrus Soft Drink with Caffeine",,,
174829,"Beverages, V8 Splash Smoothies, Strawberry Banana",,64,2.49
174830,"Beverages, V8 Splash Smoothies, Tropical Colada",,64,2.49
174831,"Beverages, Coconut Water, Ready-To-Drink, Unsweetened",,33.8,5.99
174832,"Beverages, Almond Milk, Unsweetened, Shelf Stable",,25.4,6.49
174833,"Alcoholic Beverage, Wine, Table, Red, Cabernet Sauvignon",,16.9,3.99
174834,"Alcoholic Beverage, Wine, Table, Red, Cabernet Franc",,16.9,3.99
174835,"Alcoholic Beverage, Wine, Table, Red, Pinot Noir",,16.9,3.99
174836,"Alcoholic Beverage, Wine, Table, Red, Syrah",,16.9,3.99
174837,"Alcoholic Beverage, Wine, Table, White",,16.9,3.99
174838,"Alcoholic Beverage, Wine, Table, Red, Lemberger",,16.9,3.99
174839,"Alcoholic Beverage, Wine, Table, Red, Sangiovese",,16.9,3.99
174840,"Alcoholic Beverage, Wine, Table, Red, Carignane",,16.9,3.99
174841,"Alcoholic Beverage, Wine, Table, White, Pinot Gris (Grigio)",,16.9,3.99
174842,"Beverages, Carbonated, Club Soda",,16.9,3.29
174843,"Alcoholic Beverage, Wine, Table, White, Gewurztraminer",,16.9,3.99
174844,"Alcoholic Beverage, Wine, Table, White, Late Harvest, Gewurztraminer",,16.9,3.99
174845,"Alcoholic Beverage, Wine, Table, White, Semillon",,16.9,3.99
174846,"Beverages, Carbonated, Ginger Ale",,16.9,3.29
174847,"Beverages, Nestea, Tea, Black, Ready-To-Drink, Lemon",,28.2,20.99
174848,"Alcoholic Beverage, Wine, Table, White, Pinot Blanc",,16.9,3.99
174849,"Alcoholic Beverage, Wine, Table, White, Muscat",,16.9,3.99
174850,"Beverages, Carbonated, Low Calorie, Cola or Pepper-Type, with Aspartame, Without Caffeine",,16.9,3.29
174851,"Beverages, Carbonated, Cola, Without Caffeine",,16.9,3.29
174852,"Beverages, Carbonated, Cola, Regular",,16.9,3.29
174853,"Beverages, Carbonated, Reduced Sugar, Cola, Contains Caffeine and Sweeteners",,16.9,3.29
174854,"Beverages, Carbonated, Orange",,16.9,3.29
174855,"Beverages, Tea, Black, Ready-To-Drink, Peach, Diet",18 ct,,6.99
174856,"Beverages, Ocean Spray, Ruby Red Cranberry",,64,3.79
174857,"Beverages, Motts, Apple Juice Light, Fortified with Vitamin C",,64,4.29
174858,"Beverages, Lemonade, Powder",,12,2.79
174859,"Lemonade, Powder, Prepared with Water",,0.83,2.19
174860,"Beverages, Lemonade-Flavor Drink, Powder","12 pack, 12 fl oz cans",,22.99
174861,"Beverages, Lemonade-Flavor Drink, Powder, Prepared with Water","12 pack, 12 fl oz cans",,22.99
174862,"Limeade, Frozen Concentrate, Prepared with Water",,12,1.99
174863,"Malt Beverage, Includes Non-Alcoholic Beer",6 - 11.2 fl oz,,12.99
174864,"Beverages, Ovaltine, Classic Malt Powder",,12,6.99
174865,"Beverages, Malted Drink Mix, Chocolate, with Added Nutrients, Powder, Prepared with Whole Milk",,,
174866,"Beverages, Malted Drink Mix, Chocolate, Powder",4 cans,16.9,12.99
174867,"Beverages, Malted Drink Mix, Chocolate, Powder, Prepared with Whole Milk",4 cans,16.9,12.99
174868,"Beverages, Orange Drink, Canned, with Added Vitamin C",,11.5,2.79
174869,"Strawberry-Flavor Beverage Mix, Powder",1 ct,,3.99
174870,"Beverages, Strawberry-Flavor Beverage Mix, Powder, Prepared with Whole Milk",1 ct,,3.99
174871,"Beverages, Tea, Black, Brewed, Prepared with Tap Water, Decaffeinated",18 ct,,6.99
174872,"Beverages, Tea, Instant, Decaffeinated, Unsweetened",18 ct,,6.99
174873,"Beverages, Tea, Instant, Unsweetened, Prepared with Water",18 ct,,6.99
174874,"Lamb, New Zealand, Imported, Square-Cut Shoulder Chops, Separable Lean and Fat, Cooked, Braised",750 ml,,17.99
174875,"Lamb, New Zealand, Imported, Square-Cut Shoulder Chops, Separable Lean and Fat, Raw",750 ml,,17.99
174876,"Lamb, New Zealand, Imported, Square-Cut Shoulder, Separable Lean and Fat, Cooked, Slow Roasted",750 ml,,17.99
174877,"Lamb, New Zealand, Imported, Tunnel-Boned Leg, Chump Off, Shank Off, Separable Lean and Fat, Raw",750 ml,,17.99
174878,"Lamb, New Zealand, Imported, Tenderloin, Separable Lean and Fat, Raw",750 ml,,17.99
174879,"Veal, Ground, Cooked, Pan-Fried",,16,11.99
174880,"Veal, Leg, Top Round, Cap Off, Cutlet, Boneless, Cooked, Grilled",4.5 lb,72,5.00
174881,"Veal, Shoulder, Blade Chop, Separable Lean Only, Cooked, Grilled",1 lb,16,12.99
174882,"Veal, External Fat Only, Raw",,,
174883,"Veal, External Fat Only, Cooked",,,
174884,"Veal, Seam Fat Only, Raw",,,
174885,"Lamb, Australian, Imported, Fresh, Leg, Bottom, Boneless, Separable Lean Only, Trimmed To 1/8"" Fat, Cooked, Roasted",,,
174886,"Lamb, Australian, Imported, Fresh, Leg, Hindshank, Heel On, Bone-In, Separable Lean Only, Trimmed To 1/8"" Fat, Cooked, Braised",1 lb,16,12.99
174887,"Lamb, Australian, Imported, Fresh, Leg, Hindshank, Heel On, Bone-In, Separable Lean Only, Trimmed To 1/8"" Fat, Raw",1 lb,16,12.99
174888,"Lamb, Australian, Imported, Fresh, Tenderloin, Boneless, Separable Lean Only, Trimmed To 1/8"" Fat, Cooked, Roasted",1 lb,16,12.99
174889,"Lamb, Australian, Imported, Fresh, Rack, Roast, Frenched, Denuded, Bone-In, Separable Lean Only, Trimmed To 0"" Fat, Cooked, Roasted",1 lb,16,12.99
174890,"Lamb, Australian, Imported, Fresh, Rack, Roast, Frenched, Bone-In, Separable Lean Only, Trimmed To 1/8"" Fat, Cooked, Roasted",1 lb,16,12.99
174891,"Lamb, Australian, Imported, Fresh, External Fat, Cooked",,,
174892,"Lamb, Australian, Imported, Fresh, External Fat, Raw",1 lb,16,12.99
174893,"Lamb, Australian, Imported, Fresh, Leg, Hindshank, Heel On, Bone-In, Separable Lean and Fat, Trimmed To 1/8"" Fat, Cooked, Braised",1 lb,16,12.99
174894,"Lamb, Australian, Imported, Fresh, Leg, Hindshank, Heel On, Bone-In, Separable Lean and Fat, Trimmed To 1/8"" Fat, Raw",1 lb,16,12.99
174895,"Lamb, Australian, Imported, Fresh, Leg, Trotter Off, Bone-In, Separable Lean and Fat, Trimmed To 1/8"" Fat, Cooked, Roasted",1 lb,16,12.99
174896,"Lamb, Australian, Imported, Fresh, Leg, Trotter Off, Bone-In, Separable Lean and Fat, Trimmed To 1/8"" Fat, Raw",1 lb,16,12.99
174897,"Lamb, Australian, Imported, Fresh, Tenderloin, Boneless, Separable Lean and Fat, Trimmed To 1/8"" Fat, Cooked, Roasted",1 lb,16,12.99
174898,"Lamb, Australian, Imported, Fresh, Rib Chop, Frenched, Denuded, Bone-In, Separable Lean and Fat, Trimmed To 0"" Fat, Cooked, Grilled",1 lb,16,12.99
174899,"Bagels, Plain, Enriched, with Calcium Propionate (Includes Onion, Poppy, Sesame)",4 ct,,3.99
174900,"Bagels, Plain, Enriched, with Calcium Propionate (Includes Onion, Poppy, Sesame), Toasted",4 ct,,3.99
174901,"Bagels, Egg",,11.8,6.99
174902,"Biscuits, Plain or Buttermilk, Dry Mix",40 ct,30,3.99
174903,"Biscuits, Plain or Buttermilk, Dry Mix, Prepared",,,
174904,"Biscuits, Plain or Buttermilk, Refrigerated Dough, Lower Fat",,,
174905,"Biscuits, Plain or Buttermilk, Refrigerated Dough, Lower Fat, Baked",40 ct,30,3.99
174906,"Bread, Banana, Prepared From Recipe, Made with Margarine",4 ct,15.94,6.99
174907,"Bread, Boston Brown, Canned",,,
174908,"Bread, Cornbread, Dry Mix, Enriched (Includes Corn Muffin Mix)",4 ct,8,3.99
174909,"Bread, Cornbread, Dry Mix, Prepared with 2% Milk, 80% Margarine, and Eggs",4 ct,8,3.99
174910,"Bread, Cornbread, Prepared From Recipe, Made with Low Fat (2%) Milk",4 ct,8,3.99
174911,"Bread, French or Vienna, Toasted (Includes Sourdough)",,,
174912,"Bread, Irish Soda, Prepared From Recipe",,14.5,4.99
174913,"Bread, Italian",,16,2.49
174914,"Bread, Multi-Grain, Toasted (Includes Whole-Grain)",,20,3.99
174915,"Bread, Pita, White, Enriched",6 ct,,2.99
174916,"Bread, Pita, Whole-Wheat",6 ct,,2.99
174917,"Bread, Protein (Includes Gluten)",4 ct,1.76,6.99
174918,"Bread, Pumpernickel",,18,3.99
174919,"Bread, Reduced-Calorie, Oatmeal",16.0 ounce,,3.19
174920,"Bread, Reduced-Calorie, Rye",,,
174921,"Bread, Reduced-Calorie, Wheat",16.0 ounce,,3.19
174922,"Bread, Reduced-Calorie, White",16.0 ounce,,3.19
174923,"Bread, Rice Bran",,30,5.49
174924,"Bread, White, Commercially Prepared (Includes Soft Bread Crumbs)",,20,1.79
174925,"Bread, White, Commercially Prepared, Toasted",,20,1.79
174926,"Bread, White, Prepared From Recipe, Made with Nonfat Dry Milk",,20,1.79
174927,"Bread, White, Prepared From Recipe, Made with Low Fat (2%) Milk",,20,1.79
174928,"Bread, Crumbs, Dry, Grated, Plain",,15,1.49
174929,"Bread, Sticks, Plain",,8,2.99
174930,"Bread, Stuffing, Dry Mix",,6,1.29
174931,"Bread, Stuffing, Dry Mix, Prepared",,6,1.29
174932,"Cake, Pudding-Type, Carrot, Dry Mix",,,
174933,"Cake, Cherry Fudge with Chocolate Frosting",,15.6,2.49
174934,"Cake, Chocolate, Commercially Prepared with Chocolate Frosting, In-Store Bakery",16.7 oz (6 servings),,6.00
174935,"Cake, Pudding-Type, Chocolate, Dry Mix",,,
174936,"Cake, Coffeecake, Creme-Filled with Chocolate Frosting",12 ct,10.02,6.99
174937,"Cake, Coffeecake, Fruit",12 ct,10.02,6.99
174938,"Cake, Coffeecake, Cinnamon with Crumb Topping, Dry Mix, Prepared",12 ct,10.02,6.99
174939,"Cake, Fruitcake, Commercially Prepared",,14.1,5.99
174940,"Cake, Pound, Commercially Prepared, Other Than All Butter, Enriched",,30,7.99
174941,"Cake, Shortcake, Biscuit-Type, Prepared From Recipe",6 ct,13,3.19
174942,"Cake, Snack Cakes, Creme-Filled, Chocolate with Frosting",8 count,,3.69
174943,"Cake, Snack Cakes, Creme-Filled, Sponge",8 count,,3.69
174944,"Cake, Yellow, Commercially Prepared, with Chocolate Frosting, In-Store Bakery",,7.5,3.50
174945,"Cake, Yellow, Commercially Prepared, with Vanilla Frosting",,7.5,3.50
174946,"Cake, Pudding-Type, Yellow, Dry Mix",,30,7.99
174947,"Cake, Yellow, Enriched, Dry Mix",,7.5,3.50
174948,"Cookies, Brownies, Dry Mix, Regular",,4.25,5.49
174949,"Cookies, Brownies, Prepared From Recipe",,8,4.29
174950,"Cookies, Butter, Commercially Prepared, Enriched",,15.27,6.49
174951,"Cookies, Fudge, Cake-Type (Includes Trolley Cakes)",,17.3,4.79
174952,"Cookies, Chocolate Chip, Dry Mix",12 count,,3.99
174953,"Cookies, Chocolate Chip, Refrigerated Dough",12 count,,3.99
174954,"Cookies, Chocolate Chip, Refrigerated Dough, Baked",12 count,,3.99
174955,"Cookies, Chocolate Chip, Prepared From Recipe, Made with Margarine",12 count,,3.99
174956,"Cookies, Gingersnaps",,12,5.29
174957,"Cookies, Graham Crackers, Plain or Honey (Includes Cinnamon)",20 ct,1,10.99
174958,"Cookies, Graham Crackers, Chocolate-Coated",20 ct,1,10.99
174959,"Cookies, Ladyfingers, with Lemon Juice and Rind",,7,4.39
174960,"Cookies, Oatmeal, Dry Mix",,12,1.79
174961,"Cookies, Oatmeal, Refrigerated Dough",,12,1.79
174962,"Cookies, Oatmeal, Refrigerated Dough, Baked",,12,1.79
174963,"Cookies, Oatmeal, with Raisins",,12,1.79
174964,"Cookies, Peanut Butter, Prepared From Recipe",,15.27,6.49
174965,"Cookies, Peanut Butter Sandwich, Regular",,8.25,4.29
174966,"Cookies, Raisin, Soft-Type",,7,5.99
174967,"Cookies, Shortbread, Commercially Prepared, Plain",,11.3,4.19
174968,"Cookies, Shortbread, Commercially Prepared, Pecan",,11.3,4.19
174969,"Cookies, Peanut Butter Sandwich, Special Dietary",,8.25,4.29
174970,"Cookies, Sugar Wafer, with Creme Filling, Sugar Free",,8,1.99
174971,"Cookies, Sugar, Commercially Prepared, Regular (Includes Vanilla)",,13.5,5.00
174972,"Cookies, Sugar, Refrigerated Dough",,13.5,5.00
174973,"Cookies, Vanilla Wafers, Lower Fat",,11,2.99
174974,"Cookies, Vanilla Wafers, Higher Fat",,11,2.99
174975,"Crackers, Cheese, Regular",8 ct,1.38,3.99
174976,"Crackers, Cheese, Sandwich-Type with Peanut Butter Filling",8 ct,1.38,3.99
174977,"Crackers, Melba Toast, Plain",,6,3.99
174978,"Crackers, Melba Toast, Rye (Includes Pumpernickel)",,6,3.99
174979,"Crackers, Melba Toast, Wheat",,6,3.99
174980,"Crackers, Milk",,8.5,5.49
174981,"Crackers, Rusk Toast",,11.4,6.49
174982,"Crackers, Standard Snack-Type, Regular",,2.67,1.25
174983,"Crackers, Standard Snack-Type, Sandwich, with Cheese Filling",,2.67,1.25
174984,"Crackers, Standard Snack-Type, Sandwich, with Peanut Butter Filling",,,
174985,"Crackers, Wheat, Regular",,12.9,4.69
174986,"Cream Puff Shell, Prepared From Recipe",,,
174987,"Croissants, Butter",10 ct,7.4,5.99
174988,"Croissants, Apple",4 ct,9.6,6.00
174989,"Croissants, Cheese",2 ct,4,6.99
174990,"Doughnuts, Cake-Type, Plain (Includes Unsugared, Old-Fashioned)",,14,2.99
174991,"Doughnuts, Cake-Type, Plain, Chocolate-Coated or Frosted",,,
174992,"Doughnuts, Cake-Type, Plain, Sugared or Glazed",,14,2.99
174993,"Doughnuts, Cake-Type, Chocolate, Sugared or Glazed",,,
174994,"Muffins, English, Plain, Enriched, with Ca Prop (Includes Sourdough)",6 pc,13,3.99
174995,"Muffins, English, Plain, Toasted, Enriched, with Calcium Propionate (Includes Sourdough)",6 pc,13,3.99
174996,"Muffins, English, Mixed-Grain (Includes Granola)",6 ct,12,3.99
174997,"Muffins, English, Raisin-Cinnamon (Includes Apple-Cinnamon)",6 pc,13,3.99
174998,"French Toast, Prepared From Recipe, Made with Low Fat (2%) Milk",,,
174999,"Hush Puppies, Prepared From Recipe",,18,5.99
175000,"Ice Cream Cones, Cake or Wafer-Type",,3,4.79
175001,"Ice Cream Cones, Sugar, Rolled-Type",12 ct,,2.29
175002,"Muffins, Corn, Commercially Prepared",6 ct,8.5,3.99
175003,"Muffins, Corn, Dry Mix, Prepared",6 ct,8.5,3.99
175004,"Muffins, Corn, Toaster-Type",6 ct,8.5,3.99
175005,"Muffins, Corn, Prepared From Recipe, Made with Low Fat (2%) Milk",6 ct,8.5,3.99
175006,"Pancakes, Plain, Dry Mix, Complete, Prepared",8 ct,9.87,3.49
175007,"Pancakes, Plain, Dry Mix, Incomplete (Includes Buttermilk)",,,
175008,"Pancakes, Plain, Dry Mix, Incomplete, Prepared",8 ct,9.87,3.49
175009,"Pancakes, Plain, Prepared From Recipe",8 ct,9.87,3.49
175010,"Pancakes, Whole-Wheat, Dry Mix, Incomplete, Prepared",,10,6.99
175011,"Pie, Apple, Commercially Prepared, Enriched Flour",,4,1.25
175012,"Pie, Apple, Prepared From Recipe",,4,1.25
175013,"Pie, Banana Cream, Prepared From Mix, No-Bake Type",,5.1,2.49
175014,"Pie, Chocolate Creme, Commercially Prepared",5.34 oz 2 pack,,3.99
175015,"Pie, Chocolate Mousse, Prepared From Mix, No-Bake Type",,16,6.49
175016,"Pie, Coconut Creme, Commercially Prepared",9 in,,14.99
175017,"Pie, Coconut Cream, Prepared From Mix, No-Bake Type",,9,4.99
175018,"Pie, Lemon Meringue, Prepared From Recipe",,16,6.99
175019,"Pie, Mince, Prepared From Recipe",,11,6.99
175020,"Pie, Peach",9 in,,11.99
175021,"Pie, Pecan, Commercially Prepared",4 ct,11,5.99
175022,"Pie Crust, Standard-Type, Dry Mix",,,
175023,"Pie Crust, Standard-Type, Dry Mix, Prepared, Baked",2 ct,15,3.49
175024,"Pie Crust, Standard-Type, Frozen, Ready-To-Bake, Enriched",2 ct,15,3.49
175025,"Pie Crust, Standard-Type, Frozen, Ready-To-Bake, Enriched, Baked",2 ct,15,3.49
175026,"Pie Crust, Standard-Type, Prepared From Recipe, Baked",2 ct,15,3.49
175027,"Rolls, Dinner, Egg",7 ct,14,2.49
175028,"Rolls, Dinner, Oat Bran",7 ct,14,2.49
175029,"Rolls, Dinner, Rye",7 ct,14,2.49
175030,"Rolls, Dinner, Wheat",7 ct,14,2.49
175031,"Rolls, Hard (Includes Kaiser)",,,
175032,"Strudel, Apple",20 ct,12,6.00
175033,"Sweet Rolls, Cheese",6 ct,,5.00
175034,"Sweet Rolls, Cinnamon, Commercially Prepared with Raisins",8 ct,,5.99
175035,"Toaster Pastries, Fruit (Includes Apple, Blueberry, Cherry, Strawberry)",32 ct,,9.99
175036,"Tortillas, Ready-To-Bake or -Fry, Corn",,,
175037,"Tortillas, Ready-To-Bake or -Fry, Flour, Refrigerated",,6.25,4.99
175038,"Waffles, Plain, Frozen, Ready-To-Heat",10 ct,12.3,2.49
175039,"Waffles, Plain, Prepared From Recipe",10 ct,12.3,2.49
175040,"Leavening Agents, Baking Soda",,,
175041,"Leavening Agents, Cream of Tartar",,,
175042,"Leavening Agents, Yeast, Baker'S, Compressed",,,
175043,"Leavening Agents, Yeast, Baker'S, Active Dry",,,
175044,"Bread, Rice Bran, Toasted",,30,5.49
175045,"Muffins, Blueberry, Toaster-Type, Toasted",5 ct,8.44,3.19
175046,"Muffins, Wheat Bran, Toaster-Type with Raisins, Toasted",6 ct,13,1.69
175047,"Pancakes, Buttermilk, Prepared From Recipe",24 ct,29.6,4.49
175048,"Waffles, Plain, Frozen, Ready -To-Heat, Toasted",,,
175049,"Bagels, Plain, Enriched, Without Calcium Propionate (Includes Onion, Poppy, Sesame)",4 ct,,3.99
175050,"Bagels, Plain, Unenriched, with Calcium Propionate (Includes Onion, Poppy, Sesame)",6 ct,20,4.49
175051,"Bagels, Plain, Unenriched, Without Calcium Propionate(Includes Onion, Poppy, Sesame)",6 ct,20,4.49
175052,"Cake, Coffeecake, Cinnamon with Crumb Topping, Commercially Prepared, Unenriched",12 ct,10.02,6.99
175053,"Cake, Pound, Commercially Prepared, Other Than All Butter, Unenriched",,30,7.99
175054,"Cake, Pudding-Type, White, Unenriched, Dry Mix",,30,7.99
175055,"Cake, Yellow, Unenriched, Dry Mix",,7.5,3.50
175056,"Crackers, Saltines, Low Salt (Includes Oyster, Soda, Soup)",,16,2.19
175057,"Crackers, Saltines, Unsalted Tops (Includes Oyster, Soda, Soup)",,16,2.19
175058,"Crackers, Standard Snack-Type, Regular, Low Salt",,2.67,1.25
175059,"Crackers, Wheat, Low Salt",,12.9,4.69
175060,"Crackers, Cheese, Low Sodium",,12.4,2.99
175061,"Danish Pastry, Raspberry, Unenriched",,15,8.29
175062,"Doughnuts, Yeast-Leavened, Glazed, Unenriched (Includes Honey Buns)",12 count,,14.29
175063,"English Muffins, Plain, Enriched, Without Calcium Propionate(Includes Sourdough)",6 ct,13,3.99
175064,"Pie, Fried Pies, Lemon",,4,1.25
175065,"Pie Crust, Standard-Type, Frozen, Ready-To-Bake, Unenriched",,,
175066,"Popovers, Dry Mix, Unenriched",,7.75,1.99
175067,"Taco Shells, Baked, Without Added Salt",12 ct,5.5,5.99
175068,"Crackers, Saltines, Fat-Free, Low-Sodium",,16,2.19
175069,"Tart, Breakfast, Low Fat",12 ct,,2.49
175070,"Archway Home Style Cookies, Sugar Free Oatmeal",,8,4.29
175071,"Archway Home Style Cookies, Chocolate Chip Ice Box",,9,4.79
175072,"Archway Home Style Cookies, Iced Oatmeal",,9,4.79
175073,"Archway Home Style Cookies, Molasses",,9,4.79
175074,"Archway Home Style Cookies, Oatmeal",,9,4.79
175075,"Archway Home Style Cookies, Oatmeal Raisin",,,
175076,"Archway Home Style Cookies, Strawberry Filled",,9,4.79
175077,"Archway Home Style Cookies, Reduced Fat Ginger Snaps",,9,4.79
175078,"Artificial Blueberry Muffin Mix, Dry",,15.7,5.99
175079,"Kraft, Stove Top Stuffing Mix Chicken Flavor",,6,3.29
175080,"Martha White Foods, Martha White'S Chewy Fudge Brownie Mix, Dry",,,
175081,"Martha White Foods, Martha White'S Buttermilk Biscuit Mix, Dry",,7.4,1.33
175082,"Mission Foods, Mission Flour Tortillas, Soft Taco, 8 Inch",14 ct,8.89,4.49
175083,"Nabisco, Nabisco Grahams Crackers",20 ct,1,10.99
175084,"Nabisco, Nabisco Oreo Crunchies, Cookie Crumb Topping",30 ct,0.77,14.49
175085,"Game Meat, Deer, Cooked, Roasted",,9,7.99
175086,"Game Meat, Horse, Raw",,,
175087,"Game Meat, Horse, Cooked, Roasted",,,
175088,"Beverages, Tea, Instant, Lemon, Unsweetened",18 ct,,6.99
175089,"Beverages, Tea, Instant, Lemon, Sweetened, Powder",18 ct,,6.99
175090,"Beverages, Tea, Instant, Lemon, Sweetened, Prepared with Water",18 ct,,6.99
175091,"Beverages, Tea, Instant, Sweetened with Sodium Saccharin, Lemon-Flavored, Powder",18 ct,,6.99
175092,"Beverages, Cocoa Mix, with Aspartame, Powder, Prepared with Water",,1.38,8.99
175093,"Beverages, Carbonated, Cola, Fast-Food Cola",,16.9,3.29
175094,"Beverages, Fruit Punch Juice Drink, Frozen Concentrate",12 fo,,1.99
175095,"Beverages, Fruit Punch Juice Drink, Frozen Concentrate, Prepared with Water",12 fo,,1.99
175096,"Beverages, Water, Tap, Well",1 liter,,1.00
175097,"Alcoholic Beverage, Liqueur, Coffee, 53 Proof",375 ml,,7.99
175098,"Alcoholic Beverage, Liqueur, Coffee with Cream, 34 Proof",375 ml,,7.99
175099,"Beverages, Carbonated, Low Calorie, Cola or Pepper-Type, with Aspartame, Contains Caffeine",,16.9,3.29
175100,"Beverages, Orange Drink, Breakfast Type, with Juice and Pulp, Frozen Concentrate",,11.5,2.79
175101,"Beverages, Orange Drink, Breakfast Type, with Juice and Pulp, Frozen Concentrate, Prepared with Water",,11.5,2.79
175102,"Beverages, Shake, Fast Food, Strawberry",6 pk,8,9.99
175103,"Beverages, Water, Tap, Municipal",1 liter,,1.00
175104,"Beverages, the Coca-Cola Company, Dasani, Water, Bottled, Non-Carbonated",24 pk,12,15.99
175105,"Beverages, Orange Breakfast Drink, Ready-To-Drink, with Added Nutrients",,32,7.49
175106,"Beverages, Water, Bottled, Non-Carbonated, Calistoga",1 liter,,1.00
175107,"Beverages, Water, Bottled, Non-Carbonated, Crystal Geyser",1 liter,,1.00
175108,"Beverages, Coca-Cola, Powerade, Lemon-Lime Flavored, Ready-To-Drink",,20,2.69
175109,"Beverages, Propel Zero, Fruit-Flavored, Non-Carbonated",,20,2.49
175110,"Beverages, Arizona, Tea, Ready-To-Drink, Lemon",,22,0.99
175111,"Beverages, Lipton Brisk, Tea, Black, Ready-To-Drink, Lemon",1 liter,,1.79
175112,"Alcoholic Beverage, Wine, Dessert, Dry",,16.9,3.99
175113,"Carbonated Beverage, Low Calorie, Other Than Cola or Pepper, with Sodium Saccharin, Without Caffeine",,10,1.50
175114,"Beverages, Cocoa Mix, Low Calorie, Powder, with Added Calcium, Phosphorus, Aspartame, Without Added Sodium or Vitamin a",,1.38,8.99
175115,"Beverages, Fruit Punch-Flavor Drink, Powder, Without Added Sodium, Prepared with Water",30 ct,,10.49
175116,"Fish, Herring, Atlantic, Raw",,3.75,1.19
175117,"Fish, Herring, Atlantic, Cooked, Dry Heat",,3.75,1.19
175118,"Fish, Herring, Atlantic, Pickled",,3.75,1.19
175119,"Fish, Mackerel, Atlantic, Raw",,15,4.99
175120,"Fish, Mackerel, Atlantic, Cooked, Dry Heat",,15,4.99
175121,"Fish, Mackerel, Jack, Canned, Drained Solids",,15,4.99
175122,"Fish, Mackerel, King, Raw",,15,4.99
175123,"Fish, Mullet, Striped, Raw",8 ounces,,5.00
175124,"Fish, Mullet, Striped, Cooked, Dry Heat",8 ounces,,5.00
175125,"Fish, Ocean Perch, Atlantic, Raw",1 lb,16,7.99
175126,"Fish, Ocean Perch, Atlantic, Cooked, Dry Heat",1 lb,16,7.99
175127,"Fish, Pike, Northern, Cooked, Dry Heat",1 lb,16,7.99
175128,"Fish, Pike, Walleye, Raw",10 ct,18.2,7.99
175129,"Fish, Pollock, Atlantic, Raw",8 ct,15.2,7.99
175130,"Fish, Pollock, Alaska, Raw (May Contain Additives To Retain Moisture)",8 ct,15.2,7.99
175131,"Fish, Rockfish, Pacific, Mixed Species, Cooked, Dry Heat",,,
175132,"Fish, Roe, Mixed Species, Raw",750 ml,,15.99
175133,"Fish, Roughy, Orange, Raw",1 lb,16,8.99
175134,"Fish, Sablefish, Raw",1 ct,,10.99
175135,"Fish, Salmon, Chum, Canned, Drained Solids with Bone",11 ounces,,5.00
175136,"Fish, Salmon, Coho, Wild, Raw",11 ounces,,5.00
175137,"Fish, Salmon, Coho, Wild, Cooked, Moist Heat",11 ounces,,5.00
175138,"Fish, Salmon, Pink, Raw",11 ounces,,5.00
175139,"Fish, Sardine, Atlantic, Canned in Oil, Drained Solids with Bone",,3.75,1.19
175140,"Fish, Sardine, Pacific, Canned in Tomato Sauce, Drained Solids with Bone",,3.75,1.19
175141,"Fish, Scup, Raw",1 ct,,10.99
175142,"Fish, Sea Bass, Mixed Species, Raw",1 lb,16,9.99
175143,"Fish, Shark, Mixed Species, Cooked, Batter-Dipped and Fried",,19,7.99
175144,"Fish, Sheepshead, Raw",,,
175145,"Fish, Sheepshead, Cooked, Dry Heat",,,
175146,"Fish, Smelt, Rainbow, Raw",750 ml,,15.99
175147,"Fish, Smelt, Rainbow, Cooked, Dry Heat",750 ml,,15.99
175148,"Fish, Sturgeon, Mixed Species, Cooked, Dry Heat",1 ct,,10.99
175149,"Fish, Sturgeon, Mixed Species, Smoked",1 ct,,10.99
175150,"Fish, Sucker, White, Raw",,2.62,3.69
175151,"Fish, Sunfish, Pumpkin Seed, Raw",8 ounces,,5.00
175152,"Fish, Tilefish, Cooked, Dry Heat",,,
175153,"Fish, Trout, Mixed Species, Raw",1 lb,16,10.99
175154,"Fish, Trout, Rainbow, Wild, Raw",1 lb,16,10.99
175155,"Fish, Trout, Rainbow, Wild, Cooked, Dry Heat",1 lb,16,10.99
175156,"Fish, Tuna, Fresh, Skipjack, Raw",,5,1.29
175157,"Fish, Tuna, White, Canned in Oil, Drained Solids",,5,1.29
175158,"Fish, Tuna, White, Canned in Water, Drained Solids",,5,1.29
175159,"Fish, Tuna, Fresh, Yellowfin, Raw",,5,1.29
175160,"Fish, Tuna Salad",,2.6,1.39
175161,"Fish, Whiting, Mixed Species, Cooked, Dry Heat",3 lb,48,9.99
175162,"Fish, Wolffish, Atlantic, Raw",1 ct,,10.99
175163,"Fish, Yellowtail, Mixed Species, Raw",750 ml,,8.99
175164,"Crustaceans, Crab, Alaska King, Raw",8 ounces,,3.79
175165,"Fish, Catfish, Channel, Farmed, Raw",1 lb,16,8.99
175166,"Fish, Catfish, Channel, Farmed, Cooked, Dry Heat",1 lb,16,8.99
175167,"Fish, Salmon, Atlantic, Farmed, Raw",11 ounces,,5.00
175168,"Fish, Salmon, Atlantic, Farmed, Cooked, Dry Heat",11 ounces,,5.00
175169,"Crustaceans, Crayfish, Mixed Species, Farmed, Raw",,,
175170,"Crustaceans, Crayfish, Mixed Species, Farmed, Cooked, Moist Heat",1 ct,,6.99
175171,"Mollusks, Oyster, Eastern, Wild, Cooked, Dry Heat",,12,2.39
175172,"Mollusks, Oyster, Eastern, Farmed, Raw",,,
175173,"Mollusks, Oyster, Eastern, Farmed, Cooked, Dry Heat",,12,2.39
175174,"Salmon, Sockeye, Canned, Total Can Contents",4 ounces,,10.99
175175,"Fish, Salmon, Pink, Canned, Drained Solids",11 ounces,,5.00
175176,"Fish, Tilapia, Raw",8 ounces,,5.00
175177,"Fish, Tilapia, Cooked, Dry Heat",8 ounces,,5.00
175178,"Fish, Cod, Pacific, Cooked",4 pk,11.6,8.99
175179,"Crustaceans, Shrimp, Raw",,9,7.99
175180,"Crustaceans, Shrimp, Cooked",,9,7.99
175181,"Fish, Trout, Brook, Raw, New York State",1 lb,16,10.99
175182,"Beans, Baked, Canned, Plain or Vegetarian",,8.3,1.69
175183,"Beans, Baked, Canned, with Beef",,8.3,1.69
175184,"Beans, Baked, Canned, with Franks",,8.3,1.69
175185,"Beans, Baked, Canned, with Pork",,8.3,1.69
175186,"Beans, Black Turtle, Mature Seeds, Raw",,15.25,1.00
175187,"Beans, Black Turtle, Mature Seeds, Cooked, Boiled, Without Salt",,15.25,1.00
175188,"Beans, Black Turtle, Mature Seeds, Canned",,,
175189,"Beans, Cranberry (Roman), Mature Seeds, Raw",,,
175190,"Beans, Great Northern, Mature Seeds, Raw (Includes Foods for Usda'S Food Distribution Program)",,16,2.19
175191,"Beans, Great Northern, Mature Seeds, Cooked, Boiled, Without Salt",,16,2.19
175192,"Beans, Great Northern, Mature Seeds, Canned",,16,2.19
175193,"Beans, Kidney, All Types, Mature Seeds, Raw",,15.5,1.00
175194,"Beans, Kidney, Red, Mature Seeds, Cooked, Boiled, Without Salt",,15.5,1.00
175195,"Beans, Kidney, Red, Mature Seeds, Canned, Solids and Liquids",,15.5,1.00
175196,"Beans, Kidney, Royal Red, Mature Seeds, Raw",,15.5,1.00
175197,"Beans, Kidney, Royal Red, Mature Seeds, Cooked, Boiled, Without Salt",,15.5,1.00
175198,"Beans, Pink, Mature Seeds, Cooked, Boiled, Without Salt",,15.5,1.59
175199,"Beans, Pinto, Mature Seeds, Raw (Includes Foods for Usda'S Food Distribution Program)",,16,1.79
175200,"Beans, Pinto, Mature Seeds, Cooked, Boiled, Without Salt",,16,1.79
175201,"Beans, Pinto, Mature Seeds, Canned, Solids and Liquids",,16,1.79
175202,"Beans, White, Mature Seeds, Raw",,14,2.99
175203,"Beans, White, Mature Seeds, Cooked, Boiled, Without Salt",,14,2.99
175204,"Beans, White, Mature Seeds, Canned",,14,2.99
175205,"Broadbeans (Fava Beans), Mature Seeds, Raw",,,
175206,"Chickpeas (Garbanzo Beans, Bengal Gram), Mature Seeds, Canned, Solids and Liquids",,27,2.69
175207,"Chili with Beans, Canned",,15,5.49
175208,"Cowpeas, Catjang, Mature Seeds, Raw",,,
175209,"Cowpeas, Catjang, Mature Seeds, Cooked, Boiled, Without Salt",,,
175210,"Hyacinth Beans, Mature Seeds, Raw",,,
175211,"Hyacinth Beans, Mature Seeds, Cooked, Boiled, Without Salt",,,
175212,"Vitasoy Usa, Vitasoy Organic Creamy Original Soymilk",1 / 2 gal,,2.59
175213,"Vitasoy Usa, Vitasoy Organic Classic Original Soymilk",1 / 2 gal,,2.59
175214,"Vitasoy Usa, Vitasoy Light Vanilla Soymilk",1 / 2 gal,,2.59
175215,"Soymilk (All Flavors), Unsweetened, with Added Calcium, Vitamins a and D",1 qt,,1.99
175216,"Soymilk (All Flavors), Nonfat, with Added Calcium, Vitamins a and D",1 / 2 gal,,2.59
175217,"Soymilk, Chocolate, Nonfat, with Added Calcium, Vitamins a and D",6 ct,8,8.49
175218,"Silk Plain, Soymilk",1 / 2 gal,,4.29
175219,"Silk Vanilla, Soymilk",24 oz.,,6.79
175220,"Silk Plus Omega-3 Dha, Soymilk",1 / 2 gal,,3.69
175221,"Silk Plus for Bone Health, Soymilk",,,
175222,"Silk Plus Fiber, Soymilk",,,
175223,"Silk Unsweetened, Soymilk",1 / 2 gal,,4.29
175224,"Silk Coffee, Soymilk",1 / 2 gal,,3.69
175225,Silk Vanilla Soy Yogurt (Family Size),24 oz.,,6.79
175226,Silk Vanilla Soy Yogurt (Single Serving Size),,,
175227,Silk Plain Soy Yogurt,24 oz.,,6.79
175228,Silk Strawberry Soy Yogurt,5.3 oz.,,1.59
175229,Silk Key Lime Soy Yogurt,24 oz.,,6.79
175230,Silk Banana-Strawberry Soy Yogurt,,,
175231,Silk Original Creamer,,32,5.49
175232,Silk French Vanilla Creamer,,25.4,5.49
175233,"Vitasoy Usa Organic Nasoya, Tofu Plus Firm",2 ct,,1.99
175234,"Vitasoy Usa Organic Nasoya Sprouted, Tofu Plus Super Firm",,,
175235,"Vitasoy Usa Azumaya, Extra Firm Tofu",,10.9,2.69
175236,"Vitasoy Usa Azumaya, Firm Tofu",,,
175237,"Beans, Black, Mature Seeds, Cooked, Boiled, with Salt",,15.25,1.00
175238,"Beans, Black, Mature Seeds, Canned, Low Sodium",,15.25,1.00
175239,"Beans, Black Turtle, Mature Seeds, Cooked, Boiled, with Salt",,15.25,1.00
175240,"Beans, Cranberry (Roman), Mature Seeds, Cooked, Boiled, with Salt",,16,2.19
175241,"Beans, French, Mature Seeds, Cooked, Boiled, with Salt",,14.5,1.59
175242,"Beans, Kidney, Red, Mature Seeds, Cooked, Boiled, with Salt",,15.5,1.00
175243,"Beans, Kidney, Red, Mature Seeds, Canned, Drained Solids, Rinsed in Tap Water",,15.5,1.00
175244,"Beans, Kidney, Royal Red, Mature Seeds, Cooked, Boiled with Salt",,15.5,1.00
175245,"Beans, Kidney, Red, Mature Seeds, Canned, Solids and Liquid, Low Sodium",,15.5,1.00
175246,"Beans, Small White, Mature Seeds, Cooked, Boiled, with Salt",,15.25,1.00
175247,"Beans, Pinto, Mature Seeds, Canned, Solids and Liquids, Low Sodium",,16,1.79
175248,"Beans, Yellow, Mature Seeds, Cooked, Boiled, with Salt",,14,3.29
175249,"Beans, White, Mature Seeds, Cooked, Boiled, with Salt",,14,2.99
175250,"Chickpeas (Garbanzo Beans, Bengal Gram), Mature Seeds, Canned, Solids and Liquids, Low Sodium",,27,2.69
175251,"Cowpeas, Catjang, Mature Seeds, Cooked, Boiled, with Salt",,,
175252,"Cowpeas, Common (Blackeyes, Crowder, Southern), Mature Seeds, Cooked, Boiled, with Salt",,15.5,1.59
175253,"Hyacinth Beans, Mature Seeds, Cooked, Boiled, with Salt",,,
175254,"Lentils, Mature Seeds, Cooked, Boiled, with Salt",,16,2.89
175255,"Mung Beans, Mature Seeds, Cooked, Boiled, with Salt",4 ct,15,4.79
175256,"Mungo Beans, Mature Seeds, Cooked, Boiled, with Salt",,,
175257,"Peas, Split, Mature Seeds, Cooked, Boiled, with Salt",,14.1,3.79
175258,"Peanuts, All Types, Oil-Roasted, Without Salt",,,
175259,"Lamb, New Zealand, Imported, Frozen, Loin, Separable Lean and Fat, Cooked, Broiled",750 ml,,17.99
175260,"Lamb, New Zealand, Imported, Rack - Partly Frenched, Separable Lean Only, Raw",,,
175261,"Lamb, New Zealand, Imported, Rack - Partly Frenched, Separable Lean Only, Cooked, Fast Roasted",750 ml,,17.99
175262,"Lamb, New Zealand, Imported, Square-Cut Shoulder, Separable Lean and Fat, Raw",750 ml,,17.99
175263,"Lamb, New Zealand, Imported, Frozen, Shoulder, Whole (Arm and Blade), Separable Lean and Fat, Cooked, Braised",750 ml,,17.99
175264,"Lamb, New Zealand, Imported, Square-Cut Shoulder, Separable Lean Only, Raw",750 ml,,17.99
175265,"Veal, Composite of Trimmed Retail Cuts, Separable Lean Only, Cooked",,,
175266,"Veal, Composite of Trimmed Retail Cuts, Separable Fat, Raw",,,
175267,"Veal, Composite of Trimmed Retail Cuts, Separable Fat, Cooked",,,
175268,"Veal, Leg (Top Round), Separable Lean and Fat, Raw",,,
175269,"Veal, Leg (Top Round), Separable Lean Only, Raw",,,
175270,"Veal, Leg (Top Round), Separable Lean Only, Cooked, Braised",,,
175271,"Veal, Leg (Top Round), Separable Lean Only, Cooked, Pan-Fried, Breaded",,,
175272,"Veal, Leg (Top Round), Separable Lean Only, Cooked, Pan-Fried, Not Breaded",,,
175273,"Veal, Loin, Separable Lean Only, Cooked, Braised",1 lb,16,15.99
175274,"Veal, Loin, Separable Lean Only, Cooked, Roasted",1 lb,16,15.99
175275,"Veal, Rib, Separable Lean and Fat, Raw",1 lb,16,23.99
175276,"Veal, Rib, Separable Lean and Fat, Cooked, Braised",1 lb,16,23.99
175277,"Veal, Shoulder, Whole (Arm and Blade), Separable Lean and Fat, Raw",1 lb,16,12.99
175278,"Veal, Shoulder, Whole (Arm and Blade), Separable Lean and Fat, Cooked, Braised",1 lb,16,12.99
175279,"Veal, Shoulder, Whole (Arm and Blade), Separable Lean and Fat, Cooked, Roasted",1 lb,16,12.99
175280,"Veal, Shoulder, Whole (Arm and Blade), Separable Lean Only, Raw",1 lb,16,12.99
175281,"Veal, Shoulder, Arm, Separable Lean and Fat, Cooked, Roasted",1 lb,16,12.99
175282,"Veal, Shoulder, Arm, Separable Lean Only, Raw",1 lb,16,12.99
175283,"Veal, Shoulder, Arm, Separable Lean Only, Cooked, Braised",1 lb,16,12.99
175284,"Veal, Shoulder, Arm, Separable Lean Only, Cooked, Roasted",1 lb,16,12.99
175285,"Veal, Shoulder, Blade, Separable Lean Only, Cooked, Roasted",1 lb,16,12.99
175286,"Veal, Sirloin, Separable Lean and Fat, Raw",,14.58,12.99
175287,"Veal, Sirloin, Separable Lean and Fat, Cooked, Braised",,14.58,12.99
175288,"Veal, Sirloin, Separable Lean and Fat, Cooked, Roasted",,14.58,12.99
175289,"Veal, Cubed for Stew (Leg and Shoulder), Separable Lean Only, Cooked, Braised",1 lb,16,12.99
175290,"Veal, Ground, Raw",,16,11.99
175291,"Veal, Ground, Cooked, Broiled",1 lb,16,11.49
175292,"Game Meat, Antelope, Raw",,,
175293,"Bison, Ground, Grass-Fed, Raw",1 lb,16,11.49
175294,"Game Meat, Beaver, Raw",,12,3.59
175295,"Game Meat, Beaver, Cooked, Roasted",,12,3.59
175296,"Game Meat, Beefalo, Composite of Cuts, Raw",1 lb,16,11.99
175297,"Game Meat, Boar, Wild, Raw",,,
175298,"Game Meat, Boar, Wild, Cooked, Roasted",,,
175299,"Game Meat, Buffalo, Water, Raw",,13.2,4.79
175300,"Game Meat, Buffalo, Water, Cooked, Roasted",,13.2,4.79
175301,"Game Meat, Elk, Raw",1 lb,16,12.99
175302,"Game Meat, Elk, Cooked, Roasted",1 lb,16,12.99
175303,"Game Meat, Goat, Raw",,14,7.99
175304,"Game Meat, Goat, Cooked, Roasted",,14,7.99
